day_id,day_type,day_name,day_weight,hour,dt,electric_load,heat_load,cooling_load,P_grid_buy,P_grid_sell,P_grid_net,P_PV,P_WT,P_PV_curt,P_WT_curt,G_CHP,P_CHP,H_CHP,P_HP,H_HP,P_EC,C_EC_out,G_GB,H_GB,P_BAT_ch,P_BAT_dis,SOC_BAT,H_TS_ch,H_TS_dis,SOC_TS,P_shift_in,P_shift_out,P_interrupt,P_unmet_e,H_unmet,C_unmet,residential_load,commercial_load,industrial_load,cold_storage_load,agro_processing_load,irrigation_load,electricity_buy_price,electricity_sell_price,gas_price,carbon_price,pv_cf,wt_cf,grid_import_availability,critical_electric_load,critical_heat_load,critical_cooling_load,electric_load_adjusted,renewable_available,renewable_used,renewable_curtailment,co2_emission_rate,co2_emission,co2_emission_annual,battery_simultaneous_overlap,thermal_storage_simultaneous_overlap,grid_import_export_overlap,flexible_load_overlap,electric_balance_error,heat_balance_error,cooling_balance_error,P_grid_net_ramp,P_CHP_ramp,H_HP_ramp,C_EC_out_ramp,H_GB_ramp
0,spring_irrigation,春季灌溉日,55.0,0.0,0.25,31.95037898084261,21.80869137813271,5.676283771110161,0.0,5.0,-5.0,0.0,54.796667701460414,0.0,0.0,0.0,0.0,0.0,9.322085017788147,29.830672056922076,1.8920945903700537,5.676283771110161,0.0,0.0,6.632109112459597,0.0,29.258552091374018,8.021980678789365,0.0,35.751731973263595,0.0,0.0,0.0,0.0,0.0,0.0,9.800225850143258,5.233196364276454,10.568973117559912,4.503062487565456,1.7288659394611219,0.0,52.0,7.8,41.0,45.0,0.0,0.42739800140985446,1.0,21.726257706972977,16.356518533599534,2.5543276969995725,31.95037898084261,54.796667701460414,54.796667701460414,0.0,0.0,0.0,0.0,0.0,0.0,0.0,0.0,7.105427357601002e-15,0.0,0.0,-4.323573734510329,0.0,-6.307451569161408,-0.3136005296364601,0.0
0,spring_irrigation,春季灌溉日,55.0,0.25,0.25,31.732889583282425,22.018346827528443,5.722566734623446,0.0,5.0,-5.0,0.0,57.611858120730425,0.0,0.0,0.0,0.0,0.0,9.322085017788147,29.830672056922076,1.907522244874482,5.722566734623446,0.0,0.0,9.649361274785361,0.0,31.54881246653096,7.812325229393633,0.0,37.58928334925798,0.0,0.0,0.0,0.0,0.0,0.0,9.80252202781147,5.235820047760775,10.581835327709978,4.503803890621053,1.7297644833078472,0.0,52.0,7.8,41.0,45.0,0.0,0.4493556643345309,1.0,21.57836491663205,16.51376012064633,2.5751550305805506,31.732889583282425,57.611858120730425,57.611858120730425,0.0,0.0,0.0,0.0,0.0,0.0,0.0,0.0,7.105427357601002e-15,0.0,0.0,0.0,0.0,0.0,0.04628296351328487,0.0
0,spring_irrigation,春季灌溉日,55.0,0.5,0.25,31.601613519929185,22.114925780692147,5.694813045539695,0.0,5.0,-5.0,0.0,60.034850084491346,0.0,0.0,0.0,0.0,0.0,9.322085017788147,29.830672056922076,1.8982710151798983,5.694813045539695,0.0,0.0,12.212880531594108,0.0,34.44779415216124,7.71574627622993,0.0,39.402978448187966,0.0,0.0,0.0,0.0,0.0,0.0,9.809162167653113,5.239196666795181,10.596677335972672,4.504706361083105,1.7308489796156643,0.0,52.0,7.8,41.0,45.0,0.0,0.46825429387137696,1.0,21.489097193551846,16.58619433551911,2.5626658704928627,31.601613519929185,60.034850084491346,60.034850084491346,0.0,0.0,0.0,0.0,0.0,0.0,0.0,0.0,7.105427357601002e-15,0.0,0.0,0.0,0.0,0.0,-0.02775368908375153,0.0
0,spring_irrigation,春季灌溉日,55.0,0.75,0.25,31.651959135961715,22.299088041727693,5.6950105433735,0.0,5.0,-5.0,0.0,62.17307588903426,0.0,0.0,0.0,0.0,0.0,9.322085017788147,29.830672056922076,1.8983368477911666,5.6950105433735,0.0,0.0,14.300694887493233,0.0,37.842486798233274,7.531584015194384,0.0,41.17202816257254,0.0,0.0,0.0,0.0,0.0,0.0,9.820228663807073,5.243513685823754,10.613718722875086,4.505800240548684,1.7321523365702114,0.0,52.0,7.8,41.0,45.0,0.0,0.4849318305494013,1.0,21.52333221245397,16.72431603129577,2.562754744518075,31.651959135961715,62.17307588903426,62.17307588903426,0.0,0.0,0.0,0.0,0.0,0.0,0.0,0.0,0.0,0.0,0.0,0.0,0.0,0.0,0.0001974978338052935,0.0
0,spring_irrigation,春季灌溉日,55.0,1.0,0.25,31.620011249020244,22.373743763795066,5.711438524702766,0.0,5.0,-5.0,0.0,62.09147989247176,0.0,0.0,0.0,0.0,0.0,9.322085017788147,29.830672056922076,1.9038128415675886,5.711438524702766,0.0,0.0,14.24557078409578,0.0,41.22391773511611,7.456928293127011,0.0,42.922462618108916,0.0,0.0,0.0,0.0,0.0,0.0,9.83585145641362,5.248996543118046,10.633187483064974,4.5071204969234175,1.7337120290608987,0.0,52.0,7.8,41.0,45.0,0.0,0.4842954056112307,1.0,21.501607649333767,16.7803078228463,2.5701473361162446,31.620011249020244,62.09147989247176,62.09147989247176,0.0,0.0,0.0,0.0,0.0,0.0,0.0,0.0,-3.552713678800501e-15,0.0,0.0,0.0,0.0,0.0,0.01642798132926604,0.0
0,spring_irrigation,春季灌溉日,55.0,1.25,0.25,31.797135385890993,22.610810784158854,5.632110300507578,0.0,5.0,-5.0,0.0,63.003178315024606,0.0,0.0,0.0,0.0,0.0,9.322085017788147,29.830672056922076,1.8773701001691927,5.632110300507578,0.0,0.0,15.006587811176269,0.0,44.78592114438372,7.2198612727632225,0.0,44.61571843908113,0.0,0.0,0.0,0.0,0.0,0.0,9.856239648124257,5.255913898400621,10.655317294581257,4.508707192346344,1.7355704682241124,0.0,52.0,7.8,41.0,45.0,0.0,0.4914063869908013,1.0,21.622052062405878,16.95810808811914,2.5344496352284103,31.797135385890993,63.003178315024606,63.003178315024606,0.0,0.0,0.0,0.0,0.0,0.0,0.0,0.0,7.105427357601002e-15,0.0,0.0,0.0,0.0,0.0,-0.07932822419518804,0.0
0,spring_irrigation,春季灌溉日,55.0,1.5,0.25,31.66570872223631,22.78847934649379,5.812943760310877,0.0,5.0,-5.0,0.0,62.85449204164567,0.0,0.0,0.0,0.0,0.0,9.322085017788147,29.830672056922076,1.9376479201036256,5.812943760310877,0.0,0.0,14.92905038151758,0.0,48.329331313936926,7.042192710428286,0.0,46.26593134858831,0.0,0.0,0.0,0.0,0.0,0.0,9.881723512619402,5.264582951559522,10.680344201526763,4.510605948421964,1.7377753460189784,0.0,52.0,7.8,41.0,45.0,0.0,0.49024667749121176,1.0,21.532681931120692,17.091359509870344,2.6158246921398947,31.66570872223631,62.85449204164567,62.85449204164567,0.0,0.0,0.0,0.0,0.0,0.0,0.0,0.0,3.552713678800501e-15,0.0,0.0,0.0,0.0,0.0,0.18083345980329923,0.0
0,spring_irrigation,春季灌溉日,55.0,1.75,0.25,31.733182571248353,22.93126706752056,5.884898676186372,0.0,5.0,-5.0,0.0,54.35687481568021,0.0,9.325524339114416,0.0,0.0,0.0,9.322085017788147,29.830672056922076,1.9616328920621242,5.884898676186372,0.0,0.0,6.339974334581574,0.0,49.83265875183435,6.899404989401515,0.0,47.88140706789688,0.0,0.0,0.0,0.0,0.0,0.0,9.912807521495449,5.275374632697171,10.70850270839529,4.51286839609892,1.7403799405145783,0.0,52.0,7.8,41.0,45.0,0.0,0.496704111133722,1.0,21.57856414844888,17.19845030064042,2.6482044042838675,31.733182571248353,63.68239915479462,54.35687481568021,9.325524339114416,0.0,0.0,0.0,0.0,0.0,0.0,0.0,7.105427357601002e-15,0.0,0.0,0.0,0.0,0.0,0.0719549158754953,0.0
0,spring_irrigation,春季灌溉日,55.0,2.0,0.25,32.15257595396745,23.279687031202833,5.886962283352347,0.0,5.0,-5.0,0.0,48.447472818926066,0.0,17.897017312551306,0.0,0.0,0.0,9.322085017788147,29.830672056922076,1.9623207611174491,5.886962283352347,0.0,0.0,0.010491086053015783,0.0,49.83265875183435,6.5509850257192435,0.0,49.413325307971256,0.0,0.0,0.0,0.0,0.0,0.0,9.95023332540903,5.288718411888175,10.740021304450194,4.515552595153539,1.743443365666653,0.0,52.0,7.8,41.0,45.0,0.0,0.5174676431281153,1.0,21.863751648697868,17.459765273402127,2.6491330275085563,32.15257595396745,66.34449013147737,48.447472818926066,17.897017312551306,0.0,0.0,0.0,0.0,0.0,0.0,0.0,7.105427357601002e-15,0.0,0.0,0.0,0.0,0.0,0.002063607165974979,0.0
0,spring_irrigation,春季灌溉日,55.0,2.25,0.25,32.42177377391137,23.435186763635294,5.771287069503808,0.0,5.0,-5.0,0.0,48.6781122342538,0.0,20.32591554569487,0.0,0.0,0.0,9.322085017788147,29.830672056922076,1.9237623565012694,5.771287069503808,0.0,0.0,0.010491086053015783,0.0,49.83265875183435,6.395485293286783,0.0,50.90754640247288,0.0,0.0,0.0,0.0,0.0,0.0,9.99504897483637,5.305106424150434,10.775117459531034,4.518723405843835,1.7470307476126983,0.0,52.0,7.8,41.0,45.0,0.0,0.5382112599083124,1.0,22.04680616625973,17.57639007272647,2.5970791812767136,32.42177377391137,69.00402777994867,48.6781122342538,20.32591554569487,0.0,0.0,0.0,0.0,0.0,0.0,0.0,0.0,0.0,0.0,0.0,0.0,0.0,-0.1156752138485393,0.0
0,spring_irrigation,春季灌溉日,55.0,2.5,0.25,32.66353443718609,23.66055283576531,5.771453861645391,0.0,5.0,-5.0,0.0,48.919928494909044,0.0,20.37001646559804,0.0,0.0,0.0,9.322085017788147,29.830672056922076,1.923817953881797,5.771453861645391,0.0,0.0,0.010491086053015783,0.0,49.83265875183435,6.170119221156766,0.0,52.34749594429638,0.0,0.0,0.0,0.0,0.0,0.0,10.048677050125622,5.325096554259678,10.813992157972052,4.522452792985491,1.751213308016154,0.0,52.0,7.8,41.0,45.0,0.0,0.5404413303973642,1.0,22.21120341728654,17.74541462682398,2.5971542377404258,32.66353443718609,69.28994496050709,48.919928494909044,20.37001646559804,0.0,0.0,0.0,0.0,0.0,0.0,0.0,0.0,0.0,0.0,0.0,0.0,0.0,0.0001667921415826612,0.0
0,spring_irrigation,春季灌溉日,55.0,2.75,0.25,32.89926901490866,24.030004370078792,5.727052444964369,0.0,5.0,-5.0,0.0,49.14086260040462,0.0,20.10736899855344,0.0,0.0,0.0,9.322085017788147,29.830672056922076,1.9090174816547896,5.727052444964369,0.0,0.0,0.010491086053015783,0.0,49.83265875183435,5.800667686843282,0.0,53.69898077194951,0.0,0.0,0.0,0.0,0.0,0.0,10.112970043782079,5.3493140808606086,10.856824064242273,4.526820040571981,1.7560683338523049,0.0,52.0,7.8,41.0,45.0,0.0,0.5401159783621772,1.0,22.37150293013789,18.022503277559096,2.5771736002339662,32.89926901490866,69.24823159895806,49.14086260040462,20.10736899855344,0.0,0.0,0.0,0.0,0.0,0.0,0.0,0.0,0.0,0.0,0.0,0.0,0.0,-0.04440141668102182,0.0
0,spring_irrigation,春季灌溉日,55.0,3.0,0.25,32.961012593684394,24.302150984821022,5.621120002110688,0.0,5.0,-5.0,0.0,49.167295364895786,0.0,19.044665331553453,0.0,0.0,0.0,9.322085017788147,29.830672056922076,1.8737066673702294,5.621120002110688,0.0,0.0,0.010491086053015783,0.0,49.83265875183435,5.528521072101052,0.0,54.985155036187535,0.0,0.0,0.0,0.0,0.0,0.0,10.190236906415008,5.378451444172439,10.90376344154715,4.531911853237057,1.7616790123664805,0.0,52.0,7.8,41.0,45.0,0.0,0.5320333680278329,1.0,22.41348856370539,18.226613238615766,2.5295040009498098,32.961012593684394,68.21196069644924,49.167295364895786,19.044665331553453,0.0,0.0,0.0,0.0,0.0,0.0,0.0,0.0,3.552713678800501e-15,0.0,0.0,0.0,0.0,-0.10593244285368097,0.0
0,spring_irrigation,春季灌溉日,55.0,3.25,0.25,33.30069993366272,24.67708585212846,5.464433540616786,0.0,5.0,-5.0,0.0,49.45475388437615,0.0,15.815142091263844,0.0,0.0,0.0,9.322085017788147,29.830672056922076,1.8214778468722619,5.464433540616786,0.0,0.0,0.010491086053015783,0.0,49.83265875183435,5.153586204793614,0.0,56.18163918230793,0.0,0.0,0.0,0.0,0.0,0.0,10.283221128857399,5.4132656812450755,10.954925971858293,4.5378223194723715,1.7681341098679377,0.0,52.0,7.8,41.0,45.0,0.0,0.5090861226124187,1.0,22.644475954890652,18.507814389096346,2.4589950932775535,33.30069993366272,65.26989597564,49.45475388437615,15.815142091263844,0.0,0.0,0.0,0.0,0.0,0.0,0.0,7.105427357601002e-15,3.552713678800501e-15,0.0,0.0,0.0,0.0,-0.1566864614939023,0.0
0,spring_irrigation,春季灌溉日,55.0,3.5,0.25,33.300260259526816,25.152953826977075,5.442305966332503,0.0,5.0,-5.0,0.0,49.44693835214549,0.0,14.010073744648928,0.0,0.0,0.0,9.322085017788147,29.830672056922076,1.814101988777501,5.442305966332503,0.0,0.0,0.010491086053015783,0.0,49.83265875183435,4.677718229944999,0.0,57.264506442328724,0.0,0.0,0.0,0.0,0.0,0.0,10.395009413379398,5.4545730722215575,11.010386651381435,4.54465271070702,1.7755274736669184,0.0,52.0,7.8,41.0,45.0,0.0,0.4949461579191624,1.0,22.644176976478235,18.86471537023281,2.4490376848496265,33.300260259526816,63.457012096794415,49.44693835214549,14.010073744648928,0.0,0.0,0.0,0.0,0.0,0.0,0.0,7.105427357601002e-15,0.0,0.0,0.0,0.0,0.0,-0.02212757428428258,0.0
0,spring_irrigation,春季灌溉日,55.0,3.75,0.25,33.571069034432966,25.68130167573259,5.471932425955609,0.0,5.0,-5.0,0.0,49.727622613592665,0.0,11.584232390849742,0.0,0.0,0.0,9.322085017788147,29.830672056922076,1.8239774753185365,5.471932425955609,0.0,0.0,0.010491086053015783,0.0,49.83265875183435,4.149370381189485,0.0,58.221349654640065,0.0,0.0,0.0,0.0,0.0,0.0,10.52885234321831,5.503240565354152,11.070173957918811,4.552511090274011,1.7839573379262563,0.0,52.0,7.8,41.0,45.0,0.0,0.4782145592209264,1.0,22.828326943414417,19.260976256799445,2.4623695916800243,33.571069034432966,61.31185500444241,49.727622613592665,11.584232390849742,0.0,0.0,0.0,0.0,0.0,0.0,0.0,0.0,0.0,0.0,0.0,0.0,0.0,0.02962645962310617,0.0
0,spring_irrigation,春季灌溉日,55.0,4.0,0.25,33.8556142573304,26.25870180745702,5.536241746417611,0.0,5.0,-5.0,0.0,50.0336042766441,0.0,10.494836329477714,0.0,0.0,0.0,9.322085017788147,29.830672056922076,1.8454139154725369,5.536241746417611,0.0,0.0,0.010491086053015783,0.0,49.83265875183435,3.571970249465057,0.0,59.0405819140607,0.0,0.0,0.0,0.0,0.0,0.0,10.687885732733138,5.560173602099747,11.134264504430655,4.56151170707277,1.793525416576284,0.0,52.0,7.8,41.0,45.0,0.0,0.47210415575730486,1.0,23.021817694984676,19.694026355592765,2.491308785887925,33.8556142573304,60.52844060612181,50.0336042766441,10.494836329477714,0.0,0.0,0.0,0.0,0.0,0.0,0.0,0.0,0.0,0.0,0.0,0.0,0.0,0.06430932046200155,0.0
0,spring_irrigation,春季灌溉日,55.0,4.25,0.25,34.038668911443686,26.767292134928635,5.557418590235083,0.0,5.0,-5.0,0.0,50.22371787869655,0.0,7.8770313924319595,0.0,0.0,0.0,9.322085017788147,29.830672056922076,1.8524728634116945,5.557418590235083,0.0,0.0,0.010491086053015783,0.0,49.83265875183435,3.063379921993441,0.0,59.73861435457712,0.0,0.0,0.0,0.0,0.0,0.0,10.874754103921626,5.62630005008622,11.202578404828042,4.57177415051892,1.8043357698048252,0.0,52.0,7.8,41.0,45.0,0.0,0.45316887249758014,1.0,23.146294859781708,20.075469101196475,2.5008383656057873,34.038668911443686,58.10074927112851,50.22371787869655,7.8770313924319595,0.0,0.0,0.0,0.0,0.0,0.0,0.0,7.105427357601002e-15,0.0,0.0,0.0,0.0,0.0,0.021176843817472424,0.0
0,spring_irrigation,春季灌溉日,55.0,4.5,0.25,34.28806991012923,27.597868290798477,5.602036753365284,0.0,5.0,-5.0,0.0,50.48799159842549,0.0,7.8366771695271,0.0,0.0,0.0,9.322085017788147,29.830672056922076,1.8673455844550946,5.602036753365284,0.0,0.0,0.010491086053015783,0.0,49.83265875183435,2.232803766123599,0.0,60.23903594185419,0.0,0.0,0.0,0.0,0.0,0.0,11.091155434430153,5.702550073337913,11.27497558216403,4.583422246266781,1.8164934350259616,0.0,52.0,7.8,41.0,45.0,0.0,0.45491537916365543,1.0,23.31588753888788,20.69840121809886,2.5209165390143777,34.28806991012923,58.32466876795259,50.48799159842549,7.8366771695271,0.0,0.0,0.0,0.0,0.0,0.0,0.0,0.0,0.0,0.0,0.0,0.0,0.0,0.04461816313020073,0.0
0,spring_irrigation,春季灌溉日,55.0,4.75,0.25,34.97738486033079,28.15010944061038,5.688768112708146,0.0,5.0,-5.0,0.0,51.20621700174133,0.0,6.0558523706929535,0.0,0.0,0.0,9.322085017788147,29.830672056922076,1.8962560375693822,5.688768112708146,0.0,0.0,0.010491086053015783,0.0,49.83265875183435,1.680562616311697,0.0,60.60805004525729,0.0,0.0,0.0,0.0,0.0,0.0,11.337346951115439,5.789831926296887,11.351253244595664,4.596582676284135,1.8301028186594543,0.0,52.0,7.8,41.0,45.0,0.0,0.4466274142746565,1.0,23.784621705024936,21.112582080457784,2.559945650718666,34.97738486033079,57.26206937243428,51.20621700174133,6.0558523706929535,0.0,0.0,0.0,0.0,0.0,0.0,0.0,0.0,0.0,0.0,0.0,0.0,0.0,0.08673135934286247,0.0
0,spring_irrigation,春季灌溉日,55.0,5.0,0.25,35.397195637623064,28.656746947505827,5.85103718026324,0.0,5.0,-5.0,0.0,51.68011746821864,0.0,4.5262761279217685,0.0,0.0,0.0,9.322085017788147,29.830672056922076,1.9503457267544133,5.85103718026324,0.0,0.0,0.010491086053015783,0.0,49.83265875183435,1.173925109416249,0.0,60.85655323372103,0.0,0.0,0.0,0.0,0.0,0.0,11.611671817017225,5.889003849058259,11.431144739656018,4.611383312205518,1.8452658514823517,0.0,52.0,7.8,41.0,45.0,0.0,0.4383934515931489,1.0,24.070093033583685,21.49256021062937,2.632966731118458,35.397195637623064,56.20639359614041,51.68011746821864,4.5262761279217685,0.0,0.0,0.0,0.0,0.0,0.0,0.0,0.0,0.0,0.0,0.0,0.0,0.0,0.1622690675550933,0.0
0,spring_irrigation,春季灌溉日,55.0,5.25,0.25,35.98852569706276,29.291417515687684,5.946920545683205,0.0,5.0,-5.0,0.0,52.30340864946499,0.0,3.517372756518732,0.0,0.0,0.0,9.322085017788147,29.830672056922076,1.9823068485610682,5.946920545683205,0.0,0.0,0.010491086053015783,0.0,49.83265875183435,0.5392545412343921,0.0,60.95419791064734,0.0,0.0,0.0,0.0,0.0,0.0,11.91018151168615,6.00084246145979,11.514319971713618,4.6279512574984665,1.8620799176630443,0.0,52.0,7.8,41.0,45.0,0.0,0.43538578915115245,1.0,24.47219747400268,21.968563136765763,2.676114245557442,35.98852569706276,55.82078140598372,52.30340864946499,3.517372756518732,0.0,0.0,0.0,0.0,0.0,0.0,0.0,0.0,0.0,0.0,0.0,0.0,0.0,0.09588336541996512,0.0
0,spring_irrigation,春季灌溉日,55.0,5.5,0.25,36.40359827586393,29.954742947580122,6.017184158141165,0.0,5.0,-5.0,0.0,52.74190243241881,0.0,1.1442601518009212,0.0,0.0,0.0,9.322085017788147,29.830672056922076,2.005728052713722,6.017184158141165,0.0,0.0,0.010491086053015783,0.0,49.83265875183435,0.0,0.12407089065804655,60.89107057730832,0.0,0.0,0.0,0.0,0.0,0.0,12.226433733752835,6.126008296060231,11.600387530629064,4.646410601804602,1.8806355757221045,0.0,52.0,7.8,41.0,45.0,0.0,0.42029632746314216,1.0,24.754446827587472,22.466057210685094,2.7077328711635245,36.40359827586393,53.88616258421973,52.74190243241881,1.1442601518009212,0.0,0.0,0.0,0.0,0.0,0.0,0.0,0.0,0.0,0.0,0.0,0.0,0.0,0.07026361245796053,0.0
0,spring_irrigation,春季灌溉日,55.0,5.75,0.25,37.06776141742135,30.537613719167645,6.1486277099095386,0.0,5.0,-5.0,0.0,51.99870471851146,0.0,0.0,0.0,0.0,0.0,8.998598050508079,28.795513761625852,2.049542569969846,6.1486277099095386,0.0,0.0,0.0,1.117197319387813,49.53616782432102,0.0,1.742099957541793,60.40217768477182,0.0,0.0,0.0,0.0,0.0,0.0,12.55153690905619,6.265009364636482,11.688898631664683,4.666879899763706,1.9010140983968118,0.0,52.0,7.8,41.0,45.0,0.0,0.4055747074561737,1.0,25.206077763846523,22.903210289375735,2.7668824694592926,37.06776141742135,51.99870471851146,51.99870471851146,0.0,0.0,0.0,0.0,0.0,0.0,0.0,0.0,0.0,0.0,0.0,0.0,0.0,-1.035158295296224,0.1314435517683732,0.0
0,spring_irrigation,春季灌溉日,55.0,6.0,0.25,37.74600474489888,31.056249958578142,6.153137947921031,0.0,5.0,-5.0,0.4598593604980721,51.07933392290666,9.992007221626409e-16,0.0,0.0,0.0,0.0,8.998598050508079,28.795513761625852,2.0510459826403435,6.153137947921031,0.0,0.0,0.0,2.256455494642573,48.939886938392284,0.0,2.2607361969522906,59.7770460177841,0.0,0.0,0.0,0.0,0.0,0.0,12.874488228218155,6.41816390702862,11.779352908350564,4.6894693965312575,1.9232848674778156,0.0,52.0,7.8,41.0,45.0,0.01388224328883126,0.3984038838079757,1.0,25.667283226531243,23.292187468933605,2.768912076564464,37.74600474489888,51.539193283404735,51.539193283404735,9.992007221626409e-16,0.0,0.0,0.0,0.0,0.0,0.0,0.0,0.0,0.0,0.0,0.0,0.0,0.0,0.004510238011492085,0.0
0,spring_irrigation,春季灌溉日,55.0,6.25,0.25,38.49541182901382,31.40015887391489,6.237979742092146,0.0,5.0,-5.0,0.7218336350392818,49.24004781436325,-1.2212453270876722e-15,0.0,0.0,0.0,0.0,8.998598050508079,28.795513761625852,2.079326580697382,6.237979742092146,0.0,0.0,0.0,4.611455010816748,47.72389915172517,0.0,2.604645112289038,59.06172457048863,0.0,0.0,0.0,0.0,0.0,0.0,13.182814114102749,6.585563710145262,11.871206032565768,4.714278032830902,1.9475026688481034,0.0,52.0,7.8,41.0,45.0,0.02179072776690541,0.384057989435435,1.0,26.176880043729398,23.550119155436168,2.807090883941466,38.49541182901382,49.96188144940253,49.96188144940253,-1.2212453270876722e-15,0.0,0.0,0.0,0.0,0.0,0.0,0.0,0.0,0.0,0.0,0.0,0.0,0.0,0.08484179417111548,0.0
0,spring_irrigation,春季灌溉日,55.0,6.5,0.25,39.00739886891425,31.741094341032717,6.356028969268824,0.0,5.0,-5.0,1.4687257591818934,48.39742877495034,-3.1086244689504383e-15,0.0,0.0,0.0,0.0,8.998598050508079,28.795513761625852,2.1186763230896077,6.356028969268824,0.0,0.0,0.0,5.258518708379704,46.337692244036084,0.0,2.9455805794068652,58.257040924148946,0.0,0.0,0.0,0.0,0.0,0.0,13.463475198606309,6.767039592302193,11.963879061509983,4.741390273451254,1.9737049418543704,0.0,52.0,7.8,41.0,45.0,0.04433792168860686,0.37748580706556856,1.0,26.525031230861693,23.805820755774537,2.8602130361709706,39.00739886891425,49.866154534132235,49.866154534132235,-3.1086244689504383e-15,0.0,0.0,0.0,0.0,0.0,0.0,0.0,0.0,0.0,0.0,0.0,0.0,0.0,0.11804922717667754,0.0
0,spring_irrigation,春季灌溉日,55.0,6.75,0.25,39.87236358968557,31.668442756691213,6.38669736464699,0.0,5.0,-5.0,2.2577358401631216,52.573378083268686,4.440892098500626e-16,0.0,0.0,0.0,0.0,8.998598050508079,28.795513761625852,2.1288991215489967,6.38669736464699,0.0,0.0,0.0,1.1687468383108381,46.02781040197367,0.0,2.8729289950653616,57.47187845761704,0.0,0.0,0.0,0.0,0.0,0.0,13.703950287135397,6.9621308066597605,12.056769332108987,4.7708728142498655,2.0019090454130857,0.0,52.0,7.8,41.0,45.0,0.06815657330778557,0.41005699183337074,1.0,27.11320724098619,23.751332067518412,2.8740138140911453,39.87236358968557,54.83111392343181,54.83111392343181,4.440892098500626e-16,0.0,0.0,0.0,0.0,0.0,0.0,0.0,0.0,0.0,0.0,0.0,0.0,0.0,0.030668395378166124,0.0
0,spring_irrigation,春季灌溉日,55.0,7.0,0.25,48.9269707481529,31.65438691594452,6.374156198015402,0.0,5.0,-5.0,3.537337124377295,54.79358601938786,1.3322676295501878e-15,0.0,0.0,0.0,0.0,8.998598050508079,28.795513761625852,2.1247187326718007,6.374156198015402,0.0,0.0,0.0,6.719364387567623,44.25725522525157,0.0,2.858873154318669,56.69080747777806,0.0,0.0,0.0,0.0,0.0,0.0,13.893374905863718,7.170060210492144,12.149262642904743,4.802771233561842,2.0321096105102945,8.5,88.0,13.2,41.0,45.0,0.10678520167999529,0.4273739651898791,1.0,33.27034010874397,23.740790186958392,2.868370289106931,48.9269707481529,58.330923143765155,58.330923143765155,1.3322676295501878e-15,0.0,0.0,0.0,0.0,0.0,0.0,0.0,0.0,0.0,0.0,0.0,0.0,0.0,-0.012541166631588219,0.0
0,spring_irrigation,春季灌溉日,55.0,7.25,0.25,49.41538521323825,31.560286578314784,6.403425628603345,0.0,5.0,-5.0,4.718337935640967,57.75009978373223,3.552713678800501e-15,0.0,0.0,0.0,0.0,8.998598050508079,28.795513761625852,2.134475209534448,6.403425628603345,0.0,0.0,0.0,3.080020753907583,43.444510585146205,0.0,2.7647728166889323,55.93489028017366,0.0,0.0,0.0,0.0,0.0,0.0,14.02358873439263,7.3897170589453705,12.240746385326313,4.837106663981148,2.0642760546006094,8.5,88.0,13.2,41.0,45.0,0.14243727706346054,0.45043390892415536,1.0,33.60246194500201,23.670214933736087,2.881541532871505,49.41538521323825,62.4684377193732,62.4684377193732,3.552713678800501e-15,0.0,0.0,0.0,0.0,0.0,0.0,0.0,0.0,0.0,0.0,0.0,0.0,0.0,0.02926943058794329,0.0
0,spring_irrigation,春季灌溉日,55.0,7.5,0.25,49.70894137633568,31.304470111770517,6.565360509033296,0.0,5.0,-5.0,6.330615628172076,62.606417817623814,-7.105427357601002e-15,0.0,0.0,0.0,0.0,8.998598050508079,28.795513761625852,2.1884535030110985,6.565360509033296,0.0,0.0,3.0410405159410345,0.0,44.164585482152944,0.0,2.508956350144665,55.24667116394288,0.0,0.0,0.0,0.0,0.0,0.0,14.08994854284147,7.6196492000371485,12.330623214504621,4.87387256931688,2.098350337462102,8.5,88.0,13.2,41.0,45.0,0.19110874729868688,0.4883117710088342,1.0,33.80208013590826,23.47835258382789,2.954412229064983,49.70894137633568,68.93703344579589,68.93703344579589,-7.105427357601002e-15,0.0,0.0,0.0,0.0,0.0,0.0,0.0,0.0,0.0,0.0,0.0,0.0,0.0,0.16193488042995074,0.0
0,spring_irrigation,春季灌溉日,55.0,7.75,0.25,50.14237807820871,30.867314754479487,6.946960137798364,0.0,5.0,-5.0,7.907511222314355,65.6443111974917,6.217248937900877e-15,0.0,0.0,0.0,0.0,8.998598050508079,28.795513761625852,2.3156533792661214,6.946960137798364,0.0,0.0,7.095192911823148,0.0,45.847485569436834,0.0,2.0718009928536354,54.67383704076784,0.0,0.0,0.0,0.0,0.0,0.0,14.091790605071209,7.858066262934199,12.418324788782202,4.91303171864422,2.134245039963459,8.5,88.0,13.2,41.0,45.0,0.23871210206188984,0.5120064519723841,1.0,34.096817093181926,23.150486065859617,3.1261320620092636,50.14237807820871,73.55182241980606,73.55182241980606,6.217248937900877e-15,0.0,0.0,0.0,0.0,0.0,0.0,0.0,0.0,0.0,0.0,0.0,0.0,0.0,0.38159962876506803,0.0
0,spring_irrigation,春季灌溉日,55.0,8.0,0.25,50.57890220879519,30.396302401873587,7.267652722855844,0.0,5.0,-5.0,9.767843137281488,65.17510451693263,-3.552713678800501e-15,0.0,0.0,0.0,0.0,8.998598050508079,28.795513761625852,2.4225509076186147,7.267652722855844,0.0,0.0,7.942896487292238,0.0,47.73163111089027,0.0,1.6007886402477354,54.22523995376121,0.0,0.0,0.0,0.0,0.0,0.0,14.032475082815562,8.102855139861996,12.503325061083858,4.95451345430169,2.1718418466392184,8.5,90.64,13.596,41.0,45.0,0.29487183797240674,0.5083467769240463,1.0,34.39365350198074,22.79722680140519,3.2704437252851295,50.57890220879519,74.94294765421412,74.94294765421412,-3.552713678800501e-15,0.0,0.0,0.0,0.0,0.0,0.0,0.0,0.0,0.0,0.0,0.0,0.0,0.0,0.32069258505748,0.0
0,spring_irrigation,春季灌溉日,55.0,8.25,0.25,50.812710291729296,29.817708786192604,7.379542483914789,0.0,5.0,-5.0,8.887741094145412,67.23989567957074,2.5793056458313437,0.0,0.0,0.0,0.0,8.998598050508079,28.795513761625852,2.459847494638263,7.379542483914789,0.0,0.0,8.85648093684052,0.0,49.83265875183435,0.0,1.0221950245667522,53.929128643108875,0.0,0.0,0.0,0.0,0.0,0.0,13.919006017567334,8.351608664873236,12.585152578427813,4.998211352998994,2.210990509706667,8.5,90.64,13.596,41.0,45.0,0.34616742926867905,0.5244515448462156,1.0,34.55264299837592,22.36328158964445,3.320794117761655,50.812710291729296,78.70694241954749,76.12763677371615,2.5793056458313437,0.0,0.0,0.0,0.0,0.0,0.0,0.0,-7.105427357601002e-15,0.0,0.0,0.0,0.0,0.0,0.11188976105894533,0.0
0,spring_irrigation,春季灌溉日,55.0,8.5,0.25,50.707506758787346,29.115679644196224,7.556810381411959,0.0,5.0,-5.0,0.28381403041252895,66.9517186587399,13.22961648028536,0.0,0.0,0.0,0.0,8.998598050508079,28.795513761625852,2.5189367938039866,7.556810381411959,0.0,0.0,0.010491086053015783,0.0,49.83265875183435,0.0,0.3201658825703717,53.81790989916354,0.0,0.0,0.0,0.0,0.0,0.0,13.761282916034316,8.601667897852723,12.663401241641536,5.0439813785173095,2.2515083660373563,8.5,90.64,13.596,41.0,45.0,0.4079437022072087,0.5222038482631611,1.0,34.481104595975395,21.83675973314717,3.4005646716353817,50.707506758787346,80.4651491694378,67.23553268915244,13.22961648028536,0.0,0.0,0.0,0.0,0.0,0.0,0.0,7.105427357601002e-15,0.0,0.0,0.0,0.0,0.0,0.17726789749717042,0.0
0,spring_irrigation,春季灌溉日,55.0,8.75,0.25,50.87872949406257,28.315973262528278,7.760873615172507,0.0,5.0,-5.0,3.2760498778732767,64.19872662447456,11.984036834607746,0.0,0.0,0.0,0.0,8.998598050508079,28.795513761625852,2.586957871724169,7.760873615172507,0.0,0.0,0.010491086053015783,0.0,49.83265875183435,0.479540499097574,0.0,53.90489181274964,0.0,0.0,0.0,0.0,0.0,0.0,13.571091784309521,8.850177843718843,12.737738998600635,5.0916406205124645,2.293180469561384,8.5,90.64,13.596,41.0,45.0,0.4606717934845875,0.500731314572743,1.0,34.59753605596255,21.23697994689621,3.4923931268276283,50.87872949406257,79.45881333695559,67.47477650234784,11.984036834607746,0.0,0.0,0.0,0.0,0.0,0.0,0.0,7.105427357601002e-15,0.0,0.0,0.0,0.0,0.0,0.20406323376054747,0.0
0,spring_irrigation,春季灌溉日,55.0,9.0,0.25,51.21587367188964,27.770820515954806,7.964260135294969,0.0,5.0,-5.0,6.798232073479582,61.08148411340281,10.058600644426676,0.0,0.0,0.0,0.0,8.998598050508079,28.795513761625852,2.6547533784316566,7.964260135294969,0.0,0.0,0.010491086053015783,0.0,49.83265875183435,1.0246932456710454,0.0,54.12130401269014,0.0,0.0,0.0,0.0,0.0,0.0,13.36097555473296,9.094155795212528,12.807913992790407,5.14096670648026,2.3357603896906465,8.5,90.64,13.596,41.0,45.0,0.508874392848389,0.4764177335644877,1.0,34.82679409688496,20.828115386966104,3.583917060882736,51.21587367188964,77.93831683130907,67.87971618688239,10.058600644426676,0.0,0.0,0.0,0.0,0.0,0.0,0.0,0.0,0.0,0.0,0.0,0.0,0.0,0.2033865201224625,0.0
0,spring_irrigation,春季灌溉日,55.0,9.25,0.25,51.58329830001796,27.208233251952468,8.24326984929252,0.0,5.0,-5.0,10.144142323237432,58.19600172977246,8.285542382912112,0.0,0.0,0.0,0.0,8.998598050508079,28.795513761625852,2.74775661643084,8.24326984929252,0.0,0.0,0.010491086053015783,0.0,49.83265875183435,1.5872805096733842,0.0,54.471222481731225,0.0,0.0,0.0,0.0,0.0,0.0,13.143131265968776,9.330570809099097,12.87375776517024,5.191697962944294,2.3789717117764724,8.5,90.64,13.596,41.0,45.0,0.5563556791583297,0.45391181385079526,1.0,35.07664284401221,20.40617493896435,3.709471432181634,51.58329830001796,76.625686435922,68.3401440530099,8.285542382912112,0.0,0.0,0.0,0.0,0.0,0.0,0.0,0.0,0.0,0.0,0.0,0.0,0.0,0.27900971399755115,0.0
0,spring_irrigation,春季灌溉日,55.0,9.5,0.25,51.74245221730801,26.750513825116418,8.442498912519962,0.0,5.0,-5.0,14.541503901949419,54.02420375609301,5.335097493558987,0.0,0.0,0.0,0.0,8.998598050508079,28.795513761625852,2.814166304173321,8.442498912519962,0.0,0.0,0.010491086053015783,0.0,49.83265875183435,2.0449999365094342,0.0,54.92967435541135,0.0,0.0,0.0,0.0,0.0,0.0,12.928464489322701,9.556432141060757,12.935185210193577,5.2435343874494835,2.422510258669528,8.5,90.64,13.596,41.0,45.0,0.6000352282243624,0.42137300828052954,1.0,35.184867507769454,20.062885368837314,3.799124510633983,51.74245221730801,73.90080515160142,68.56570765804243,5.335097493558987,0.0,0.0,0.0,0.0,0.0,0.0,0.0,0.0,0.0,0.0,0.0,0.0,0.0,0.19922906322744183,0.0
0,spring_irrigation,春季灌溉日,55.0,9.75,0.25,51.687581334955354,26.33510054021609,8.568413040813095,0.0,5.0,-5.0,16.916021781588668,51.63678637019882,4.287550365595624,0.0,0.0,0.0,0.0,8.998598050508079,28.795513761625852,2.8561376802710314,8.568413040813095,0.0,0.0,0.010491086053015783,0.0,49.83265875183435,2.4604132214097625,0.0,55.48655765831847,0.0,0.0,0.0,0.0,0.0,0.0,12.72589555881178,9.76888380871087,12.99219111378107,5.29613947520614,2.4660470335489744,8.5,90.64,13.596,41.0,45.0,0.6400938469985369,0.4027518500593496,1.0,35.14755530776964,19.751325405162067,3.8557858683658925,51.687581334955354,72.84035851738311,68.55280815178749,4.287550365595624,0.0,0.0,0.0,0.0,0.0,0.0,0.0,7.105427357601002e-15,0.0,0.0,0.0,0.0,0.0,0.12591412829313242,0.0
0,spring_irrigation,春季灌溉日,55.0,10.0,0.25,51.890937372662684,25.8373984789607,8.91234667537874,0.0,5.0,-5.0,17.432204900529243,51.43860383382078,5.301815034155222,0.0,0.0,0.0,0.0,8.998598050508079,28.795513761625852,2.970782225126247,8.91234667537874,0.0,0.0,0.010491086053015783,0.0,49.83265875183435,2.958115282665151,0.0,56.16136675912229,0.0,0.0,0.0,0.0,0.0,0.0,12.541965635788236,9.965301861921935,13.044843247787504,5.349142923597687,2.5092318638689,8.5,90.64,13.596,41.0,45.0,0.6862950344744628,0.40120608416672665,1.0,35.285837413410626,19.378048859220527,4.010556003920433,51.890937372662684,74.17262376850525,68.87080873435002,5.301815034155222,0.0,0.0,0.0,0.0,0.0,0.0,0.0,-7.105427357601002e-15,0.0,0.0,0.0,0.0,0.0,0.3439336345656461,0.0
0,spring_irrigation,春季灌溉日,55.0,10.25,0.25,52.16788743662465,25.129569724768082,9.124913988176566,0.0,5.0,-5.0,17.353674803020702,51.864939766223905,6.89528231591661,0.0,0.0,0.0,0.0,8.998598050508079,28.795513761625852,3.041637996058855,9.124913988176566,0.0,0.0,0.010491086053015783,0.0,49.83265875183435,3.66594403685777,0.0,57.003947784496454,0.0,0.0,0.0,0.0,0.0,0.0,12.380743076434058,10.143390452515625,13.093272156171755,5.402144214755273,2.551697705165552,8.5,90.64,13.596,41.0,45.0,0.7320279875588943,0.4045313799024279,1.0,35.47416345690477,18.84717729357606,4.106211294679455,52.16788743662465,76.11389688516121,69.21861456924461,6.89528231591661,0.0,0.0,0.0,0.0,0.0,0.0,0.0,0.0,0.0,0.0,0.0,0.0,0.0,0.21256731279782493,0.0
0,spring_irrigation,春季灌溉日,55.0,10.5,0.25,52.45401385597061,24.444760267803087,9.576510310015953,0.0,5.0,-5.0,19.99740727460115,49.657865821269205,5.234248904871585,0.0,0.0,0.0,0.0,8.998598050508079,28.795513761625852,3.192170103338651,9.576510310015953,0.0,0.0,0.010491086053015783,0.0,49.83265875183435,4.350753493822765,0.0,58.008749765387115,0.0,0.0,0.0,0.0,0.0,0.0,12.243990427374488,10.301272447607232,13.137657935373054,5.454717051666488,2.5930655422873583,8.5,90.64,13.596,41.0,45.0,0.761693725847407,0.3873168478404306,1.0,35.66872942206002,18.333570200852314,4.309429639507179,52.45401385597061,74.88952200074195,69.65527309587036,5.234248904871585,0.0,0.0,0.0,0.0,0.0,0.0,0.0,-7.105427357601002e-15,0.0,0.0,0.0,0.0,0.0,0.45159632183938747,0.0
0,spring_irrigation,春季灌溉日,55.0,10.75,0.25,52.636800661437405,24.07162311724338,9.911854856502037,0.0,5.0,-5.0,21.128003206259876,48.821838210572636,4.803594555278355,0.0,0.0,0.0,0.0,8.998598050508079,28.795513761625852,3.3039516188340126,9.911854856502037,0.0,0.0,0.010491086053015783,0.0,49.83265875183435,4.723890644382472,0.0,59.10166941854531,0.0,0.0,0.0,0.0,0.0,0.0,12.13152537563986,10.437570155756214,13.178214476875885,5.506414597592846,2.632949805109906,8.5,90.64,13.596,41.0,45.0,0.7828235758947747,0.3807960766891285,1.0,35.79302444977744,18.053717337932536,4.4603346854259165,52.636800661437405,74.75343597211086,69.94984141683251,4.803594555278355,0.0,0.0,0.0,0.0,0.0,0.0,0.0,-7.105427357601002e-15,0.0,0.0,0.0,0.0,0.0,0.335344546486084,0.0
0,spring_irrigation,春季灌溉日,55.0,11.0,0.25,52.723105402095186,23.63807124996706,10.227530471494198,0.0,5.0,-5.0,24.332887620215907,45.80848374227178,1.9574805799311292,0.0,0.0,0.0,0.0,8.998598050508077,28.79551376162585,3.4091768238313995,10.227530471494198,0.0,0.0,0.010491086053015783,0.0,49.83265875183435,5.157442511658793,0.0,60.297011180355014,0.0,0.0,0.0,0.0,0.0,0.0,12.041697361012574,10.551471760801707,13.2151717944272,5.55677544278461,2.670964196758464,8.5,72.10000000000001,10.815000000000001,41.0,45.0,0.7936541448500607,0.3572927920677369,1.0,35.85171167342473,17.728553437475295,4.602388712172389,52.723105402095186,72.09885194241882,70.14137136248769,1.9574805799311292,0.0,0.0,0.0,0.0,0.0,0.0,0.0,0.0,-3.552713678800501e-15,0.0,0.0,0.0,-3.552713678800501e-15,0.3156756149921609,0.0
0,spring_irrigation,春季灌溉日,55.0,11.25,0.25,52.87900864488936,23.188177803896888,10.458044611183482,0.0,5.0,-5.0,26.14632035998902,43.36939718727906,3.552713678800501e-15,0.0,0.0,0.0,0.0,8.150694031984221,26.082220902349512,3.4860148703944938,10.458044611183482,0.0,0.0,0.0,0.0,49.83016711889676,2.8940430984526273,0.0,60.95419791064734,0.0,0.0,0.0,0.0,0.0,0.0,11.97190422964634,10.642779306211432,13.248757192427256,5.605330197525103,2.7067278155469197,8.5,72.10000000000001,10.815000000000001,41.0,45.0,0.7893056258590841,0.3382686294206759,1.0,35.95772587852477,17.391133352922665,4.706120075032567,52.87900864488936,69.51571754726808,69.51571754726808,3.552713678800501e-15,0.0,0.0,0.0,0.0,0.0,0.0,0.0,7.105427357601002e-15,-3.552713678800501e-15,0.0,0.0,0.0,-2.7132928592763363,0.23051413968928358,0.0
0,spring_irrigation,春季灌溉日,55.0,11.5,0.25,53.094205263175446,22.73603492418951,10.881823485665642,0.0,5.0,-5.0,26.324873876435383,39.409318394345014,7.105427357601002e-15,0.0,0.0,0.0,0.0,6.824914690229731,21.83972700873514,3.6272744952218807,10.881823485665642,0.0,0.0,0.0,2.812202177846663,49.08762240584433,0.0,0.896307915454372,60.68785030762508,0.0,0.0,0.0,0.0,0.0,0.0,11.919086719363866,10.711934555504651,13.279176136549788,5.6516085873581305,2.739871437972284,8.5,72.10000000000001,10.815000000000001,41.0,45.0,0.7946958028747267,0.3073811716149077,1.0,36.10405957895931,17.052026193142133,4.896820568549539,53.094205263175446,65.7341922707804,65.7341922707804,7.105427357601002e-15,0.0,0.0,0.0,0.0,0.0,0.0,0.0,0.0,0.0,0.0,0.0,0.0,-4.242493893614373,0.42377887448216,0.0
0,spring_irrigation,春季灌溉日,55.0,11.75,0.25,53.211406367117974,22.281922923733113,11.176245407356125,0.0,5.0,-5.0,27.124174940317012,37.36365868179433,-7.105427357601002e-15,0.0,0.0,0.0,0.0,6.824914690229729,21.839727008735135,3.7254151357853753,11.176245407356125,0.0,0.0,0.0,4.273902571021741,47.96045682182358,0.0,0.4421959149979777,60.54113903641916,0.0,0.0,0.0,0.0,0.0,0.0,11.880157948958125,10.760019773780916,13.30659375449952,5.695146905883207,2.77004381981523,8.5,72.10000000000001,10.815000000000001,41.0,45.0,0.818825118885187,0.29142562341492984,1.0,36.183756329640225,16.711442192799836,5.029310433310257,53.211406367117974,64.48783362211134,64.48783362211134,-7.105427357601002e-15,0.0,0.0,0.0,0.0,0.0,0.0,0.0,7.105427357601002e-15,0.0,0.0,0.0,0.0,-3.552713678800501e-15,0.29442192169048376,0.0
0,spring_irrigation,春季灌溉日,55.0,12.0,0.25,44.86654013995065,21.893531485572513,11.588404721017044,0.0,5.0,-5.0,28.294201502400583,36.79408099137237,-3.552713678800501e-15,0.0,0.0,0.0,0.0,6.824914690229729,21.839727008735135,3.862801573672348,11.588404721017044,0.0,0.0,4.5340260899202205,0.0,49.03488999533854,0.0,0.05380447683737799,60.49670939404901,0.0,0.0,0.0,0.0,0.0,0.0,11.852345670946532,10.788731421297669,13.331117917380272,5.735495663618433,2.7969178662134566,0.0,72.10000000000001,10.815000000000001,41.0,45.0,0.8541459034216738,0.2869830838090498,1.0,30.509247295166446,16.420148614179386,5.2147821244576695,44.86654013995065,65.08828249377295,65.08828249377295,-3.552713678800501e-15,0.0,0.0,0.0,0.0,0.0,0.0,0.0,0.0,0.0,0.0,0.0,0.0,0.0,0.4121593136609185,0.0
0,spring_irrigation,春季灌溉日,55.0,12.25,0.25,44.737413723684625,21.661626348217926,12.101471129137142,0.0,5.0,-5.0,27.48686790628104,36.478633695221816,1.781250596171219,0.0,0.0,0.0,0.0,6.824914690229729,21.839727008735135,4.03382370971238,12.101471129137142,0.0,0.0,3.369349477876121,0.0,49.83265875183435,0.17810066051720952,0.0,60.50875994622483,0.0,0.0,0.0,0.0,0.0,0.0,11.833443013426221,10.800325898479315,13.352784825942283,5.772227258905498,2.8201965198794525,0.0,72.10000000000001,10.815000000000001,41.0,45.0,0.883546528698068,0.2845226870444251,1.0,30.421441332105548,16.246219761163445,5.445662008111714,44.737413723684625,65.74675219767408,63.96550160150286,1.781250596171219,0.0,0.0,0.0,0.0,0.0,0.0,0.0,0.0,0.0,0.0,0.0,0.0,0.0,0.513066408120098,0.0
0,spring_irrigation,春季灌溉日,55.0,12.5,0.25,44.64942648216512,21.546738452897443,12.416096177734127,0.0,5.0,-5.0,25.745677591020538,34.877853393338704,4.0603412961697,0.0,0.0,0.0,0.0,6.824914690229729,21.839727008735135,4.138698725911376,12.416096177734127,0.0,0.0,0.010491086053015783,0.0,49.83265875183435,0.2929885558376917,0.0,60.54809034826317,0.0,0.0,0.0,0.0,0.0,0.0,11.821976393498934,10.797537794281572,13.371547949118714,5.804943489303339,2.8396182196477957,0.0,72.10000000000001,10.815000000000001,41.0,45.0,0.8997846759394349,0.27203706829387336,1.0,30.361610007872283,16.160053839673083,5.587243279980357,44.64942648216512,64.68387228052894,60.62353098435924,4.0603412961697,0.0,0.0,0.0,0.0,0.0,0.0,0.0,0.0,0.0,0.0,0.0,0.0,0.0,0.3146250485969855,0.0
0,spring_irrigation,春季灌溉日,55.0,12.75,0.25,44.605829475018425,21.48648690318358,12.683373344891795,0.0,5.0,-5.0,26.936451653153576,33.73257471311152,3.088497923759494,0.0,0.0,0.0,0.0,6.824914690229729,21.839727008735135,4.227791114963932,12.683373344891795,0.0,0.0,0.010491086053015783,0.0,49.83265875183435,0.3532401055515564,0.0,60.601710828157536,0.0,0.0,0.0,0.0,0.0,0.0,11.817306347957976,10.783472513305995,13.387271035800197,5.833282719853247,2.8549617893015853,0.0,72.10000000000001,10.815000000000001,41.0,45.0,0.9063937598446362,0.26310422913560155,1.0,30.33196404301253,16.114865177387685,5.707518005201308,44.605829475018425,63.75752429002459,60.66902636626509,3.088497923759494,0.0,0.0,0.0,0.0,0.0,0.0,0.0,-1.4210854715202004e-14,0.0,0.0,0.0,0.0,0.0,0.26727716715766725,0.0
0,spring_irrigation,春季灌溉日,55.0,13.0,0.25,44.4733756313386,21.23968153108655,13.158234724706752,0.0,5.0,-5.0,25.315598627451273,35.37926102173899,4.115482201791409,0.0,0.0,0.0,0.0,6.824914690229729,21.839727008735135,4.386078241568917,13.158234724706752,0.0,0.0,0.010491086053015783,0.0,49.83265875183435,0.6000454776485853,0.0,60.71392077368499,0.0,0.0,0.0,0.0,0.0,0.0,11.819678560682954,10.761476624226027,13.399725748880876,5.856926528266881,2.8660506289992798,0.0,72.10000000000001,10.815000000000001,41.0,45.0,0.8884660385781504,0.2759479013291498,1.0,30.241895429310247,15.929761148314913,5.921205626118039,44.4733756313386,64.81034185098167,60.69485964919026,4.115482201791409,0.0,0.0,0.0,0.0,0.0,0.0,0.0,7.105427357601002e-15,0.0,0.0,0.0,0.0,0.0,0.474861379814957,0.0
0,spring_irrigation,春季灌溉日,55.0,13.25,0.25,44.45008766010457,21.187630684387123,13.623299787528133,0.0,5.0,-5.0,25.4243621105977,35.40223125496566,2.869754228149276,0.0,0.0,0.0,0.0,6.824914690229729,21.839727008735135,4.5410999291760445,13.623299787528133,0.0,0.0,0.010491086053015783,0.0,49.83265875183435,0.6520963243480118,0.0,60.8384366903308,0.0,0.0,0.0,0.0,0.0,0.0,11.830239561465014,10.73499070347649,13.408594260438436,5.87560565654106,2.8727560982735967,0.0,72.10000000000001,10.815000000000001,41.0,45.0,0.8541433324996479,0.2761270624384802,1.0,30.22605960887111,15.890723013290343,6.13048490438766,44.45008766010457,63.69634759371264,60.82659336556336,2.869754228149276,0.0,0.0,0.0,0.0,0.0,0.0,0.0,0.0,0.0,0.0,0.0,0.0,0.0,0.46506506282138105,0.0
0,spring_irrigation,春季灌溉日,55.0,13.5,0.25,51.11032139633963,21.16750386455271,13.882980842973511,0.0,3.3160807492890148,-3.3160807492890148,27.15735278668231,36.739963769033146,0.0,0.0,0.0,0.0,0.0,6.734678414850761,21.550970927522435,4.62766028099117,13.882980842973511,0.0,0.0,0.0,1.8914242857551218,49.33242388580331,0.383467062969725,0.0,60.89909089944096,0.0,0.0,0.0,0.0,0.0,0.0,11.851026006933896,10.70739075522518,13.413476908468702,5.889105113564341,2.875,6.5,72.10000000000001,10.815000000000001,41.0,45.0,0.8198266923543969,0.28656098528299256,1.0,34.75501854951095,15.875627898414532,6.2473413793380805,51.11032139633963,63.897316555715456,63.897316555715456,0.0,0.0,0.0,0.0,0.0,0.0,0.0,0.0,0.0,0.0,0.0,1.6839192507109852,0.0,-0.2887560812126999,0.25968105544537856,0.0
0,spring_irrigation,春季灌溉日,55.0,13.75,0.25,50.94321382556272,21.32161257801613,14.144127380061635,0.0,3.3160807492890148,-3.3160807492890148,25.874559637391656,38.78588012821794,-7.105427357601002e-15,0.0,0.0,0.0,0.0,6.734678414850761,21.550970927522435,4.714709126687212,14.144127380061635,0.0,0.0,0.0,1.0482423507801144,49.05410401440373,0.22935834950630607,0.0,60.92311396199899,0.0,0.0,0.0,0.0,0.0,0.0,11.884929744974835,10.681825378347877,13.41390476116872,5.897268293550466,2.8727560982735967,6.5,72.10000000000001,10.815000000000001,41.0,45.0,0.7811017078973856,0.3025185352517473,1.0,34.64138540138266,15.991209433512097,6.364857321027736,50.94321382556272,64.6604397656096,64.6604397656096,-7.105427357601002e-15,0.0,0.0,0.0,0.0,0.0,0.0,0.0,0.0,0.0,0.0,0.0,0.0,0.0,0.2611465370881234,0.0
0,spring_irrigation,春季灌溉日,55.0,14.0,0.25,51.25914493026677,21.351399088209106,14.162562313573138,0.0,3.3160807492890148,-3.3160807492890148,24.422503331554523,41.6082548673764,7.105427357601002e-15,0.0,0.0,0.0,0.0,6.734678414850761,21.550970927522435,4.7208541045243795,14.162562313573138,0.0,0.0,0.0,0.0,49.05165130920301,0.19957183931332878,0.0,60.94005071685492,0.0,0.0,0.0,0.0,0.0,0.0,11.935634434978466,10.661056631885277,13.409356678259373,5.9,2.8660506289992798,6.5,72.10000000000001,10.815000000000001,41.0,45.0,0.7372670039894788,0.3245322337729411,1.0,34.85621855258141,16.01354931615683,6.373153041107912,51.25914493026677,66.03075819893093,66.03075819893093,7.105427357601002e-15,0.0,0.0,0.0,0.0,0.0,0.0,0.0,0.0,0.0,0.0,0.0,0.0,0.0,0.018434933511503715,0.0
0,spring_irrigation,春季灌溉日,55.0,14.25,0.25,51.12785302325455,21.383497999023568,14.48699860476694,0.0,3.3160807492890148,-3.3160807492890148,23.109393607771537,45.100295305911104,3.552713678800501e-15,0.0,0.0,0.0,0.0,6.734678414850761,21.550970927522435,4.828999534922313,14.48699860476694,0.0,0.0,2.2020771913660027,0.0,49.572192059586975,0.1674729284988672,0.0,60.94935551201498,0.0,0.0,0.0,0.0,0.0,0.0,12.0075144832162,10.647312939228124,13.399280214952329,5.897268293550466,2.8549617893015853,6.5,72.10000000000001,10.815000000000001,41.0,45.0,0.6976268221940233,0.3517691291331374,1.0,34.766940055813095,16.037623499267674,6.519149372145123,51.12785302325455,68.20968891368264,68.20968891368264,3.552713678800501e-15,0.0,0.0,0.0,0.0,0.0,0.0,0.0,0.0,0.0,0.0,0.0,0.0,0.0,0.3244362911938019,0.0
0,spring_irrigation,春季灌溉日,55.0,14.5,0.25,51.197452787653205,21.402267447992504,14.566911676569545,0.0,3.3160807492890148,-3.3160807492890148,21.600198828557474,45.38982586316349,3.552713678800501e-15,0.0,0.0,0.0,0.0,6.734678414850761,21.550970927522435,4.855637225523181,14.566911676569545,0.0,0.0,0.8861755144047989,0.0,49.78018013465513,0.14870347952993157,0.0,60.95419791064734,0.0,0.0,0.0,0.0,0.0,0.0,12.105484284037773,10.642162301300674,13.383115497430923,5.889105113564341,2.8396182196477957,6.5,72.10000000000001,10.815000000000001,41.0,45.0,0.652067220944216,0.35402738290489827,1.0,34.81426789560418,16.05170058599438,6.555110254456295,51.197452787653205,66.99002469172096,66.99002469172096,3.552713678800501e-15,0.0,0.0,0.0,0.0,0.0,0.0,0.0,0.0,0.0,0.0,0.0,0.0,0.0,0.07991307180260421,0.0
0,spring_irrigation,春季灌溉日,55.0,14.75,0.25,51.37263075684093,21.422646300342127,14.45423414330732,0.0,2.4960390556770284,-2.4960390556770284,20.321566850049315,44.975099875134795,0.0,0.0,0.0,0.0,0.0,6.734678414850761,21.550970927522435,4.818078047769107,14.45423414330732,0.0,0.0,0.0,0.12475954995367289,49.74485966513428,0.12832462718030888,0.0,60.95419791064734,0.0,0.0,0.0,0.0,0.0,0.0,12.234785771994492,10.646413517603339,13.36032102253002,5.87560565654106,2.8201965198794525,6.5,72.10000000000001,10.815000000000001,41.0,45.0,0.6134678539914489,0.3507926413439353,1.0,34.933388914651836,16.066984725256596,6.504405364488294,51.37263075684093,65.29666672518411,65.29666672518411,0.0,0.0,0.0,0.0,0.0,0.0,0.0,0.0,-4.263256414560601e-14,0.0,0.0,0.8200416936119863,0.0,0.0,-0.11267753326222518,0.0
0,spring_irrigation,春季灌溉日,55.0,15.0,0.25,51.58490452146815,21.550794168673704,14.303869137831482,0.0,2.4960390556770284,-2.4960390556770284,19.279096323221978,46.724681223992405,7.105427357601002e-15,0.0,0.0,0.0,0.0,6.774724623704379,21.679118795854013,4.767956379277161,14.303869137831482,0.0,0.0,0.38015296708770646,0.0,49.83265875183435,0.12832462718030888,0.0,60.95419791064734,0.0,0.0,0.0,0.0,0.0,0.0,12.400705348465907,10.660052029499035,13.330400209987722,5.856926528266881,2.7969178662134566,6.5,72.10000000000001,10.815000000000001,41.0,45.0,0.5819977335198797,0.3644388647945954,1.0,35.077735074598344,16.163095626505278,6.436741112024167,51.58490452146815,66.00377754721438,66.00377754721438,7.105427357601002e-15,0.0,0.0,0.0,0.0,0.0,0.0,0.0,-3.552713678800501e-14,0.0,0.0,0.0,0.0,0.12814786833157754,-0.15036500547583742,0.0
0,spring_irrigation,春季灌溉日,55.0,15.25,0.25,51.63142393676842,21.770997717525734,14.387883856403407,0.0,1.4256470435363733,-1.4256470435363733,18.045044099163576,46.59320387636642,-3.552713678800501e-15,0.0,0.0,0.0,0.0,6.774724623704379,21.679118795854013,4.795961285467802,14.387883856403407,0.0,0.0,0.010491086053015783,0.0,49.83265875183435,0.0,0.09187892167172151,60.89954214809419,0.0,0.0,0.0,0.0,0.0,0.0,12.608217319380794,10.682215427312304,13.292927471618174,5.833282719853247,2.77004381981523,6.5,72.10000000000001,10.815000000000001,41.0,45.0,0.544744141058595,0.3634133798889774,1.0,35.10936827700253,16.3282482881443,6.474547735381534,51.63142393676842,64.63824797552999,64.63824797552999,-3.552713678800501e-15,0.0,0.0,0.0,0.0,0.0,0.0,0.0,0.0,0.0,0.0,1.0703920121406552,0.0,0.0,0.08401471857192533,0.0
0,spring_irrigation,春季灌溉日,55.0,15.5,0.25,52.0113677021314,22.139734087560264,14.326711301487562,0.0,0.0,0.0,16.424132282077906,46.75394864619116,-3.552713678800501e-15,0.0,-0.0,0.0,0.0,6.391142792308478,20.45165693538713,4.775570433829187,14.326711301487562,0.0,0.0,0.0,0.0,49.83016711889676,0.0,1.688077152173129,60.4248615475009,0.0,0.0,0.0,0.0,0.0,0.0,12.861559710790962,10.711211665500167,13.2475725628818,5.804943489303339,2.739871437972284,6.5,72.10000000000001,10.815000000000001,41.0,45.0,0.49581202370394767,0.3646671421384353,1.0,35.367730037449356,16.604800565670196,6.447020085669402,52.0113677021314,63.17808092826907,63.17808092826907,-3.552713678800501e-15,0.0,0.0,0.0,0.0,0.0,0.0,0.0,0.0,-3.552713678800501e-15,0.0,1.4256470435363733,0.0,-1.2274618604668817,-0.06117255491584572,0.0
0,spring_irrigation,春季灌溉日,55.0,15.75,0.25,52.06770381505439,22.29165084235032,14.204894110965618,-0.0,0.0,-0.0,15.040196630385601,47.694646521314915,1.7763568394002505e-15,0.0,-0.0,0.0,0.0,5.932174632990922,18.98295882557095,4.734964703655206,14.204894110965618,0.0,0.0,0.0,0.0,49.827675610540815,0.0,3.3086920167793714,59.5239406912589,0.0,0.0,0.0,0.0,0.0,0.0,13.163758989323181,10.7445807107795,13.194122049504152,5.772227258905498,2.7067278155469197,6.5,72.10000000000001,10.815000000000001,41.0,45.0,0.45403374742384517,0.3720043107770253,1.0,35.40603859423698,16.71873813176274,6.392202349934529,52.06770381505439,62.73484315170052,62.73484315170052,1.7763568394002505e-15,0.0,0.0,0.0,0.0,0.0,0.0,0.0,0.0,0.0,0.0,-0.0,0.0,-1.4686981098161809,-0.12181719052194317,0.0
0,spring_irrigation,春季灌溉日,55.0,16.0,0.25,52.46877899286416,22.457955570808704,13.870709364431118,0.0,0.0,0.0,13.302115803217234,49.04595621009701,1.7763568394002505e-15,0.0,-0.0,0.0,0.0,5.255723232306379,16.818314343380415,4.623569788143706,13.870709364431118,0.0,0.0,0.0,0.0,49.825184226760285,0.0,5.639641227428285,58.01006260843215,0.0,0.0,0.0,0.0,0.0,0.0,13.51613169168137,10.779197843407024,13.132496851816786,5.735495663618433,2.670964196758464,6.5,135.96,20.394000000000002,41.0,45.0,0.4015645297215658,0.38254413161828144,1.0,35.67876971514763,16.843466678106527,6.241819213994003,52.46877899286416,62.348072013314244,62.348072013314244,1.7763568394002505e-15,0.0,0.0,0.0,0.0,0.0,0.0,0.0,0.0,-3.552713678800501e-15,0.0,0.0,0.0,-2.1646444821905355,-0.3341847465345005,0.0
0,spring_irrigation,春季灌溉日,55.0,16.25,0.25,52.89941797417849,22.640776554728664,13.78946807870279,0.0,0.0,0.0,11.562043067098976,47.72012845147046,-1.7763568394002505e-15,0.0,2.812370700627819,0.9843297452197366,1.2655668152825186,2.8584799247533508,9.147135759210723,4.596489359567596,13.78946807870279,0.0,0.0,0.0,0.08788599471029244,49.79956507420413,0.0,12.228073980235422,54.763143371802826,0.0,0.0,0.0,0.0,0.0,0.0,13.917801801232796,10.811414304781199,13.062765015224103,5.695146905883207,2.632949805109906,6.5,135.96,20.394000000000002,41.0,45.0,0.34903518023329505,0.37220306238870865,1.0,35.97160422244138,16.9805824160465,6.205260635416256,52.89941797417849,59.282171518569434,59.282171518569434,-1.7763568394002505e-15,0.5624741401255638,0.14061853503139096,7.734019426726503,0.0,0.0,0.0,0.0,2.1316282072803006e-14,0.0,0.0,0.0,0.9843297452197366,-7.671178584169692,-0.08124128572832845,0.0
0,spring_irrigation,春季灌溉日,55.0,16.5,0.25,53.168680496820315,22.915731577818505,13.633086878818506,0.0,0.0,0.0,9.785548877403876,49.587790185041904,0.0,0.0,3.423381863049685,1.1981836520673896,1.5405218383723582,2.8584799247533508,9.147135759210723,4.5443622929395024,13.633086878818506,0.0,0.0,0.0,0.0,49.79707509595042,0.0,12.228073980235422,51.51784759479182,0.0,0.0,0.0,0.0,0.0,0.0,14.365281209458566,10.837228612829039,12.985149086009732,5.6516085873581305,2.5930655422873583,6.5,135.96,20.394000000000002,41.0,45.0,0.2954063391984373,0.3867702783476606,1.0,36.154702737837816,17.18679868336388,6.134889095468328,53.168680496820315,59.37333906244578,59.37333906244578,0.0,0.6846763726099371,0.17116909315248427,9.414300123386635,0.0,0.0,0.0,0.0,0.0,0.0,0.0,0.0,0.21385390684765304,0.0,-0.156381199884283,0.0
0,spring_irrigation,春季灌溉日,55.0,16.75,0.25,53.271959058255575,23.275897897029616,13.420712729831042,0.0,0.0,0.0,8.196550464220394,49.70472566865309,-1.7763568394002505e-15,0.0,5.936120070332502,2.0776420246163756,2.6712540316496263,2.617678089107677,8.376569885144567,4.473570909943681,13.420712729831042,0.0,0.0,0.0,0.38428989981707495,49.69345632119113,0.0,12.228073980235422,48.27417446566932,0.0,0.0,0.0,0.0,0.0,0.0,14.852165042170395,10.852479828420703,12.90002773416671,5.605330197525103,2.551697705165552,6.5,135.96,20.394000000000002,41.0,45.0,0.24743762429941246,0.38768234096178894,1.0,36.22493215961379,17.456923422772213,6.039320728423969,53.271959058255575,57.901276132873484,57.901276132873484,-1.7763568394002505e-15,1.1872240140665005,0.2968060035166251,16.324330193414383,0.0,0.0,0.0,0.0,0.0,0.0,0.0,0.0,0.879458372548986,-0.7705658740661558,-0.21237414898746465,0.0
0,spring_irrigation,春季灌溉日,55.0,17.0,0.25,53.382265762686266,23.659831172501946,13.159061384009211,0.0,0.0,0.0,6.427898592878684,48.17685481102656,-8.881784197001252e-16,0.0,6.7893051269376805,2.376256794428188,3.0551873071219564,2.617678089107677,8.376569885144567,4.386353794669737,13.159061384009211,0.0,0.0,0.0,3.4052874481302515,48.79484337255132,0.0,12.228073980235422,45.03212317311138,0.0,0.0,0.0,0.0,0.0,0.0,15.368992521990018,10.853052514428446,12.807931543768166,5.55677544278461,2.5092318638689,6.5,135.96,20.394000000000002,41.0,45.0,0.19404552732302577,0.37576539457885155,1.0,36.299940718626665,17.744873379376457,5.921577622804145,53.382265762686266,54.60475340390524,54.60475340390524,-8.881784197001252e-16,1.3578610253875363,0.33946525634688407,18.670589099078622,0.0,0.0,0.0,0.0,0.0,0.0,0.0,0.0,0.29861476981181223,0.0,-0.26165134582183036,0.0
0,spring_irrigation,春季灌溉日,55.0,17.25,0.25,53.49869250363845,24.044653381231306,13.01171839851818,0.0,0.0,0.0,4.802088477207349,47.241769989427404,-1.7763568394002505e-15,0.0,7.644465590780705,2.6755629567732466,3.440009515851317,2.617678089107677,8.376569885144567,4.3372394661727265,13.01171839851818,0.0,0.0,0.0,5.734188635510856,47.283406621037734,0.0,12.228073980235422,41.79169290619972,0.0,0.0,0.0,0.0,0.0,0.0,15.90331640855455,10.835082216652571,12.70953317044642,5.506414597592846,2.4660470335489744,6.5,135.96,20.394000000000002,41.0,45.0,0.1449655400357235,0.3684720061181237,1.0,36.37911090247415,18.033490035923478,5.855273279333181,53.49869250363845,52.04385846663475,52.04385846663475,-1.7763568394002505e-15,1.528893118156141,0.38222327953903523,21.02228037464694,0.0,0.0,0.0,0.0,0.0,0.0,0.0,0.0,0.2993061623450588,0.0,-0.1473429854910311,0.0
0,spring_irrigation,春季灌溉日,55.0,17.5,0.25,53.899033246319945,24.370660194145714,12.868832794581243,0.0,0.0,0.0,3.383422211399349,46.77804502442342,-2.6645352591003757e-15,0.0,9.505210739539827,3.3268237588389393,4.277344832792922,2.617678089107677,8.376569885144567,4.289610931527081,12.868832794581243,0.0,0.0,0.0,7.318031272292993,45.35524474747169,0.0,11.716745476208224,38.687442987060244,0.0,0.0,0.0,0.0,0.0,0.0,16.44000972269983,10.795150101252053,12.605632328923699,5.454717051666488,2.422510258669528,6.5,135.96,20.394000000000002,41.0,45.0,0.10213881530346279,0.36485508684985085,1.0,36.65134260749757,18.277995145609285,5.7909747575615595,53.899033246319945,50.16146723582277,50.16146723582277,-2.6645352591003757e-15,1.9010421479079653,0.47526053697699133,26.139329533734525,0.0,0.0,0.0,0.0,0.0,0.0,0.0,0.0,0.6512608020656927,0.0,-0.1428856039369375,0.0
0,spring_irrigation,春季灌溉日,55.0,17.75,0.25,54.22497743352303,24.566954384968387,12.736213260721076,0.0,0.0,0.0,2.1733453758143497,42.293504960945,-1.7763568394002505e-15,0.0,12.830891078873107,4.490811877605587,5.773900985492898,2.617678089107677,8.376569885144567,4.245404420240359,12.736213260721076,0.0,0.0,0.0,12.13039772850613,42.16076705668007,0.0,10.416483514330924,35.92691939337437,0.0,0.0,0.0,0.0,0.0,0.0,16.961818204998988,10.730455940889557,12.497136306647976,5.402144214755273,2.3789717117764724,6.5,135.96,20.394000000000002,41.0,45.0,0.06560899233416302,0.32987698433428464,1.0,36.872984654795665,18.42521578872629,5.731295967324485,54.22497743352303,44.46685033675935,44.46685033675935,-1.7763568394002505e-15,2.5661782157746216,0.6415445539436554,35.284950466901044,0.0,0.0,0.0,0.0,7.105427357601002e-15,3.552713678800501e-15,0.0,0.0,1.1639881187666479,0.0,-0.13261953386016678,0.0
0,spring_irrigation,春季灌溉日,55.0,18.0,0.25,54.39315562552749,24.9018608851169,12.518862860675796,0.0,0.0,0.0,1.2142139422363059,39.14673515353832,-3.3306690738754696e-15,0.0,16.15657141820639,5.654799996372236,7.270457138192875,2.617678089107677,8.376569885144567,4.172954286891932,12.518862860675796,0.0,0.0,0.0,15.168038909380234,38.16706983164823,0.0,9.25483386177946,33.47347333847256,0.0,0.0,0.0,0.0,0.0,0.0,17.4501425769116,10.638959926224084,12.385036890093131,5.349142923597687,2.3357603896906465,6.5,132.0,19.8,41.0,45.0,0.03665471402508483,0.30533309903983924,1.0,36.987345825358695,18.676395663837674,5.633488287304108,54.39315562552749,40.36094909577463,40.36094909577463,-3.3306690738754696e-15,3.2313142836412783,0.8078285709103196,44.43057140006758,0.0,0.0,0.0,0.0,0.0,3.552713678800501e-15,0.0,0.0,1.1639881187666488,0.0,-0.21735040004528017,0.0
0,spring_irrigation,春季灌溉日,55.0,18.25,0.25,54.470661269014144,25.04557334570586,12.264282645295266,0.0,0.0,0.0,0.41090226167440846,38.09855383949343,2.7200464103316335e-15,0.0,19.48225175753967,6.818788115138885,8.767013290892853,2.617678089107677,8.376569885144567,4.088094215098422,12.264282645295266,0.0,0.0,0.0,15.848189356913524,33.99458533160046,0.0,7.901990169668439,31.377265504522153,0.0,0.0,0.0,0.0,0.0,0.0,17.88600883812667,10.519485705864069,12.270384728850782,5.29613947520614,2.293180469561384,6.5,132.0,19.8,41.0,45.0,0.012404325440536691,0.2971575909746653,1.0,37.04004966292962,18.784180009279396,5.51892719038287,54.470661269014144,38.509456101167835,38.509456101167835,2.7200464103316335e-15,3.8964503515079345,0.9741125878769836,53.5761923332341,0.0,0.0,0.0,0.0,0.0,0.0,0.0,0.0,1.1639881187666488,0.0,-0.2545802153805301,0.0
0,spring_irrigation,春季灌溉日,55.0,18.5,0.25,54.651863345767715,25.289468063222227,11.95230259172726,0.0,0.0,0.0,0.004685680028856609,37.599192909030116,-2.2230481344642783e-15,0.0,22.807932096872953,7.9827762339055335,10.263569443592829,2.617678089107677,8.376569885144567,3.9841008639090867,11.95230259172726,0.0,0.0,0.0,15.66698747581997,29.869994161328624,0.0,6.649328734484833,29.611753520589676,0.0,0.0,0.0,0.0,0.0,0.0,18.251160793230415,10.37177948814254,12.154262243466759,5.2435343874494835,2.2515083660373563,6.5,132.0,19.8,41.0,45.0,0.00014145139954033193,0.2932627215854361,1.0,37.16326707512205,18.96710104741667,5.378536166277267,54.651863345767715,37.60387858905897,37.60387858905897,-2.2230481344642783e-15,4.561586419374591,1.1403966048436478,62.72181326640063,0.0,0.0,0.0,0.0,0.0,3.552713678800501e-15,0.0,0.0,1.1639881187666488,0.0,-0.3119800535680053,0.0
0,spring_irrigation,春季灌溉日,55.0,18.75,0.25,54.75935365666705,25.478049940541315,11.627427262260992,0.0,0.0,0.0,0.0,35.03463290255854,0.0,0.0,25.146321349184557,8.801212472214594,11.315844607133052,2.617678089107677,8.376569885144567,3.875809087420331,11.627427262260992,0.0,0.0,0.0,17.416995458421923,25.285080804141106,0.0,5.785635448263697,28.074411999549465,0.0,0.0,0.0,0.0,0.0,0.0,18.529190125581085,10.196522791712972,12.03775620402727,5.191697962944294,2.210990509706667,6.5,132.0,19.8,41.0,45.0,0.0,0.2732599026689059,1.0,37.2363604865336,19.108537455405987,5.2323422680174465,54.75935365666705,35.03463290255854,35.03463290255854,0.0,5.029264269836911,1.2573160674592279,69.15238371025754,0.0,0.0,0.0,0.0,0.0,3.552713678800501e-15,0.0,0.0,0.8184362383090606,0.0,-0.32487532946626807,0.0
0,spring_irrigation,春季灌溉日,55.0,19.0,0.25,48.10392785346929,25.774928130871384,11.28679738761977,0.0,0.0,0.0,0.0,34.1708911690162,0.0,0.0,25.146321349184557,8.801212472214594,11.315844607133052,2.617678089107677,8.376569885144567,3.7622657958732564,11.28679738761977,0.0,0.0,0.0,11.511768097219424,22.25440389293789,0.0,6.082513638593765,26.459713309709226,0.0,0.0,0.0,0.0,0.0,0.0,18.706608596724895,9.995299302248357,11.921931069490492,5.14096670648026,2.1718418466392184,0.0,132.0,19.8,41.0,45.0,0.0,0.26652296945498266,1.0,32.710670940359115,19.331196098153537,5.079058824428897,48.10392785346929,34.1708911690162,34.1708911690162,0.0,5.029264269836911,1.2573160674592279,69.15238371025754,0.0,0.0,0.0,0.0,0.0,3.552713678800501e-15,0.0,0.0,0.0,0.0,-0.3406298746412233,0.0
0,spring_irrigation,春季灌溉日,55.0,19.25,0.25,47.740351596306816,25.971280214386358,10.863204841025007,0.0,0.0,0.0,0.0,31.768882988167963,0.0,0.0,25.146321349184557,8.801212472214594,11.315844607133052,2.617678089107677,8.376569885144567,3.621068280341669,10.863204841025007,0.0,0.0,0.0,13.409002505373607,18.724606302908082,0.0,6.278865722108739,24.794150368288918,0.0,0.0,0.0,0.0,0.0,0.0,18.77376640564398,9.770519064815232,11.807804087845888,5.0916406205124645,2.134245039963459,0.0,132.0,19.8,41.0,45.0,0.0,0.2477880072952801,1.0,32.46343908548864,19.47846016078977,4.888442178461253,47.740351596306816,31.768882988167963,31.768882988167963,0.0,5.029264269836911,1.2573160674592279,69.15238371025754,0.0,0.0,0.0,0.0,7.105427357601002e-15,3.552713678800501e-15,0.0,0.0,0.0,0.0,-0.42359254659476164,0.0
0,spring_irrigation,春季灌溉日,55.0,19.5,0.25,47.15419669720043,26.09856931180329,10.645154490631745,0.0,0.0,0.0,0.0,31.26987304291681,0.0,0.0,22.070718985765115,7.72475164501779,9.931823543594302,2.617678089107677,8.376569885144567,3.5483848302105816,10.645154490631745,0.0,0.0,0.0,14.325634928584092,14.953766144018177,0.0,7.790175883064418,22.731707008087824,0.0,0.0,0.0,0.0,0.0,0.0,18.725531143837703,9.525305712499879,11.696323022438598,5.0439813785173095,2.098350337462102,0.0,132.0,19.8,41.0,45.0,0.0,0.24389587548817937,1.0,32.0648537540963,19.573926983852466,4.790319520784285,47.15419669720043,31.26987304291681,31.26987304291681,0.0,4.414143797153023,1.1035359492882557,60.69447721085407,0.0,0.0,0.0,0.0,7.105427357601002e-15,-3.552713678800501e-15,0.0,0.0,-1.0764608271968044,0.0,-0.2180503503932627,0.0
0,spring_irrigation,春季灌溉日,55.0,19.75,0.25,46.4126267441864,26.256526746864658,10.367153500364521,0.0,0.0,0.0,0.0,31.513690328598106,0.0,0.0,18.745038646431833,6.560763526251141,8.435267390894325,2.617678089107677,8.376569885144567,3.4557178334548406,10.367153500364521,0.0,0.0,0.0,14.411568811899668,11.160500347316328,0.0,9.444689470825764,20.234896556998056,0.0,0.0,0.0,0.0,0.0,0.0,18.561662366072394,9.263354427642,11.5883472005044,4.998211352998994,2.0642760546006094,0.0,132.0,19.8,41.0,45.0,0.0,0.2457975790949953,1.0,31.560586186046752,19.692395060148492,4.665219075164035,46.4126267441864,31.513690328598106,31.513690328598106,0.0,3.749007729286367,0.9372519323215918,51.54885627768755,0.0,0.0,0.0,0.0,0.0,0.0,0.0,0.0,-1.1639881187666488,0.0,-0.27800099026722336,0.0
0,spring_irrigation,春季灌溉日,55.0,20.0,0.25,45.689172635068466,26.36464132940889,10.020864308714021,0.0,0.0,0.0,0.0,33.61831685771132,0.0,0.0,15.41935830709855,5.396775407484492,6.938711238194347,2.617678089107677,8.376569885144567,3.340288102904674,10.020864308714021,0.0,0.0,0.0,12.632046561885003,7.83571954285554,0.0,11.049360206069974,17.317052738701147,0.0,0.0,0.0,0.0,0.0,0.0,18.286845325911493,8.988769722824829,11.484632387796797,4.95451345430169,2.0321096105102945,0.0,132.0,19.8,41.0,45.0,0.0,0.2622130512393566,1.0,31.068637391846558,19.773480997056666,4.50938893892131,45.689172635068466,33.61831685771132,33.61831685771132,0.0,3.0838716614197104,0.7709679153549276,42.403235344521015,0.0,0.0,0.0,0.0,0.0,0.0,0.0,0.0,-1.1639881187666488,0.0,-0.3462891916505004,0.0
0,spring_irrigation,春季灌溉日,55.0,20.25,0.25,44.69487566062338,26.41544258919033,9.595982531101228,0.0,0.0,0.0,0.0,39.4703306587292,0.0,0.0,12.09367796776527,4.232787288717844,5.442155085494372,2.7328792260814176,8.745213523460537,3.1986608437004094,9.595982531101228,0.0,0.0,0.0,6.92329778295816,6.013407287678882,0.0,12.228073980235422,14.090480007006688,0.0,0.0,0.0,0.0,0.0,0.0,17.910380481329142,8.705892839179185,11.38581979035809,4.91303171864422,2.0019090454130857,0.0,132.0,19.8,41.0,45.0,0.0,0.30785704945480413,1.0,30.3925154492239,19.811581941892747,4.318192138995553,44.69487566062338,39.4703306587292,39.4703306587292,0.0,2.418735593553054,0.6046838983882635,33.257614411354496,0.0,0.0,0.0,0.0,0.0,0.0,0.0,0.0,-1.1639881187666479,0.36864363831596947,-0.4248817776127929,0.0
0,spring_irrigation,春季灌溉日,55.0,20.5,0.25,43.765703834025985,26.433786149460225,9.202103395209956,0.0,0.0,0.0,0.0,45.16331282391444,0.0,0.0,8.767997628431988,3.0687991699511956,3.945598932794395,3.2062853863845024,10.260113236430408,3.067367798403319,9.202103395209956,0.0,0.0,0.0,1.8072450249482355,5.537515821275489,0.0,12.228073980235422,10.865520561678075,0.0,0.0,0.0,0.0,0.0,0.0,17.445558856346633,8.419128573092484,11.292429282888031,4.87387256931688,1.9737049418543704,0.0,132.0,19.8,41.0,45.0,0.0,0.3522606473655082,1.0,29.76067860713767,19.82533961209517,4.140946527844481,43.765703834025985,45.16331282391444,45.16331282391444,0.0,1.7535995256863979,0.43839988142159947,24.11199347818797,0.0,0.0,0.0,0.0,7.105427357601002e-14,0.0,0.0,0.0,-1.1639881187666488,1.5148997129698714,-0.39387913589127166,0.0
0,spring_irrigation,春季灌溉日,55.0,20.75,0.25,42.77260415266844,26.525363811084578,8.907766955056648,0.0,0.0,0.0,0.0,47.5396259565303,0.0,0.0,5.442317289098707,1.9048110511845473,2.4490427800944183,3.7025772033608555,11.848247050754738,2.969255651685549,8.907766955056648,0.0,0.0,0.0,0.0,5.537238945484424,0.0,12.228073980235422,7.642173596072126,0.0,0.0,0.0,0.0,0.0,0.0,16.908783082733667,8.13278070014042,11.204856773638964,4.837106663981148,1.9475026688481034,0.0,132.0,19.8,41.0,45.0,0.0,0.3707951956547821,1.0,29.085370823814543,19.894022858313434,4.008495129775492,42.77260415266844,47.5396259565303,47.5396259565303,0.0,1.0884634578197414,0.27211586445493535,14.966372545021445,0.0,0.0,0.0,0.0,0.0,0.0,0.0,0.0,-1.1639881187666483,1.5881338143243298,-0.29433644015330884,0.0
0,spring_irrigation,春季灌溉日,55.0,21.0,0.25,41.70647768986648,26.426629567834848,8.590325930271833,0.0,0.0,0.0,0.0,50.76179057820759,0.0,0.0,2.116636949765425,0.7408229324178988,0.9524866273944413,6.932693844001726,22.184620300805523,2.8634419767572776,8.590325930271833,0.0,0.0,0.0,0.0,5.5369620835371505,0.0,3.289522639634883,6.772688656738594,0.0,0.0,0.0,0.0,0.0,0.0,16.318516340837903,7.850903958749106,11.123375447485845,4.802771233561842,1.9232848674778156,0.0,132.0,19.8,41.0,45.0,0.0,0.3959271384769495,1.0,28.36040482910921,19.819972175876135,3.865646668622325,41.70647768986648,50.76179057820759,50.76179057820759,0.0,0.42332738995308505,0.10583184748827126,5.820751611854919,0.0,0.0,0.0,0.0,0.0,0.0,0.0,0.0,-1.1639881187666485,10.336373250050785,-0.31744102478481473,0.0
0,spring_irrigation,春季灌溉日,55.0,21.25,0.25,40.81773922804567,26.274026403192188,8.149650052174453,0.0,0.0,0.0,0.0,52.93485357458778,0.0,0.0,0.0,0.0,0.0,9.39823291840767,30.074345338904546,2.716550017391484,8.149650052174453,0.0,0.0,0.0023314107429534287,0.0,5.537238945484424,3.8003189357123595,0.0,7.67187805964191,0.0,0.0,0.0,0.0,0.0,0.0,15.694153966518048,7.577178916858728,11.048140488843012,4.7708728142498655,1.9010140983968118,0.0,132.0,19.8,41.0,45.0,0.0,0.4128763950750081,1.0,27.756062675071057,19.705519802394143,3.6673425234785038,40.81773922804567,52.93485357458778,52.93485357458778,0.0,0.0,0.0,0.0,0.0,0.0,0.0,0.0,0.0,0.0,0.0,0.0,-0.7408229324178988,7.889725038099023,-0.4406758780973803,0.0
0,spring_irrigation,春季灌溉日,55.0,21.5,0.25,39.89563657487446,26.0990628874435,7.608293322078402,0.0,0.0,0.0,0.0,52.60681192548537,0.0,0.0,0.0,0.0,0.0,10.175077576584775,32.56024824507128,2.536097774026134,7.608293322078402,0.0,0.0,0.0,0.0,5.5369620835371505,6.461185357627782,0.0,9.202573643048687,0.0,0.0,0.0,0.0,0.0,0.0,15.054914121920824,7.314814128735287,10.97919677912211,4.741390273451254,1.8806355757221045,0.0,132.0,19.8,41.0,45.0,0.0,0.41031776603629694,1.0,27.129032870914635,19.574297165582625,3.423731994935281,39.89563657487446,52.60681192548537,52.60681192548537,0.0,0.0,0.0,0.0,0.0,0.0,0.0,0.0,0.0,-3.552713678800501e-15,0.0,0.0,0.0,2.485902906166732,-0.5413567300960507,0.0
0,spring_irrigation,春季灌溉日,55.0,21.75,0.25,39.029996347158004,25.820933754552147,7.366341367926599,0.0,0.6764262654896713,-0.6764262654896713,0.0,53.63292722985722,0.0,0.0,0.0,0.0,0.0,11.408433927696741,36.50698856862957,2.4554471226421994,7.366341367926599,0.0,0.0,0.06262356687061,0.0,5.551558332564744,10.686054814077426,0.0,11.735910374570551,0.0,0.0,0.0,0.0,0.0,0.0,14.418835097385218,7.066477961279666,10.916488991715509,4.714278032830902,1.8620799176630443,0.0,132.0,19.8,41.0,45.0,0.0,0.418321165671726,1.0,26.540397516067443,19.36570031591411,3.3148536155669697,39.029996347158004,53.63292722985722,53.63292722985722,0.0,0.0,0.0,0.0,0.0,0.0,0.0,0.0,-7.105427357601002e-15,0.0,0.0,-0.6764262654896713,0.0,3.946740323558295,-0.24195195415180315,0.0
0,spring_irrigation,春季灌溉日,55.0,22.0,0.25,38.21590504594782,25.487398978201064,7.1981673717139785,0.0,0.6764262654896713,-0.6764262654896713,0.0,57.328762326643776,0.0,0.0,0.0,0.0,0.0,11.408433927696741,36.50698856862957,2.3993891239046596,7.1981673717139785,0.0,0.0,4.628607963604884,0.0,6.650575146004275,11.01958959042851,0.0,14.347194947110038,0.0,0.0,0.0,0.0,0.0,0.0,13.80194934376679,6.83426048875156,10.859873471001105,4.6894693965312575,1.8452658514823517,0.0,62.0,9.299999999999999,41.0,45.0,0.0,0.4471475998358033,1.0,25.98681543124452,19.115549233650796,3.2391753172712905,38.21590504594782,57.328762326643776,57.328762326643776,0.0,0.0,0.0,0.0,0.0,0.0,0.0,0.0,-7.105427357601002e-15,0.0,0.0,0.0,0.0,0.0,-0.1681739962126203,0.0
0,spring_irrigation,春季灌溉日,55.0,22.25,0.25,37.21801272490741,25.28825622300658,6.969587935684451,0.0,0.6764262654896713,-0.6764262654896713,0.0,58.130861006610004,0.0,0.0,0.0,0.0,0.0,11.408433927696741,36.50698856862957,2.3231959785614835,6.969587935684451,0.0,0.0,6.504792109954695,0.0,8.195130743361215,11.218732345622993,0.0,17.004470281721943,0.0,0.0,0.0,0.0,0.0,0.0,13.217681054339021,6.619664061218702,10.809131278498235,4.666879899763706,1.8301028186594543,0.0,62.0,9.299999999999999,41.0,45.0,0.0,0.45340373523839295,1.0,25.308248652937042,18.966192167254935,3.1363145710580027,37.21801272490741,58.130861006610004,58.130861006610004,0.0,0.0,0.0,0.0,0.0,0.0,0.0,0.0,0.0,0.0,0.0,0.0,0.0,0.0,-0.2285794360295279,0.0
0,spring_irrigation,春季灌溉日,55.0,22.5,0.25,36.44886626089837,25.168545133834595,6.64861681283527,0.0,0.6764262654896713,-0.6764262654896713,0.0,61.10112493871183,0.0,0.0,0.0,0.0,0.0,11.408433927696741,36.50698856862957,2.2162056042784233,6.64861681283527,0.0,0.0,10.351192880348624,0.0,10.653129295906844,11.338443434794979,0.0,19.688848362344892,0.0,0.0,0.0,0.0,0.0,0.0,12.676488354326455,6.423619654902873,10.763981815281351,4.646410601804602,1.8164934350259616,0.0,62.0,9.299999999999999,41.0,45.0,0.0,0.4765709262646141,1.0,24.785229057410895,18.876408850375945,2.9918775657758716,36.44886626089837,61.10112493871183,61.10112493871183,0.0,0.0,0.0,0.0,0.0,0.0,0.0,0.0,0.0,0.0,0.0,0.0,0.0,0.0,-0.3209711228491807,0.0
0,spring_irrigation,春季灌溉日,55.0,22.75,0.25,35.50411936057812,24.957924683729487,6.472352187505799,0.0,0.6764262654896713,-0.6764262654896713,0.0,61.03337458334785,0.0,0.0,0.0,0.0,0.0,11.408433927696741,36.50698856862957,2.1574507291685996,6.472352187505799,0.0,0.0,11.286944300414714,0.0,13.333245910790543,11.549063884900086,0.0,22.42190661082749,0.0,0.0,0.0,0.0,0.0,0.0,12.185746221069031,6.24652498541183,10.724096480062967,4.6279512574984665,1.8043357698048252,0.0,62.0,9.299999999999999,41.0,45.0,0.0,0.47604249328334,1.0,24.142801165193127,18.718443512797116,2.91255848437761,35.50411936057812,61.03337458334785,61.03337458334785,0.0,0.0,0.0,0.0,0.0,0.0,0.0,0.0,0.0,0.0,0.0,0.0,0.0,0.0,-0.17626462532947063,0.0
0,spring_irrigation,春季灌溉日,55.0,23.0,0.25,34.6135326901037,24.65652358942113,6.290096050146821,0.0,0.6764262654896713,-0.6764262654896713,0.0,61.38540583926995,0.0,0.0,0.0,0.0,0.0,11.408433927696741,36.50698856862957,2.096698683382274,6.290096050146821,0.0,0.0,12.590314272597563,0.0,16.322778888236925,11.850464979208443,0.0,25.225181090084085,0.0,0.0,0.0,0.0,0.0,0.0,11.74984496085514,6.08829964275534,10.689111891213214,4.611383312205518,1.793525416576284,0.0,62.0,9.299999999999999,41.0,45.0,0.0,0.4787882342476376,1.0,23.53720222927052,18.49239269206585,2.8305432225660696,34.6135326901037,61.38540583926995,61.38540583926995,0.0,0.0,0.0,0.0,0.0,0.0,0.0,0.0,0.0,0.0,0.0,0.0,0.0,0.0,-0.18225613735897817,0.0
0,spring_irrigation,春季灌溉日,55.0,23.25,0.25,33.98524369654048,24.41406501489766,6.285903459107942,0.0,0.6764262654896713,-0.6764262654896713,0.0,63.8694237208151,0.0,0.0,0.0,0.0,0.0,11.408433927696741,36.50698856862957,2.095301153035981,6.285903459107942,0.0,0.0,15.704018678052226,0.0,20.05166718532992,12.092923553731914,0.0,28.084637843550375,0.0,0.0,0.0,0.0,0.0,0.0,11.370463387806682,5.948452188512579,10.658642282316265,4.596582676284135,1.7839573379262563,0.0,62.0,9.299999999999999,41.0,45.0,0.0,0.498162848116912,1.0,23.109965713647526,18.310548761173244,2.828656556598574,33.98524369654048,63.8694237208151,63.8694237208151,0.0,0.0,0.0,0.0,0.0,0.0,0.0,0.0,0.0,0.0,0.0,0.0,0.0,0.0,-0.004192591038878923,0.0
0,spring_irrigation,春季灌溉日,55.0,23.5,0.25,33.41071052015944,24.105129312732334,6.111699549262237,0.0,0.6764262654896713,-0.6764262654896713,0.0,64.12747533249807,0.0,0.0,0.0,0.0,0.0,11.354126029052427,36.33320329296777,2.0372331830874124,6.111699549262237,0.0,0.0,16.64897933470911,0.0,24.004797193964055,12.22807398023543,0.0,30.974763094934517,0.0,0.0,0.0,0.0,0.0,0.0,11.046966763755245,5.826154207283012,10.632290768725326,4.583422246266781,1.7755274736669184,0.0,62.0,9.299999999999999,41.0,45.0,0.0,0.5001755753085503,1.0,22.71928315370842,18.07884698454925,2.7502647971680068,33.41071052015944,64.12747533249807,64.12747533249807,0.0,0.0,0.0,0.0,0.0,0.0,0.0,0.0,0.0,3.552713678800501e-15,0.0,0.0,0.0,-0.1737852756618068,-0.17420390984570489,0.0
0,spring_irrigation,春季灌溉日,55.0,23.75,0.25,33.005069266607656,23.91004964584805,5.989884300746621,0.0,0.6764262654896713,-0.6764262654896713,0.0,62.471133427945254,0.0,0.0,0.0,0.0,0.0,11.293163633151089,36.138123626083484,1.9966281002488737,5.989884300746621,0.0,0.0,15.499846162447962,0.0,27.68481041768575,12.228073980235433,0.0,33.863443283692966,0.0,0.0,0.0,0.0,0.0,0.0,10.776877053697623,5.7203166688709155,10.60965927149968,4.57177415051892,1.7681341098679377,0.0,62.0,9.299999999999999,41.0,45.0,0.0,0.4872565922872817,1.0,22.443447101293206,17.93253723438604,2.6954479353359795,33.005069266607656,62.471133427945254,62.471133427945254,0.0,0.0,0.0,0.0,0.0,0.0,0.0,0.0,-7.105427357601002e-15,0.0,0.0,0.0,0.0,-0.1950796668842827,-0.12181524851561587,0.0
1,spring_pv_high,春秋光伏大发日,65.0,0.0,0.25,29.798345532579265,19.541953259841247,5.379931283537366,0.0,5.0,-5.0,0.0,54.39169535723071,0.0,0.0,0.0,0.0,0.0,8.258116360151861,26.42597235248596,1.7933104278457888,5.379931283537366,0.0,0.0,9.541923036653792,0.0,29.94963289837014,6.884019092644714,0.0,35.481466096554236,0.0,0.0,0.0,0.0,0.0,0.0,9.500218936363362,5.067937531720355,9.723455268155119,4.052756238808911,1.353025517839139,0.0,52.0,7.8,40.5,45.0,0.0,0.4242393354213855,1.0,17.28304040889597,13.679367281888872,2.1519725134149463,29.798345532579265,54.39169535723071,54.39169535723071,0.0,0.0,0.0,0.0,0.0,0.0,0.0,0.0,3.552713678800501e-15,0.0,0.0,-4.050914039160018,0.0,-6.731467960545924,0.18862747431878013,0.0
1,spring_pv_high,春秋光伏大发日,65.0,0.25,0.25,29.62243780677029,19.661883394612826,5.448451473164208,0.0,5.0,-5.0,0.0,56.32013529364603,0.0,0.0,0.0,0.0,0.0,8.258116360151861,26.42597235248596,1.816150491054736,5.448451473164208,0.0,0.0,11.623430635669145,0.0,32.70870019269663,6.764088957873135,0.0,37.07019649100086,0.0,0.0,0.0,0.0,0.0,0.0,9.502444822878466,5.070478362042015,9.73528850149318,4.053423501558948,1.353728726067011,0.0,52.0,7.8,40.5,45.0,0.0,0.43928060360859117,1.0,17.181013927926767,13.763318376228977,2.179380589265683,29.62243780677029,56.32013529364603,56.32013529364603,0.0,0.0,0.0,0.0,0.0,0.0,0.0,0.0,3.552713678800501e-15,0.0,0.0,0.0,0.0,0.0,0.0685201896268417,0.0
1,spring_pv_high,春秋光伏大发日,65.0,0.5,0.25,29.63839363633646,19.83503493552838,5.428108551626664,0.0,5.0,-5.0,0.0,58.065382612365944,0.0,0.0,0.0,0.0,0.0,8.258116360151861,26.42597235248596,1.8093695172088882,5.428108551626664,0.0,0.0,13.359503098668736,0.0,35.87994674362082,6.59093741695758,0.0,38.617009029282784,0.0,0.0,0.0,0.0,0.0,0.0,9.508881693133121,5.073748351001649,9.748943149094858,4.054235724974795,1.3545774623079114,0.0,52.0,7.8,40.5,45.0,0.0,0.45289302289019134,1.0,17.190268309075144,13.884524454869865,2.171243420650666,29.63839363633646,58.065382612365944,58.065382612365944,0.0,0.0,0.0,0.0,0.0,0.0,0.0,0.0,3.552713678800501e-15,0.0,0.0,0.0,0.0,0.0,-0.020342921537543468,0.0
1,spring_pv_high,春秋光伏大发日,65.0,0.75,0.25,29.654461376017846,19.891539136828243,5.48164333431457,0.0,5.0,-5.0,0.0,59.677802441079365,0.0,0.0,0.0,0.0,0.0,8.258116360151861,26.42597235248596,1.8272144447715233,5.48164333431457,0.0,0.0,14.938010260138135,0.0,39.42593018306645,6.534433215657717,0.0,40.14962841348685,0.0,0.0,0.0,0.0,0.0,0.0,9.519609418996652,5.077929043113531,9.76462122504508,4.055220216493816,1.3555974807940787,0.0,52.0,7.8,40.5,45.0,0.0,0.4654694265499958,1.0,17.19958759809035,13.924077395779769,2.192657333725828,29.654461376017846,59.677802441079365,59.677802441079365,0.0,0.0,0.0,0.0,0.0,0.0,0.0,0.0,0.0,0.0,0.0,0.0,0.0,0.0,0.05353478268790557,0.0
1,spring_pv_high,春秋光伏大发日,65.0,1.0,0.25,30.026204843658974,19.967319392304894,5.450466446228451,0.0,5.0,-5.0,0.0,62.51813881097557,0.0,1.4587552382595987,0.0,0.0,0.0,8.258116360151861,26.42597235248596,1.8168221487428171,5.450466446228451,0.0,0.0,17.416995458421923,0.0,43.5604953079325,6.458652960181066,0.0,41.663483677323114,0.0,0.0,0.0,0.0,0.0,0.0,9.534753962849939,5.083238757545898,9.782532484419777,4.0564084472310755,1.356818109699834,0.0,52.0,7.8,40.5,45.0,0.0,0.49900108528541737,1.0,17.415198809322202,13.977123574613426,2.1801865784913805,30.026204843658974,63.97689404923517,62.51813881097557,1.4587552382595987,0.0,0.0,0.0,0.0,0.0,0.0,0.0,0.0,0.0,0.0,0.0,0.0,0.0,-0.031176888086118737,0.0
1,spring_pv_high,春秋光伏大发日,65.0,1.25,0.25,29.776662105489095,20.165178283570626,5.36406497021057,0.0,5.0,-5.0,0.0,62.239795580799736,0.0,2.4245532992829197,0.0,0.0,0.0,8.258116360151861,26.42597235248596,1.7880216567368565,5.36406497021057,0.0,0.0,17.416995458421923,0.0,47.69485370454231,6.2607940689153345,0.0,43.12959052685185,0.0,0.0,0.0,0.0,0.0,0.0,9.554518026242901,5.089937670030076,9.802891911014758,4.05783647311171,1.3582725403493057,0.0,52.0,7.8,40.5,45.0,0.0,0.5043630321535101,1.0,17.270464021183674,14.115624798499438,2.145625988084228,29.776662105489095,64.66434888008266,62.239795580799736,2.4245532992829197,0.0,0.0,0.0,0.0,0.0,0.0,0.0,3.552713678800501e-15,0.0,0.0,0.0,0.0,0.0,-0.0864014760178815,0.0
1,spring_pv_high,春秋光伏大发日,65.0,1.5,0.25,29.8304629710581,20.315446916725165,5.118328033529452,0.0,5.0,-5.0,0.0,53.806014107203026,0.0,11.410137087283886,0.0,0.0,0.0,8.258116360151861,26.42597235248596,1.7061093445098174,5.118328033529452,0.0,0.0,9.011325431483245,0.0,49.83265875183435,6.110525435760795,0.0,44.559275522581615,0.0,0.0,0.0,0.0,0.0,0.0,9.579221772437176,5.098332963615538,9.825916665404623,4.059545353579768,1.359998096884418,0.0,52.0,7.8,40.5,45.0,0.0,0.5086669290188194,1.0,17.301668523213696,14.220812841707614,2.047331213411781,29.8304629710581,65.21615119448691,53.806014107203026,11.410137087283886,0.0,0.0,0.0,0.0,0.0,0.0,0.0,7.105427357601002e-15,0.0,0.0,0.0,0.0,0.0,-0.2457369366811175,0.0
1,spring_pv_high,春秋光伏大发日,65.0,1.75,0.25,29.602454197318046,20.451565465629624,4.987660249801298,0.0,5.0,-5.0,0.0,44.53361506012336,0.0,22.113447335086285,0.0,0.0,0.0,8.258116360151861,26.42597235248596,1.6625534166004325,4.987660249801298,0.0,0.0,0.010491086053015783,0.0,49.83265875183435,5.974406886856336,0.0,45.95591752044871,0.0,0.0,0.0,0.0,0.0,0.0,9.609354230021097,5.108783854822524,9.851822491723667,4.0615815564890285,1.3620364751853222,0.0,52.0,7.8,40.5,45.0,0.0,0.5198276184008048,1.0,17.169423434444465,14.316095825940735,1.9950640999205191,29.602454197318046,66.64706239520964,44.53361506012336,22.113447335086285,0.0,0.0,0.0,0.0,0.0,0.0,0.0,7.105427357601002e-15,0.0,0.0,0.0,0.0,0.0,-0.13066778372815424,0.0
1,spring_pv_high,春秋光伏大发日,65.0,2.0,0.25,29.858918905869142,20.50700554234333,4.993452819673201,0.0,5.0,-5.0,0.0,44.792010625298424,0.0,21.78996245067102,0.0,0.0,0.0,8.258116360151861,26.42597235248596,1.6644842732244003,4.993452819673201,0.0,0.0,0.010491086053015783,0.0,49.83265875183435,5.918966810142631,0.0,47.33869417909736,0.0,0.0,0.0,0.0,0.0,0.0,9.645634346059774,5.1217062515127605,9.880819600094178,4.063997335638185,1.3644339383478155,0.0,52.0,7.8,40.5,45.0,0.0,0.5193199407239806,1.0,17.318172965404102,14.354903879640329,1.9973811278692803,29.858918905869142,66.58197307596944,44.792010625298424,21.78996245067102,0.0,0.0,0.0,0.0,0.0,0.0,0.0,7.105427357601002e-15,0.0,0.0,0.0,0.0,0.0,0.005792569871903019,0.0
1,spring_pv_high,春秋光伏大发日,65.0,2.25,0.25,29.870293301667072,20.686358716406385,5.15159190534776,0.0,5.0,-5.0,0.0,44.85609804965454,0.0,20.905179742331548,0.0,0.0,0.0,8.258116360151861,26.42597235248596,1.7171973017825868,5.15159190534776,0.0,0.0,0.010491086053015783,0.0,49.83265875183435,5.739613636079575,0.0,48.678183070576715,0.0,0.0,0.0,0.0,0.0,0.0,9.689078087851582,5.137576747598316,9.91310806276855,4.066851065259451,1.3672414546534162,0.0,52.0,7.8,40.5,45.0,0.0,0.5129187572423136,1.0,17.3247701149669,14.48045110148447,2.060636762139104,29.870293301667072,65.76127779198609,44.85609804965454,20.905179742331548,0.0,0.0,0.0,0.0,0.0,0.0,0.0,7.105427357601002e-15,0.0,0.0,0.0,0.0,0.0,0.15813908567455925,0.0
1,spring_pv_high,春秋光伏大发日,65.0,2.5,0.25,29.87798945229198,20.73645329873803,5.1632740061378515,0.0,5.0,-5.0,0.0,44.867688233876144,0.0,23.400199903890957,0.0,0.0,0.0,8.258116360151861,26.42597235248596,1.7210913353792838,5.1632740061378515,0.0,0.0,0.010491086053015783,0.0,49.83265875183435,5.689519053747929,0.0,50.00510475430656,0.0,0.0,0.0,0.0,0.0,0.0,9.741064487366675,5.156935610440952,9.948872785334288,4.070207513686942,1.3705147627952512,0.0,52.0,7.8,40.5,45.0,0.0,0.5324695857331402,1.0,17.329233882329348,14.515517309116621,2.0653096024551405,29.87798945229198,68.2678881377671,44.867688233876144,23.400199903890957,0.0,0.0,0.0,0.0,0.0,0.0,0.0,3.552713678800501e-15,0.0,0.0,0.0,0.0,0.0,0.011682100790091354,0.0
1,spring_pv_high,春秋光伏大发日,65.0,2.75,0.25,29.523468197378573,20.89560981511258,4.973820968204258,0.0,5.0,-5.0,0.0,44.450015966318205,0.0,22.40785618611237,0.0,0.0,0.0,8.258116360151861,26.42597235248596,1.6579403227347527,4.973820968204258,0.0,0.0,0.010491086053015783,0.0,49.83265875183435,5.530362537373382,0.0,51.29356330455558,0.0,0.0,0.0,0.0,0.0,0.0,9.803389328156097,5.180388373043958,9.988278139102892,4.074138036514783,1.3743143482322386,0.0,52.0,7.8,40.5,45.0,0.0,0.5214718729274632,1.0,17.12361155447957,14.626926870578805,1.9895283872817033,29.523468197378573,66.85787215243057,44.450015966318205,22.40785618611237,0.0,0.0,0.0,0.0,0.0,0.0,0.0,3.552713678800501e-15,0.0,0.0,0.0,0.0,0.0,-0.18945303793359347,0.0
1,spring_pv_high,春秋光伏大发日,65.0,3.0,0.25,29.922657142587635,21.203693244718355,5.028478221438903,0.0,5.0,-5.0,0.0,44.867423995938815,0.0,19.26017650664547,0.0,0.0,0.0,8.258116360151861,26.42597235248596,1.676159407146301,5.028478221438903,0.0,0.0,0.010491086053015783,0.0,49.83265875183435,5.222279107767605,0.0,52.508207810998115,0.0,0.0,0.0,0.0,0.0,0.0,9.87829087866761,5.20860560909331,10.031462366223378,4.078720667913352,1.3787053140259415,0.0,52.0,7.8,40.5,45.0,0.0,0.5001765515986593,1.0,17.355141142700827,14.842585271302848,2.0113912885755614,29.922657142587635,64.12760050258429,44.867423995938815,19.26017650664547,0.0,0.0,0.0,0.0,0.0,0.0,0.0,3.552713678800501e-15,0.0,0.0,0.0,0.0,0.0,0.05465725323464543,0.0
1,spring_pv_high,春秋光伏大发日,65.0,3.25,0.25,30.153382889383227,21.586610362801665,4.995252533756631,0.0,5.0,-5.0,0.0,45.087074513506984,0.0,15.261657426755875,0.0,0.0,0.0,8.258116360151865,26.425972352485967,1.665084177918877,4.995252533756631,0.0,0.0,0.010491086053015783,0.0,49.83265875183435,4.839361989684303,0.0,53.631302179642645,0.0,0.0,0.0,0.0,0.0,0.0,9.968428645320948,5.242320449205757,10.078531894109629,4.084040087525135,1.3837571294618645,0.0,52.0,7.8,40.5,45.0,0.0,0.47070248065832615,1.0,17.48896207584227,15.110627253961164,1.9981010135026525,30.153382889383227,60.34873194026286,45.087074513506984,15.261657426755875,0.0,0.0,0.0,0.0,0.0,0.0,0.0,-3.552713678800501e-15,0.0,0.0,0.0,0.0,7.105427357601002e-15,-0.03322568768227274,0.0
1,spring_pv_high,春秋光伏大发日,65.0,3.5,0.25,30.513432484015215,21.866825235288246,5.0895062287874895,0.0,5.0,-5.0,0.0,45.47854200648259,0.0,12.47883689051018,0.0,0.0,0.0,8.258116360151865,26.425972352485967,1.6965020762624965,5.0895062287874895,0.0,0.0,0.010491086053015783,0.0,49.83265875183435,4.559147117197721,0.0,54.687283968887286,0.0,0.0,0.0,0.0,0.0,0.0,10.076794839500437,5.2823233962566665,10.12955571927092,4.090187439636318,1.3895432402610668,0.0,52.0,7.8,40.5,45.0,0.0,0.45205062545925956,1.0,17.697790840728825,15.306777664701771,2.0358024915149957,30.513432484015215,57.95737889699277,45.47854200648259,12.47883689051018,0.0,0.0,0.0,0.0,0.0,0.0,0.0,-3.552713678800501e-15,0.0,0.0,0.0,0.0,0.0,0.09425369503085879,0.0
1,spring_pv_high,春秋光伏大发日,65.0,3.75,0.25,30.813141362497213,22.269536875220286,5.064459852350856,0.0,5.0,-5.0,0.0,45.769902092819045,0.0,10.249452377308053,0.0,0.0,0.0,8.258116360151865,26.425972352485967,1.688153284116952,5.064459852350856,0.0,0.0,0.010491086053015783,0.0,49.83265875183435,4.156435477265681,0.0,55.64709375275345,0.0,0.0,0.0,0.0,0.0,0.0,10.206540536793257,5.329454021185074,10.184560041285307,4.09725998124661,1.396140525333592,0.0,52.0,7.8,40.5,45.0,0.0,0.43693460104626786,1.0,17.871621990248382,15.588675812654198,2.0257839409403426,30.813141362497213,56.0193544701271,45.769902092819045,10.249452377308053,0.0,0.0,0.0,0.0,0.0,0.0,0.0,0.0,0.0,0.0,0.0,0.0,0.0,-0.025046376436633544,0.0
1,spring_pv_high,春秋光伏大发日,65.0,4.0,0.25,31.11571405902367,22.676287919003325,4.808758506925907,0.0,5.0,-5.0,0.0,45.987241007537186,0.0,10.242777743101826,0.0,0.0,0.0,8.258116360151865,26.425972352485967,1.6029195023086356,4.808758506925907,0.0,0.0,0.010491086053015783,0.0,49.83265875183435,3.749684433482642,0.0,56.5098202588292,0.0,0.0,0.0,0.0,0.0,0.0,10.360705557241307,5.384589172559755,10.243523344076204,4.1053605363654935,1.4036285868857876,0.0,52.0,7.8,40.5,45.0,0.0,0.4385777208970912,1.0,18.04711415423373,15.873401543302327,1.9235034027703628,31.11571405902367,56.23001875063901,45.987241007537186,10.242777743101826,0.0,0.0,0.0,0.0,0.0,0.0,0.0,-3.552713678800501e-15,0.0,0.0,0.0,0.0,0.0,-0.25570134542494927,0.0
1,spring_pv_high,春秋光伏大发日,65.0,4.25,0.25,31.390120394028607,23.202441680173493,4.796542092848473,0.0,5.0,-5.0,0.0,46.257575204516314,0.0,9.747158172903738,0.0,0.0,0.0,8.258116360151865,26.425972352485967,1.5988473642828245,4.796542092848473,0.0,0.0,0.010491086053015783,0.0,49.83265875183435,3.2235306723124744,0.0,57.247153883374004,0.0,0.0,0.0,0.0,0.0,0.0,10.541853468087291,5.4486274169256035,10.3063721324418,4.114596735467028,1.4120888633255155,0.0,52.0,7.8,40.5,45.0,0.0,0.4368205607941222,1.0,18.20626982853659,16.241709176121443,1.9186168371393895,31.390120394028607,56.00473337742005,46.257575204516314,9.747158172903738,0.0,0.0,0.0,0.0,0.0,0.0,0.0,0.0,0.0,0.0,0.0,0.0,0.0,-0.012216414077433235,0.0
1,spring_pv_high,春秋光伏大发日,65.0,4.5,0.25,32.29014211119918,23.655343376241618,5.057048239826798,0.0,5.0,-5.0,0.0,47.244432304012996,0.0,9.016603357240683,0.0,0.0,0.0,8.258116360151865,26.425972352485967,1.6856827466089328,5.057048239826798,0.0,0.0,0.010491086053015783,0.0,49.83265875183435,2.7706289762443497,0.0,57.876554688290355,0.0,0.0,0.0,0.0,0.0,0.0,10.751630268070047,5.5224695447061904,10.372977535590909,4.125080021640103,1.421603557846405,0.0,52.0,7.8,40.5,45.0,0.0,0.43881964373953186,1.0,18.728282424495525,16.558740363369132,2.0228192959307196,32.29014211119918,56.26103566125368,47.244432304012996,9.016603357240683,0.0,0.0,0.0,0.0,0.0,0.0,0.0,0.0,0.0,0.0,0.0,0.0,0.0,0.26050614697832497,0.0
1,spring_pv_high,春秋光伏大发日,65.0,4.75,0.25,32.831834426303274,24.386604718042708,4.985713436142568,0.0,5.0,-5.0,0.0,47.76234635122235,0.0,6.963728308579817,0.0,0.0,0.0,8.258116360151865,26.425972352485967,1.6619044787141892,4.985713436142568,0.0,0.0,0.010491086053015783,0.0,49.83265875183435,2.039367634443259,0.0,58.33196622412649,0.0,0.0,0.0,0.0,0.0,0.0,10.990285309754762,5.606995128624353,10.443152985028012,4.136924408655721,1.4322543798204426,0.0,52.0,7.8,40.5,45.0,0.0,0.42684739630586244,1.0,19.042463967255898,17.070623302629894,1.9942853744570272,32.831834426303274,54.726074659802165,47.76234635122235,6.963728308579817,0.0,0.0,0.0,0.0,0.0,0.0,0.0,0.0,0.0,0.0,0.0,0.0,0.0,-0.07133480368423051,0.0
1,spring_pv_high,春秋光伏大发日,65.0,5.0,0.25,33.345221138903916,24.872194877986782,5.200093781672735,0.0,5.0,-5.0,0.0,48.3471931789997,0.0,4.551446834838309,0.0,0.0,0.0,8.258116360151865,26.425972352485967,1.7333645938909117,5.200093781672735,0.0,0.0,0.010491086053015783,0.0,49.83265875183435,1.553777474499185,0.0,58.67182239120799,0.0,0.0,0.0,0.0,0.0,0.0,11.256212475679963,5.703035306456419,10.516653160483537,4.150244980984967,1.4441211011601014,0.0,52.0,7.8,40.5,45.0,0.0,0.41259393987950777,1.0,19.34022826056427,17.410536414590748,2.080037512669094,33.345221138903916,52.89864001383801,48.3471931789997,4.551446834838309,0.0,0.0,0.0,0.0,0.0,0.0,0.0,-7.105427357601002e-15,0.0,0.0,0.0,0.0,0.0,0.21438034553016738,0.0
1,spring_pv_high,春秋光伏大发日,65.0,5.25,0.25,33.978152810989286,25.4081532132568,5.118834492888878,0.0,5.0,-5.0,0.0,48.95303842149046,0.0,1.788922038421127,0.0,0.0,0.0,8.258116360151865,26.425972352485967,1.7062781642962925,5.118834492888878,0.0,0.0,0.010491086053015783,0.0,49.83265875183435,1.017819139229168,0.0,58.884218525579314,0.0,0.0,0.0,0.0,0.0,0.0,11.545584118471266,5.811342173203165,10.59317437397653,4.16515613174862,1.4572799355623827,0.0,52.0,7.8,40.5,45.0,0.0,0.3957724693468191,1.0,19.707328630373784,17.78570724927976,2.0475337971555514,33.978152810989286,50.74196045991159,48.95303842149046,1.788922038421127,0.0,0.0,0.0,0.0,0.0,0.0,0.0,0.0,0.0,0.0,0.0,0.0,0.0,-0.08125928878385746,0.0
1,spring_pv_high,春秋光伏大发日,65.0,5.5,0.25,34.52265981531216,25.86931595027903,5.185197313984593,0.0,5.0,-5.0,0.0,49.51966636617857,0.0,2.176599616311229,0.0,0.0,0.0,8.258116360151865,26.425972352485967,1.7283991046615308,5.185197313984593,0.0,0.0,0.010491086053015783,0.0,49.83265875183435,0.5566564022069365,0.0,58.98698231184067,0.0,0.0,0.0,0.0,0.0,0.0,11.852155150066524,5.932555402500435,10.672356528178739,4.181769541624142,1.4718017549129516,0.0,52.0,7.8,40.5,45.0,0.0,0.40321577366062217,1.0,20.023142692881052,18.10852116519532,2.074078925593837,34.52265981531216,51.6962659824898,49.51966636617857,2.176599616311229,0.0,0.0,0.0,0.0,0.0,0.0,0.0,-7.105427357601002e-15,0.0,0.0,0.0,0.0,0.0,0.06636282109571479,0.0
1,spring_pv_high,春秋光伏大发日,65.0,5.75,0.25,35.27636851909649,26.3512702830412,5.383866258616608,0.0,5.0,-5.0,0.0,50.33959805150691,0.0,2.540643270790234,0.0,0.0,0.0,8.258116360151865,26.425972352485967,1.7946220862055362,5.383866258616608,0.0,0.0,0.010491086053015783,0.0,49.83265875183435,0.07470206944476843,0.0,58.975230562177885,0.0,0.0,0.0,0.0,0.0,0.0,12.16730618735039,6.067166963647962,10.75378674113151,4.2001919097873355,1.4877501639627224,0.0,52.0,7.8,40.5,45.0,0.0,0.4124504354599331,1.0,20.460293741075965,18.44588919812884,2.1535465034466434,35.27636851909649,52.880241322297145,50.33959805150691,2.540643270790234,0.0,0.0,0.0,0.0,0.0,0.0,0.0,0.0,0.0,0.0,0.0,0.0,0.0,0.1986689446320158,0.0
1,spring_pv_high,春秋光伏大发日,65.0,6.0,0.25,36.1134474605214,26.833501450383768,5.240701732829628,0.0,5.0,-5.0,0.0,51.12895548433616,0.5029127011652614,4.7648070118170835,0.0,0.0,0.0,8.258116360151865,26.425972352485967,1.7469005776098758,5.240701732829628,0.0,0.0,0.010491086053015783,0.0,49.83265875183435,0.0,0.40752909789780034,58.83849844745001,0.0,0.0,0.0,0.0,0.0,0.0,12.480371241640048,6.2154850468066645,10.83700467568252,4.220522456878132,1.5051794615043776,0.0,52.0,7.8,40.5,45.0,0.01518193837145717,0.43595502033595923,1.0,20.94579952710241,18.783451015268636,2.096280693131851,36.1134474605214,56.39667519731851,51.12895548433616,5.267719712982345,0.0,0.0,0.0,0.0,0.0,0.0,0.0,0.0,0.0,0.0,0.0,0.0,0.0,-0.1431645257869807,0.0
1,spring_pv_high,春秋光伏大发日,65.0,6.25,0.25,36.52585563862813,27.04985878952314,5.233237960695846,0.0,5.0,-5.0,0.0,51.538875738398296,1.1400319869076236,6.470860796268049,0.0,0.0,0.0,8.258116360151865,26.425972352485967,1.7444126535652822,5.233237960695846,0.0,0.0,0.010491086053015783,0.0,49.83265875183435,0.0,0.6238864370371715,58.64489855690071,0.0,0.0,0.0,0.0,0.0,0.0,12.779258579997563,6.377598540351202,10.921509549960508,4.242850229547812,1.524132523446342,0.0,52.0,7.8,40.5,45.0,0.034415307719647126,0.45245899973891723,1.0,21.184996270404312,18.934901152666196,2.0932951842783387,36.52585563862813,59.14976852157397,51.538875738398296,7.6108927831756725,0.0,0.0,0.0,0.0,0.0,0.0,0.0,0.0,0.0,0.0,0.0,0.0,0.0,-0.0074637721337813545,0.0
1,spring_pv_high,春秋光伏大发日,65.0,6.5,0.25,36.888604665057606,27.278753825507973,5.489105750568411,0.0,5.0,-5.0,0.0,51.986914028118626,2.156631142064743,7.613684032476847,0.0,0.0,0.0,8.258116360151865,26.425972352485967,1.829701916856137,5.489105750568411,0.0,0.0,0.010491086053015783,0.0,49.83265875183435,0.0,0.8527814730220058,58.391159930511215,0.0,0.0,0.0,0.0,0.0,0.0,13.051327998648972,6.553343605176861,11.006768736589185,4.267251246106128,1.5446386501468987,0.0,52.0,7.8,40.5,45.0,0.06510442272173392,0.4648672549344028,1.0,21.39539070573341,19.09512767785558,2.1956423002273646,36.888604665057606,61.75722920266021,51.986914028118626,9.77031517454159,0.0,0.0,0.0,0.0,0.0,0.0,0.0,0.0,0.0,0.0,0.0,0.0,0.0,0.255867789872565,0.0
1,spring_pv_high,春秋光伏大发日,65.0,6.75,0.25,37.397343832512796,27.29324692395853,5.57457618310691,0.0,5.0,-5.0,0.0,52.524143339753316,3.47415491096989,6.388731381209169,0.0,0.0,0.0,8.258116360151865,26.425972352485967,1.8581920610356366,5.57457618310691,0.0,0.0,0.010491086053015783,0.0,49.83265875183435,0.0,0.8672745714725636,58.13373420015844,0.0,0.0,0.0,0.0,0.0,0.0,13.284441604876148,6.74227404434419,11.092227785540269,4.293785532824879,1.5667114268450237,0.0,52.0,7.8,40.5,45.0,0.10487785579690079,0.4595032137762172,1.0,21.69045942285742,19.10527284677097,2.229830473242764,37.397343832512796,62.38702963193238,52.524143339753316,9.86288629217906,0.0,0.0,0.0,0.0,0.0,0.0,0.0,0.0,0.0,0.0,0.0,0.0,0.0,0.08547043253849829,0.0
1,spring_pv_high,春秋光伏大发日,65.0,7.0,0.25,37.919286613141296,27.2980747598589,5.728009700976196,0.0,5.0,-5.0,0.0,53.097230626338245,4.910004592296829,4.826785566572383,0.0,0.0,0.0,8.258116360151865,26.425972352485967,1.9093365669920654,5.728009700976196,0.0,0.0,0.010491086053015783,0.0,49.83265875183435,0.0,0.8721024073729318,57.87516669953917,0.0,0.0,0.0,0.0,0.0,0.0,13.468067510786257,6.943637256476603,11.177321631472363,4.322494110205658,1.590346651703709,0.0,88.0,13.2,40.5,45.0,0.14822331380993808,0.45179040611300253,1.0,21.99318623562195,19.10865233190123,2.2912038803904786,37.919286613141296,62.83402078520746,53.097230626338245,9.736790158869212,0.0,0.0,0.0,0.0,0.0,0.0,0.0,0.0,0.0,0.0,0.0,0.0,0.0,0.15343351786928672,0.0
1,spring_pv_high,春秋光伏大发日,65.0,7.25,0.25,38.45892031814856,27.31417850559472,5.845944006820536,0.0,5.0,-5.0,0.0,53.676175766626955,6.743781732211776,3.6493328496333177,0.0,0.0,0.0,8.258116360151865,26.425972352485967,1.9486480022735122,5.845944006820536,0.0,0.0,0.010491086053015783,0.0,49.83265875183435,0.0,0.8882061531087544,57.612490654845,0.0,0.0,0.0,0.0,0.0,0.0,13.59429520170714,7.156357572873413,11.261486674500208,4.353395997583033,1.6155203905569986,0.0,88.0,13.2,40.5,45.0,0.20358141365643043,0.44712222184525374,1.0,22.306173784526163,19.119924953916303,2.338377602728215,38.45892031814856,64.06929034847205,53.676175766626955,10.393114581845094,0.0,0.0,0.0,0.0,0.0,0.0,0.0,0.0,0.0,0.0,0.0,0.0,0.0,0.11793430584434006,0.0
1,spring_pv_high,春秋光伏大发日,65.0,7.5,0.25,38.89112062129007,27.196834767911067,5.87569242614442,0.0,5.0,-5.0,0.0,54.11829220954309,8.577026444738447,4.317724505053313,0.0,0.0,0.0,8.258116360151865,26.425972352485967,1.95856414204814,5.87569242614442,0.0,0.0,0.010491086053015783,0.0,49.83265875183435,0.0,0.7708624154250998,57.380825879142556,0.0,0.0,0.0,0.0,0.0,0.0,13.658623587448364,7.379028698983344,11.344173357344252,4.386485312385193,1.6421872206225148,0.0,88.0,13.2,40.5,45.0,0.2589234405746047,0.4557838606216144,1.0,22.556849960348238,19.037784337537747,2.350276970457768,38.89112062129007,67.01304315933486,54.11829220954309,12.89475094979176,0.0,0.0,0.0,0.0,0.0,0.0,0.0,0.0,0.0,0.0,0.0,0.0,0.0,0.029748419323883724,0.0
1,spring_pv_high,春秋光伏大发日,65.0,7.75,0.25,39.270576610929105,27.019198631646677,6.085840174118394,0.0,5.0,-5.0,0.0,54.56779744850678,10.525356385669932,4.534076243713486,0.0,0.0,0.0,8.258116360151865,26.425972352485967,2.0286133913727977,6.085840174118394,0.0,0.0,0.010491086053015783,0.0,49.83265875183435,0.0,0.5932262791607101,57.19602328747639,0.0,0.0,0.0,0.0,0.0,0.0,13.660409260018008,7.609916801999435,11.424858805679627,4.421728546779798,1.6702787269279247,0.0,88.0,13.2,40.5,45.0,0.31773966259872605,0.4609773505435145,1.0,22.77693443433888,18.913439042152675,2.4343360696473577,39.270576610929105,69.6272300778902,54.56779744850678,15.059432629383418,0.0,0.0,0.0,0.0,0.0,0.0,0.0,-7.105427357601002e-15,0.0,0.0,0.0,0.0,0.0,0.2101477479739735,0.0
1,spring_pv_high,春秋光伏大发日,65.0,8.0,0.25,39.545697219435255,26.707651800441553,6.141129734762045,0.0,5.0,-5.0,0.0,54.861347910560816,12.489415553469046,7.125754544444078,0.0,0.0,0.0,8.258116360151865,26.425972352485967,2.047043244920682,6.141129734762045,0.0,0.0,0.010491086053015783,0.0,49.83265875183435,0.0,0.28167944795558597,57.09329910531804,0.0,0.0,0.0,0.0,0.0,0.0,13.602909519055903,7.8469755038663545,11.50305905619715,4.459062108871521,1.6997023147611279,0.0,88.0,13.2,40.5,45.0,0.3770307188284296,0.4834812920886956,1.0,22.936504387272446,18.695356260309087,2.456451893904818,39.545697219435255,74.47651800847395,54.861347910560816,19.615170097913122,0.0,0.0,0.0,0.0,0.0,0.0,0.0,0.0,0.0,0.0,0.0,0.0,0.0,0.05528956064365165,0.0
1,spring_pv_high,春秋光伏大发日,65.0,8.25,0.25,39.59854954169342,26.39373535277379,6.127408697490748,0.0,5.0,-5.0,0.0,54.8995524913185,14.26349391119856,8.24183744078693,0.0,0.0,0.0,8.248042297741808,26.39373535277379,2.0424695658302494,6.127408697490748,0.0,0.0,0.010491086053015783,0.0,49.83265875183435,0.0,0.0,57.06475245576539,0.0,0.0,0.0,0.0,0.0,0.0,13.492913996621395,8.087873654403555,11.578340372153589,4.498390217699095,1.73034039890087,0.0,88.0,13.2,40.5,45.0,0.4305866306810808,0.4924843972310188,1.0,22.967158734182185,18.475614746941652,2.4509634789962993,39.59854954169342,77.40488384330399,54.8995524913185,22.50533135198549,0.0,0.0,0.0,0.0,0.0,0.0,0.0,0.0,0.0,0.0,0.0,0.0,-0.03223699971217897,-0.013721037271297476,0.0
1,spring_pv_high,春秋光伏大发日,65.0,8.5,0.25,39.77192177337943,26.049113738382438,6.370574548443926,0.0,5.0,-5.0,0.0,55.04628575215827,16.333300276198155,7.235577070779435,0.0,0.0,0.0,8.140348043244511,26.049113738382438,2.1235248494813086,6.370574548443926,0.0,0.0,0.010491086053015783,0.0,49.83265875183435,0.0,0.0,57.03622007953751,0.0,0.0,0.0,0.0,0.0,0.0,13.34001915329857,8.330036280025796,11.650329142310213,4.5395832406655785,1.762050025594453,0.0,88.0,13.2,40.5,45.0,0.4930699853497224,0.48578033685608313,1.0,23.06771462856007,18.234379616867706,2.5482298193775708,39.77192177337943,78.61516309913586,55.04628575215827,23.56887734697759,0.0,0.0,0.0,0.0,0.0,0.0,0.0,7.105427357601002e-15,0.0,0.0,0.0,0.0,-0.3446216143913503,0.24316585095317844,0.0
1,spring_pv_high,春秋光伏大发日,65.0,8.75,0.25,39.86606660637979,25.695070116641,6.634113755849034,0.0,5.0,-5.0,0.0,55.117638355832796,18.273134349013436,3.8382079860711897,0.0,0.0,0.0,8.02970941145031,25.695070116641,2.211371251949678,6.634113755849034,0.0,0.0,0.010491086053015783,0.0,49.83265875183435,0.0,0.0,57.00770196949775,0.0,0.0,0.0,0.0,0.0,0.0,13.155650199075557,8.570698543390879,11.718719878712585,4.582476558461218,1.7946629761784745,0.0,88.0,13.2,40.5,45.0,0.5516297339424642,0.45983837986711534,1.0,23.122318631700278,17.986549081648697,2.653645502339614,39.86606660637979,77.22898069091742,55.117638355832796,22.111342335084625,0.0,0.0,0.0,0.0,0.0,0.0,0.0,0.0,0.0,0.0,0.0,0.0,-0.35404362174143955,0.26353920740510794,0.0
1,spring_pv_high,春秋光伏大发日,65.0,9.0,0.25,40.3420785686594,25.292078389179377,6.802322248934734,0.0,5.0,-5.0,0.0,55.52378490097588,20.13399305627597,3.6486952545615736,0.0,0.0,0.0,7.903774496618555,25.292078389179377,2.2674407496449116,6.802322248934734,0.0,0.0,0.010491086053015783,0.0,49.83265875183435,0.0,0.0,56.97919811851301,0.0,0.0,0.0,0.0,0.0,0.0,12.951966098975827,8.806971927995292,11.783280873367175,4.626870035832234,1.8279863919318105,0.0,88.0,13.2,40.5,45.0,0.6078053726690064,0.4615280603325257,1.0,23.39840556982245,17.70445487242556,2.720928899573894,40.3420785686594,79.30647321181343,55.52378490097588,23.782688310837543,0.0,0.0,0.0,0.0,0.0,0.0,0.0,0.0,0.0,0.0,0.0,0.0,-0.4029917274616217,0.16820849308570018,0.0
1,spring_pv_high,春秋光伏大发日,65.0,9.25,0.25,40.487097004246415,24.610206575701255,7.1210284658290295,0.0,5.0,-5.0,0.0,55.561953800482414,22.218231324348068,0.1650029656239127,0.0,0.0,0.0,7.690689554906642,24.610206575701255,2.373676155276343,7.1210284658290295,0.0,0.0,0.010491086053015783,0.0,49.83265875183435,0.0,0.0,56.95070851945376,0.0,0.0,0.0,0.0,0.0,0.0,12.740790512928916,9.035921204601232,11.84385714395662,4.672528166649864,1.8618039483468047,0.0,88.0,13.2,40.5,45.0,0.6707243979073552,0.4346539843672362,1.0,23.48251626246292,17.227144602990876,2.848411386331612,40.487097004246415,77.9451880904544,55.561953800482414,22.38323428997198,0.0,0.0,0.0,0.0,0.0,0.0,0.0,0.0,0.0,0.0,0.0,0.0,-0.6818718134781214,0.3187062168942951,0.0
1,spring_pv_high,春秋光伏大发日,65.0,9.5,0.25,40.6377398323615,23.960421068617855,7.543924246188372,0.0,5.0,-5.0,3.7980979159639077,51.8524060017898,20.540337111677047,0.0,0.0,0.0,0.0,7.487631583943079,23.960421068617855,2.5146414153961243,7.543924246188372,0.0,0.0,0.010491086053015783,0.0,49.83265875183435,0.0,0.0,56.92223316519404,0.0,0.0,0.0,0.0,0.0,0.0,12.532695168220984,9.254650073448314,11.900370393378092,4.719180948704535,1.8958775937413699,0.0,88.0,13.2,40.5,45.0,0.7347291484013189,0.40443362020108137,1.0,23.569889102769668,16.772294748032497,3.017569698475349,40.6377398323615,76.19084102943076,55.65050391775371,20.540337111677047,0.0,0.0,0.0,0.0,0.0,0.0,0.0,-7.105427357601002e-15,0.0,0.0,0.0,0.0,-0.6497855070834007,0.42289578035934294,0.0
1,spring_pv_high,春秋光伏大发日,65.0,9.75,0.25,40.81253314317153,23.466098125432197,7.883240423833289,0.0,5.0,-5.0,4.2759114511669765,51.508015250199556,21.75251397515922,0.0,0.0,0.0,0.0,7.3331556641975615,23.466098125432197,2.6277468079444297,7.883240423833289,0.0,0.0,0.010491086053015783,0.0,49.83265875183435,0.0,0.0,56.89377204861145,0.0,0.0,0.0,0.0,0.0,0.0,12.336327327419582,9.46039274106737,11.952815824678584,4.766525527685526,1.9299498523426757,0.0,88.0,13.2,40.5,45.0,0.7857466113163437,0.4017474729387035,1.0,23.671269223039484,16.426268687802537,3.153296169533316,40.81253314317153,77.53644067652576,55.78392670136653,21.75251397515922,0.0,0.0,0.0,0.0,0.0,0.0,0.0,-7.105427357601002e-15,0.0,0.0,0.0,0.0,-0.49432294318565795,0.3393161776449167,0.0
1,spring_pv_high,春秋光伏大发日,65.0,10.0,0.25,41.14193562187248,22.785871791541137,8.340895270804666,0.0,5.0,-5.0,3.6520070183602655,52.401303048023394,24.018298970367876,0.0,0.0,0.0,0.0,7.120584934856605,22.785871791541137,2.7802984236015553,8.340895270804666,0.0,0.0,0.010491086053015783,0.0,49.83265875183435,0.0,0.0,56.86532516258715,0.0,0.0,0.0,0.0,0.0,0.0,12.158027912243698,9.650608118913876,12.001255787964505,4.814228631237918,1.9637466760713134,0.0,88.0,13.2,40.5,45.0,0.8353117335610661,0.40871485682331776,1.0,23.862322660686036,15.950110254078794,3.3363581083218663,41.14193562187248,80.07160903675154,56.05331006638366,24.018298970367876,0.0,0.0,0.0,0.0,0.0,0.0,0.0,7.105427357601002e-15,0.0,0.0,0.0,0.0,-0.6802263338910599,0.4576548469713764,0.0
1,spring_pv_high,春秋光伏大发日,65.0,10.25,0.25,41.30287415809154,22.21824555030448,8.475050426883792,0.0,5.0,-5.0,5.914242393109149,50.167341394466824,23.01182148659312,0.0,0.0,0.0,0.0,6.94320173447015,22.21824555030448,2.825016808961264,8.475050426883792,0.0,0.0,0.010491086053015783,0.0,49.83265875183435,0.0,0.0,56.83689250000587,0.0,0.0,0.0,0.0,0.0,0.0,12.001740737359546,9.82307285927829,12.045810383678015,4.861929793279746,1.9969808127382582,0.0,88.0,13.2,40.5,45.0,0.8732205771159546,0.39129060848839786,1.0,23.95566701169309,15.552771885213135,3.390020170753517,41.30287415809154,79.0934052741691,56.08158378757597,23.01182148659312,0.0,0.0,0.0,0.0,0.0,0.0,0.0,0.0,0.0,0.0,0.0,0.0,-0.5676262412366562,0.13415515607912631,0.0
1,spring_pv_high,春秋光伏大发日,65.0,10.5,0.25,41.210242195536644,21.594583796127868,8.813659598849675,0.0,5.0,-5.0,7.055350801902449,48.851576448927055,22.917898757511967,0.0,0.0,0.0,0.0,6.748307436289958,21.594583796127868,2.9378865329498915,8.813659598849675,0.0,0.0,0.010491086053015783,0.0,49.83265875183435,0.0,0.0,56.80847405375587,0.0,0.0,0.0,0.0,0.0,0.0,11.869174393883432,9.975969107156478,12.08664530054321,4.909245346499839,2.029355641790107,0.0,88.0,13.2,40.5,45.0,0.9048330387142111,0.3810280262614524,1.0,23.90194047341125,15.116208657289507,3.5254638395398703,41.210242195536644,78.82482600834147,55.906927250829504,22.917898757511967,0.0,0.0,0.0,0.0,0.0,0.0,0.0,0.0,0.0,0.0,0.0,0.0,-0.623661754176613,0.33860917196588325,0.0
1,spring_pv_high,春秋光伏大发日,65.0,10.75,0.25,41.09213015787122,21.151209053125676,9.084607930919217,0.0,5.0,-5.0,8.471176671908431,47.26940004475731,22.160616089286492,0.0,0.0,0.0,0.0,6.609752829101773,21.151209053125676,3.028202643639739,9.084607930919217,0.0,0.0,0.010491086053015783,0.0,49.83265875183435,0.0,0.0,56.780069816729004,0.0,0.0,0.0,0.0,0.0,0.0,11.760152149854967,10.107962677153388,12.123957318725815,4.955773137833561,2.060569412694709,0.0,88.0,13.2,40.5,45.0,0.9247131536550511,0.36868751247867804,1.0,23.833435491565304,14.805846337187972,3.633843172367687,41.09213015787122,77.90119280595223,55.74057671666574,22.160616089286492,0.0,0.0,0.0,0.0,0.0,0.0,0.0,0.0,0.0,0.0,0.0,0.0,-0.4433747430021917,0.2709483320695423,0.0
1,spring_pv_high,春秋光伏大发日,65.0,11.0,0.25,41.07864563162975,20.494659310537234,9.34499632524354,0.0,5.0,-5.0,9.745927886800779,45.862788640506054,21.095143310136738,0.0,0.0,0.0,0.0,6.404581034542885,20.494659310537234,3.11499877508118,9.34499632524354,0.0,0.0,0.010491086053015783,0.0,49.83265875183435,0.0,0.0,56.75167978182065,0.0,0.0,0.0,0.0,0.0,0.0,11.673073972410148,10.21826738940797,12.157958050873024,5.001097898506149,2.090319806158798,0.0,70.0,10.5,40.5,45.0,0.9310308551299935,0.3577163544109535,1.0,23.82561446634525,14.346261517376062,3.7379985300974163,41.07864563162975,76.70385983744357,55.60871652730683,21.095143310136738,0.0,0.0,0.0,0.0,0.0,0.0,0.0,0.0,0.0,0.0,0.0,0.0,-0.6565497425884423,0.26038839432432326,0.0
1,spring_pv_high,春秋光伏大发日,65.0,11.25,0.25,41.07701219784917,20.07427048493835,9.58479357778302,0.0,5.0,-5.0,14.188939040129618,41.398302890300606,16.793625156058567,0.0,0.0,0.0,0.0,6.304807453933703,20.175383852587853,3.1949311925943404,9.58479357778302,0.0,0.0,0.010491086053015783,0.0,49.83265875183435,0.10111336764950352,0.0,56.747318366746505,0.0,0.0,0.0,0.0,0.0,0.0,11.60541736547349,10.306691538646861,12.188856617033077,5.044797177772593,2.118308725210633,0.0,70.0,10.5,40.5,45.0,0.935302248534135,0.3228946696808485,1.0,23.82466707475252,14.051989339456844,3.8339174311132087,41.07701219784917,72.38086708648879,55.587241930430224,16.793625156058567,0.0,0.0,0.0,0.0,0.0,0.0,0.0,-7.105427357601002e-15,0.0,0.0,0.0,0.0,-0.31927545794938084,0.23979725253948025,0.0
1,spring_pv_high,春秋光伏大发日,65.0,11.5,0.25,41.08188373858308,19.847181273789793,10.046813754980764,0.0,5.0,-5.0,18.007462982780197,37.73865721411653,13.590959428483924,0.0,0.0,0.0,0.0,6.304807453933703,20.175383852587853,3.3489379183269214,10.046813754980764,0.0,0.0,0.010491086053015783,0.0,49.83265875183435,0.32820257879805936,0.0,56.79689282002767,0.0,0.0,0.0,0.0,0.0,0.0,11.554216717750688,10.3736629379624,12.216842045625805,5.086447728622318,2.144247212326136,0.0,70.0,10.5,40.5,45.0,0.9538937882689129,0.2943505024261743,1.0,23.827492568378187,13.893026891652855,4.018725501992306,41.08188373858308,69.33707962538065,55.746120196896726,13.590959428483924,0.0,0.0,0.0,0.0,0.0,0.0,0.0,7.105427357601002e-15,0.0,0.0,0.0,0.0,0.0,0.46202017719774346,0.0
1,spring_pv_high,春秋光伏大发日,65.0,11.75,0.25,41.117705699908406,19.64270071888845,10.23034148764629,0.0,5.0,-5.0,20.75338469485468,35.08973337425587,11.047310401255888,0.0,0.0,0.0,0.0,6.304807453933703,20.175383852587853,3.41011382921543,10.23034148764629,0.0,0.0,0.010491086053015783,0.0,49.83265875183435,0.532683133699404,0.0,56.89500661787128,0.0,0.0,0.0,0.0,0.0,0.0,11.516479644398181,10.42022967566152,12.242066254139559,5.125632215294886,2.1678603807249632,0.0,70.0,10.5,40.5,45.0,0.96,0.27368967025273927,1.0,23.848269305946875,13.749890503221913,4.092136595058516,41.117705699908406,66.89042847036644,55.84311806911055,11.047310401255888,0.0,0.0,0.0,0.0,0.0,0.0,0.0,-7.105427357601002e-15,0.0,0.0,0.0,0.0,0.0,0.18352773266552624,0.0
1,spring_pv_high,春秋光伏大发日,65.0,12.0,0.25,41.228181333686564,19.232339403381584,10.548001301694034,0.0,5.0,-5.0,20.748705284467356,35.31077502310394,11.051989811643214,0.0,0.0,0.0,0.0,6.304807453933703,20.175383852587853,3.5160004338980113,10.548001301694034,0.0,0.0,0.010491086053015783,0.0,49.83265875183435,0.9430444492062691,0.0,57.090532171248846,0.0,0.0,0.0,0.0,0.0,0.0,11.48951876265225,10.448034639572482,12.264628483989851,5.16194609725659,2.188892243123575,0.0,70.0,10.5,40.5,45.0,0.96,0.2754137305452502,1.0,23.912345173538206,13.462637582367108,4.219200520677614,41.228181333686564,67.11147011921452,56.0594803075713,11.051989811643214,0.0,0.0,0.0,0.0,0.0,0.0,0.0,0.0,0.0,0.0,0.0,0.0,0.0,0.3176598140477438,0.0
1,spring_pv_high,春秋光伏大发日,65.0,12.25,0.25,41.61126782107768,19.067756124675387,10.768649324310116,0.0,5.0,-5.0,24.86822949454527,31.647886641289166,6.932465601565298,0.0,0.0,0.0,0.0,6.304807453933703,20.175383852587853,3.5895497747700387,10.768649324310116,0.0,0.0,0.010491086053015783,0.0,49.83265875183435,1.1076277279124653,0.0,57.32504849054244,0.0,0.0,0.0,0.0,0.0,0.0,11.471194757913173,10.459262975369443,12.284562039866902,5.195004533014949,2.207110319905659,0.0,70.0,10.5,40.5,45.0,0.96,0.24684427113388369,1.0,24.134535336225053,13.347429287272771,4.307459729724047,41.61126782107768,63.448581737399735,56.51611613583444,6.932465601565298,0.0,0.0,0.0,0.0,0.0,0.0,0.0,-7.105427357601002e-15,0.0,0.0,0.0,0.0,0.0,0.22064802261608207,0.0
1,spring_pv_high,春秋光伏大发日,65.0,12.5,0.25,41.349607095528455,18.957801750075557,11.096446725351873,0.0,5.0,-5.0,24.575058810336277,31.788662400296186,7.225636285774293,0.0,0.0,0.0,0.0,6.304807453933703,20.175383852587853,3.698815575117291,11.096446725351873,0.0,0.0,0.010491086053015783,0.0,49.83265875183435,1.2175821025122957,0.0,57.58556171564385,0.0,0.0,0.0,0.0,0.0,0.0,11.460079156963252,10.456562916567417,12.301824113189218,5.224449140373006,2.22230991102871,0.0,70.0,10.5,40.5,45.0,0.96,0.24794228093211365,1.0,23.9827721154065,13.27046122505289,4.43857869014075,41.349607095528455,63.589357496406755,56.36372121063246,7.225636285774293,0.0,0.0,0.0,0.0,0.0,0.0,0.0,-7.105427357601002e-15,0.0,0.0,0.0,0.0,0.0,0.3277974010417566,0.0
1,spring_pv_high,春秋光伏大发日,65.0,12.75,0.25,41.52339583647409,18.754280044739915,11.416246118179732,0.0,5.0,-5.0,21.533923532297095,35.110186216890284,10.266771563813474,0.0,0.0,0.0,0.0,6.304807453933703,20.175383852587853,3.805415372726577,11.416246118179732,0.0,0.0,0.010491086053015783,0.0,49.83265875183435,1.4211038078479383,0.0,57.89428108914992,0.0,0.0,0.0,0.0,0.0,0.0,11.455552072000078,10.44294180235949,12.316289352936181,5.249954447867922,2.23431792206211,0.0,70.0,10.5,40.5,45.0,0.96,0.27384919645080524,1.0,24.08356958515497,13.12799603131794,4.566498447271893,41.52339583647409,66.91088131300086,56.64410974918738,10.266771563813474,0.0,0.0,0.0,0.0,0.0,0.0,0.0,-7.105427357601002e-15,0.0,0.0,0.0,0.0,0.0,0.31979939282785885,0.0
1,spring_pv_high,春秋光伏大发日,65.0,13.0,0.25,41.417378163631994,18.713143020237812,11.666940286074706,0.0,5.0,-5.0,22.050157661540915,34.571499137436035,9.750537434569654,0.0,0.0,0.0,0.0,6.304807453933703,20.175383852587853,3.888980095358235,11.666940286074706,0.0,0.0,0.010491086053015783,0.0,49.83265875183435,1.4622408323500409,0.0,58.21261614628848,0.0,0.0,0.0,0.0,0.0,0.0,11.45785166596817,10.4216405203031,12.327747688970407,5.271233875440194,2.242996144434219,0.0,70.0,10.5,40.5,45.0,0.96,0.26964759458701304,1.0,24.022079334906554,13.099200114166468,4.666776114429882,41.417378163631994,66.37219423354661,56.62165679897695,9.750537434569654,0.0,0.0,0.0,0.0,0.0,0.0,0.0,0.0,0.0,0.0,0.0,0.0,0.0,0.2506941678949737,0.0
1,spring_pv_high,春秋光伏大发日,65.0,13.25,0.25,41.442678250622954,18.924598326216618,11.870305797567255,0.0,5.0,-5.0,20.534750982541837,36.17999440725692,11.265944113568732,0.0,0.0,0.0,0.0,6.304807453933703,20.175383852587853,3.956768599189085,11.870305797567255,0.0,0.0,0.010491086053015783,0.0,49.83265875183435,1.250785526371235,0.0,58.48057140072852,0.0,0.0,0.0,0.0,0.0,0.0,11.46808937080792,10.395990997050918,12.335906719603361,5.288045090886954,2.248243902996728,0.0,70.0,10.5,40.5,45.0,0.96,0.2821933878338591,1.0,24.036753385361312,13.247218828351631,4.748122319026902,41.442678250622954,67.98068950336749,56.71474538979876,11.265944113568732,0.0,0.0,0.0,0.0,0.0,0.0,0.0,0.0,0.0,0.0,0.0,0.0,0.0,0.20336551149254944,0.0
1,spring_pv_high,春秋光伏大发日,65.0,13.5,0.25,41.56983275411132,18.960288595797156,12.154617797975794,0.0,5.0,-5.0,18.030380922018814,38.90628963807115,13.770314174091755,0.0,0.0,0.0,0.0,6.304807453933703,20.175383852587853,4.051539265991932,12.154617797975794,0.0,0.0,0.010491086053015783,0.0,49.83265875183435,1.215095256790697,0.0,58.73991623851596,0.0,0.0,0.0,0.0,0.0,0.0,11.488239496517552,10.369262626112807,12.340398755791206,5.300194602207907,2.25,0.0,70.0,10.5,40.5,45.0,0.96,0.30345769425576524,1.0,24.11050299738456,13.272202017058008,4.861847119190318,41.56983275411132,70.70698473418172,56.936670560089965,13.770314174091755,0.0,0.0,0.0,0.0,0.0,0.0,0.0,-7.105427357601002e-15,0.0,0.0,0.0,0.0,0.0,0.2843120004085389,0.0
1,spring_pv_high,春秋光伏大发日,65.0,13.75,0.25,41.4494237429173,18.897673099617368,12.430440611754564,0.0,5.0,-5.0,16.67973206511754,40.228470421704664,14.148134120570077,0.0,0.0,0.0,0.0,6.304807453933703,20.175383852587853,4.143480203918188,12.430440611754564,0.0,0.0,0.010491086053015783,0.0,49.83265875183435,1.277710752970485,0.0,59.0140025842272,0.0,0.0,0.0,0.0,0.0,0.0,11.521105365026626,10.344504576926367,12.340792380275223,5.3075414641954195,2.248243902996728,0.0,70.0,10.5,40.5,45.0,0.9306322219944099,0.3137703181457106,1.0,24.04066577089203,13.228371169732156,4.972176244701826,41.4494237429173,71.05633660739228,56.908202486822205,14.148134120570077,0.0,0.0,0.0,0.0,0.0,0.0,0.0,0.0,0.0,0.0,0.0,0.0,0.0,0.2758228137787704,0.0
1,spring_pv_high,春秋光伏大发日,65.0,14.0,0.25,41.4473917371749,18.80784489396605,12.556518925015279,0.0,5.0,-5.0,17.161891000163337,39.786305585336706,12.311151484023867,0.0,0.0,0.0,0.0,6.304807453933703,20.175383852587853,4.185506308338426,12.556518925015279,0.0,0.0,0.010491086053015783,0.0,49.83265875183435,1.3675389586218039,0.0,59.30928608560777,0.0,0.0,0.0,0.0,0.0,0.0,11.57025787064239,10.324391685615216,12.336608143998623,5.3100000000000005,2.242996144434219,0.0,70.0,10.5,40.5,45.0,0.8897327778310188,0.31032156158286683,1.0,24.03948720756144,13.165491425776233,5.022607570006112,41.4473917371749,69.25934806952391,56.94819658550004,12.311151484023867,0.0,0.0,0.0,0.0,0.0,0.0,0.0,0.0,0.0,0.0,0.0,0.0,0.0,0.12607831326071484,0.0
1,spring_pv_high,春秋光伏大发日,65.0,14.25,0.25,41.60287832036118,19.02836123863508,12.644585525964162,0.0,5.0,-5.0,15.65198337919989,41.48105532313606,12.23700306972778,0.0,0.0,0.0,0.0,6.304807453933703,20.175383852587853,4.214861841988054,12.644585525964162,0.0,0.0,0.010491086053015783,0.0,49.83265875183435,1.147022613952771,0.0,59.55204931337875,0.0,0.0,0.0,0.0,0.0,0.0,11.639937509240193,10.311082004305131,12.327337797756144,5.3075414641954195,2.23431792206211,0.0,70.0,10.5,40.5,45.0,0.8419132635325675,0.32354011448414144,1.0,24.12966942580948,13.319852867044556,5.057834210385665,41.60287832036118,69.37004177206373,57.13303870233595,12.23700306972778,0.0,0.0,0.0,0.0,0.0,0.0,0.0,0.0,0.0,0.0,0.0,0.0,0.0,0.08806660094888308,0.0
1,spring_pv_high,春秋光伏大发日,65.0,14.5,0.25,41.74184654711476,19.020690842318928,12.68909282000814,0.0,5.0,-5.0,16.35011035635145,40.93673233741941,10.02849674748581,0.0,0.0,0.0,0.0,6.304807453933703,20.175383852587853,4.22969760666938,12.68909282000814,0.0,0.0,0.010491086053015783,0.0,49.83265875183435,1.1546930102689252,0.0,59.79651287866094,0.0,0.0,0.0,0.0,0.0,0.0,11.734908234526412,10.306094018101705,12.31246625763645,5.300194602207907,2.22230991102871,0.0,70.0,10.5,40.5,45.0,0.7963179025851228,0.3192945541978078,1.0,24.21027099732656,13.314483589623249,5.075637128003256,41.74184654711476,67.31533944125667,57.28684269377086,10.02849674748581,0.0,0.0,0.0,0.0,0.0,0.0,0.0,-7.105427357601002e-15,0.0,0.0,0.0,0.0,0.0,0.04450729404397791,0.0
1,spring_pv_high,春秋光伏大发日,65.0,14.75,0.25,41.95800967922456,19.111226285262777,12.635505421784023,0.0,5.0,-5.0,15.97870028644136,41.50644307336459,9.288698462999978,0.0,0.0,0.0,0.0,6.304807453933703,20.175383852587853,4.211835140594674,12.635505421784023,0.0,0.0,0.010491086053015783,0.0,49.83265875183435,1.0641575673250756,0.0,60.01935204446132,0.0,0.0,0.0,0.0,0.0,0.0,11.860251513668128,10.310210985468498,12.291495340727618,5.288045090886954,2.207110319905659,0.0,70.0,10.5,40.5,45.0,0.7627727232424688,0.32373813151990505,1.0,24.33564561395024,13.377858399683943,5.054202168713609,41.95800967922456,66.77384182280593,57.48514335980595,9.288698462999978,0.0,0.0,0.0,0.0,0.0,0.0,0.0,0.0,0.0,0.0,0.0,0.0,0.0,-0.05358739822411707,0.0
1,spring_pv_high,春秋光伏大发日,65.0,15.0,0.25,42.2767827023315,19.195916105032122,12.492658378006396,0.0,5.0,-5.0,14.027065316087935,43.72923538556575,9.83661753988195,0.0,0.0,0.0,0.0,6.304807453933703,20.175383852587853,4.164219459335466,12.492658378006396,0.0,0.0,0.010491086053015783,0.0,49.83265875183435,0.9794677475557307,0.0,60.22196595848359,0.0,0.0,0.0,0.0,0.0,0.0,12.021091919431237,10.323418807514855,12.263968193188704,5.271233875440194,2.188892243123575,0.0,70.0,10.5,40.5,45.0,0.7203973206401083,0.34107526225493046,1.0,24.520533967352268,13.437141273522485,4.997063351202559,42.2767827023315,67.59291824153564,57.756300701653686,9.83661753988195,0.0,0.0,0.0,0.0,0.0,0.0,0.0,0.0,0.0,0.0,0.0,0.0,0.0,-0.14284704377762658,0.0
1,spring_pv_high,春秋光伏大发日,65.0,15.25,0.25,42.483068676283715,19.366286518898228,12.397087088940218,0.0,5.0,-5.0,13.282790303446262,44.64793927580425,9.002665663354957,0.0,0.0,0.0,0.0,6.304807453933703,20.175383852587853,4.132362362980072,12.397087088940218,0.0,0.0,0.010491086053015783,0.0,49.83265875183435,0.8090973336896248,0.0,60.38401559225564,0.0,0.0,0.0,0.0,0.0,0.0,12.222251483073219,10.344882308555073,12.229493273888721,5.249954447867922,2.1678603807249632,0.0,70.0,10.5,40.5,45.0,0.6727537767168429,0.3482408842360811,1.0,24.640179832244552,13.55640056322876,4.958834835576088,42.483068676283715,66.93339524260547,57.93072957925051,9.002665663354957,0.0,0.0,0.0,0.0,0.0,0.0,0.0,0.0,0.0,0.0,0.0,0.0,0.0,-0.09557128906617862,0.0
1,spring_pv_high,春秋光伏大发日,65.0,15.5,0.25,42.65441816896328,19.200105690658322,12.11608875726942,0.0,5.0,-5.0,11.811235114156922,46.19717784721622,9.117827857525125,0.0,0.0,0.0,0.0,6.304807453933703,20.175383852587853,4.03869625242314,12.11608875726942,0.0,0.0,0.010491086053015783,0.0,49.83265875183435,0.9752781619295305,0.0,60.585452147917785,0.0,0.0,0.0,0.0,0.0,0.0,12.467838495154503,10.37296287606332,12.187766757851255,5.224449140373006,2.144247212326136,0.0,70.0,10.5,40.5,45.0,0.6318069586872689,0.3603244925448193,1.0,24.7395625379987,13.440073983460826,4.846435502907768,42.65441816896328,67.12624081889827,58.00841296137314,9.117827857525125,0.0,0.0,0.0,0.0,0.0,0.0,0.0,-7.105427357601002e-15,0.0,0.0,0.0,0.0,0.0,-0.2809983316707978,0.0
1,spring_pv_high,春秋光伏大发日,65.0,15.75,0.25,42.97223331225628,19.27662310600654,11.999006695720421,0.0,5.0,-5.0,12.520950493251824,45.76625025756465,6.613214515724941,0.0,0.0,0.0,0.0,6.304807453933703,20.175383852587853,3.9996688985734736,11.999006695720421,0.0,0.0,0.010491086053015783,0.0,49.83265875183435,0.8987607465813134,0.0,60.768615099156904,0.0,0.0,0.0,0.0,0.0,0.0,12.760786775364307,10.405278162018043,12.13859228554382,5.195004533014949,2.118308725210633,0.0,70.0,10.5,40.5,45.0,0.5776225441960329,0.35696338322384985,1.0,24.92389532110864,13.493636174204577,4.799602678288169,42.97223331225628,64.90041526654142,58.287200750816474,6.613214515724941,0.0,0.0,0.0,0.0,0.0,0.0,0.0,0.0,0.0,0.0,0.0,0.0,0.0,-0.1170820615489987,0.0
1,spring_pv_high,春秋光伏大发日,65.0,16.0,0.25,42.86418157257016,19.530011349021354,11.944631145097398,0.0,5.0,-5.0,13.347209437702865,44.81381438988648,3.7412096013073217,0.0,0.0,0.0,0.0,6.304807453933703,20.175383852587853,3.981543715032466,11.944631145097398,0.0,0.0,0.010491086053015783,0.0,49.83265875183435,0.6453725035664988,0.0,60.89150676120438,0.0,0.0,0.0,0.0,0.0,0.0,13.102372558262552,10.438802122036277,12.081897103671443,5.16194609725659,2.090319806158798,0.0,132.0,19.8,40.5,45.0,0.5158655251990452,0.34953466167212194,1.0,24.861225312090692,13.671007944314947,4.77785245803896,42.86418157257016,61.902233428896665,58.16102382758935,3.7412096013073217,0.0,0.0,0.0,0.0,0.0,0.0,0.0,0.0,0.0,0.0,0.0,0.0,0.0,-0.05437555062302302,0.0
1,spring_pv_high,春秋光伏大发日,65.0,16.25,0.25,42.786899669789925,19.783228472278147,11.801936410048093,0.0,5.0,-5.0,14.87557473743454,43.16060227569147,0.4305221698848385,0.0,0.0,0.0,0.0,6.304807453933703,20.175383852587853,3.933978803349364,11.801936410048093,0.0,0.0,0.010491086053015783,0.0,49.83265875183435,0.3921553803097062,0.0,60.95419791064734,0.0,0.0,0.0,0.0,0.0,0.0,13.491746644052201,10.47000122147232,12.017743814006176,5.125632215294886,2.060569412694709,0.0,132.0,19.8,40.5,45.0,0.46206075013824954,0.3366400901014007,1.0,24.816401808478155,13.848259930594702,4.720774564019237,42.786899669789925,58.466699183010846,58.03617701312601,0.4305221698848385,0.0,0.0,0.0,0.0,0.0,0.0,0.0,0.0,0.0,0.0,0.0,0.0,0.0,-0.14269473504930552,0.0
1,spring_pv_high,春秋光伏大发日,65.0,16.5,0.25,43.15211293394466,20.047059225407544,11.789364902062168,0.0,3.462697683237786,-3.462697683237786,13.289466850301018,43.57043060755554,1.7763568394002505e-15,0.0,0.0,0.0,0.0,6.304807453933703,20.175383852587853,3.9297883006873895,11.789364902062168,0.0,0.0,0.010491086053015783,0.0,49.83265875183435,0.12832462718030888,0.0,60.95419791064734,0.0,0.0,0.0,0.0,0.0,0.0,13.925527703046567,10.495000340844964,11.946337159128955,5.086447728622318,2.029355641790107,0.0,132.0,19.8,40.5,45.0,0.4011826828857383,0.3398366313749346,1.0,25.0282255016879,14.03294145778528,4.715745960824868,43.15211293394466,56.859897457856555,56.859897457856555,1.7763568394002505e-15,0.0,0.0,0.0,0.0,0.0,0.0,0.0,0.0,0.0,0.0,1.5373023167622142,0.0,0.0,-0.012571507985924768,0.0
1,spring_pv_high,春秋光伏大发日,65.0,16.75,0.25,43.23585387015884,20.38828707568821,11.602737155443412,0.0,-0.0,0.0,11.190584907195507,42.18226416884661,-3.552713678800501e-15,0.0,0.0,0.0,0.0,6.269416154068799,20.06213169302016,3.8675790518144706,11.602737155443412,0.0,0.0,0.0,0.0,49.83016711889676,0.0,0.32615538266804833,60.837890447832,0.0,0.0,0.0,0.0,0.0,0.0,14.397506928634565,10.509769939102156,11.868025515433374,5.044797177772593,1.9969808127382582,0.0,132.0,19.8,40.5,45.0,0.33782159410162127,0.32900933865047904,1.0,25.076795244692125,14.271800952981748,4.641094862177365,43.23585387015884,53.372849076042115,53.372849076042115,-3.552713678800501e-15,0.0,0.0,0.0,0.0,0.0,-0.0,0.0,0.0,-3.552713678800501e-15,0.0,3.462697683237786,0.0,-0.11325215956769341,-0.1866277466187558,0.0
1,spring_pv_high,春秋光伏大发日,65.0,17.0,0.25,43.34695756602861,20.533525570432563,11.519575633182594,0.0,0.0,0.0,9.265399430011776,43.2259351419059,-1.7763568394002505e-15,0.0,-0.0,0.0,0.0,5.304518461494872,16.974459076783592,3.839858544394198,11.519575633182594,0.0,0.0,0.0,0.0,49.827675610540815,0.0,3.55906649364897,59.87087505691099,0.0,0.0,0.0,0.0,0.0,0.0,14.898513159071957,10.510324540288602,11.783297020266714,5.001097898506149,1.9637466760713134,0.0,132.0,19.8,40.5,45.0,0.2797040575977596,0.3371496673734815,1.0,25.14123538829659,14.373467899302792,4.607830253273038,43.34695756602861,52.491334571917676,52.491334571917676,-1.7763568394002505e-15,0.0,0.0,0.0,0.0,0.0,0.0,0.0,0.0,0.0,0.0,0.0,0.0,-3.087672616236567,-0.08316152226081819,0.0
1,spring_pv_high,春秋光伏大发日,65.0,17.25,0.25,43.95525781255485,20.919299357821917,11.447702551838294,0.0,0.0,0.0,7.4293372108409415,41.634919057330855,-2.6645352591003757e-15,0.0,0.0,0.0,0.0,2.7167645062106938,8.69364641987422,3.8159008506127647,11.447702551838294,0.0,0.0,0.0,1.4236669012064938,49.45053504223226,0.0,12.225652937947697,56.62366253044893,0.0,0.0,0.0,0.0,0.0,0.0,15.416480191966146,10.492921725600386,11.692770516810707,4.955773137833561,1.9299498523426757,0.0,132.0,19.8,40.5,45.0,0.22427697573439553,0.32474020666570597,1.0,25.49404953128181,14.64350955047534,4.579081020735318,43.95525781255485,49.064256268171796,49.064256268171796,-2.6645352591003757e-15,0.0,0.0,0.0,0.0,0.0,0.0,0.0,-1.4210854715202004e-14,0.0,0.0,0.0,0.0,-8.280812656909372,-0.07187308134430026,0.0
1,spring_pv_high,春秋光伏大发日,65.0,17.5,0.25,44.02369138811645,21.15560386600965,11.278167004847795,0.0,0.0,0.0,5.662891051330419,39.45753957045156,2.6645352591003757e-15,0.0,0.519741035333349,0.18190936236667216,0.23388346590000708,2.7167645062106938,8.69364641987422,3.7593890016159315,11.278167004847795,0.0,0.0,0.0,5.197504911794421,48.08029806500793,0.0,12.228073980235422,53.3774364938586,0.0,0.0,0.0,0.0,0.0,0.0,15.936744118943711,10.45425062437041,11.597181742609804,4.909245346499839,1.8958775937413699,0.0,132.0,19.8,40.5,45.0,0.17095146482952533,0.3077572827026449,1.0,25.533741005107537,14.808922706206753,4.511266801939118,44.02369138811645,45.12043062178198,45.12043062178198,2.6645352591003757e-15,0.10394820706666981,0.025987051766667452,1.6891583648333843,0.0,0.0,0.0,0.0,0.0,0.0,0.0,0.0,0.18190936236667216,0.0,-0.1695355469904989,0.0
1,spring_pv_high,春秋光伏大发日,65.0,17.75,0.25,44.82784978296186,21.48987970114262,10.951577321405527,0.0,0.0,0.0,4.044955103125808,36.18428214255118,-2.6645352591003757e-15,0.0,1.2625762245177283,0.4419016785812049,0.5681593010329777,2.7167645062106938,8.69364641987422,3.650525773801842,10.951577321405527,0.0,0.0,0.0,10.5240011387162,45.308420066231996,0.0,12.228073980235422,50.13283357028657,0.0,0.0,0.0,0.0,0.0,0.0,16.442578872192897,10.391599437493046,11.497365402116138,4.861929793279746,1.8618039483468047,0.0,132.0,19.8,40.5,45.0,0.1221091830623447,0.28222683091666345,1.0,26.00015287411788,15.042915790799833,4.380630928562211,44.82784978296186,40.22923724567699,40.22923724567699,-2.6645352591003757e-15,0.25251524490354565,0.06312881122588641,4.103372729682617,0.0,0.0,0.0,0.0,0.0,0.0,0.0,0.0,0.2599923162145327,0.0,-0.32658968344226835,0.0
1,spring_pv_high,春秋光伏大发日,65.0,18.0,0.25,45.28668973166888,21.85895230497842,10.630839281428127,0.0,0.0,0.0,2.613194175152479,34.327610717285275,2.220446049250313e-15,0.0,2.082737566375062,0.7289581482312716,0.9372319048687778,2.7167645062106938,8.69364641987422,3.5436130938093755,10.630839281428127,0.0,0.0,0.0,13.877304291019925,41.65423246338134,0.0,12.228073980235422,46.88985294817632,0.0,0.0,0.0,0.0,0.0,0.0,16.915954538842875,10.302992770659113,11.394233938885682,4.814228631237918,1.8279863919318105,0.0,132.0,19.8,40.5,45.0,0.07888715641480454,0.2677453361521144,1.0,26.26628004436795,15.301266613484893,4.252335712571251,45.28668973166888,36.940804892437754,36.940804892437754,2.220446049250313e-15,0.4165475132750124,0.1041368783187531,6.768897090718951,0.0,0.0,0.0,0.0,0.0,0.0,0.0,0.0,0.2870564696500667,0.0,-0.3207380399773996,0.0
1,spring_pv_high,春秋光伏大发日,65.0,18.25,0.25,45.53343037579929,22.158859103240726,10.419818095393607,0.0,0.0,0.0,1.5656990290296946,33.07982717277902,-2.220446049250313e-15,0.0,2.749197118069075,0.9622189913241762,1.2371387031310839,2.7167645062106938,8.69364641987422,3.4732726984645357,10.419818095393607,0.0,0.0,0.0,16.11572238734163,37.41117017614196,0.0,12.228073980235422,43.648493816377126,0.0,0.0,0.0,0.0,0.0,0.0,17.338477955326876,10.18729142041573,11.28875395054272,4.766525527685526,1.7946629761784745,0.0,132.0,19.8,40.5,45.0,0.04726535263854468,0.25801298899517466,1.0,26.409389617963587,15.511201372268507,4.167927238157443,45.53343037579929,34.645526201808714,34.645526201808714,-2.220446049250313e-15,0.549839423613815,0.13745985590345375,8.934890633724494,0.0,0.0,0.0,0.0,0.0,0.0,0.0,0.0,0.23326084309290462,0.0,-0.21102118603451991,0.0
1,spring_pv_high,春秋光伏大发日,65.0,18.5,0.25,45.711987533569825,22.415934502040987,10.254754845699205,0.0,0.0,0.0,0.6847859285775115,34.042874391578145,-2.9976021664879227e-15,0.0,3.3204757820696544,1.162166523724379,1.4942141019313446,2.7167645062106938,8.69364641987422,3.418251615233068,10.254754845699205,0.0,0.0,0.0,15.957176811133552,33.21004256207169,0.0,12.228073980235422,40.40875536414383,0.0,0.0,0.0,0.0,0.0,0.0,17.692451789356014,10.044249609569619,11.181921263989418,4.719180948704535,1.762050025594453,0.0,132.0,19.8,40.5,45.0,0.020672330886088455,0.2655244759859629,1.0,26.5129527694705,15.69115415142869,4.101901938279682,45.711987533569825,34.72766032015566,34.72766032015566,-2.9976021664879227e-15,0.6640951564139309,0.16602378910348273,10.791546291726377,0.0,0.0,0.0,0.0,0.0,0.0,0.0,0.0,0.1999475324002028,0.0,-0.165063249694402,0.0
1,spring_pv_high,春秋光伏大发日,65.0,18.75,0.25,45.547749592265276,22.505775991080522,9.910175107673723,0.0,0.0,0.0,0.0,34.87198248238759,0.0,0.0,3.5201235354908453,1.2320432374217958,1.5840555909708804,2.7167645062106938,8.69364641987422,3.303391702557908,9.910175107673723,0.0,0.0,0.0,15.463880081224495,29.138939933305565,0.0,12.228073980235422,37.17063678113665,0.0,0.0,0.0,0.0,0.0,0.0,17.961970019695947,9.874527335132564,11.074735707705088,4.672528166649864,1.73034039890087,0.0,132.0,19.8,40.5,45.0,0.0,0.27199127690340724,1.0,26.417694763513857,15.754043193756365,3.9640700430694893,45.547749592265276,34.87198248238759,34.87198248238759,0.0,0.7040247070981691,0.17600617677454228,11.440401490345248,0.0,0.0,0.0,0.0,0.0,0.0,0.0,0.0,0.06987671369741677,0.0,-0.34457973802548203,0.0
1,spring_pv_high,春秋光伏大发日,65.0,19.0,0.25,45.25353307561767,22.74981426184424,9.582742876507307,0.0,0.0,0.0,0.0,34.61847612851554,0.0,0.0,4.062430803854661,1.4218507813491312,1.8280938617345974,2.7167645062106938,8.69364641987422,3.194247625502436,9.582742876507307,0.0,0.0,0.0,15.124218297466125,25.15742553960729,0.0,12.228073980235422,33.93413725742098,0.0,0.0,0.0,0.0,0.0,0.0,18.133957313151683,9.679658271651041,10.968176583931253,4.626870035832234,1.6997023147611279,0.0,132.0,19.8,40.5,45.0,0.0,0.27001400139497833,1.0,26.247049183858245,15.924869983290966,3.833097150602923,45.25353307561767,34.61847612851554,34.61847612851554,0.0,0.8124861607709323,0.20312154019273307,13.202900112527649,0.0,0.0,0.0,0.0,-7.105427357601002e-15,0.0,0.0,0.0,0.18980754392733545,0.0,-0.32743223116641573,0.0
1,spring_pv_high,春秋光伏大发日,65.0,19.25,0.25,45.01774304338215,22.93305638284955,9.345044691472514,0.0,0.0,0.0,0.0,35.971095625549694,0.0,0.0,4.469635517199796,1.5643724310199285,2.0113359827399084,2.7167645062106938,8.69364641987422,3.1150148971575047,9.345044691472514,0.0,0.0,0.0,13.314054390180727,21.652469144598538,0.0,12.228073980235422,30.699255983467157,0.0,0.0,0.0,0.0,0.0,0.0,18.199059270777326,9.461976357505279,10.863179760818218,4.582476558461218,1.6702787269279247,0.0,132.0,19.8,40.5,45.0,0.0,0.2805640383579923,1.0,26.110290965161642,16.053139467994683,3.738017876589006,45.01774304338215,35.971095625549694,35.971095625549694,0.0,0.8939271034399593,0.22348177585998982,14.526315430899338,0.0,0.0,0.0,0.0,0.0,0.0,0.0,0.0,0.14252164967079728,0.0,-0.23769818503479279,0.0
1,spring_pv_high,春秋光伏大发日,65.0,19.5,0.25,44.401123567781816,22.908350098935852,9.053661724056887,0.0,0.0,0.0,0.0,35.842957581511904,0.0,0.0,4.469635517199796,1.5643724310199285,2.0113359827399084,2.7167645062106938,8.69364641987422,3.017887241352296,9.053661724056887,0.0,0.0,0.0,12.728445302812977,18.301795651979997,0.0,12.203367696321724,27.4724938038118,0.0,0.0,0.0,0.0,0.0,0.0,18.15230059861818,9.224506584736725,10.76061718064351,4.5395832406655785,1.6421872206225148,0.0,132.0,19.8,40.5,45.0,0.0,0.2795645990449178,1.0,25.75265166931345,16.035845069255096,3.621464689622755,44.401123567781816,35.842957581511904,35.842957581511904,0.0,0.8939271034399593,0.22348177585998982,14.526315430899338,0.0,0.0,0.0,0.0,0.0,0.0,0.0,0.0,0.0,0.0,-0.2913829674156272,0.0
1,spring_pv_high,春秋光伏大发日,65.0,19.75,0.25,43.83169479004332,22.863767062003575,8.902877736919688,0.0,0.0,0.0,0.0,34.79442962128846,0.0,0.0,4.469635517199796,1.5643724310199285,2.0113359827399084,2.7167645062106938,8.69364641987422,2.9676259123065627,8.902877736919688,0.0,0.0,0.0,13.157283156252193,14.838437626341559,0.0,12.158784659389447,24.25907738338636,0.0,0.0,0.0,0.0,0.0,0.0,17.99344821200895,8.970827445716463,10.661279424464048,4.498390217699095,1.6155203905569986,0.0,132.0,19.8,40.5,45.0,0.0,0.2713863872408101,1.0,25.422382978225126,16.004636943402502,3.5611510947678755,43.83169479004332,34.79442962128846,34.79442962128846,0.0,0.8939271034399593,0.22348177585998982,14.526315430899338,0.0,0.0,0.0,0.0,-7.105427357601002e-15,0.0,0.0,0.0,0.0,0.0,-0.1507839871371992,0.0
1,spring_pv_high,春秋光伏大发日,65.0,20.0,0.25,43.31704431946042,22.97516435651289,8.537885519851102,0.0,0.0,0.0,0.0,35.11697733031236,0.0,0.0,4.469635517199796,1.5643724310199285,2.0113359827399084,2.729923247980488,8.735754393537562,2.8459618399503674,8.537885519851102,0.0,0.0,0.0,12.211579646058993,11.624122113392085,0.0,12.228073980235422,21.029033639369555,0.0,0.0,0.0,0.0,0.0,0.0,17.727043938383588,8.704913836840888,10.565861796773053,4.459062108871521,1.590346651703709,0.0,132.0,19.8,40.5,45.0,0.0,0.2739021651517444,1.0,25.123885705287044,16.082615049559024,3.415154207940441,43.31704431946042,35.11697733031236,35.11697733031236,0.0,0.8939271034399593,0.22348177585998982,14.526315430899338,0.0,0.0,0.0,0.0,0.0,0.0,0.0,0.0,0.0,0.042107973663341625,-0.3649922170685862,0.0
1,spring_pv_high,春秋光伏大发日,65.0,20.25,0.25,42.777556608913734,22.84849538284535,8.052552988176036,0.0,0.0,0.0,0.0,35.763380057517914,0.0,0.0,4.2450733938674015,1.4857756878535904,1.9102830272403306,2.729923247980488,8.735754393537562,2.684184329392012,8.052552988176036,0.0,0.0,0.0,10.942508440914729,8.74393342283517,0.0,12.202457962067458,17.807345974637386,0.0,0.0,0.0,0.0,0.0,0.0,17.362103527819066,8.430969907415633,10.474954207129443,4.421728546779798,1.5667114268450237,0.0,132.0,19.8,40.5,45.0,0.0,0.2789439176031653,1.0,24.810982833169962,15.993946767991744,3.2210211952704144,42.777556608913734,35.763380057517914,35.763380057517914,0.0,0.8490146787734804,0.2122536696933701,13.796488530069055,0.0,0.0,0.0,0.0,0.0,0.0,0.0,0.0,-0.07859674316633813,0.0,-0.4853325316750663,0.0
1,spring_pv_high,春秋光伏大发日,65.0,20.5,0.25,42.054407591003375,22.863878513292622,7.741706313837647,0.0,0.0,0.0,0.0,37.29588788766082,0.0,0.0,4.2450733938674015,1.4857756878535904,1.9102830272403306,2.729923247980488,8.735754393537562,2.5805687712792156,7.741706313837647,0.0,0.0,0.0,8.583236034748673,6.484749901230167,0.0,12.217841092514732,14.583220961514616,0.0,0.0,0.0,0.0,0.0,0.0,16.911511136254386,8.153261354994827,10.38903494025699,4.386485312385193,1.5446386501468987,0.0,132.0,19.8,40.5,45.0,0.0,0.29089703101722375,1.0,24.391556402781955,16.004714959304835,3.096682525535059,42.054407591003375,37.29588788766082,37.29588788766082,0.0,0.8490146787734804,0.2122536696933701,13.796488530069055,0.0,0.0,0.0,0.0,0.0,3.552713678800501e-15,0.0,0.0,0.0,0.0,-0.3108466743383884,0.0
1,spring_pv_high,春秋光伏大发日,65.0,20.75,0.25,41.13690586193721,22.820583170275214,7.569632123650508,0.0,0.0,0.0,0.0,41.306006728601105,0.0,0.0,4.2450733938674015,1.4857756878535904,1.9102830272403306,2.729923247980488,8.735754393537562,2.5232107078835027,7.569632123650508,0.0,0.0,0.0,3.5982574013465394,5.537515821275489,0.0,12.17454574949732,11.372101522218776,0.0,0.0,0.0,0.0,0.0,0.0,16.391167274078555,7.875956046451777,10.308468231747847,4.353395997583033,1.524132523446342,0.0,132.0,19.8,40.5,45.0,0.0,0.32217478658023585,1.0,23.859405399923578,15.974408219192648,3.0278528494602033,41.13690586193721,41.306006728601105,41.306006728601105,0.0,0.8490146787734804,0.2122536696933701,13.796488530069055,0.0,0.0,0.0,0.0,3.552713678800501e-14,0.0,0.0,0.0,0.0,0.0,-0.1720741901871392,0.0
1,spring_pv_high,春秋光伏大发日,65.0,21.0,0.25,40.14490443218903,22.741682023853315,7.1956861512372114,0.0,0.0,0.0,0.0,44.223997670464676,0.0,0.0,3.2712791353219797,1.1449476973626929,1.472075610894891,2.8254788852259383,9.041532432723002,2.3985620504124037,7.1956861512372114,0.0,0.0,0.0,0.0,5.537238945484424,0.0,12.228073980235422,8.148501266132557,0.0,0.0,0.0,0.0,0.0,0.0,15.818969922240825,7.6029806758412395,10.233505411686977,4.322494110205658,1.5051794615043776,0.0,132.0,19.8,40.5,45.0,0.0,0.3449342635520684,1.0,23.284044570669636,15.91917741669732,2.8782744604948847,40.14490443218903,44.223997670464676,44.223997670464676,0.0,0.654255827064396,0.163563956766099,10.631657189796435,0.0,0.0,0.0,0.0,0.0,0.0,0.0,0.0,-0.3408279904908975,0.3057780391854408,-0.3739459724132965,0.0
1,spring_pv_high,春秋光伏大发日,65.0,21.25,0.25,39.32049835324054,22.561451648264917,6.926698013259415,0.0,0.0,0.0,0.0,47.0509120300479,0.0,0.0,-0.0,0.0,0.0,5.4215143390542195,17.348845884973503,2.308899337753138,6.926698013259415,0.0,0.0,0.0,0.0,5.5369620835371505,0.0,5.212605763291414,6.772688656738594,0.0,0.0,0.0,0.0,0.0,0.0,15.213720681828718,7.3378995826421365,10.164289249735571,4.293785532824879,1.4877501639627224,0.0,132.0,19.8,40.5,45.0,0.0,0.36698336978650625,1.0,22.80588904487951,15.793016153785441,2.7706792053037663,39.32049835324054,47.0509120300479,47.0509120300479,0.0,0.0,0.0,0.0,0.0,0.0,0.0,0.0,0.0,0.0,0.0,0.0,-1.1449476973626929,8.3073134522505,-0.2689881379777965,0.0
1,spring_pv_high,春秋光伏大发日,65.0,21.5,0.25,38.30495025926642,22.46747362127699,6.550451797108444,0.0,0.0,0.0,0.0,49.56365737319336,0.0,0.0,0.0,0.0,0.0,9.074057505329343,29.036984017053896,2.1834839323694815,6.550451797108444,0.0,0.0,0.0011656762281120336,0.0,5.5369620835371505,6.569510395776906,0.0,8.32956103140724,0.0,0.0,0.0,0.0,0.0,0.0,14.594049403902838,7.083819998354173,10.100861036792342,4.267251246106128,1.4718017549129516,0.0,132.0,19.8,40.5,45.0,0.0,0.38658204946468067,1.0,22.216871150374523,15.727231534893892,2.6201807188433777,38.30495025926642,49.56365737319336,49.56365737319336,0.0,0.0,0.0,0.0,0.0,0.0,0.0,0.0,0.0,0.0,0.0,0.0,0.0,11.688138132080393,-0.376246216150971,0.0
1,spring_pv_high,春秋光伏大发日,65.0,21.75,0.25,37.016088202055215,22.4950040229599,6.3627665467232495,0.0,0.949085960839982,-0.949085960839982,0.0,53.23880335543488,0.0,0.0,0.0,0.0,0.0,10.624935211864726,33.99979267796712,2.1209221822410833,6.3627665467232495,0.0,0.0,2.5277717984338803,0.0,6.13703103756102,11.504788655007221,0.0,11.057783556455751,0.0,0.0,0.0,0.0,0.0,0.0,13.977442186240772,6.843326025660309,10.043169872378268,4.242850229547812,1.4572799355623827,0.0,132.0,19.8,40.5,45.0,0.0,0.4152471145788066,1.0,21.469331157192023,15.74650281607193,2.5451066186893,37.016088202055215,53.23880335543488,53.23880335543488,0.0,0.0,0.0,0.0,0.0,0.0,0.0,0.0,0.0,0.0,0.0,-0.949085960839982,0.0,4.962808660913225,-0.18768525038519446,0.0
1,spring_pv_high,春秋光伏大发日,65.0,22.0,0.25,35.85034175536703,22.46427929356563,6.2078619101445565,0.0,0.949085960839982,-0.949085960839982,0.0,53.85142035524196,0.0,0.0,0.0,0.0,0.0,10.624935211864726,33.99979267796712,2.0692873033815187,6.2078619101445565,0.0,0.0,4.3577701237887005,0.0,7.171694590408959,11.53551338440149,0.0,13.791939093472877,0.0,0.0,0.0,0.0,0.0,0.0,13.379440690386174,6.618441736475195,9.991083593321017,4.220522456878132,1.4441211011601014,0.0,62.0,9.299999999999999,40.5,45.0,0.0,0.4200253482256725,1.0,20.793198218112877,15.724995505495942,2.4831447640578226,35.85034175536703,53.85142035524196,53.85142035524196,0.0,0.0,0.0,0.0,0.0,0.0,0.0,0.0,0.0,0.0,0.0,0.0,0.0,0.0,-0.15490463657869302,0.0
1,spring_pv_high,春秋光伏大发日,65.0,22.25,0.25,35.09900649841005,22.314714763072757,5.9584296784024655,0.0,0.949085960839982,-0.949085960839982,0.0,56.10185926177449,0.0,0.0,0.0,0.0,0.0,10.624935211864726,33.99979267796712,1.9861432261341552,5.9584296784024655,0.0,0.0,7.4426883645255835,0.0,8.938974492254264,11.685077914894364,0.0,16.56024912871355,0.0,0.0,0.0,0.0,0.0,0.0,12.813058164920479,6.410622038232849,9.944400776218377,4.2001919097873355,1.4322543798204426,0.0,62.0,9.299999999999999,40.5,45.0,0.0,0.4375781143206324,1.0,20.357423769077826,15.62030033415093,2.3833718713609864,35.09900649841005,56.10185926177449,56.10185926177449,0.0,0.0,0.0,0.0,0.0,0.0,0.0,0.0,7.105427357601002e-15,0.0,0.0,0.0,0.0,0.0,-0.24943223174209095,0.0
1,spring_pv_high,春秋光伏大发日,65.0,22.5,0.25,34.156853808856276,21.984569609509474,5.666981960841434,0.0,0.949085960839982,-0.949085960839982,0.0,57.17208385114698,0.0,0.0,0.0,0.0,0.0,10.624935211864726,33.99979267796712,1.8889939869471446,5.666981960841434,0.0,0.0,9.552214882638854,0.0,11.20717857815638,12.015223068457647,0.0,19.405584482907887,0.0,0.0,0.0,0.0,0.0,0.0,12.288432588377686,6.22076850790594,9.902863270058843,4.181769541624142,1.421603557846405,0.0,62.0,9.299999999999999,40.5,45.0,0.0,0.4459255534942976,1.0,19.81097520913664,15.38919872665663,2.2667927843365736,34.156853808856276,57.17208385114698,57.17208385114698,0.0,0.0,0.0,0.0,0.0,0.0,0.0,0.0,7.105427357601002e-15,0.0,0.0,0.0,0.0,0.0,-0.2914477175610317,0.0
1,spring_pv_high,春秋光伏大发日,65.0,22.75,0.25,33.42482299693989,21.654013287723757,5.5893277254313665,0.0,0.949085960839982,-0.949085960839982,0.0,61.073628598080255,0.0,0.0,0.0,0.0,0.0,10.588152271237245,33.882087267959186,1.8631092418104556,5.5893277254313665,0.0,0.0,14.248458127252688,0.0,14.590627024449986,12.22807398023543,0.0,22.30004926097235,0.0,0.0,0.0,0.0,0.0,0.0,11.812713173485285,6.049266301661984,9.86616876165793,4.16515613174862,1.4120888633255155,0.0,62.0,9.299999999999999,40.5,45.0,0.0,0.4763564628396474,1.0,19.386397338225134,15.157809301406628,2.2357310901725467,33.42482299693989,61.073628598080255,61.073628598080255,0.0,0.0,0.0,0.0,0.0,0.0,0.0,0.0,0.0,0.0,0.0,0.0,0.0,-0.117705410007936,-0.07765423541006733,0.0
1,spring_pv_high,春秋光伏大发日,65.0,23.0,0.25,32.903918115340105,21.48438527761335,5.416218343674238,0.0,0.949085960839982,-0.949085960839982,0.0,60.19980538666275,0.0,0.0,0.0,0.0,0.0,10.535143518077742,33.71245925784878,1.8054061145580793,5.416218343674238,0.0,0.0,14.006251677846846,0.0,17.91638226658739,12.22807398023543,0.0,25.19306680664778,0.0,0.0,0.0,0.0,0.0,0.0,11.390155829400392,5.8960375487735925,9.833982939916158,4.150244980984967,1.4036285868857876,0.0,62.0,9.299999999999999,40.5,45.0,0.0,0.46954089704319973,1.0,19.08427250689726,15.039069694329344,2.1664873374696954,32.903918115340105,60.19980538666275,60.19980538666275,0.0,0.0,0.0,0.0,0.0,0.0,0.0,0.0,0.0,0.0,0.0,0.0,0.0,-0.16962801011040796,-0.1731093817571283,0.0
1,spring_pv_high,春秋光伏大发日,65.0,23.25,0.25,32.30713711034196,21.273630505394426,5.382796528169334,0.0,0.949085960839982,-0.949085960839982,0.0,59.09119608149205,0.0,0.0,0.0,0.0,0.0,10.46928265175933,33.50170448562986,1.794265509389778,5.382796528169334,0.0,0.0,13.571424849160996,0.0,21.1386998491498,12.22807398023543,0.0,28.084637843550375,0.0,0.0,0.0,0.0,0.0,0.0,11.022387977975864,5.760606329927972,9.805950899730965,4.136924408655721,1.396140525333592,0.0,62.0,9.299999999999999,40.5,45.0,0.0,0.4608940682988727,1.0,18.73813952399834,14.891541353776097,2.153118611267734,32.30713711034196,59.09119608149205,59.09119608149205,0.0,0.0,0.0,0.0,0.0,0.0,0.0,0.0,0.0,3.552713678800501e-15,0.0,0.0,0.0,-0.21075477221891958,-0.033421815504904195,0.0
1,spring_pv_high,春秋光伏大发日,65.0,23.5,0.25,31.847358403976834,21.119640766876586,5.202394312626389,0.0,0.949085960839982,-0.949085960839982,0.0,58.64886002506846,0.0,0.0,0.0,0.0,0.0,10.421160858472504,33.347714747112015,1.7341314375421295,5.202394312626389,0.0,0.0,13.697123364237006,0.0,24.390709713163623,12.22807398023543,0.0,30.974763094934517,0.0,0.0,0.0,0.0,0.0,0.0,10.708794311803555,5.642170390210917,9.781707507227301,4.125080021640103,1.3895432402610668,0.0,62.0,9.299999999999999,40.5,45.0,0.0,0.4574439762696101,1.0,18.471467874306562,14.78374853681361,2.0809577250505558,31.847358403976834,58.64886002506846,58.64886002506846,0.0,0.0,0.0,0.0,0.0,0.0,0.0,0.0,3.552713678800501e-15,0.0,0.0,0.0,0.0,-0.15398973851784348,-0.18040221554294522,0.0
1,spring_pv_high,春秋光伏大发日,65.0,23.75,0.25,31.38983055101397,20.92936633279645,5.191303809218586,0.0,0.949085960839982,-0.949085960839982,0.0,58.306083802255735,0.0,0.0,0.0,0.0,0.0,10.361700097822464,33.157440313031884,1.730434603072862,5.191303809218586,0.0,0.0,13.875032589506455,0.0,27.68481041768575,12.22807398023543,0.0,33.863443283692966,0.0,0.0,0.0,0.0,0.0,0.0,10.446972654094635,5.539675089853939,9.760886529779706,4.114596735467028,1.3837571294618645,0.0,62.0,9.299999999999999,40.5,45.0,0.0,0.45477042186007666,1.0,18.2061017195881,14.650556432957515,2.0765215236874344,31.38983055101397,58.306083802255735,58.306083802255735,0.0,0.0,0.0,0.0,0.0,0.0,0.0,0.0,7.105427357601002e-15,3.552713678800501e-15,0.0,0.0,0.0,-0.19027443408013056,-0.01109050340780282,0.0
2,summer_commercial,夏季商业制冷日,75.0,0.0,0.25,35.865503588695105,11.220387926486076,16.638799066707236,0.0,5.0,-5.0,0.0,54.19910764450126,0.0,0.0,0.0,0.0,0.0,3.717941239617446,11.897411966775827,5.546266355569078,16.638799066707236,0.0,0.0,4.069396460619629,0.0,28.649907836562026,0.6770240402897514,0.0,34.007304771619935,0.0,0.0,0.0,0.0,0.0,0.0,10.800248896076246,7.161216077430938,10.88604231108671,5.628828109456821,1.5033616864879322,0.0,52.0,7.8,40.0,45.0,0.0,0.4227372075189169,1.0,22.236612224990964,6.171213359567342,11.314383365360921,35.865503588695105,54.19910764450126,54.19910764450126,0.0,0.0,0.0,0.0,0.0,0.0,0.0,0.0,0.0,0.0,0.0,-5.22189198091147,-1.163988118766657,11.897411966775827,-0.7340492883750187,0.0
2,summer_commercial,夏季商业制冷日,75.0,0.25,0.25,36.02019559821904,11.171278798554416,16.629109557471594,0.0,5.0,-5.0,0.0,56.32368257837457,0.0,0.0,0.0,0.0,0.0,5.180717380156863,16.57829561650196,5.543036519157198,16.629109557471594,0.0,0.0,4.579733080841472,0.0,29.73616194787005,5.407016817947545,0.0,35.27446761349668,0.0,0.0,0.0,0.0,0.0,0.0,10.802779377588152,7.164806381146325,10.899290387541278,5.629754863276316,1.5041430289633455,0.0,52.0,7.8,40.0,45.0,0.0,0.439308271393276,1.0,22.332521270895803,6.144203339204929,11.307794499080684,36.02019559821904,56.32368257837457,56.32368257837457,0.0,0.0,0.0,0.0,0.0,0.0,0.0,0.0,0.0,0.0,0.0,0.0,0.0,4.680883649726134,-0.009689509235641935,0.0
2,summer_commercial,夏季商业制冷日,75.0,0.5,0.25,36.093070397866406,11.247698741288202,16.631033983968724,0.0,5.0,-5.0,0.0,57.62720369999721,0.0,0.0,0.0,0.0,0.0,5.180717380156863,16.57829561650196,5.543677994656242,16.631033983968724,0.0,0.0,5.809737927317699,0.0,31.114487897510607,5.330596875213759,0.0,36.52284713755321,0.0,0.0,0.0,0.0,0.0,0.0,10.810097082719759,7.1694270177197215,10.914577656051852,5.630882951353882,1.5050860692310126,0.0,52.0,7.8,40.0,45.0,0.0,0.4494753553702127,1.0,22.377703646677173,6.186234307708512,11.309103109098732,36.093070397866406,57.62720369999721,57.62720369999721,0.0,0.0,0.0,0.0,0.0,0.0,0.0,0.0,0.0,0.0,0.0,0.0,0.0,0.0,0.001924426497129872,0.0
2,summer_commercial,夏季商业制冷日,75.0,0.75,0.25,36.281524590115566,11.294681826558856,16.57059784324003,0.0,5.0,-5.0,0.0,58.554309502077665,0.0,0.0,0.0,0.0,0.0,5.180717380156863,16.57829561650196,5.523532614413344,16.57059784324003,0.0,0.0,6.5685349173918945,0.0,32.67295921599631,5.2836137899431055,0.0,37.75944398909592,0.0,0.0,0.0,0.0,0.0,0.0,10.822292813175142,7.175334517443033,10.932130284561339,5.632250300685855,1.5062194231045318,0.0,52.0,7.8,40.0,45.0,0.0,0.4567065098094471,1.0,22.494545245871652,6.212075004607371,11.268006533403222,36.281524590115566,58.554309502077665,58.554309502077665,0.0,0.0,0.0,0.0,0.0,0.0,0.0,0.0,0.0,0.0,0.0,0.0,0.0,0.0,-0.060436140728693744,0.0
2,summer_commercial,夏季商业制冷日,75.0,1.0,0.25,36.34087771781594,11.4888246922635,16.377699418518763,0.0,5.0,-5.0,0.0,60.77455384108409,0.0,0.0,0.0,0.0,0.0,5.180717380156863,16.57829561650196,5.459233139506254,16.377699418518763,0.0,0.0,8.793725603605033,0.0,34.7598353988917,5.089470924238462,0.0,38.94931361160801,0.0,0.0,0.0,0.0,0.0,0.0,10.839509768292562,7.182837374793116,10.952183107556923,5.633900621154272,1.50757567744426,0.0,52.0,7.8,40.0,45.0,0.0,0.47402376709784244,1.0,22.531344185045885,6.318853580744925,11.13683560459276,36.34087771781594,60.77455384108409,60.77455384108409,0.0,0.0,0.0,0.0,0.0,0.0,0.0,0.0,0.0,0.0,0.0,0.0,0.0,0.0,-0.1928984247212675,0.0
2,summer_commercial,夏季商业制冷日,75.0,1.25,0.25,36.461930413902955,11.666950240636492,16.54075321169434,0.0,5.0,-5.0,0.0,59.47759969679477,0.0,0.0,0.0,0.0,0.0,5.180717380156863,16.57829561650196,5.513584403898114,16.54075321169434,0.0,0.0,7.321367498836836,0.0,36.4969221880955,4.911345375865469,0.0,40.09628348157026,0.0,0.0,0.0,0.0,0.0,0.0,10.861978387728772,7.192303229390324,10.974976813418696,5.63588399043293,1.5091917114992284,0.0,52.0,7.8,40.0,45.0,0.0,0.4639079036258249,1.0,22.60639685661983,6.416822632350071,11.247712183952153,36.461930413902955,59.47759969679477,59.47759969679477,0.0,0.0,0.0,0.0,0.0,0.0,0.0,0.0,0.0,0.0,0.0,0.0,0.0,0.0,0.16305379317557822,0.0
2,summer_commercial,夏季商业制冷日,75.0,1.5,0.25,37.01408122538998,11.791761052945454,16.492383206622936,0.0,5.0,-5.0,0.0,58.3809690992551,0.0,0.0,0.0,0.0,0.0,5.180717380156863,16.57829561650196,5.497461068874312,16.492383206622936,0.0,0.0,5.688709424833939,0.0,37.84616583038416,4.786534563556508,0.0,41.213037298674145,0.0,0.0,0.0,0.0,0.0,0.0,10.890062646560159,7.2041661442393465,11.000754527572566,5.638257435527455,1.5111089965382423,0.0,52.0,7.8,40.0,45.0,0.0,0.45535450530191807,1.0,22.948730359741788,6.48546857912,11.214820580503597,37.01408122538998,58.3809690992551,58.3809690992551,0.0,0.0,0.0,0.0,0.0,0.0,0.0,0.0,7.105427357601002e-15,0.0,0.0,0.0,0.0,0.0,-0.048370005071404876,0.0
2,summer_commercial,夏季商业制冷日,75.0,1.75,0.25,37.04041919399874,11.76808767657235,16.345263570896506,0.0,5.0,-5.0,0.0,60.32340143849734,0.0,0.0,0.0,0.0,0.0,5.180717380156863,16.57829561650196,5.448421190298835,16.345263570896506,0.0,0.0,7.653843674042904,0.0,39.662061394677835,4.810207939929612,0.0,42.33485516575809,0.0,0.0,0.0,0.0,0.0,0.0,10.924318493076617,7.218933707901392,11.02975778964715,5.64108549512365,1.5133738613170247,0.0,52.0,7.8,40.0,45.0,0.0,0.47050491014385115,1.0,22.96505990027922,6.472448222114793,11.114779228209626,37.04041919399874,60.32340143849734,60.32340143849734,0.0,0.0,0.0,0.0,0.0,0.0,0.0,0.0,0.0,0.0,0.0,0.0,0.0,0.0,-0.14711963572642972,0.0
2,summer_commercial,夏季商业制冷日,75.0,2.0,0.25,37.014211316948355,11.918898110101388,16.351009808762004,0.0,5.0,-5.0,0.0,61.78350400622284,0.0,0.0,0.0,0.0,0.0,5.180717380156863,16.57829561650196,5.450336602920668,16.351009808762004,0.0,0.0,9.138238706196951,0.0,41.830409984329876,4.659397506400573,0.0,43.420294645945354,0.0,0.0,0.0,0.0,0.0,0.0,10.965563256573219,7.237193616268031,11.0622219435837,5.644440743941924,1.5160377092753505,0.0,52.0,7.8,40.0,45.0,0.0,0.48189328366136425,1.0,22.94881101650798,6.555393960555764,11.118686669958164,37.014211316948355,61.78350400622284,61.78350400622284,0.0,0.0,0.0,0.0,0.0,0.0,0.0,0.0,7.105427357601002e-15,0.0,0.0,0.0,0.0,0.0,0.005746237865498216,0.0
2,summer_commercial,夏季商业制冷日,75.0,2.25,0.25,37.127357823621246,11.987340638138239,16.326667418239587,0.0,5.0,-5.0,0.0,60.97716611285257,0.0,0.0,0.0,0.0,0.0,5.180717380156863,16.57829561650196,5.442222472746529,16.326667418239587,0.0,0.0,8.226868436327933,0.0,43.782199717458546,4.5909549783637225,0.0,44.48893630598377,0.0,0.0,0.0,0.0,0.0,0.0,11.014951931452327,7.2596193172584895,11.098370983316965,5.648404257304794,1.519157171837129,0.0,52.0,7.8,40.0,45.0,0.0,0.4756040836325402,1.0,23.018961850645173,6.593037350976032,11.10213384440292,37.127357823621246,60.97716611285257,60.97716611285257,0.0,0.0,0.0,0.0,0.0,0.0,0.0,0.0,0.0,0.0,0.0,0.0,0.0,0.0,-0.024342390522416935,0.0
2,summer_commercial,夏季商业制冷日,75.0,2.5,0.25,37.12914801713229,12.369516564489809,16.478550767362194,0.0,5.0,-5.0,0.0,61.37352536972677,0.0,0.0,0.0,0.0,0.0,5.180717380156863,16.57829561650196,5.492850255787398,16.478550767362194,0.0,0.0,8.570809716650224,0.0,45.8155779151771,4.208779052012153,0.0,45.466276862683664,0.0,0.0,0.0,0.0,0.0,0.0,11.074052259322116,7.286974232144823,11.138411922711214,5.6530659912318635,1.5227941808836123,0.0,52.0,7.8,40.0,45.0,0.0,0.47869557005560626,1.0,23.020071770622017,6.803234110469395,11.205414521806292,37.12914801713229,61.37352536972677,61.37352536972677,0.0,0.0,0.0,0.0,0.0,0.0,0.0,0.0,0.0,0.0,0.0,0.0,0.0,0.0,0.15188334912260615,0.0
2,summer_commercial,夏季商业制冷日,75.0,2.75,0.25,37.18164696463521,12.503533517936813,16.524209777081396,0.0,5.0,-5.0,0.0,60.91190164424376,0.0,0.0,0.0,0.0,0.0,5.180717380156861,16.578295616501958,5.508069925693799,16.524209777081396,0.0,0.0,8.041467373757891,0.0,47.72313563754884,4.074762098565145,0.0,46.411299722661546,0.0,0.0,0.0,0.0,0.0,0.0,11.144905762535354,7.320114005388202,11.182528786169541,5.658525050714976,1.5270159424802652,0.0,52.0,7.8,40.0,45.0,0.0,0.4750950398418037,1.0,23.052621118073834,6.876943434865248,11.23646264841535,37.18164696463521,60.91190164424376,60.91190164424376,0.0,0.0,0.0,0.0,0.0,0.0,0.0,0.0,0.0,0.0,0.0,0.0,0.0,-3.552713678800501e-15,0.045659009719202004,0.0
2,summer_commercial,夏季商业制冷日,75.0,3.0,0.25,37.17125658961716,12.77959201574239,16.56084334238649,0.0,5.0,-5.0,0.0,57.89087865655697,0.0,0.0,0.0,0.0,0.0,5.180717380156861,16.578295616501958,5.520281114128831,16.56084334238649,0.0,0.0,5.018623572654123,0.0,48.912672579272325,3.798703600759568,0.0,47.29028617798062,0.0,0.0,0.0,0.0,0.0,0.0,11.230056998906337,7.359986186762286,11.230876344793565,5.664889816546321,1.5318947933621572,0.0,52.0,7.8,40.0,45.0,0.0,0.451531943009254,1.0,23.04617908556264,7.028775608658315,11.261373472822815,37.17125658961716,57.89087865655697,57.89087865655697,0.0,0.0,0.0,0.0,0.0,0.0,0.0,0.0,0.0,0.0,0.0,0.0,0.0,0.0,0.03663356530509532,0.0
2,summer_commercial,夏季商业制冷日,75.0,3.25,0.25,37.081572814466334,12.895517871970299,16.565771014784925,0.0,5.0,-5.0,0.0,56.09257410400127,0.0,0.0,0.0,0.0,0.0,5.180717380156861,16.578295616501958,5.521923671594975,16.565771014784925,0.0,0.0,3.3083602377831003,0.0,49.69596250211684,3.682777744531659,0.0,48.141300749217905,0.0,0.0,0.0,0.0,0.0,0.0,11.332529407312236,7.407626721703788,11.283573751014043,5.672277899340465,1.5375079216242937,0.0,52.0,7.8,40.0,45.0,0.0,0.4375056928022899,1.0,22.990575144969128,7.0925348295836645,11.26472429005375,37.081572814466334,56.09257410400127,56.09257410400127,0.0,0.0,0.0,0.0,0.0,0.0,0.0,0.0,0.0,0.0,0.0,0.0,0.0,0.0,0.004927672398434169,0.0
2,summer_commercial,夏季商业制冷日,75.0,3.5,0.25,37.465375661051674,13.076176956206515,16.772333381990045,0.0,5.0,-5.0,0.0,53.82289629980569,0.0,1.4806649970262384,0.0,0.0,0.0,5.180717380156861,16.578295616501958,5.590777793996682,16.772333381990045,0.0,0.0,0.5860254646004729,0.0,49.83265875183435,3.5021186602954426,0.0,48.94898328066347,0.0,0.0,0.0,0.0,0.0,0.0,11.455724659642602,7.46415262514529,11.340698250922879,5.6808158883837745,1.5439369336234074,0.0,52.0,7.8,40.0,45.0,0.0,0.431351623385,1.0,23.22853290985204,7.191897325913584,11.405186699753232,37.465375661051674,55.30356129683193,53.82289629980569,1.4806649970262384,0.0,0.0,0.0,0.0,0.0,0.0,0.0,0.0,0.0,0.0,0.0,0.0,0.0,0.20656236720511956,0.0
2,summer_commercial,夏季商业制冷日,75.0,3.75,0.25,37.797320452704,13.429527620437453,16.775673475802186,0.0,5.0,-5.0,0.0,53.58042007751461,0.0,2.299978969225954,0.0,0.0,0.0,5.180717380156861,16.578295616501958,5.5918911586007285,16.775673475802186,0.0,0.0,0.010491086053015783,0.0,49.83265875183435,3.148767996064505,0.0,49.67234118808846,0.0,0.0,0.0,0.0,0.0,0.0,11.603225031301811,7.530750247326735,11.402279176656377,5.690638862842514,1.5512672503706577,0.0,52.0,7.8,40.0,45.0,0.0,0.43585078933413923,1.0,23.43433868067648,7.386240191240599,11.407457963545488,37.797320452704,55.880399046740564,53.58042007751461,2.299978969225954,0.0,0.0,0.0,0.0,0.0,0.0,0.0,0.0,0.0,0.0,0.0,0.0,0.0,0.003340093812141731,0.0
2,summer_commercial,夏季商业制冷日,75.0,4.0,0.25,38.17832442722829,13.773288520730473,16.90334585843214,0.0,5.0,-5.0,0.0,54.00398151291555,0.0,1.4645227580305544,0.0,0.0,0.0,5.180717380156861,16.578295616501958,5.6344486194773795,16.90334585843214,0.0,0.0,0.010491086053015783,0.0,49.83265875183435,2.8050070957714848,0.0,50.313694202740145,0.0,0.0,0.0,0.0,0.0,0.0,11.778486317705907,7.608658613399654,11.468292439563575,5.701889633840963,1.5595873187619862,0.0,52.0,7.8,40.0,45.0,0.0,0.4326381304015775,1.0,23.67056114488154,7.575308686401761,11.494275183733855,38.17832442722829,55.468504270946106,54.00398151291555,1.4645227580305544,0.0,0.0,0.0,0.0,0.0,0.0,0.0,0.0,0.0,0.0,0.0,0.0,0.0,0.12767238262995306,0.0
2,summer_commercial,夏季商业制冷日,75.0,4.25,0.25,38.696330599019674,14.151625820957449,16.964254421476586,0.0,5.0,-5.0,0.0,54.54229053905508,0.0,2.4811114615857335,0.0,0.0,0.0,5.180717380156861,16.578295616501958,5.654751473825528,16.964254421476586,0.0,0.0,0.010491086053015783,0.0,49.83265875183435,2.426669795544509,0.0,50.8648714320806,0.0,0.0,0.0,0.0,0.0,0.0,11.984422890036079,7.699147436960092,11.538655756972883,5.71471768814865,1.5689876259172395,0.0,52.0,7.8,40.0,45.0,0.0,0.44476587849182364,1.0,23.9917249713922,7.7833942015265976,11.53569300660408,38.696330599019674,57.023402000640814,54.54229053905508,2.4811114615857335,0.0,0.0,0.0,0.0,0.0,0.0,0.0,0.0,0.0,0.0,0.0,0.0,0.0,0.06090856304444614,0.0
2,summer_commercial,夏季商业制冷日,75.0,4.5,0.25,39.24134556168487,14.392006598741446,16.994594638306424,0.0,5.0,-5.0,0.0,55.097418907330216,0.0,1.1620524874715983,0.0,0.0,0.0,5.180717380156861,16.578295616501958,5.664864879435474,16.994594638306424,0.0,0.0,0.010491086053015783,0.0,49.83265875183435,2.1862890177605117,0.0,51.35868263808268,0.0,0.0,0.0,0.0,0.0,0.0,12.222905988963843,7.803489574041356,11.613224849628951,5.729277807833476,1.5795595087182277,0.0,52.0,7.8,40.0,45.0,0.0,0.4388074429181454,1.0,24.329634248244616,7.915603629307796,11.55632435404837,39.24134556168487,56.259471394801814,55.097418907330216,1.1620524874715983,0.0,0.0,0.0,0.0,0.0,0.0,0.0,-7.105427357601002e-15,0.0,0.0,0.0,0.0,0.0,0.03034021682983834,0.0
2,summer_commercial,夏季商业制冷日,75.0,4.75,0.25,39.7755964783478,14.48422779373599,16.93935321321941,0.0,5.0,-5.0,0.0,55.61325601563082,0.0,0.501016133323354,0.0,0.0,0.0,5.180717380156861,16.578295616501958,5.646451071073137,16.93935321321941,0.0,0.0,0.010491086053015783,0.0,49.83265875183435,2.094067822765968,0.0,51.83034440467056,0.0,0.0,0.0,0.0,0.0,0.0,12.494219088984362,7.922927899143108,11.691790841933535,5.745728345355169,1.5913937553560473,0.0,52.0,7.8,40.0,45.0,0.0,0.43767493121470386,1.0,24.660869816575637,7.966325286554795,11.5187601849892,39.7755964783478,56.11427214895417,55.61325601563082,0.501016133323354,0.0,0.0,0.0,0.0,0.0,0.0,0.0,0.0,0.0,0.0,0.0,0.0,0.0,-0.05524142508701502,0.0
2,summer_commercial,夏季商业制冷日,75.0,5.0,0.25,40.458281756771235,14.87298593377298,17.05797451882058,0.0,5.0,-5.0,0.0,55.259070252308625,0.0,0.0,0.0,0.0,0.0,5.180717380156861,16.578295616501958,5.685991506273527,17.05797451882058,0.0,0.0,0.0,1.0659203908929964,49.54966175287229,1.705309682728977,0.0,52.20944028211636,0.0,0.0,0.0,0.0,0.0,0.0,12.796536288141432,8.058636846079724,11.774079081845699,5.764229140256898,1.6045790012890015,0.0,52.0,7.8,40.0,45.0,0.0,0.4310046062340029,1.0,25.084134689198166,8.18014226357514,11.599422672797994,40.458281756771235,55.259070252308625,55.259070252308625,0.0,0.0,0.0,0.0,0.0,0.0,0.0,0.0,0.0,0.0,0.0,0.0,0.0,0.0,0.11862130560117023,0.0
2,summer_commercial,夏季商业制冷日,75.0,5.25,0.25,40.96733862628496,15.093037944886138,16.956185508524374,0.0,5.0,-5.0,0.3419669341850735,53.6659927504271,-2.4980018054066022e-15,0.0,0.0,0.0,0.0,5.180717380156861,16.578295616501958,5.652061836174791,16.956185508524374,0.0,0.0,0.0,2.7921581580044457,48.8124058071519,1.4852576716158197,0.0,52.53608425898406,0.0,0.0,0.0,0.0,0.0,0.0,13.125506155735758,8.211679157787081,11.859749570865027,5.784939071873083,1.6191999284026473,0.0,52.0,7.8,40.0,45.0,0.010323304438015882,0.41857906707339765,1.0,25.399749948296677,8.301170869687377,11.530206145796575,40.96733862628496,54.007959684612175,54.007959684612175,-2.4980018054066022e-15,0.0,0.0,0.0,0.0,0.0,0.0,0.0,7.105427357601002e-15,0.0,0.0,0.0,0.0,0.0,-0.10178901029620491,0.0
2,summer_commercial,夏季商业制冷日,75.0,5.5,0.25,41.54480663816084,15.40790683205418,17.155678341017296,0.0,5.0,-5.0,0.8636970111164715,52.40978209908357,1.4432899320127035e-15,0.0,0.0,0.0,0.0,5.180717380156861,16.578295616501958,5.718559447005766,17.155678341017296,0.0,0.0,0.0,4.170604355123428,47.712437724986955,1.170388784447777,0.0,52.78778355316092,0.0,0.0,0.0,0.0,0.0,0.0,13.474029012707208,8.382958720924528,11.948399156547936,5.808013252255753,1.6353352832366128,0.0,52.0,7.8,40.0,45.0,0.026073302113865562,0.40878099094477044,1.0,25.757780115659724,8.4743487576298,11.665861271891762,41.54480663816084,53.27347911020004,53.27347911020004,1.4432899320127035e-15,0.0,0.0,0.0,0.0,0.0,0.0,0.0,0.0,0.0,0.0,0.0,0.0,0.0,0.19949283249292193,0.0
2,summer_commercial,夏季商业制冷日,75.0,5.75,0.25,41.9815292131206,15.608296127515088,17.15385348395107,0.0,5.0,-5.0,1.7037880241484444,52.55653012943078,-1.5543122344752192e-15,0.0,0.0,0.0,0.0,5.180717380156861,16.578295616501958,5.717951161317024,17.15385348395107,0.0,0.0,0.0,3.6198796010152616,46.757452208096694,0.9699994889868702,0.0,52.99176454001872,0.0,0.0,0.0,0.0,0.0,0.0,13.832305981408865,8.573170709502556,12.039565590614624,5.833599874704633,1.6530557377363582,0.0,52.0,7.8,40.0,45.0,0.05143398589996714,0.409925582714893,1.0,26.02854811213477,8.584562870133299,11.664620369086729,41.9815292131206,54.26031815357923,54.26031815357923,-1.5543122344752192e-15,0.0,0.0,0.0,0.0,0.0,0.0,0.0,0.0,0.0,0.0,0.0,0.0,0.0,-0.0018248570662251495,0.0
2,summer_commercial,夏季商业制冷日,75.0,6.0,0.25,42.462030920587246,15.746394332433168,17.26194542093495,0.0,5.0,-5.0,2.6281504812031287,52.47869380275137,2.220446049250313e-15,0.0,0.0,0.0,0.0,5.180717380156861,16.578295616501958,5.753981806978317,17.26194542093495,0.0,0.0,0.0,3.289885823767923,45.889354908178944,0.83190128406879,0.0,53.162845212715055,0.0,0.0,0.0,0.0,0.0,0.0,14.188211516811846,8.782750609618112,12.132733495601082,5.861836745664072,1.6724216238937528,0.0,52.0,7.8,40.0,45.0,0.07933865767178114,0.40931848210357286,1.0,26.326459170764092,8.660516882838243,11.738122886235766,42.462030920587246,55.1068442839545,55.1068442839545,2.220446049250313e-15,0.0,0.0,0.0,0.0,0.0,0.0,0.0,0.0,0.0,0.0,0.0,0.0,0.0,0.10809193698387887,0.0
2,summer_commercial,夏季商业制冷日,75.0,6.25,0.25,43.20969859500142,15.915448782266502,17.52325152738938,0.0,5.0,-5.0,3.592747832148362,51.47885437478467,2.6645352591003757e-15,0.0,0.0,0.0,0.0,5.180717380156861,16.578295616501958,5.841083842463127,17.52325152738938,0.0,0.0,0.0,4.159897610688381,44.792350542883966,0.6628468342354559,0.0,53.29368991323962,0.0,0.0,0.0,0.0,0.0,0.0,14.527999227786704,9.011824024409306,12.227342213542741,5.892847541038627,1.6934805816070466,0.0,52.0,7.8,40.0,45.0,0.10845794120029374,0.4015200266286544,1.0,26.79001312890088,8.753496830246577,11.91581103862478,43.20969859500142,55.07160220693303,55.07160220693303,2.6645352591003757e-15,0.0,0.0,0.0,0.0,0.0,0.0,0.0,0.0,0.0,0.0,0.0,0.0,0.0,0.2613061064544304,0.0
2,summer_commercial,夏季商业制冷日,75.0,6.5,0.25,44.119424428031124,16.004595975669435,17.70452059712296,0.0,5.0,-5.0,4.561254739043569,54.15924075678994,-1.7763568394002505e-15,0.0,0.0,0.0,0.0,5.180717380156861,16.578295616501958,5.9015068657076535,17.70452059712296,0.0,0.0,0.0,1.4811531780621277,44.40033377323521,0.5736996408325226,0.0,53.40329673298073,0.0,0.0,0.0,0.0,0.0,0.0,14.837299198464097,9.260159442097738,12.322795433355283,5.926737841814067,1.7162651668298874,0.0,52.0,7.8,40.0,45.0,0.13769524647960857,0.4224262574402903,1.0,27.354043145379297,8.80252778661819,12.039074006043615,44.119424428031124,58.72049549583351,58.72049549583351,-1.7763568394002505e-15,0.0,0.0,0.0,0.0,0.0,0.0,0.0,0.0,0.0,0.0,0.0,0.0,0.0,0.18126906973358103,0.0
2,summer_commercial,夏季商业制冷日,75.0,6.75,0.25,44.653121011777735,16.084910951957507,17.971156002941537,0.0,5.0,-5.0,5.69339648902438,54.892030677833006,2.6645352591003757e-15,0.0,0.0,0.0,0.0,5.180717380156861,16.578295616501958,5.990385334313846,17.971156002941537,0.0,0.0,0.0,0.23879655939105326,44.3352725567068,0.4933846645444504,0.0,53.493773942443546,0.0,0.0,0.0,0.0,0.0,0.0,15.102312561332887,9.527126367008094,12.418472412072257,5.963591017812332,1.7407904742722486,0.0,52.0,7.8,40.0,45.0,0.1718723635739614,0.4281418047690696,1.0,27.684935027302195,8.84670102357663,12.220386082000246,44.653121011777735,60.585427166857386,60.585427166857386,2.6645352591003757e-15,0.0,0.0,0.0,0.0,0.0,0.0,0.0,-7.105427357601002e-15,0.0,0.0,0.0,0.0,0.0,0.26663540581857603,0.0
2,summer_commercial,夏季商业制冷日,75.0,7.0,0.25,45.254240751301325,16.245549593812953,18.377467511599388,0.0,5.0,-5.0,7.0696990866843095,53.825389847724075,-1.7763568394002505e-15,0.0,0.0,0.0,0.0,5.180717380156861,16.578295616501958,6.125822503866463,18.377467511599388,0.0,0.0,0.0,0.665691700916268,44.15787376652205,0.33274602268900466,0.0,53.546054235860964,0.0,0.0,0.0,0.0,0.0,0.0,15.311066222788588,9.811661340673462,12.513740522191886,6.003464041952302,1.7670518352263433,0.0,88.0,13.2,40.0,45.0,0.2134202130709721,0.4198223178708078,1.0,28.05762926580682,8.935052276597125,12.496677907887586,45.254240751301325,60.895088934408385,60.895088934408385,-1.7763568394002505e-15,0.0,0.0,0.0,0.0,0.0,0.0,0.0,0.0,0.0,0.0,0.0,0.0,0.0,0.4063115086578506,0.0
2,summer_commercial,夏季商业制冷日,75.0,7.25,0.25,45.875426078845,16.038703674726076,18.721698392102986,0.0,5.0,-5.0,8.923284804243394,54.863758157166394,0.0,0.0,0.0,0.0,0.0,5.180717380156861,16.578295616501958,6.240566130700995,18.721698392102986,0.0,0.0,1.4903333717069263,0.0,44.50962004861412,0.5395919417758819,0.0,53.64743429491481,0.0,0.0,0.0,0.0,0.0,0.0,15.454567176677592,10.11224439645156,12.607968776886102,6.046383329976434,1.795022656174443,0.0,88.0,13.2,40.0,45.0,0.2693762946433639,0.4279212873665596,1.0,28.4427641688839,8.821287021099343,12.730754906630033,45.875426078845,63.78704296140979,63.78704296140979,0.0,0.0,0.0,0.0,0.0,0.0,0.0,0.0,0.0,0.0,0.0,0.0,0.0,0.0,0.3442308805035985,0.0
2,summer_commercial,夏季商业制冷日,75.0,7.5,0.25,46.54060149859507,15.897597652725262,19.126199776372072,0.0,5.0,-5.0,10.745440752162182,56.71189831247855,-7.105427357601002e-15,0.0,0.0,0.0,0.0,5.180717380156861,16.578295616501958,6.375399925457358,19.126199776372072,0.0,0.0,4.360620260431441,0.0,45.54304187946415,0.6806979637766961,0.0,53.78227634416432,0.0,0.0,0.0,0.0,0.0,0.0,15.527698394151825,10.426888378998203,12.70054191093976,6.0923407116461,1.8246524673583497,0.0,88.0,13.2,40.0,45.0,0.3243835737206057,0.4423362407175398,1.0,28.855172929128944,8.743678708998894,13.00581584793301,46.54060149859507,67.45733906464073,67.45733906464073,-7.105427357601002e-15,0.0,0.0,0.0,0.0,0.0,0.0,0.0,0.0,0.0,0.0,0.0,0.0,0.0,0.40450138426908566,0.0
2,summer_commercial,夏季商业制冷日,75.0,7.75,0.25,47.207013927180846,15.693760856905353,19.453004619395852,0.0,5.0,-5.0,12.55776289265561,58.664273875285566,-3.552713678800501e-15,0.0,0.0,0.0,0.0,5.180717380156861,16.578295616501958,6.48433487313195,19.453004619395852,0.0,0.0,7.349970587471519,0.0,47.28638274189466,0.8845347595966047,0.0,53.965462211396435,0.0,0.0,0.0,0.0,0.0,0.0,15.52972842191521,10.753143307173115,12.790874532445669,6.141289648305275,1.8558652521421384,0.0,88.0,13.2,40.0,45.0,0.37909398962866825,0.4575641997987618,1.0,29.268348634852124,8.631568471297944,13.22804314118918,47.207013927180846,71.22203676794118,71.22203676794118,-3.552713678800501e-15,0.0,0.0,0.0,0.0,0.0,0.0,0.0,0.0,0.0,0.0,0.0,0.0,0.0,0.32680484302377977,0.0
2,summer_commercial,夏季商业制冷日,75.0,8.0,0.25,47.75255949210258,15.614153863925724,19.957239709903103,0.0,5.0,-5.0,14.244858444009488,57.887544239551225,0.0,0.0,0.0,0.0,0.0,5.180717380156861,16.578295616501958,6.652413236634367,19.957239709903103,0.0,0.0,7.546712574666907,0.0,49.07636265924096,0.9641417525762339,0.0,54.167463146527595,0.0,0.0,0.0,0.0,0.0,0.0,15.464360295347765,11.088117559811154,12.878424812916375,6.1931418178771125,1.8885581275123642,0.0,88.0,13.2,40.0,45.0,0.4300240628363389,0.4515059355306261,1.0,29.6065868851036,8.587784625159149,13.57092300273411,47.75255949210258,72.13240268356071,72.13240268356071,0.0,0.0,0.0,0.0,0.0,0.0,0.0,0.0,0.0,0.0,0.0,0.0,0.0,0.0,0.504235090507251,0.0
2,summer_commercial,夏季商业制冷日,75.0,8.25,0.25,48.049387784677215,15.284407566268262,20.368964492182595,0.0,5.0,-5.0,10.107971593852888,58.10652486792497,5.713275417716238,0.0,0.0,0.0,0.0,5.180717380156861,16.578295616501958,6.789654830727532,20.368964492182595,0.0,0.0,3.1947364662162454,0.0,49.83265875183435,1.2938880502336954,0.0,54.447677826884835,0.0,0.0,0.0,0.0,0.0,0.0,15.339312754053797,11.42851712035285,12.962707155780647,6.247764191248742,1.922600443223189,0.0,88.0,13.2,40.0,45.0,0.47761211147123633,0.45321392046548226,1.0,29.790620426499874,8.406424161447545,13.850895854684167,48.049387784677215,73.92777187949409,68.21449646177786,5.713275417716238,0.0,0.0,0.0,0.0,0.0,0.0,0.0,-7.105427357601002e-15,0.0,0.0,0.0,0.0,0.0,0.4117247822794923,0.0
2,summer_commercial,夏季商业制冷日,75.0,8.5,0.25,48.771845029594516,14.986813281834818,20.93300320956981,0.0,5.0,-5.0,9.324903985693503,56.61581724663417,8.05274041435602,0.0,0.0,0.0,0.0,5.180717380156861,16.578295616501958,6.97766773652327,20.93300320956981,0.0,0.0,0.010491086053015783,0.0,49.83265875183435,1.5914823346671394,0.0,54.79843104245484,0.0,0.0,0.0,0.0,0.0,0.0,15.165495458486799,11.770703439166885,13.043303278890782,6.304976723146637,1.9578333617716144,0.0,88.0,13.2,40.0,45.0,0.5245966660045718,0.4415868364702059,1.0,30.2385439183486,8.24274730500915,14.234442182507474,48.771845029594516,73.9934616466837,65.94072123232768,8.05274041435602,0.0,0.0,0.0,0.0,0.0,0.0,0.0,7.105427357601002e-15,0.0,0.0,0.0,0.0,0.0,0.5640387173872163,0.0
2,summer_commercial,夏季商业制冷日,75.0,8.75,0.25,49.185275447655094,14.542516434469343,21.479433997782195,0.0,5.0,-5.0,11.06091199570485,55.4753832507542,7.82805102686584,0.0,0.0,0.0,0.0,5.180717380156861,16.578295616501958,7.159811332594065,21.479433997782195,0.0,0.0,0.010491086053015783,0.0,49.83265875183435,2.0357791820326145,0.0,55.25452938266636,0.0,0.0,0.0,0.0,0.0,0.0,14.95589706842274,12.110769680878416,13.119871168558655,6.364550775640581,1.9940699735316383,0.0,88.0,13.2,40.0,45.0,0.5702203818773035,0.432691784434661,1.0,30.494870777546158,7.9983840389581395,14.606015118491893,49.185275447655094,74.36434627332488,66.53629524645905,7.82805102686584,0.0,0.0,0.0,0.0,0.0,0.0,0.0,7.105427357601002e-15,0.0,0.0,0.0,0.0,0.0,0.5464307882123833,0.0
2,summer_commercial,夏季商业制冷日,75.0,9.0,0.25,49.36759073834346,14.102070477307992,22.247311591427316,0.0,5.0,-5.0,11.472290874718588,55.50227886031053,9.216222254673283,0.0,0.0,0.0,0.0,5.180717380156861,16.578295616501958,7.415770530475772,22.247311591427316,0.0,0.0,0.010491086053015783,0.0,49.83265875183435,2.476225139193966,0.0,55.815005588533595,0.0,0.0,0.0,0.0,0.0,0.0,14.724340407256731,12.444634246080303,13.19215141257412,6.426208383100325,2.031095991035345,0.0,88.0,13.2,40.0,45.0,0.6245452353852895,0.4329015623327205,1.0,30.607906257772946,7.756138762519396,15.128171882170577,49.36759073834346,76.1907919897024,66.97456973502912,9.216222254673283,0.0,0.0,0.0,0.0,0.0,0.0,0.0,7.105427357601002e-15,0.0,0.0,0.0,0.0,0.0,0.767877593645121,0.0
2,summer_commercial,夏季商业制冷日,75.0,9.25,0.25,49.69931503189781,13.60441986448528,23.047841659378015,0.0,5.0,-5.0,12.906067888547163,54.66706949601987,9.535533699003157,0.0,0.0,0.0,0.0,5.180717380156861,16.578295616501958,7.682613886459339,23.047841659378015,0.0,0.0,0.010491086053015783,0.0,49.83265875183435,2.973875752016678,0.0,56.49339357684329,0.0,0.0,0.0,0.0,0.0,0.0,14.48426710943498,12.76814952824087,13.259970498125346,6.489622453680367,2.068671053718672,0.0,88.0,13.2,40.0,45.0,0.6774675037428118,0.4263871732643664,1.0,30.813575319776643,7.482430925466905,15.672532328377052,49.69931503189781,77.10867108357019,67.57313738456703,9.535533699003157,0.0,0.0,0.0,0.0,0.0,0.0,0.0,7.105427357601002e-15,0.0,0.0,0.0,0.0,0.0,0.8005300679506995,0.0
2,summer_commercial,夏季商业制冷日,75.0,9.5,0.25,49.68907840377054,13.360984094100578,23.929460312803695,0.0,5.0,-5.0,14.694546041871078,53.1622275990439,9.35692414903674,0.0,0.0,0.0,0.0,5.180717380156861,16.578295616501958,7.976486770934565,23.929460312803695,0.0,0.0,0.010491086053015783,0.0,49.83265875183435,3.2173115224013795,0.0,57.229258366625196,0.0,0.0,0.0,0.0,0.0,0.0,14.247695559661754,13.077222929872617,13.323240766499385,6.554417984311854,2.106530659712633,0.0,88.0,13.2,40.0,45.0,0.7260662483473668,0.4146498460475108,1.0,30.807228610337734,7.348541251755319,16.272033012706512,49.68907840377054,77.21369778995172,67.85677364091498,9.35692414903674,0.0,0.0,0.0,0.0,0.0,0.0,0.0,0.0,0.0,0.0,0.0,0.0,0.0,0.8816186534256794,0.0
2,summer_commercial,夏季商业制冷日,75.0,9.75,0.25,49.720512275599596,13.096972547931145,24.908012804837902,0.0,5.0,-5.0,15.992472259992255,52.221919416763185,9.42251419248484,0.0,0.0,0.0,0.0,5.180717380156861,16.578295616501958,8.302670934945967,24.908012804837902,0.0,0.0,0.010491086053015783,0.0,49.83265875183435,3.4813230685708128,0.0,58.02745796622745,0.0,0.0,0.0,0.0,0.0,0.0,14.024456330119106,13.367946264551717,13.381956847194502,6.620174344007675,2.144388724825195,0.0,88.0,13.2,40.0,45.0,0.767228103682617,0.4073157168992634,1.0,30.82671761087175,7.203334901362131,16.937448707289775,49.720512275599596,77.63690586924028,68.21439167675544,9.42251419248484,0.0,0.0,0.0,0.0,0.0,0.0,0.0,0.0,0.0,0.0,0.0,0.0,0.0,0.9785524920342077,0.0
2,summer_commercial,夏季商业制冷日,75.0,10.0,0.25,50.041212534289585,12.762151819109977,26.041514122471142,0.0,5.0,-5.0,19.408070782735415,49.50485492525443,7.513388313924736,0.0,0.0,0.0,0.0,5.180717380156861,16.578295616501958,8.68050470749038,26.041514122471142,0.0,0.0,0.010491086053015783,0.0,49.83265875183435,3.8161437973919803,0.0,58.904778389124935,0.0,0.0,0.0,0.0,0.0,0.0,13.821758047603364,13.63672886368265,13.43618854522113,6.686428654497108,2.181940751190348,0.0,88.0,13.2,40.0,45.0,0.8127055290673412,0.3861234075475475,1.0,31.025551771259543,7.019183500510488,17.708229603280376,50.041212534289585,76.42631402191458,68.91292570798984,7.513388313924736,0.0,0.0,0.0,0.0,0.0,0.0,0.0,0.0,0.0,0.0,0.0,0.0,0.0,1.1335013176332396,0.0
2,summer_commercial,夏季商业制冷日,75.0,10.25,0.25,50.13303177625218,12.306771711800968,27.037327789359132,0.0,5.0,-5.0,24.599241024212226,44.73744181470288,3.1665082073624298,0.0,0.0,0.0,0.0,5.180717380156861,16.578295616501958,9.012442596453043,27.037327789359132,0.0,0.0,0.010491086053015783,0.0,49.83265875183435,4.27152390470099,0.0,59.889812927296944,0.0,0.0,0.0,0.0,0.0,0.0,13.644084206682432,13.88042904028454,13.486070320856909,6.752680268444092,2.2188675697091758,0.0,88.0,13.2,40.0,45.0,0.8381929760262303,0.3489389778948925,1.0,31.082479701276352,6.768724441490533,18.38538289676421,50.13303177625218,72.50319104627754,69.33668283891511,3.1665082073624298,0.0,0.0,0.0,0.0,0.0,0.0,0.0,0.0,0.0,0.0,0.0,0.0,0.0,0.9958136668879902,0.0
2,summer_commercial,夏季商业制冷日,75.0,10.5,0.25,50.27061884379118,11.970590817284956,28.079718378474887,0.0,5.0,-5.0,26.936766164063165,42.8849672720962,1.7641691972898705,0.0,0.0,0.0,0.0,5.180717380156861,16.578295616501958,9.359906126158295,28.079718378474887,0.0,0.0,0.010491086053015783,0.0,49.83265875183435,4.607704799217002,0.0,60.95419791064734,0.0,0.0,0.0,0.0,0.0,0.0,13.493377205678009,14.096478086199372,13.531787673434247,6.81839631458311,2.2548396019890076,0.0,88.0,13.2,40.0,45.0,0.866424393040038,0.33449021758913344,1.0,31.16778368315053,6.5838249495067265,19.094208497362924,50.27061884379118,71.58590263344924,69.82173343615936,1.7641691972898705,0.0,0.0,0.0,0.0,0.0,0.0,0.0,0.0,0.0,0.0,0.0,0.0,0.0,1.0423905891157546,0.0
2,summer_commercial,夏季商业制冷日,75.0,10.75,0.25,50.59294747941569,11.633793077091635,28.874237700082155,0.0,4.924470745409356,-4.924470745409356,28.996687222090074,39.781037239353495,7.105427357601002e-15,0.0,0.0,0.0,0.0,3.6355603365911358,11.633793077091635,9.624745900027385,28.874237700082155,0.0,0.0,0.0,0.0,49.83016711889676,0.0,0.0,60.923720811692014,0.0,0.0,0.0,0.0,0.0,0.0,13.369436128256174,14.282990739455872,13.573560911182161,6.883018246991057,2.289521569660788,0.0,88.0,13.2,40.0,45.0,0.8753525559449516,0.310280470023135,1.0,31.36762743723773,6.3985861924003995,19.634481636055867,50.59294747941569,68.77772446144357,68.77772446144357,7.105427357601002e-15,0.0,0.0,0.0,0.0,0.0,0.0,0.0,7.105427357601002e-15,0.0,0.0,0.07552925459064408,0.0,-4.944502539410323,0.7945193216072681,0.0
2,summer_commercial,夏季商业制冷日,75.0,11.0,0.25,50.605848819241466,11.521492570774793,29.943436375487707,0.0,2.9072225466173167,-2.9072225466173167,29.112651310937267,37.98203194178454,-7.105427357601002e-15,0.0,0.0,0.0,0.0,3.6004664283671226,11.521492570774793,9.981145458495902,29.943436375487707,0.0,0.0,0.0,0.0,49.827675610540815,0.0,0.0,60.89325895128617,0.0,0.0,0.0,0.0,0.0,0.0,13.270441989687328,14.438856093728655,13.611626948260016,6.945969303480762,2.3225775623986644,0.0,70.0,10.5,40.0,45.0,0.878853282106969,0.2962487542097623,1.0,31.375626267929707,6.336820913926137,20.361536735331644,50.605848819241466,67.09468325272181,67.09468325272181,-7.105427357601002e-15,0.0,0.0,0.0,0.0,0.0,0.0,0.0,0.0,0.0,0.0,2.017248198792039,0.0,-0.11230050631684207,1.069198675405552,0.0
2,summer_commercial,夏季商业制冷日,75.0,11.25,0.25,50.869173103926286,11.490510305037311,30.963896116667943,0.0,1.39348436691246,-1.39348436691246,28.988283148111435,37.18645749860745,-3.552713678800501e-15,0.0,0.0,0.0,0.0,3.59078447032416,11.490510305037311,10.32129870555598,30.963896116667943,0.0,0.0,0.0,0.0,49.825184226760285,0.0,0.0,60.86281232181053,0.0,0.0,0.0,0.0,0.0,0.0,13.193527110222497,14.563803261131435,13.646219908200074,7.006662746906379,2.3536763613451477,0.0,70.0,10.5,40.0,45.0,0.8750988535967759,0.2900435059483323,1.0,31.5388873244343,6.319780667770522,21.055449359334204,50.869173103926286,66.17474064671889,66.17474064671889,-3.552713678800501e-15,0.0,0.0,0.0,0.0,0.0,0.0,0.0,0.0,0.0,0.0,1.5137381797048568,0.0,-0.03098226573748164,1.020459741180236,0.0
2,summer_commercial,夏季商业制冷日,75.0,11.5,0.25,51.080979902603616,11.352779780902049,31.980578637777782,0.0,1.012276296151746,-1.012276296151746,29.35932868460897,35.846910156633356,-3.552713678800501e-15,0.0,0.0,0.0,0.0,3.5772421820756617,11.447174982642117,10.660192879259261,31.980578637777782,0.0,0.0,0.0,1.124452418847983,49.52678443627316,0.09439520174006866,0.0,60.8547997760629,0.0,0.0,0.0,0.0,0.0,0.0,13.135320058074466,14.658436760164262,13.677551420646282,7.064510734197663,2.3824969025845952,0.0,70.0,10.5,40.0,45.0,0.8862999834450728,0.2795954279762779,1.0,31.670207539614243,6.244028879496128,21.746793473688893,51.080979902603616,65.20623884124232,65.20623884124232,-3.552713678800501e-15,0.0,0.0,0.0,0.0,0.0,0.0,0.0,2.1316282072803006e-14,0.0,0.0,0.38120807076071395,0.0,-0.043335322395194,1.0166825211098391,0.0
2,summer_commercial,夏季商业制冷日,75.0,11.75,0.25,51.068239978988586,11.243287687643889,32.91078383966839,0.0,1.012276296151746,-1.012276296151746,30.03209296061567,36.20747941810254,7.105427357601002e-15,0.0,0.0,0.0,0.0,3.5772421820756617,11.447174982642117,10.970261279889463,32.91078383966839,0.0,0.0,0.0,0.38844735838724964,49.42208510800207,0.20388729499822844,0.0,60.87279560873695,0.0,0.0,0.0,0.0,0.0,0.0,13.092418964157934,14.724237585173887,13.705791567134506,7.1189336323540084,2.40873375636107,0.0,70.0,10.5,40.0,45.0,0.9066094044503211,0.2824077628898049,1.0,31.662308786972922,6.183808228204139,22.379333010974506,51.068239978988586,66.23957237871821,66.23957237871821,7.105427357601002e-15,0.0,0.0,0.0,0.0,0.0,0.0,0.0,-7.105427357601002e-15,0.0,0.0,0.0,0.0,0.0,0.9302052018906082,0.0
2,summer_commercial,夏季商业制冷日,75.0,12.0,0.25,51.01000747541365,11.156144487812417,33.85539198067387,0.0,1.012276296151746,-1.012276296151746,31.28780144056047,37.33599095472697,7.105427357601002e-15,0.0,0.0,0.0,0.0,3.5772421820756617,11.447174982642117,11.285130660224624,33.85539198067387,0.0,0.0,1.7391357814218031,0.0,49.83265875183435,0.2910304948297,0.0,60.91147895345465,0.0,0.0,0.0,0.0,0.0,0.0,13.061768698594138,14.76352720809155,13.73105145490168,7.169369579523042,2.432102492359528,0.0,70.0,10.5,40.0,45.0,0.9445167563840984,0.2912098232258277,1.0,31.626204634756462,6.13587946829683,23.021666546858235,51.01000747541365,68.62379239528744,68.62379239528744,7.105427357601002e-15,0.0,0.0,0.0,0.0,0.0,0.0,0.0,-6.394884621840902e-14,0.0,0.0,0.0,0.0,0.0,0.9446081410054816,0.0
2,summer_commercial,夏季商业制冷日,75.0,12.25,0.25,51.121408256776874,11.139070996665634,34.903083162608816,0.0,0.18053361145754376,-0.18053361145754376,31.800695096110566,34.72334109445547,3.552713678800501e-15,0.0,0.0,0.0,0.0,3.5772421820756617,11.447174982642117,11.63436105420294,34.903083162608816,0.0,0.0,0.010491086053015783,0.0,49.83265875183435,0.3081039859764836,0.0,60.95419791064734,0.0,0.0,0.0,0.0,0.0,0.0,13.040937198469715,14.779393334761169,13.753368370720553,7.215284073631873,2.4523447998951764,0.0,70.0,10.5,40.0,45.0,0.96,0.2708319174971914,1.0,31.695273119201662,6.126489048166099,23.734096550573998,51.121408256776874,66.52403619056604,66.52403619056604,3.552713678800501e-15,0.0,0.0,0.0,0.0,0.0,0.0,0.0,-1.4210854715202004e-14,0.0,0.0,0.8317426846942022,0.0,0.0,1.047691181934944,0.0
2,summer_commercial,夏季商业制冷日,75.0,12.5,0.25,51.16906218792246,11.07626837383098,35.80113644181478,0.0,0.0,0.0,31.800695096110566,34.01042617234575,3.552713678800501e-15,0.0,0.788785372924745,0.27607488052366075,0.35495341781613526,2.98442181378593,9.550149804114977,11.933712147271594,35.80113644181478,0.0,0.0,0.0,0.0,49.83016711889676,0.0,1.1711651518998656,60.61551945592889,0.0,0.0,0.0,0.0,0.0,0.0,13.02830051528454,14.775578034280047,13.772694387592276,7.256179361629174,2.469233234476344,0.0,70.0,10.5,40.0,45.0,0.96,0.26527138935440364,1.0,31.724818556511924,6.091947605607039,24.344772780434056,51.16906218792246,65.81112126845632,65.81112126845632,3.552713678800501e-15,0.15775707458494903,0.03943926864623726,2.957945148467794,0.0,0.0,0.0,0.0,7.105427357601002e-15,-1.7763568394002505e-15,0.0,0.18053361145754376,0.27607488052366075,-1.8970251785271408,0.8980532792059677,0.0
2,summer_commercial,夏季商业制冷日,75.0,12.75,0.25,51.228920904474386,11.115772703188515,36.55587703435101,0.0,0.0,0.0,31.800695096110573,34.28141291242619,-3.552713678800501e-15,0.0,0.9043630128779173,0.31652705450727103,0.4069633557950628,2.9844218137862235,9.550149804115916,12.18529234478367,36.55587703435101,0.0,0.0,0.0,0.0,49.827675610540815,0.0,1.158659543277534,60.280301290075265,0.0,0.0,0.0,0.0,0.0,0.0,13.0231539344843,14.756330807681888,13.788889166874203,7.291603399816559,2.4825754689579003,0.0,70.0,10.5,40.0,45.0,0.96,0.26738500676906013,1.0,31.76193096077412,6.113674986753684,24.857996383358692,51.228920904474386,66.08210800853676,66.08210800853676,-3.552713678800501e-15,0.18087260257558346,0.045218150643895866,3.39136129829219,0.0,0.0,0.0,0.0,-2.4158453015843406e-13,-3.552713678800501e-15,0.0,0.0,0.040452173983610284,9.396927680427325e-13,0.7547405925362298,0.0
2,summer_commercial,夏季商业制冷日,75.0,13.0,0.25,51.232607628436554,11.044371383757314,37.32280056423927,0.0,0.0,0.0,31.800695096110566,32.954754650102466,3.552713678800501e-15,0.0,0.9043630128779154,0.31652705450727037,0.40696335579506193,2.9844218137858567,9.550149804114742,12.440933521413092,37.32280056423927,0.0,0.0,0.0,1.5859861629151952,49.40781944704576,0.0,1.0872582238475097,59.9640405542072,0.0,0.0,0.0,0.0,0.0,0.0,13.025768209732236,14.726231169993511,13.801717521347303,7.321158160333602,2.4922179382602434,0.0,75.60000000000001,11.340000000000002,40.0,45.0,0.96,0.257037459853248,1.0,31.764216729630665,6.074404261066523,25.379504383682708,51.232607628436554,64.75544974621303,64.75544974621303,3.552713678800501e-15,0.1808726025755831,0.045218150643895776,3.3913612982921832,0.0,0.0,0.0,0.0,-7.105427357601002e-15,0.0,0.0,0.0,-6.661338147750939e-16,-1.1741718708435656e-12,0.7669235298882597,0.0
2,summer_commercial,夏季商业制冷日,75.0,13.25,0.25,51.141742033102055,11.080683611587913,37.96758504404042,-0.0,0.0,-0.0,31.68347131967333,34.1551441979358,0.0,0.0,0.9043630128779422,0.31652705450727975,0.406963355795074,2.9844218137858567,9.550149804114742,12.655861681346806,37.96758504404042,0.0,0.0,0.0,0.6268829561183105,49.24037985709491,0.0,1.1235704516780967,59.638382099277976,0.0,0.0,0.0,0.0,0.0,0.0,13.037406863655322,14.689987278441514,13.81085208825159,7.344507070676325,2.4980487811074754,0.0,75.60000000000001,11.340000000000002,40.0,45.0,0.9564612463645955,0.26640014768040526,1.0,31.707880060523273,6.094375986373353,25.81795782994749,51.141742033102055,65.83861551760913,65.83861551760913,0.0,0.18087260257558846,0.045218150643897115,3.3913612982922836,0.0,0.0,0.0,0.0,-7.105427357601002e-15,0.0,0.0,-0.0,9.381384558082573e-15,0.0,0.644784479801146,0.0
2,summer_commercial,夏季商业制冷日,75.0,13.5,0.25,51.14503529313214,11.060922077749035,38.6012487409388,-0.0,0.0,-0.0,30.595847777244728,37.18299952814682,-3.552713678800501e-15,0.0,-0.0,0.0,0.0,2.9844218137858567,9.550149804114742,12.867082913646266,38.6012487409388,0.0,0.0,0.7823072848272904,0.0,49.42371581824854,0.0,1.5107722736342932,59.21099125727195,0.0,0.0,0.0,0.0,0.0,0.0,13.060314374988376,14.65221892820288,13.815881215722763,7.361381391955426,2.5,0.0,75.60000000000001,11.340000000000002,40.0,45.0,0.9236280457827892,0.2900165347888476,1.0,31.709921881741927,6.08350714276197,26.248849143838385,51.14503529313214,67.77884730539155,67.77884730539155,-3.552713678800501e-15,0.0,0.0,0.0,0.0,0.0,0.0,0.0,-7.105427357601002e-15,0.0,0.0,0.0,-0.31652705450727975,0.0,0.6336636968983811,0.0
2,summer_commercial,夏季商业制冷日,75.0,13.75,0.25,51.22922409954255,11.121007910055688,39.15069452824788,0.0,0.0,0.0,29.48523068215834,37.778646740586176,3.552713678800501e-15,0.0,0.0,0.0,0.0,2.9844218137858567,9.550149804114742,13.05023150941596,39.15069452824788,0.0,0.0,0.0,0.0,49.421244632457636,0.0,1.570858105940946,58.768002049553594,0.0,0.0,0.0,0.0,0.0,0.0,13.097677678135534,14.617234728265517,13.816321904003782,7.371585366938083,2.4980487811074754,0.0,75.60000000000001,11.340000000000002,40.0,45.0,0.8901007153876329,0.29466240905129193,1.0,31.76211894171638,6.116554350530629,26.622472279208562,51.22922409954255,67.26387742274451,67.26387742274451,3.552713678800501e-15,0.0,0.0,0.0,0.0,0.0,0.0,0.0,1.4921397450962104e-13,0.0,0.0,0.0,0.0,0.0,0.5494457873090823,0.0
2,summer_commercial,夏季商业制冷日,75.0,14.0,0.25,51.004275707191,11.127488672644729,39.450073028655225,0.0,0.0,0.0,28.321455737896834,39.479821247299235,-3.552713678800501e-15,0.0,-4.1286012221203903e-13,-1.4450104277421366e-13,-1.8578705499541758e-13,2.554164221604045,8.173325509132944,13.150024342885075,39.450073028655225,0.0,0.0,1.092812713515807,0.0,49.67831658968602,0.0,2.9541631635119714,57.96120668970988,0.0,0.0,0.0,0.0,0.0,0.0,13.153556316098719,14.588814338369328,13.811637378607154,7.375,2.4922179382602434,0.0,75.60000000000001,11.340000000000002,40.0,45.0,0.8549686548111427,0.30793107327335334,1.0,31.62265093845842,6.120118769954601,26.826049659485555,51.004275707191,67.80127698519607,67.80127698519607,-3.552713678800501e-15,-8.257202444240781e-14,-2.0643006110601952e-14,-1.5482254582951465e-12,0.0,0.0,0.0,0.0,0.0,0.0,0.0,0.0,-1.4450104277421366e-13,-1.3768242949817981,0.29937850040734304,0.0
2,summer_commercial,夏季商业制冷日,75.0,14.25,0.25,51.00437638575586,10.967773712534942,39.96305621293722,0.0,0.0,0.0,27.070763468357676,39.74715856430918,-3.552713678800501e-15,0.0,0.17610660668259936,0.061637312338909775,0.07924797300716972,2.554164221604168,8.173325509133338,13.321018737645739,39.96305621293722,0.0,0.0,0.0,0.0,49.67583267385653,0.0,2.715200230394434,57.21769970994545,0.0,0.0,0.0,0.0,0.0,0.0,13.232771063136221,14.570007179996383,13.8012586214009,7.371585366938083,2.4825754689579003,0.0,75.60000000000001,11.340000000000002,40.0,45.0,0.8172127323343273,0.3100162262540934,1.0,31.622713359168635,6.032275541894219,27.17487822479731,51.00437638575586,66.81792203266686,66.81792203266686,-3.552713678800501e-15,0.035221321336519874,0.008805330334129969,0.6603997750597477,0.0,0.0,0.0,0.0,7.105427357601002e-15,0.0,0.0,0.0,0.06163731233905428,3.943512183468556e-13,0.5129831842819925,0.0
2,summer_commercial,夏季商业制冷日,75.0,14.5,0.25,51.24070902115697,10.899268140117057,40.275144732147915,-0.0,0.0,-0.0,25.821700513159556,39.74881053628337,7.105427357601002e-15,0.0,3.4985710095870783,1.2244998533554774,1.5743569543141853,2.5541642216044322,8.173325509134184,13.425048244049306,40.275144732147915,0.0,0.0,0.0,0.42491058401226667,49.56153030748277,0.0,1.151585676668688,56.88604199780924,0.0,0.0,0.0,0.0,0.0,0.0,13.340737782408976,14.562958938621975,13.784608962353852,7.361381391955426,2.469233234476344,0.0,75.60000000000001,11.340000000000002,40.0,45.0,0.779505995630423,0.31002911115293436,1.0,31.76923959311732,5.9945974770643815,27.387098417860585,51.24070902115697,65.57051104944293,65.57051104944293,7.105427357601002e-15,0.6997142019174157,0.17492855047935393,13.119641285951545,0.0,0.0,0.0,0.0,-3.552713678800501e-14,0.0,0.0,-0.0,1.1628625410165676,8.455458555545192e-13,0.3120885192106968,0.0
2,summer_commercial,夏季商业制冷日,75.0,14.75,0.25,51.350269573359746,10.989821757256346,40.49110796183874,0.0,0.0,0.0,24.810754791972165,41.36621513691545,0.0,0.0,3.498571009588943,1.22449985335613,1.5743569543150244,2.5541642216044322,8.173325509134184,13.497035987279581,40.49110796183874,0.0,0.0,0.0,0.0,49.559052230967445,0.0,1.2421392938070976,56.53072021528215,0.0,0.0,0.0,0.0,0.0,0.0,13.483233299749033,14.568776392509832,13.761130653205921,7.344507070676325,2.4523447998951764,0.0,75.60000000000001,11.340000000000002,40.0,45.0,0.7489875466026028,0.32264439457760197,1.0,31.837167135483043,6.044401966490991,27.533953414050348,51.350269573359746,66.17696992888762,66.17696992888762,0.0,0.6997142019177887,0.17492855047944716,13.119641285958537,0.0,0.0,0.0,0.0,-1.4210854715202004e-14,-3.907985046680551e-14,0.0,0.0,6.52589093874667e-13,0.0,0.21596322969082848,0.0
2,summer_commercial,夏季商业制冷日,75.0,15.0,0.25,51.6608290046007,10.988240004362082,40.54736610456817,0.0,0.0,0.0,23.84386936548117,41.4184250239405,3.552713678800501e-15,0.0,6.824251348922197,2.388487972122769,3.070913107014989,2.4741646554209353,7.917326897346994,13.515788701522723,40.54736610456817,0.0,0.0,0.0,0.0,49.556574278355924,0.0,0.0,56.50245485517395,0.0,0.0,0.0,0.0,0.0,0.0,13.666083445248145,14.58743961931447,13.730312216287354,7.321158160333602,2.432102492359528,0.0,75.60000000000001,11.340000000000002,40.0,45.0,0.7197991906051617,0.3230516164453607,1.0,32.029713982852435,6.043532002399146,27.572208951106358,51.6608290046007,65.26229438942167,65.26229438942167,3.552713678800501e-15,1.3648502697844396,0.3412125674461099,25.59094255845824,0.0,0.0,0.0,0.0,8.526512829121202e-14,-9.769962616701378e-14,0.0,0.0,1.163988118766639,-0.25599861178718974,0.0562581427294262,0.0
2,summer_commercial,夏季商业制冷日,75.0,15.25,0.25,51.77015813913848,11.006956197238067,40.63287614069128,-0.0,0.0,-0.0,22.709543889143823,39.83575193209854,-3.552713678800501e-15,0.0,10.149931688255451,3.5524760908894075,4.5674692597149535,0.04775303466264228,0.1528097109204553,13.544292046897093,40.63287614069128,0.0,0.0,0.7355686914335019,0.0,49.72879401385747,0.0,6.2866772266026025,54.819814883903625,0.0,0.0,0.0,0.0,0.0,0.0,13.894770107072713,14.617768479479995,13.69171529576672,7.291603399816559,2.40873375636107,0.0,75.60000000000001,11.340000000000002,40.0,45.0,0.6855561511372275,0.31070722864383055,1.0,32.097498046265855,6.053825908480937,27.630355775670072,51.77015813913848,62.54529582124236,62.54529582124236,-3.552713678800501e-15,2.0299863376510903,0.5074965844127726,38.06224383095794,0.0,0.0,0.0,0.0,5.684341886080802e-14,-5.5067062021407764e-14,0.0,-0.0,1.1639881187666385,-7.764517186426539,0.08551003612311092,0.0
2,summer_commercial,夏季商业制冷日,75.0,15.5,0.25,51.8980907915262,11.128702117957866,40.62399645932565,-0.0,0.0,-0.0,21.281657146709243,39.9368490552587,3.552713678800501e-15,0.0,13.475612027588708,4.716464209656047,6.064025412414919,0.047753034662613866,0.15280971092036438,13.54133215310855,40.62399645932565,0.0,0.0,0.4477944323266277,0.0,49.83265875183435,0.0,4.911866994622539,53.499808398929424,0.0,0.0,0.0,0.0,0.0,0.0,14.17396376291249,14.657447542263387,13.644999739768254,7.256179361629174,2.3824969025845952,0.0,75.60000000000001,11.340000000000002,40.0,45.0,0.64245107847783,0.31149575667298635,1.0,32.176816290746245,6.120786164876827,27.624317592341445,51.8980907915262,61.21850620196794,61.21850620196794,3.552713678800501e-15,2.6951224055177416,0.6737806013794354,50.533545103457655,0.0,0.0,0.0,0.0,-7.105427357601002e-15,-4.440892098500626e-14,0.0,0.0,1.1639881187666399,-9.092726571680032e-14,-0.008879681365627334,0.0
2,summer_commercial,夏季商业制冷日,75.0,15.75,0.25,52.344486134562885,11.181365873324886,40.38406661503656,0.0,0.0,0.0,19.909830499404627,39.93035530352456,0.0,0.0,16.801292366921963,5.880452328422686,7.560581565114884,0.031557978291053806,0.10098553053137219,13.46135553834552,40.38406661503656,0.0,0.0,0.0,0.11676151984759774,49.7994404031474,0.0,3.519798777678586,52.54679565849875,0.0,0.0,0.0,0.0,0.0,0.0,14.506999702519424,14.703110446329843,13.589945710989277,7.215284073631873,2.3536763613451477,0.0,75.60000000000001,11.340000000000002,40.0,45.0,0.6010383490569091,0.31144510730635067,1.0,32.45358140342899,6.149751230328688,27.461165298224863,52.344486134562885,59.840185802929184,59.840185802929184,0.0,3.360258473384393,0.8400646183460982,63.00484637595737,0.0,0.0,0.0,0.0,2.1316282072803006e-14,-4.263256414560601e-14,0.0,0.0,1.163988118766639,-0.0518241803889922,-0.2399298442890938,0.0
2,summer_commercial,夏季商业制冷日,75.0,16.0,0.25,52.765706435304715,11.276704159861866,40.0062572936096,0.0,0.0,0.0,18.201046102745643,40.69034817804553,3.552713678800501e-15,0.0,20.126972706255216,7.044440447189325,9.057137717814848,0.031557978291053806,0.10098553053137219,13.335419097869867,40.0062572936096,0.0,0.0,0.0,0.19684878348514934,49.745148119683776,0.0,2.1185809115156484,51.96300096816538,0.0,0.0,0.0,0.0,0.0,0.0,14.89532880307743,14.750481259399088,13.52647175737129,7.169369579523042,2.3225775623986644,0.0,142.56,21.384,40.0,45.0,0.5494535325667419,0.3173728297259995,1.0,32.714737989888924,6.202187287924027,27.20425495965453,52.765706435304715,58.891394280791175,58.891394280791175,3.552713678800501e-15,4.0253945412510435,1.0063486353127609,75.47614764845706,0.0,0.0,0.0,0.0,2.842170943040401e-14,1.7763568394002505e-15,0.0,0.0,1.163988118766639,0.0,-0.3778093214269589,0.0
2,summer_commercial,夏季商业制冷日,75.0,16.25,0.25,52.955293327944005,11.327469044052089,39.6369094271417,0.0,0.0,0.0,16.4480075899573,40.98675632135548,0.0,0.0,22.335048435383378,7.817266952384181,10.05077179592252,0.031557978291057304,0.10098553053138339,13.212303142380568,39.6369094271417,0.0,0.0,0.0,0.9471235849186722,49.49341781361493,0.0,1.1757117175981502,51.62762164726073,0.0,0.0,0.0,0.0,0.0,0.0,15.33798565850145,14.7945669433848,13.454647965680827,7.1189336323540084,2.289521569660788,0.0,142.56,21.384,40.0,45.0,0.49653277196102036,0.31968472665999687,1.0,32.832281863325285,6.230107974228649,26.95309841045636,52.955293327944005,57.43476391131278,57.43476391131278,0.0,4.467009687076676,1.116752421769169,83.75643163268767,0.0,0.0,0.0,0.0,-7.105427357601002e-15,-3.552713678800501e-14,0.0,0.0,0.772826505194856,1.1199374760906267e-14,-0.36934786646789775,0.0
2,summer_commercial,夏季商业制冷日,75.0,16.5,0.25,53.41617768111408,11.574566252436629,39.04072214358024,0.0,-1.0417014473240693e-13,1.0417014473240693e-13,14.389524993628378,44.25451776125272,0.41314267862643206,0.0,22.335048435382937,7.817266952384028,10.050771795922323,0.03155797829106206,0.10098553053139858,13.01357404786008,39.04072214358024,0.0,0.0,0.0,0.0,49.49094314272428,0.0,1.42280892598299,51.22738443486263,0.0,0.0,0.0,0.0,0.0,0.0,15.83112623083189,14.82989178597658,13.374703558590024,7.064510734197663,2.2548396019890076,0.0,142.56,21.384,40.0,45.0,0.4468632186314273,0.3451723113449876,1.0,33.11803016229073,6.366011438840147,26.547691057634566,53.41617768111408,59.05718543350753,58.6440427548811,0.41314267862643206,4.467009687076588,1.116752421769147,83.75643163268602,0.0,0.0,-1.0417014473240693e-13,0.0,7.105427357601002e-15,8.171241461241152e-14,0.0,1.0417014473240693e-13,-1.5365486660812167e-13,1.519617764955683e-14,-0.5961872835614628,0.0
2,summer_commercial,夏季商业制冷日,75.0,16.75,0.25,53.45934131836809,11.648313479153636,38.46374617875871,0.0,0.0,0.0,13.086712256284144,45.69340240607606,-3.552713678800501e-15,0.0,25.660728774716077,8.981255071150626,11.547327948622234,0.031557978291049546,0.10098553053135856,12.821248726252904,38.46374617875871,0.0,0.0,1.4492217105987883,0.0,49.83265875183435,0.0,0.0,51.201770742645195,0.0,0.0,0.0,0.0,0.0,0.0,16.367692087289825,14.850761870470437,13.287028566191712,7.006662746906379,2.2188675697091758,0.0,142.56,21.384,40.0,45.0,0.39506192327127276,0.35639519126183394,1.0,33.144791617388215,6.406572413534501,26.155347401555925,53.45934131836809,58.780114662360205,58.780114662360205,-3.552713678800501e-15,5.132145754943216,1.283036438735804,96.22773290518529,0.0,0.0,0.0,0.0,0.0,-4.263256414560601e-14,0.0,-1.0417014473240693e-13,1.1639881187665981,-4.0023540037736893e-14,-0.5769759648215285,0.0
2,summer_commercial,夏季商业制冷日,75.0,17.0,0.25,53.772453865951086,11.784462441075263,37.845616030602606,-0.0,0.0,-0.0,11.201080574262804,44.828373876042306,3.552713678800501e-15,0.0,28.986409114049355,10.145243189917274,13.04388410132221,0.0,0.0,12.615205343534202,37.845616030602606,0.0,0.0,0.0,0.21296156926290166,49.77412460066969,1.2594216602469466,0.0,51.47528250158253,0.0,0.0,0.0,0.0,0.0,0.0,16.937257065050225,14.851545546059981,13.192169490081211,6.945969303480762,2.181940751190348,0.0,142.56,21.384,40.0,45.0,0.33813843750250167,0.34964822141116403,1.0,33.338921396889674,6.4814543425913955,25.735018900809774,53.772453865951086,56.02945445030511,56.02945445030511,3.552713678800501e-15,5.797281822809872,1.449320455702468,108.69903417768509,0.0,0.0,0.0,0.0,-7.105427357601002e-15,0.0,0.0,-0.0,1.1639881187666479,-0.10098553053135856,-0.618130148156105,0.0
2,summer_commercial,夏季商业制冷日,75.0,17.25,0.25,54.07835057107072,12.10647842745467,36.9691959034743,-0.0,0.0,-0.0,9.511721324016968,40.38666700575057,0.0,0.0,29.561603016295837,10.346561055703543,13.302721357333127,0.0,0.0,12.3230653011581,36.9691959034743,0.0,0.0,0.0,6.156466486757743,48.15151313476657,1.1962429298784567,0.0,51.73365255617787,0.0,0.0,0.0,0.0,0.0,0.0,17.526103797182568,14.826954612261414,13.090819165559813,6.883018246991057,2.144388724825195,0.0,142.56,21.384,40.0,45.0,0.2871400277088,0.3150042052904445,1.0,33.52857735406385,6.658563135100069,25.139053214362526,54.07835057107072,49.898388329767535,49.898388329767535,0.0,5.912320603259168,1.478080150814792,110.8560113111094,0.0,0.0,0.0,0.0,0.0,0.0,0.0,0.0,0.20131786578626887,0.0,-0.8764201271283056,0.0
2,summer_commercial,夏季商业制冷日,75.0,17.5,0.25,54.53987271808462,12.46905699244602,36.454344937776746,-0.0,0.0,-0.0,8.026308773896325,39.84221785499822,1.7763568394002505e-15,0.0,29.561603016295837,10.346561055703543,13.302721357333127,0.0,0.0,12.15144831259225,36.454344937776746,0.0,0.0,0.0,8.476233346078779,45.91851783645752,0.833664364887106,0.0,51.905781016560475,0.0,0.0,0.0,0.0,0.0,0.0,18.11756173522022,14.772310664871231,12.98380129879141,6.81839631458311,2.106530659712633,0.0,142.56,21.384,40.0,45.0,0.24229836485187006,0.31075766095368645,1.0,33.81472108521246,6.857981345845312,24.78895455768819,54.53987271808462,47.86852662889454,47.86852662889454,1.7763568394002505e-15,5.912320603259168,1.478080150814792,110.8560113111094,0.0,0.0,0.0,0.0,7.105427357601002e-15,0.0,0.0,0.0,0.0,0.0,-0.5148509656975548,0.0
2,summer_commercial,夏季商业制冷日,75.0,17.75,0.25,54.739033588603505,12.469601751167566,35.70192047493701,-0.0,0.0,-0.0,6.518102827720121,36.824673781288645,-2.6645352591003757e-15,0.0,29.561603016295837,10.346561055703543,13.302721357333127,0.0,0.0,11.900640158312337,35.70192047493701,0.0,0.0,0.0,12.950336082203528,42.50823873103845,0.8331196061655604,0.0,52.07769403251652,0.0,0.0,0.0,0.0,0.0,0.0,18.692615981019294,14.683781813848869,12.872050395847415,6.752680268444092,2.068671053718672,0.0,142.56,21.384,40.0,45.0,0.19676861451297745,0.28722169863393304,1.0,33.93820082493417,6.858280963142162,24.27730592295717,54.739033588603505,43.342776609008766,43.342776609008766,-2.6645352591003757e-15,5.912320603259168,1.478080150814792,110.8560113111094,0.0,0.0,0.0,0.0,-7.105427357601002e-15,0.0,0.0,0.0,0.0,0.0,-0.7524244628397341,0.0
2,summer_commercial,夏季商业制冷日,75.0,18.0,0.25,55.1655999862857,12.673607309310976,34.928965392106136,1.0914017857532698,0.0,1.0914017857532698,5.0392058791270955,32.91442427131524,-3.552713678800501e-15,0.0,29.561603016295837,10.346561055703543,13.302721357333127,0.0,0.0,11.642988464035378,34.928965392106136,0.0,0.0,0.0,17.416995458421923,37.922693461622444,0.6291140480221511,0.0,52.20106977190553,0.0,0.0,0.0,0.0,0.0,0.0,19.230769370474007,14.558576741148748,12.756587996795925,6.686428654497108,2.031095991035345,0.0,142.56,21.384,40.0,45.0,0.15212364476126441,0.2567228946796197,1.0,34.202671991497134,6.970484020121037,23.751696466632175,55.1655999862857,37.953630150442336,37.953630150442336,-3.552713678800501e-15,6.512591585423467,1.6281478963558667,122.11109222669,0.0,0.0,0.0,0.0,-7.105427357601002e-15,0.0,0.0,1.0914017857532698,0.0,0.0,-0.772955082830876,0.0
2,summer_commercial,夏季商业制冷日,75.0,18.25,0.25,55.216282738494115,12.865727949393609,34.2872863033267,1.878723636400025,0.0,1.878723636400025,3.794170628413518,33.208927393997335,2.220446049250313e-15,0.0,29.561603016295837,10.346561055703543,13.302721357333127,0.0,0.0,11.429095434442234,34.2872863033267,0.0,0.0,0.0,17.416995458421923,33.337377469469914,0.4369934079395179,0.0,52.278755171405216,0.0,0.0,0.0,0.0,0.0,0.0,19.71111178079266,14.395085702761358,12.638496270716306,6.620174344007675,1.9940699735316383,0.0,142.56,21.384,40.0,45.0,0.11453849647841405,0.25901993300919557,1.0,34.234095297866354,7.076150372166485,23.31535468626216,55.216282738494115,37.00309802241085,37.00309802241085,2.220446049250313e-15,6.945618603279182,1.7364046508197954,130.23034881148465,0.0,0.0,0.0,0.0,0.0,0.0,0.0,0.7873218506467552,0.0,0.0,-0.6416790887794335,0.0
2,summer_commercial,夏季商业制冷日,75.0,18.5,0.25,55.569380553951916,13.021024527077918,33.49392254448041,4.646321964513264,0.0,4.646321964513264,2.663302822698263,33.2053129592173,-2.220446049250313e-15,0.0,29.561603016295837,10.346561055703543,13.302721357333127,0.0,0.0,11.164640848160138,33.49392254448041,0.0,0.0,0.0,15.872522599979673,29.158730969022837,0.28169683025520875,0.0,52.31951879100513,0.0,0.0,0.0,0.0,0.0,0.0,20.113524139478418,14.192961404826635,12.518890110770762,6.554417984311854,1.9578333617716144,0.0,142.56,21.384,40.0,45.0,0.08039983723824451,0.25899174147372434,1.0,34.45301594345019,7.161563489892855,22.775867330246683,55.569380553951916,35.868615781915565,35.868615781915565,-2.220446049250313e-15,8.467797683741464,2.116949420935366,158.77120657015246,0.0,0.0,0.0,0.0,-7.105427357601002e-15,0.0,0.0,2.7675983281132392,0.0,0.0,-0.7933637588462901,0.0
2,summer_commercial,夏季商业制冷日,75.0,18.75,0.25,55.525793590897216,13.15677550470421,32.39122654813685,5.301748679749821,0.0,5.301748679749821,1.6079195385338494,31.88625919887224,3.1086244689504383e-15,0.0,29.561603016295837,10.346561055703543,13.302721357333127,0.0,0.0,10.797075516045616,32.39122654813685,0.0,0.0,0.0,17.180380634083377,24.63612023403139,0.14594585262891613,0.0,52.328021171609,0.0,0.0,0.0,0.0,0.0,0.0,20.41992381186487,13.953136451817752,12.398888890148088,6.489622453680367,1.922600443223189,0.0,142.56,21.384,40.0,45.0,0.04853990619787713,0.24870350745199368,1.0,34.425992026356276,7.236226527587316,22.02603405273306,55.525793590897216,33.49417873740609,33.49417873740609,3.1086244689504383e-15,8.82828237712157,2.2070705942803923,165.53029457102943,0.0,0.0,0.0,0.0,0.0,0.0,0.0,0.6554267152365565,0.0,0.0,-1.102695996343563,0.0
2,summer_commercial,夏季商业制冷日,75.0,19.0,0.25,55.592724608090464,13.306991077217631,31.454021104684823,5.301748679749821,0.0,5.301748679749821,0.7636495415203015,32.24844357425648,3.4416913763379853e-15,0.0,29.561603016295837,10.346561055703543,13.302721357333127,0.0,0.0,10.484673701561608,31.454021104684823,0.0,0.0,0.0,17.416995458421923,20.051468570540237,0.0,0.004269719884504752,52.300733550527276,0.0,0.0,0.0,0.0,0.0,0.0,20.6154462086356,13.677777992550384,12.279589001575207,6.426208383100325,1.8885581275123642,0.0,142.56,21.384,40.0,45.0,0.023053067162332436,0.251528439782267,1.0,34.46748925701609,7.318845092469698,21.388734351185683,55.592724608090464,33.01209311577678,33.01209311577678,3.4416913763379853e-15,8.82828237712157,2.2070705942803923,165.53029457102943,0.0,0.0,0.0,0.0,0.0,0.0,0.0,0.0,0.0,0.0,-0.9372054434520258,0.0
2,summer_commercial,夏季商业制冷日,75.0,19.25,0.25,55.06839191887619,13.415604069940352,30.37107439469256,5.301748679749821,0.0,5.301748679749821,0.23414675707718402,35.14972626539448,-6.661338147750939e-16,0.0,29.561603016295837,10.346561055703543,13.302721357333127,0.0,0.0,10.12369146489752,30.37107439469256,0.0,0.0,0.0,14.159900625848678,16.32417635873048,0.0,0.1128827126072256,52.24487720675011,0.0,0.0,0.0,0.0,0.0,0.0,20.68945685519949,13.370183983431371,12.162038210481265,6.364550775640581,1.8558652521421384,0.0,142.56,21.384,40.0,45.0,0.007068426841449392,0.27415759727908934,1.0,34.142402989703236,7.378582238467194,20.652330588390942,55.06839191887619,35.38387302247166,35.38387302247166,-6.661338147750939e-16,8.82828237712157,2.2070705942803923,165.53029457102943,0.0,0.0,0.0,0.0,0.0,0.0,0.0,0.0,0.0,0.0,-1.0829467099922638,0.0
2,summer_commercial,夏季商业制冷日,75.0,19.5,0.25,54.550416841908564,13.479772269296195,29.488671828947314,5.301748679749821,0.0,5.301748679749821,0.0,35.61502778203229,0.0,0.0,29.561603016295837,10.346561055703543,13.302721357333127,0.0,0.0,9.829557276315771,29.488671828947314,0.0,0.0,0.0,13.11663660073868,12.871613676033943,0.0,0.1770509119630681,52.1721624228933,0.0,0.0,0.0,0.0,0.0,0.0,20.636299627902776,13.034628869736677,12.047212713111756,6.304976723146637,1.8246524673583497,0.0,142.56,21.384,40.0,45.0,0.0,0.27778681318957943,1.0,33.82125844198331,7.4138747481129075,20.052296843684175,54.550416841908564,35.61502778203229,35.61502778203229,0.0,8.82828237712157,2.2070705942803923,165.53029457102943,0.0,0.0,0.0,0.0,7.105427357601002e-15,0.0,0.0,0.0,0.0,0.0,-0.8824025657452452,0.0
2,summer_commercial,夏季商业制冷日,75.0,19.75,0.25,53.760625281618196,13.397320108085005,28.44780544891916,5.301748679749821,0.0,5.301748679749821,0.0,37.015330512739645,0.0,0.0,29.561603016295837,10.346561055703543,13.302721357333127,0.0,0.0,9.482601816306387,28.44780544891916,0.0,0.0,0.0,10.579586849731577,10.086868292789202,0.0,0.09459875075187796,52.121181933589256,0.0,0.0,0.0,0.0,0.0,0.0,20.455709546283863,12.676169216773264,11.935997616519531,6.247764191248742,1.795022656174443,0.0,142.56,21.384,40.0,45.0,0.0,0.2887087654464889,1.0,33.331587674603284,7.368526059446753,19.34450770526503,53.760625281618196,37.015330512739645,37.015330512739645,0.0,8.82828237712157,2.2070705942803923,165.53029457102943,0.0,0.0,0.0,0.0,0.0,0.0,0.0,0.0,0.0,0.0,-1.040866380028156,0.0
2,summer_commercial,夏季商业制冷日,75.0,20.0,0.25,53.11496147888345,13.54180905981207,27.257124727536993,5.301748679749821,0.0,5.301748679749821,0.0,39.35642248079888,0.0,0.0,29.561603016295837,10.346561055703543,13.302721357333127,0.0,0.0,9.08570824251233,27.257124727536993,0.0,0.0,0.0,7.195937505143547,8.192696184863102,0.0,0.23908770247894395,52.03220352618064,0.0,0.0,0.0,0.0,0.0,0.0,20.1528499510045,12.30042172597082,11.8291713594307,6.1931418178771125,1.7670518352263433,0.0,142.56,21.384,40.0,45.0,0.0,0.30696859894067985,1.0,32.93127611690774,7.447994982896639,18.534844814725158,53.11496147888345,39.35642248079888,39.35642248079888,0.0,8.82828237712157,2.2070705942803923,165.53029457102943,0.0,0.0,0.0,0.0,0.0,0.0,0.0,0.0,0.0,0.0,-1.190680721382165,0.0
2,summer_commercial,夏季商业制冷日,75.0,20.25,0.25,52.062546468431954,13.51560578908219,26.23487097498494,5.301748679749821,0.0,5.301748679749821,0.0,39.30773060874691,0.0,0.0,29.561603016295837,10.346561055703543,13.302721357333127,0.0,0.0,8.744956991661647,26.23487097498494,0.0,0.0,0.0,5.851463115893324,6.652427835345089,0.0,0.2128844317490639,51.950165205536216,0.0,0.0,0.0,0.0,0.0,0.0,19.737970326362728,11.913327043087309,11.727394384068832,6.141289648305275,1.7407904742722486,0.0,142.56,21.384,40.0,45.0,0.0,0.3065888165620634,1.0,32.27877881042781,7.433583183995205,17.83971226298976,52.062546468431954,39.30773060874691,39.30773060874691,0.0,8.82828237712157,2.2070705942803923,165.53029457102943,0.0,0.0,0.0,0.0,0.0,0.0,0.0,0.0,0.0,0.0,-1.0222537525520536,0.0
2,summer_commercial,夏季商业制冷日,75.0,20.5,0.25,50.82901701181001,13.460176854362299,25.255447055758715,5.301748679749821,0.0,5.301748679749821,0.0,40.42328904178805,0.0,0.0,29.561603016295837,10.346561055703543,13.302721357333127,0.0,0.0,8.418482351919572,25.255447055758715,0.0,0.0,0.0,3.1759005864881615,5.816331901719595,0.0,0.15745549702917216,51.88275446582051,0.0,0.0,0.0,0.0,0.0,0.0,19.22571792332078,11.520912784231822,11.631202161374672,6.0923407116461,1.7162651668298874,0.0,142.56,21.384,40.0,45.0,0.0,0.31528984647386926,1.0,31.513990547322205,7.4030972698992645,17.17370399791593,50.82901701181001,40.42328904178805,40.42328904178805,0.0,8.82828237712157,2.2070705942803923,165.53029457102943,0.0,0.0,0.0,0.0,0.0,0.0,0.0,0.0,0.0,0.0,-0.9794239192262246,0.0
2,summer_commercial,夏季商业制冷日,75.0,20.75,0.25,49.45549319240351,13.22240632147879,24.45254418186268,5.301748679749821,0.0,5.301748679749821,0.0,40.89963551494477,0.0,0.0,29.561603016295837,10.346561055703543,13.302721357333127,0.0,0.0,8.150848060620893,24.45254418186268,0.0,0.0,0.0,1.0583960026262744,5.537515821275489,0.08031503585433697,0.0,51.875887909603016,0.0,0.0,0.0,0.0,0.0,0.0,18.634169111584043,11.129068326507944,11.541002476848133,6.046383329976434,1.6934805816070466,0.0,142.56,21.384,40.0,45.0,0.0,0.3190052098188631,1.0,30.662405779290175,7.272323476813335,16.627730043666624,49.45549319240351,40.89963551494477,40.89963551494477,0.0,8.82828237712157,2.2070705942803923,165.53029457102943,0.0,0.0,0.0,0.0,0.0,0.0,0.0,0.0,0.0,0.0,-0.8029028738960342,0.0
2,summer_commercial,夏季商业制冷日,75.0,21.0,0.25,48.3733118913656,13.259257136546545,23.480688864802286,3.5718841882752272,0.0,3.5718841882752272,0.0,42.281762935654264,0.0,0.0,29.561603016295837,10.346561055703543,13.302721357333127,0.0,0.0,7.826896288267428,23.480688864802286,0.0,0.0,0.0,0.0,5.537238945484424,0.043464220786582075,0.0,51.86027271808503,0.0,0.0,0.0,0.0,0.0,0.0,17.983671069494836,10.743342259340881,11.457076710910421,6.003464041952302,1.6724216238937528,0.0,142.56,21.384,40.0,45.0,0.0,0.3297853999669814,1.0,29.991453372646674,7.2925914251006,15.966868428065556,48.3733118913656,42.281762935654264,42.281762935654264,0.0,7.876856906810543,1.9692142267026358,147.69106700269768,0.0,0.0,0.0,0.0,7.105427357601002e-15,0.0,0.0,-1.7298644914745935,0.0,0.0,-0.9718553170603954,0.0
2,summer_commercial,夏季商业制冷日,75.0,21.25,0.25,46.9607812340069,13.189798585477929,22.47340536193337,0.0,0.0,0.0,0.0,44.756540232698505,0.0,0.0,27.701074634151013,9.695376121952854,12.465483585367956,0.0,-0.0,7.491135120644457,22.47340536193337,0.0,0.0,0.0,0.0,5.5369620835371505,0.0,0.7243150001099724,51.64373337117073,0.0,0.0,0.0,0.0,0.0,0.0,17.295598248815807,10.368771149385628,11.379584703508304,5.963591017812332,1.6530557377363582,0.0,142.56,21.384,40.0,45.0,0.0,0.34908793997641707,1.0,29.115684365084277,7.254389222012861,15.281915646114692,46.9607812340069,44.756540232698505,44.756540232698505,0.0,5.540214926830203,1.3850537317075506,103.87902987806629,0.0,0.0,0.0,0.0,0.0,0.0,0.0,-3.5718841882752272,-0.6511849337506881,-0.0,-1.0072835028689155,0.0
2,summer_commercial,夏季商业制冷日,75.0,21.5,0.25,45.8594007487002,13.088807041543781,21.68862710037906,0.0,0.0,0.0,0.0,46.40319239778906,0.0,0.0,24.375394294817735,8.531388003186207,10.96892743266798,0.0,-0.0,7.229542366793019,21.68862710037906,0.0,0.0,1.845637285482047,0.0,5.975024090734959,0.0,2.1198796088757996,51.060048449517836,0.0,0.0,0.0,0.0,0.0,0.0,16.59112984864744,10.009745649848288,11.308572682495774,5.926737841814067,1.6353352832366128,0.0,142.56,21.384,40.0,45.0,0.0,0.3619313458603511,1.0,28.432828464194127,7.19884387284908,14.748266428257761,45.8594007487002,46.40319239778906,46.40319239778906,0.0,4.875078858963548,1.218769714740887,91.40772860556652,0.0,0.0,0.0,0.0,0.0,0.0,0.0,0.0,-1.1639881187666479,0.0,-0.7847782615543117,0.0
2,summer_commercial,夏季商业制冷日,75.0,21.75,0.25,44.545305898747124,12.987132114102279,21.01726803391011,0.0,0.0,0.0,0.0,47.76746967446314,0.0,0.0,21.049713955484457,7.36739988441956,9.472371279968005,0.0,-0.0,7.00575601130337,21.01726803391011,0.0,0.0,3.5838076488322095,0.0,6.825879656128073,0.0,3.5147608341342726,50.1095813636788,0.0,0.0,0.0,0.0,0.0,0.0,15.890144801200037,9.669917210172176,11.243983661466974,5.892847541038627,1.6191999284026473,0.0,142.56,21.384,40.0,45.0,0.0,0.37257231009920094,1.0,27.618089657223216,7.142922662756254,14.291742263058875,44.545305898747124,47.76746967446314,47.76746967446314,0.0,4.209942791096892,1.052485697774223,78.93642733306672,0.0,0.0,0.0,0.0,0.0,-1.7763568394002505e-15,0.0,0.0,-1.163988118766647,0.0,-0.6713590664689484,0.0
2,summer_commercial,夏季商业制冷日,75.0,22.0,0.25,43.3858820548181,13.01126488701425,20.219708333342655,5.892508703198018e-14,0.0,5.892508703198018e-14,0.0,49.69300167784366,0.0,0.0,17.72403361615117,6.20341176565291,7.975815127268027,0.0,-0.0,6.739902777780885,20.219708333342655,0.0,0.0,5.77062861089765,0.0,8.196062657233458,0.0,5.03544975974622,48.75940821516901,0.0,0.0,0.0,0.0,0.0,0.0,15.210311521702177,9.35214593197582,11.18566967513114,5.861836745664072,1.6045790012890015,0.0,62.0,9.299999999999999,40.0,45.0,0.0,0.3875908972581718,1.0,26.89924687398722,7.156195687857838,13.749401666673007,43.3858820548181,49.69300167784366,49.69300167784366,0.0,3.5448067232302667,0.8862016808075667,66.4651260605675,0.0,0.0,0.0,0.0,-7.105427357601002e-15,-1.7763568394002505e-15,0.0,5.892508703198018e-14,-1.1639881187666496,0.0,-0.7975597005674544,0.0
2,summer_commercial,夏季商业制冷日,75.0,22.25,0.25,42.67109106518706,12.826988749963471,19.642394466539482,5.892508703198018e-14,0.0,5.892508703198018e-14,0.0,51.646437006487254,0.0,0.0,14.39835327681789,5.039423646886261,6.479258974568051,0.0,-0.0,6.547464822179827,19.642394466539482,0.0,0.0,7.467304766006684,0.0,9.969137736027184,0.0,6.34772977539542,47.06457330701,0.0,0.0,0.0,0.0,0.0,0.0,14.566424019067494,9.05848766272033,11.133405216853182,5.833599874704633,1.5913937553560473,0.0,62.0,9.299999999999999,40.0,45.0,0.0,0.40282712220335076,1.0,26.45607646041598,7.05484381247991,13.356828237246848,42.67109106518706,51.646437006487254,51.646437006487254,0.0,2.8796706553636104,0.7199176638409026,53.9938247880677,0.0,0.0,0.0,0.0,0.0,0.0,0.0,0.0,-1.1639881187666488,0.0,-0.5773138668031734,0.0
2,summer_commercial,夏季商业制冷日,75.0,22.5,0.25,41.49483564353291,12.807773111616655,19.07503283232107,5.892508703198018e-14,0.0,5.892508703198018e-14,0.0,50.83942496746054,0.0,0.0,12.563769278145044,4.397319247350765,5.65369617516527,0.0,-0.0,6.358344277440357,19.07503283232107,0.0,0.0,7.383564293838093,0.0,11.722235798926931,0.0,7.154076936451384,45.15838919497455,0.0,0.0,0.0,0.0,0.0,0.0,13.970007574155687,8.790216369867089,11.086901269739792,5.808013252255753,1.5795595087182277,0.0,62.0,9.299999999999999,40.0,45.0,0.0,0.3965326640353313,1.0,25.726798098990404,7.04427521138916,12.971022325978328,41.49483564353291,50.83942496746054,50.83942496746054,0.0,2.5127538556290414,0.6281884639072604,47.11413479304453,0.0,0.0,0.0,0.0,0.0,0.0,0.0,0.0,-0.642104399535496,0.0,-0.5673616342184111,0.0
2,summer_commercial,夏季商业制冷日,75.0,22.75,0.25,40.749062834562096,12.663105552076336,18.56684666963737,0.0,0.0,0.0,0.0,53.15601428465242,0.0,0.0,12.563769278145044,4.397319247350765,5.65369617516527,0.0,0.0,6.188948889879124,18.56684666963737,0.0,0.0,10.61532180756203,0.0,14.242788616432968,0.0,7.009409376911066,43.291228585400475,0.0,0.0,0.0,0.0,0.0,0.0,13.429189713014853,8.547876295826716,11.045819374464855,5.784939071873083,1.5689876259172395,0.0,62.0,9.299999999999999,40.0,45.0,0.0,0.41460138401022933,1.0,25.2644189574285,6.964708053641986,12.625455735353414,40.749062834562096,53.15601428465242,53.15601428465242,0.0,2.512753855629009,0.6281884639072522,47.11413479304392,0.0,0.0,0.0,0.0,-6.394884621840902e-14,-1.7763568394002505e-15,0.0,-5.892508703198018e-14,0.0,0.0,-0.5081861626836996,0.0
2,summer_commercial,夏季商业制冷日,75.0,23.0,0.25,40.24450424549429,12.758183560000928,18.245016293093904,0.0,0.0,0.0,0.0,54.59483679147572,0.0,0.0,12.563769278145124,4.397319247350793,5.653696175165305,0.0,0.0,6.081672097697968,18.245016293093904,0.0,0.0,12.665979695634263,0.0,17.250246654715284,0.0,7.104487384835622,41.399981027729986,0.0,0.0,0.0,0.0,0.0,0.0,12.948808732370972,8.331357405875728,11.00978524794961,5.764229140256898,1.5595873187619862,0.0,62.0,9.299999999999999,40.0,45.0,0.0,0.42582377926882653,1.0,24.95159263220646,7.017000958000511,12.406611079303856,40.24450424549429,54.59483679147572,54.59483679147572,0.0,2.512753855629025,0.6281884639072562,47.114134793044215,0.0,0.0,0.0,0.0,-7.105427357601002e-15,-1.7763568394002505e-15,0.0,0.0,2.7533531010703882e-14,0.0,-0.3218303765434669,0.0
2,summer_commercial,夏季商业制冷日,75.0,23.25,0.25,39.407492563021385,12.542501013254464,17.86376078659694,0.22189198091146967,0.0,0.22189198091146967,0.0,56.11196137556076,0.0,0.0,9.977041017999959,3.4919643562999854,4.489668458099982,0.0,0.0,5.954586928865647,17.86376078659694,0.0,0.0,14.463738220885176,0.0,20.684521969842777,0.0,8.05283255515446,39.260114575333375,0.0,0.0,0.0,0.0,0.0,0.0,12.530714753909406,8.139987205333004,10.978401550785753,5.745728345355169,1.5512672503706577,0.0,62.0,9.299999999999999,40.0,45.0,0.0,0.4376569078572356,1.0,24.432645389073258,6.898375557289956,12.147357334885921,39.407492563021385,56.11196137556076,56.11196137556076,0.0,2.1174487931013,0.529362198275325,39.702164870649376,0.0,0.0,0.0,0.0,1.4210854715202004e-14,-2.3092638912203256e-14,0.0,0.22189198091146967,-0.9053548910508074,0.0,-0.38125550649696294,0.0
2,summer_commercial,夏季商业制冷日,75.0,23.5,0.25,38.786301546958256,12.46944052425853,17.564879916204664,0.22189198091146967,0.0,0.22189198091146967,0.0,56.761690683011274,0.0,0.0,6.651360678666676,2.3279762375333366,2.9931123054000044,0.0,0.0,5.8549599720682215,17.564879916204664,0.0,0.0,14.670297382429602,0.0,24.167683372071313,0.0,9.476328218858528,36.746713934135535,0.0,0.0,0.0,0.0,0.0,0.0,12.174208270260884,7.972632073124122,10.951259491787086,5.729277807833476,1.5439369336234074,0.0,62.0,9.299999999999999,40.0,45.0,0.0,0.44272460666283936,1.0,24.04750695911412,6.858192288342193,11.944118343019172,38.786301546958256,56.761690683011274,56.761690683011274,0.0,1.4523127252346437,0.36307818130866093,27.23086359814957,0.0,0.0,0.0,0.0,0.0,1.7763568394002505e-15,0.0,0.0,-1.1639881187666488,0.0,-0.29888087039227784,0.0
2,summer_commercial,夏季商业制冷日,75.0,23.75,0.25,38.35750319100279,12.383165867906888,17.372848355082255,0.22189198091146967,0.0,0.22189198091146967,0.0,57.57661645789471,0.0,0.0,3.325680339333306,1.163988118766657,1.4965561526999878,0.0,0.0,5.790949451694085,17.372848355082255,0.0,0.0,14.81404391487596,0.0,27.68481041768575,0.0,10.886609715206902,33.863443283692966,0.0,0.0,0.0,0.0,0.0,0.0,11.876558385707586,7.827801757402305,10.92794904964467,5.71471768814865,1.5375079216242937,0.0,62.0,9.299999999999999,40.0,45.0,0.0,0.44908078965885895,1.0,23.78165197842173,6.810741227348789,11.813536881455933,38.35750319100279,57.57661645789471,57.57661645789471,0.0,0.7871766573679696,0.1967941643419924,14.75956232564943,0.0,0.0,0.0,0.0,7.105427357601002e-15,1.7763568394002505e-15,0.0,0.0,-1.1639881187666796,0.0,-0.19203156112240904,0.0
3,autumn_processing,秋季农产品加工日,60.0,0.0,0.25,40.25132509561056,25.739171306944982,7.376727240491255,0.0,0.26014345866057464,-0.26014345866057464,0.0,56.7687977386363,0.0,0.0,0.0,0.0,0.0,10.731323341632502,34.340234693224005,2.458909080163752,7.376727240491255,0.0,0.0,3.067096762568914,0.0,28.411861658274983,8.601063386279023,0.0,35.88926411629239,0.0,0.0,0.0,0.0,0.0,0.0,10.000230459329856,5.508627751869952,11.625870429315905,5.1785218607002745,8.00707135563148,0.0,52.0,7.8,42.5,45.0,0.0,0.44278003962067164,1.0,28.175927566927392,18.532203341000386,4.5735708891045785,40.25132509561056,56.7687977386363,56.7687977386363,0.0,0.0,0.0,0.0,0.0,0.0,0.0,0.0,0.0,0.0,0.0,-7.5,-1.1639881187666485,0.0,-0.5199689854176333,0.0
3,autumn_processing,秋季农产品加工日,60.0,0.25,0.25,40.286179239393846,25.82779585896685,7.204733015291426,0.0,4.8481959236875625,-4.8481959236875625,0.0,59.97312695667307,0.0,0.0,0.0,0.0,0.0,10.731323341632502,34.340234693224005,2.4015776717638087,7.204733015291426,0.0,0.0,1.7058507801953464,0.0,28.815580625488465,8.512438834257155,0.0,37.89302370737033,0.0,0.0,0.0,0.0,0.0,0.0,10.002573497766807,5.511389523958711,11.640018860480977,5.17937447421421,8.009844404749426,0.0,52.0,7.8,42.5,45.0,0.0,0.46777287150434504,1.0,28.20032546757569,18.596013018456134,4.466934469480684,40.286179239393846,59.97312695667307,59.97312695667307,0.0,0.0,0.0,0.0,0.0,0.0,0.0,0.0,0.0,0.0,0.0,-4.588052465026988,0.0,0.0,-0.1719942251998292,0.0
3,autumn_processing,秋季农产品加工日,60.0,0.5,0.25,40.15470166797393,26.138112780262137,7.110948828281458,0.0,4.8481959236875625,-4.8481959236875625,0.0,61.91195457832063,0.0,0.0,0.0,0.0,0.0,10.731323341632502,34.340234693224005,2.3703162760938192,7.110948828281458,0.0,0.0,3.807417368932816,0.0,29.718401471578733,8.20212191296187,0.0,39.82208114984509,0.0,0.0,0.0,0.0,0.0,0.0,10.009349150666443,5.514943859784401,11.656345069569939,5.1804123152455706,8.013596124629373,0.0,52.0,7.8,42.5,45.0,0.0,0.48289516060201415,1.0,28.10829116758175,18.819441201788738,4.408788273534504,40.15470166797393,61.91195457832063,61.91195457832063,0.0,0.0,0.0,0.0,0.0,0.0,0.0,0.0,0.0,-3.552713678800501e-15,0.0,0.0,0.0,0.0,-0.09378418700996782,0.0
3,autumn_processing,秋季农产品加工日,60.0,0.75,0.25,40.22019066795745,26.248700448591936,7.00107201112822,0.0,4.8481959236875625,-4.8481959236875625,0.0,64.2731565599142,0.0,0.0,0.0,0.0,0.0,10.731323341632502,34.340234693224005,2.333690670376073,7.00107201112822,0.0,0.0,6.139755956260606,0.0,31.175107591117047,8.09153424463207,0.0,41.72390949237029,0.0,0.0,0.0,0.0,0.0,0.0,10.020641493680687,5.519488090340794,11.675090595162596,5.181670276630986,8.018628585602091,0.0,52.0,7.8,42.5,45.0,0.0,0.5013118463274343,1.0,28.154133467570215,18.899064322986195,4.340664646899496,40.22019066795745,64.2731565599142,64.2731565599142,0.0,0.0,0.0,0.0,0.0,0.0,0.0,0.0,0.0,-3.552713678800501e-15,0.0,0.0,0.0,0.0,-0.10987681715323827,0.0
3,autumn_processing,秋季农产品加工日,60.0,1.0,0.25,40.03926823105838,26.42301102720145,7.079814400484969,0.0,4.8481959236875625,-4.8481959236875625,0.0,65.19954335851206,0.0,0.0,0.0,0.0,0.0,10.731323341632502,34.340234693224005,2.3599381334949894,7.079814400484969,0.0,0.0,7.22081772863862,0.0,32.88849304628916,7.917223666022556,0.0,43.583388158304466,0.0,0.0,0.0,0.0,0.0,0.0,10.036583118789409,5.525259519071628,11.696506231371472,5.18318857146193,8.025321177756105,0.0,52.0,7.8,42.5,45.0,0.0,0.5085373927495327,1.0,28.027487761740865,19.024567939585044,4.38948492830068,40.03926823105838,65.19954335851206,65.19954335851206,0.0,0.0,0.0,0.0,0.0,0.0,0.0,0.0,0.0,-3.552713678800501e-15,0.0,0.0,0.0,0.0,0.07874238935674871,0.0
3,autumn_processing,秋季农产品加工日,60.0,1.25,0.25,40.167200905626935,26.69087009384371,7.12150396499166,0.0,4.8481959236875625,-4.8481959236875625,0.0,66.28006496883073,0.0,0.0,0.0,0.0,0.0,10.731323341632502,34.340234693224005,2.37383465499722,7.12150396499166,0.0,0.0,8.159510142886514,0.0,34.8247322805724,7.649364599380297,0.0,45.37832055657814,0.0,0.0,0.0,0.0,0.0,0.0,10.05738739604516,5.532540945684865,11.720849024039383,5.1850132711982955,8.03414502534278,0.0,52.0,7.8,42.5,45.0,0.0,0.516965145678714,1.0,28.117040633938853,19.21742646756747,4.415332458294829,40.167200905626935,66.28006496883073,66.28006496883073,0.0,0.0,0.0,0.0,0.0,0.0,0.0,0.0,0.0,-3.552713678800501e-15,0.0,0.0,0.0,0.0,0.041689564506691035,0.0
3,autumn_processing,秋季农产品加工日,60.0,1.5,0.25,40.212386441395445,26.88239179584925,7.069825991963142,0.0,4.8481959236875625,-4.8481959236875625,0.0,65.93464428340471,0.0,0.0,0.0,0.0,0.0,10.731323341632502,34.340234693224005,2.3566086639877137,7.069825991963142,0.0,0.0,7.786129912701487,0.0,36.67219689822497,7.457842897374755,0.0,47.12686908442635,0.0,0.0,0.0,0.0,0.0,0.0,10.083391339407553,5.541666264799497,11.748378621679441,5.187196840685258,8.045678388943415,0.0,52.0,7.8,42.5,45.0,0.0,0.5142709652332711,1.0,28.14867050897681,19.35532209301146,4.383292115017148,40.212386441395445,65.93464428340471,65.93464428340471,0.0,0.0,0.0,0.0,0.0,0.0,0.0,0.0,-7.105427357601002e-15,0.0,0.0,0.0,0.0,0.0,-0.051677973028517954,0.0
3,autumn_processing,秋季农产品加工日,60.0,1.75,0.25,40.14254346709747,27.227651066596387,7.280883717017881,0.0,4.8481959236875625,-4.8481959236875625,0.0,65.76370961366239,0.0,0.0,0.0,0.0,0.0,10.731323341632502,34.340234693224005,2.4269612390059603,7.280883717017881,0.0,0.0,7.614685642238886,0.0,38.4788511284118,7.11258362662762,0.0,48.7925442612082,0.0,0.0,0.0,0.0,0.0,0.0,10.115109715811682,5.553025929154917,11.77935297923482,5.189798655513758,8.060622557272982,0.0,52.0,7.8,42.5,45.0,0.0,0.5129377247410289,1.0,28.099780426968227,19.6039087679494,4.514147904551086,40.14254346709747,65.76370961366239,65.76370961366239,0.0,0.0,0.0,0.0,0.0,0.0,0.0,0.0,0.0,0.0,0.0,0.0,0.0,0.0,0.2110577250547392,0.0
3,autumn_processing,秋季农产品加工日,60.0,2.0,0.25,40.26073255550269,27.344178287265287,7.416257874785805,0.0,4.8481959236875625,-4.8481959236875625,0.0,67.97960109258733,0.0,0.0,0.0,0.0,0.0,10.731323341632502,34.340234693224005,2.472085958261935,7.416257874785805,0.0,0.0,9.667263313502644,0.0,40.77290222281225,6.99605640595872,0.0,50.429711385492794,0.0,0.0,0.0,0.0,0.0,0.0,10.153299311641868,5.5670720125138695,11.814023434895214,5.1928854844265695,8.079817524807646,0.0,52.0,7.8,42.5,45.0,0.0,0.5302210309923032,1.0,28.18251278885188,19.687808366831007,4.598079882367199,40.26073255550269,67.97960109258733,67.97960109258733,0.0,0.0,0.0,0.0,0.0,0.0,0.0,0.0,-7.105427357601002e-15,0.0,0.0,0.0,0.0,0.0,0.13537415776792372,0.0
3,autumn_processing,秋季农产品加工日,60.0,2.25,0.25,40.516851518153466,27.76776867744947,7.4061378530442825,0.0,4.8481959236875625,-4.8481959236875625,0.0,66.68137616093682,0.0,0.0,0.0,0.0,0.0,10.731323341632502,34.340234693224005,2.4687126176814274,7.4061378530442825,0.0,0.0,8.116292759781857,0.0,42.6984831081493,6.572466015774536,0.0,51.9654572085465,0.0,0.0,0.0,0.0,0.0,0.0,10.199029566159561,5.5843225517373,11.852629205484138,5.196531916720409,8.104256526605523,0.0,52.0,7.8,42.5,45.0,0.0,0.5200952557500783,1.0,28.361796062707423,19.992793447763617,4.591805468887455,40.516851518153466,66.68137616093682,66.68137616093682,0.0,0.0,0.0,0.0,0.0,0.0,0.0,0.0,7.105427357601002e-15,-3.552713678800501e-15,0.0,0.0,0.0,0.0,-0.010120021741522045,0.0
3,autumn_processing,秋季农产品加工日,60.0,2.5,0.25,40.704863829952316,28.287081694513958,7.504529201906868,0.0,4.8481959236875625,-4.8481959236875625,0.0,66.79860248909594,0.0,0.0,0.0,0.0,0.0,10.731323341632502,34.340234693224005,2.501509733968956,7.504529201906868,0.0,0.0,8.012709659854599,0.0,44.59936672820936,6.053152998710049,0.0,53.37709831713587,0.0,0.0,0.0,0.0,0.0,0.0,10.253752091964921,5.605364793957556,11.89539137376926,5.200820711933314,8.135098269852099,0.0,52.0,7.8,42.5,45.0,0.0,0.5210095868667219,1.0,28.49340468096662,20.36669882005005,4.652808105182258,40.704863829952316,66.79860248909594,66.79860248909594,0.0,0.0,0.0,0.0,0.0,0.0,0.0,0.0,0.0,0.0,0.0,0.0,0.0,0.0,0.09839134886258538,0.0
3,autumn_processing,秋季农产品加工日,60.0,2.75,0.25,41.09399573921054,28.4450880457768,7.416108746507095,0.0,4.8481959236875625,-4.8481959236875625,0.0,65.3532245844908,0.0,0.0,0.0,0.0,0.0,10.731323341632502,34.340234693224005,2.4720362488356984,7.416108746507095,0.0,0.0,6.207673331124495,0.0,46.07145917601502,5.895146647447207,0.0,54.75050709674601,0.0,0.0,0.0,0.0,0.0,0.0,10.319357187532734,5.630856927221694,11.942506470666501,5.205843046657778,8.173675479634962,0.0,52.0,7.8,42.5,45.0,0.0,0.5097360614203245,1.0,28.765797017447376,20.480463392959294,4.597987422834398,41.09399573921054,65.3532245844908,65.3532245844908,0.0,0.0,0.0,0.0,0.0,0.0,0.0,0.0,0.0,0.0,0.0,0.0,0.0,0.0,-0.08842045539977317,0.0
3,autumn_processing,秋季农产品加工日,60.0,3.0,0.25,41.290383384030164,28.979428624131092,7.388968779751464,0.0,4.8481959236875625,-4.8481959236875625,0.0,65.47998717611537,0.0,0.0,0.0,0.0,0.0,10.731323341632502,34.340234693224005,2.4629895932504877,7.388968779751464,0.0,0.0,6.147094933514648,0.0,47.52909064976595,5.360806069092915,0.0,55.99632328460721,0.0,0.0,0.0,0.0,0.0,0.0,10.398200924913274,5.661527835970989,11.994139785701867,5.211698631222615,8.22149818566607,0.0,52.0,7.8,42.5,45.0,0.0,0.5107247726063594,1.0,28.903268368821113,20.865188609374385,4.581160643445908,41.290383384030164,65.47998717611537,65.47998717611537,0.0,0.0,0.0,0.0,0.0,0.0,0.0,0.0,7.105427357601002e-15,-3.552713678800501e-15,0.0,0.0,0.0,0.0,-0.02713996675563113,0.0
3,autumn_processing,秋季农产品加工日,60.0,3.25,0.25,41.6146826601934,29.44830302452554,7.2669716861916,0.0,4.8481959236875625,-4.8481959236875625,0.0,62.71654419227715,0.0,0.0,0.0,0.0,0.0,10.731323341632502,34.340234693224005,2.4223238953972,7.2669716861916,0.0,0.0,3.10001837136648,0.0,48.262968558433,4.891931668698467,0.0,57.13015889428079,0.0,0.0,0.0,0.0,0.0,0.0,10.493082784548367,5.698174401310606,12.050418569044123,5.218495667393227,8.28025004248385,0.0,52.0,7.8,42.5,45.0,0.0,0.489170724562101,1.0,29.13027786213538,21.202778177658388,4.5055224454387925,41.6146826601934,62.71654419227715,62.71654419227715,0.0,0.0,0.0,0.0,0.0,0.0,0.0,0.0,0.0,-3.552713678800501e-15,0.0,0.0,0.0,0.0,-0.12199709355986332,0.0
3,autumn_processing,秋季农产品加工日,60.0,3.5,0.25,42.37552056986903,29.818001242454663,7.0802665896187715,0.0,4.8481959236875625,-4.8481959236875625,0.0,64.9433602350345,0.0,0.0,0.0,0.0,0.0,10.731323341632502,34.340234693224005,2.3600888632062573,7.0802665896187715,0.0,0.0,4.628231536639148,0.0,49.35976039995688,4.522233450769344,0.0,58.17562425939138,0.0,0.0,0.0,0.0,0.0,0.0,10.607152462632039,5.7416558654963765,12.111425316519579,5.226350617313072,8.35177592606901,0.0,52.0,7.8,42.5,45.0,0.0,0.5065392392200924,1.0,29.66286439890832,21.468960894567356,4.389765285563638,42.37552056986903,64.9433602350345,64.9433602350345,0.0,0.0,0.0,0.0,0.0,0.0,0.0,0.0,0.0,0.0,0.0,0.0,0.0,0.0,-0.18670509657282874,0.0
3,autumn_processing,秋季农产品加工日,60.0,3.75,0.25,42.89005095406277,30.47826221400652,7.087099751107872,0.0,4.8481959236875625,-4.8481959236875625,0.0,61.67578878549362,0.0,0.0,0.0,0.0,0.0,10.731323341632502,34.340234693224005,2.362366583702624,7.087099751107872,0.0,0.0,0.8438519824081658,0.0,49.55770725775881,3.8619724792174868,0.0,59.06375491107583,0.0,0.0,0.0,0.0,0.0,0.0,10.743726880835009,5.79288480563595,12.177191353710693,5.235387753815113,8.438059113425217,0.0,52.0,7.8,42.5,45.0,0.0,0.4810531364043831,1.0,30.02303566784394,21.944348794084693,4.394001845686881,42.89005095406277,61.67578878549362,61.67578878549362,0.0,0.0,0.0,0.0,0.0,0.0,0.0,0.0,-7.105427357601002e-15,0.0,0.0,0.0,0.0,0.0,0.006833161489100625,0.0
3,autumn_processing,秋季农产品加工日,60.0,4.0,0.25,43.294417626426245,31.194204322100596,7.219476916957848,0.0,4.8481959236875625,-4.8481959236875625,0.0,62.44855290029758,0.0,0.0,0.0,0.0,0.0,10.731323341632502,34.340234693224005,2.4064923056526157,7.219476916957848,0.0,0.0,1.1681237028986518,0.0,49.83265875183435,3.1460303711234108,0.0,59.78140524676211,0.0,0.0,0.0,0.0,0.0,0.0,10.906005849727691,5.852814317999734,12.247690954873722,5.245738463133685,8.541186555136457,0.0,52.0,7.8,42.5,45.0,0.0,0.48708047076763056,1.0,30.30609233849837,22.45982711191243,4.476075688513865,43.294417626426245,62.44855290029758,62.44855290029758,0.0,0.0,0.0,0.0,0.0,0.0,0.0,0.0,0.0,0.0,0.0,0.0,0.0,0.0,0.1323771658499755,0.0
3,autumn_processing,秋季农产品加工日,60.0,4.25,0.25,43.6206545023238,31.935840709349335,7.171264641661804,0.0,3.0861013157124724,-3.0861013157124724,0.0,59.82850070688938,0.0,0.0,0.0,0.0,0.0,10.731323341632502,34.340234693224005,2.3904215472206016,7.171264641661804,0.0,0.0,0.0,0.0,49.83016711889676,2.4043939838746713,0.0,60.32255811530897,0.0,0.0,0.0,0.0,0.0,0.0,11.096687861144517,5.922421105353917,12.322836245310848,5.257540273096758,8.663301115661433,0.0,52.0,7.8,42.5,45.0,0.0,0.4666448290028244,1.0,30.53445815162666,22.99380531073152,4.446184077830319,43.6206545023238,59.82850070688938,59.82850070688938,0.0,0.0,0.0,0.0,0.0,0.0,0.0,0.0,-7.105427357601002e-15,0.0,0.0,1.76209460797509,0.0,0.0,-0.04821227529604322,0.0
3,autumn_processing,秋季农产品加工日,60.0,4.5,0.25,44.301383954825916,32.6651316287688,7.3227598215163425,0.0,1.222924912886139,-1.222924912886139,0.0,58.69655214985,0.0,0.0,0.0,0.0,0.0,10.731323341632502,34.340234693224005,2.4409199405054474,7.3227598215163425,0.0,0.0,0.0,0.0,49.827675610540815,1.6751030644552092,0.0,60.69023381405943,0.0,0.0,0.0,0.0,0.0,0.0,11.317505545336891,6.0026842877241195,12.402473140380435,5.270935583206797,8.806540194919112,0.0,52.0,7.8,42.5,45.0,0.0,0.45781596091155347,1.0,31.010968768378138,23.518894772713534,4.540111089340132,44.301383954825916,58.69655214985,58.69655214985,0.0,0.0,0.0,0.0,0.0,0.0,0.0,0.0,0.0,0.0,0.0,1.8631764028263333,0.0,0.0,0.1514951798545381,0.0
3,autumn_processing,秋季农产品加工日,60.0,4.75,0.25,45.03182268060108,33.27399026637964,7.251455606895371,0.0,-0.0,0.0,0.0,56.59501133588687,0.0,0.0,0.0,0.0,0.0,10.731323341632502,34.340234693224005,2.417151868965124,7.251455606895371,0.0,0.0,0.0,1.5852865553118267,49.40800355430981,1.0662444268443654,0.0,60.91312174852795,0.0,0.0,0.0,0.0,0.0,0.0,11.568721378689224,6.094559922417775,12.486378569055232,5.286070077726755,8.972960858114199,0.0,52.0,7.8,42.5,45.0,0.0,0.4414245564439942,1.0,31.522275876420753,23.957272991793342,4.4959024762751305,45.03182268060108,56.59501133588687,56.59501133588687,0.0,0.0,0.0,0.0,0.0,0.0,-0.0,0.0,-7.105427357601002e-15,0.0,0.0,1.222924912886139,0.0,0.0,-0.07130421462097125,0.0
3,autumn_processing,秋季农产品加工日,60.0,5.0,0.25,45.73082683047458,34.03904428061916,7.394615637970809,0.0,-0.0,0.0,0.0,55.28376288939055,0.0,0.0,0.0,0.0,0.0,10.731323341632502,34.340234693224005,2.464871879323603,7.394615637970809,0.0,0.0,0.0,3.643259162040133,48.4467807430689,0.30119041260484813,0.0,60.95419791064734,0.0,0.0,0.0,0.0,0.0,0.0,11.848644711242066,6.198951420061325,12.574259213621621,5.3030908090363456,9.164452473978255,0.0,52.0,7.8,42.5,45.0,0.0,0.4311972015902725,1.0,32.011578781332204,24.508111882045792,4.584661695541901,45.73082683047458,55.28376288939055,55.28376288939055,0.0,0.0,0.0,0.0,0.0,0.0,-0.0,0.0,0.0,0.0,0.0,0.0,0.0,0.0,0.1431600310754373,0.0
3,autumn_processing,秋季农产品加工日,60.0,5.25,0.25,46.33970310913793,34.51639330500807,7.594325764203005,0.0,0.0,0.0,0.0,53.72063688449142,0.0,0.0,0.0,0.0,0.0,10.731323341632502,34.340234693224005,2.5314419214010018,7.594325764203005,0.0,0.0,0.0,5.8818314876800155,46.896508012537005,0.0,0.1761586117840679,60.877363282275155,0.0,0.0,0.0,0.0,0.0,0.0,12.153246440496071,6.316676275220832,12.665751968884981,5.322143946123236,9.382638862291229,0.0,52.0,7.8,42.5,45.0,0.0,0.41900527535699444,1.0,32.43779217639655,24.851803179605813,4.708481973805863,46.33970310913793,53.72063688449142,53.72063688449142,0.0,0.0,0.0,0.0,0.0,0.0,0.0,0.0,0.0,0.0,0.0,0.0,0.0,0.0,0.19971012623219675,0.0
3,autumn_processing,秋季农产品加工日,60.0,5.5,0.25,46.98929966924219,35.013368224323614,7.743209399521452,0.0,0.0,0.0,0.0,55.4692154094855,0.0,0.0,0.0,0.0,0.0,10.731323341632502,34.340234693224005,2.581069799840484,7.743209399521452,0.0,0.0,0.0,4.83247740122968,45.62245860786541,0.0,0.6731335310996087,60.66978419771307,0.0,0.0,0.0,0.0,0.0,0.0,12.47595278954371,6.448429785326559,12.760426283691972,5.343372192075292,9.628773028753082,0.0,52.0,7.8,42.5,45.0,0.0,0.43264367707445406,1.0,32.89250976846953,25.209625121513,4.8007898277033,46.98929966924219,55.4692154094855,55.4692154094855,0.0,0.0,0.0,0.0,0.0,0.0,0.0,0.0,0.0,0.0,0.0,0.0,0.0,0.0,0.1488836353184464,0.0
3,autumn_processing,秋季农产品加工日,60.0,5.75,0.25,48.04998557022712,35.60633392348908,7.843901840631677,0.0,0.0,0.0,0.0,56.55506799193377,0.0,0.0,0.0,0.0,0.0,10.731323341632502,34.340234693224005,2.6146339468772255,7.843901840631677,0.0,0.0,0.0,4.840874866803082,44.34626304630263,0.0,1.2660992302650769,60.30626529764973,0.0,0.0,0.0,0.0,0.0,0.0,12.807690723526726,6.59474669961735,12.857788494831153,5.366911884728261,9.903628650216993,0.0,52.0,7.8,42.5,45.0,0.0,0.44111301002901526,1.0,33.63498989915898,25.636560424912137,4.86321914119164,48.04998557022712,56.55506799193377,56.55506799193377,0.0,0.0,0.0,0.0,0.0,0.0,0.0,0.0,0.0,0.0,0.0,0.0,0.0,0.0,0.10069244111022524,0.0
3,autumn_processing,秋季农产品加工日,60.0,6.0,0.25,49.10555412417282,35.974619242186954,7.987009589530832,0.0,0.0,0.0,0.0,57.31628473624307,0.0,0.0,0.0,0.0,0.0,10.731323341632502,34.340234693224005,2.6623365298436106,7.987009589530832,0.0,0.0,0.0,5.182929259405858,42.98011698067509,0.0,1.6343845489629487,59.8460109679054,0.0,0.0,0.0,0.0,0.0,0.0,13.137232885936893,6.755962007398548,12.957288199185621,5.392889806010945,10.207393482115103,0.0,52.0,7.8,42.5,45.0,0.0,0.4470502782755083,1.0,34.37388788692097,25.901725854374607,4.951945945509116,49.10555412417282,57.31628473624307,57.31628473624307,0.0,0.0,0.0,0.0,0.0,0.0,0.0,0.0,-7.105427357601002e-15,0.0,0.0,0.0,0.0,0.0,0.14310774889915479,0.0
3,autumn_processing,秋季农产品加工日,60.0,6.25,0.25,49.865704639347776,36.43789078977127,8.055764251951304,0.0,0.0,0.0,0.0,59.85671364657279,0.0,0.0,0.0,0.0,0.0,10.731323341632502,34.340234693224005,2.6852547506504347,8.055764251951304,0.0,0.0,0.0,3.425569085057921,42.0765024261266,0.0,2.0976560965472615,59.26407320017217,0.0,0.0,0.0,0.0,0.0,0.0,13.45185113683954,6.932172326468697,13.058326635822345,5.421419737755537,10.539570698547848,0.0,52.0,7.8,42.5,45.0,0.0,0.46686488169106966,1.0,34.90599324754344,26.23528136863531,4.994573836209809,49.865704639347776,59.85671364657279,59.85671364657279,0.0,0.0,0.0,0.0,0.0,0.0,0.0,0.0,0.0,0.0,0.0,0.0,0.0,0.0,0.06875466242047246,0.0
3,autumn_processing,秋季农产品加工日,60.0,6.5,0.25,50.7806169395265,36.781448984083376,8.339856561284941,0.0,-0.0,0.0,0.7776264272358446,59.8620148475256,-2.9976021664879227e-15,0.0,0.0,0.0,0.0,10.731323341632502,34.340234693224005,2.7799521870949806,8.339856561284941,0.0,0.0,0.0,3.6522511934925372,41.11327986587568,0.0,2.441214290859371,58.59201635018804,0.0,0.0,0.0,0.0,0.0,0.0,13.738239998577866,7.123199570844414,13.160266967660982,5.452598814468941,10.898894746609848,0.0,52.0,7.8,42.5,45.0,0.02347500165924714,0.4669062295099671,1.0,35.54643185766855,26.48264326854003,5.170711067996663,50.7806169395265,60.639641274761445,60.639641274761445,-2.9976021664879227e-15,0.0,0.0,0.0,0.0,0.0,-0.0,0.0,-7.105427357601002e-15,0.0,0.0,0.0,0.0,0.0,0.28409230933363716,0.0
3,autumn_processing,秋季农产品加工日,60.0,6.75,0.25,51.53480924251538,36.841856993949975,8.454760765092413,0.0,-0.0,0.0,1.9799822808165644,60.59982892106811,1.3322676295501878e-15,0.0,0.0,0.0,0.0,10.731323341632502,34.340234693224005,2.8182535883641378,8.454760765092413,0.0,0.0,0.0,2.5045749706273437,40.452125525401506,0.0,2.5016223007259697,57.90439868392717,0.0,0.0,0.0,0.0,0.0,0.0,13.983622741974894,7.32855874385238,13.262446265319886,5.486503736387345,11.283268507968318,0.0,52.0,7.8,42.5,45.0,0.05977174347413497,0.47266096376063627,1.0,36.07436646976076,26.52613703564398,5.241951674357296,51.53480924251538,62.579811201884674,62.579811201884674,1.3322676295501878e-15,0.0,0.0,0.0,0.0,0.0,-0.0,0.0,-7.105427357601002e-15,0.0,0.0,0.0,0.0,0.0,0.11490420380747146,0.0
3,autumn_processing,秋季农产品加工日,60.0,7.0,0.25,52.48587254139533,36.8157978309267,8.565670224709441,0.0,0.31940484364925403,-0.31940484364925403,2.9151478221935747,63.81906573476712,-6.661338147750939e-15,0.0,0.0,0.0,0.0,11.073712763679628,35.43588084377481,2.8552234082364802,8.565670224709441,0.0,0.0,0.0,0.0,40.450102919125236,0.0,1.379916987151887,57.51231043533471,0.0,0.0,0.0,0.0,0.0,0.0,14.176913169248692,7.547431800518047,13.364188907195219,5.523186918596117,11.689728335149224,0.0,88.0,13.2,42.5,45.0,0.08800253896488272,0.4977700705358155,1.0,36.74011077897673,26.50737443826722,5.310715539319854,52.48587254139533,66.7342135569607,66.7342135569607,-6.661338147750939e-15,0.0,0.0,0.0,0.0,0.0,0.0,0.0,0.0,0.0,0.0,-0.31940484364925403,0.0,1.095646150550806,0.11090945961702836,0.0
3,autumn_processing,秋季农产品加工日,60.0,7.25,0.25,53.36438495163477,36.7734085654248,8.655167742898694,0.0,1.2210578549008932,-1.2210578549008932,4.468849904021184,64.07536158049368,-8.881784197001252e-16,0.0,0.0,0.0,0.0,11.073712763679628,35.43588084377481,2.885055914299565,8.655167742898694,0.0,0.0,0.0,0.0,40.44808041397928,0.0,1.337527721649991,57.13157330073547,0.0,0.0,0.0,0.0,0.0,0.0,14.309784422849622,7.77864953573197,13.464821023858946,5.5626726635783195,12.114442814527765,0.0,88.0,13.2,42.5,45.0,0.134905727528737,0.4997691032658707,1.0,37.355069466144336,26.476854167105856,5.3662040005971905,53.36438495163477,68.54421148451486,68.54421148451486,-8.881784197001252e-16,0.0,0.0,0.0,0.0,0.0,0.0,0.0,7.105427357601002e-15,0.0,0.0,-0.9016530112516392,0.0,0.0,0.089497518189253,0.0
3,autumn_processing,秋季农产品加工日,60.0,7.5,0.25,54.184680999460376,36.72403018099382,8.763111612857832,0.0,2.1252317676667136,-2.1252317676667136,5.453976414959129,64.85068632013353,0.5384788928842559,0.0,0.0,0.0,0.0,11.073712763679628,35.43588084377481,2.9210372042859443,8.763111612857832,0.0,0.0,0.0,0.0,40.44605800995858,0.0,1.2881493372190107,56.764020846395894,0.0,0.0,0.0,0.0,0.0,0.0,14.377498513103541,8.020683368460157,13.563685535955084,5.604953454714412,12.55274988299242,0.0,88.0,13.2,42.5,45.0,0.1809003569935567,0.5058164097548538,1.0,37.929276699622264,26.44130173031555,5.433129199971856,54.184680999460376,70.84314162797692,70.30466273509266,0.5384788928842559,0.0,0.0,0.0,0.0,0.0,0.0,0.0,-7.105427357601002e-15,0.0,0.0,-0.9041739127658204,0.0,0.0,0.10794386995913818,0.0
3,autumn_processing,秋季农产品加工日,60.0,7.75,0.25,55.02788294460726,36.553289414686134,9.05483155692934,0.0,2.1252317676667136,-2.1252317676667136,7.645920681106716,67.51404854172694,-6.217248937900877e-15,0.0,0.0,0.0,0.0,11.073712763679628,35.43588084377481,3.018277185643113,9.05483155692934,0.0,0.0,3.914864561236932,0.0,41.37381604035185,0.0,1.1174085709113228,56.441583948890774,0.0,0.0,0.0,0.0,0.0,0.0,14.37937816844001,8.271648697825473,13.660157267660423,5.649986476440852,12.999235210996195,0.0,88.0,13.2,42.5,45.0,0.23081520173312756,0.5265898570882067,1.0,38.519518061225085,26.318368378574014,5.61399556529619,55.02788294460726,75.15996922283365,75.15996922283365,-6.217248937900877e-15,0.0,0.0,0.0,0.0,0.0,0.0,0.0,-1.4210854715202004e-14,0.0,0.0,0.0,0.0,0.0,0.2917199440715077,0.0
3,autumn_processing,秋季农产品加工日,60.0,8.0,0.25,55.91970904048285,36.197104504365846,9.295002183067389,0.0,2.1252317676667136,-2.1252317676667136,9.569118445987073,67.36801629037544,7.105427357601002e-15,0.0,0.0,0.0,0.0,11.073712763679628,35.43588084377481,3.098334061022463,9.295002183067389,0.0,0.0,4.720147103510861,0.0,42.492782286633656,0.0,0.7612236605910354,56.21304114097132,0.0,0.0,0.0,0.0,0.0,0.0,14.318852125322003,8.529321199854733,13.753657567192246,5.6976904724469435,13.447852625355692,0.0,88.0,13.2,42.5,45.0,0.28887273313944467,0.5254508481851644,1.0,39.14379632833799,26.061915243143407,5.762901353501781,55.91970904048285,76.93713473636251,76.93713473636251,7.105427357601002e-15,0.0,0.0,0.0,0.0,0.0,0.0,0.0,-2.1316282072803006e-14,0.0,0.0,0.0,0.0,0.0,0.24017062613804896,0.0
3,autumn_processing,秋季农产品加工日,60.0,8.25,0.25,56.54852866058588,35.82672673974123,9.429884674658174,0.0,2.1252317676667136,-2.1252317676667136,11.541227548346043,64.69989914072175,-1.7763568394002505e-15,0.0,0.0,0.0,0.0,11.073712763679628,35.43588084377481,3.1432948915527246,9.429884674658174,0.0,0.0,3.350358605582848,0.0,43.286367816345255,0.0,0.3908458959664216,56.08208043725178,0.0,0.0,0.0,0.0,0.0,0.0,14.203067364864626,8.791167015656038,13.843667836270596,5.747943055948842,13.892084888583007,0.0,88.0,13.2,42.5,45.0,0.3484068009496844,0.504640313801904,1.0,39.58397006241012,25.795243252613687,5.846528498288068,56.54852866058588,76.2411266890678,76.2411266890678,-1.7763568394002505e-15,0.0,0.0,0.0,0.0,0.0,0.0,0.0,-1.4210854715202004e-14,0.0,0.0,0.0,0.0,0.0,0.13488249159078514,0.0
3,autumn_processing,秋季农产品加工日,60.0,8.5,0.25,57.51536888643013,35.088728913119205,9.780518694949578,0.0,2.1252317676667136,-2.1252317676667136,13.533417936948425,65.51320354424668,-5.329070518200751e-15,0.0,0.0,0.0,0.0,11.073712763679628,35.43588084377481,3.260172898316526,9.780518694949578,0.0,0.0,5.072135165102104,0.0,44.48883559966619,0.3471519306556061,0.0,56.136487980563864,0.0,0.0,0.0,0.0,0.0,0.0,14.042125424524812,9.054387260897604,13.92974136580569,5.800578585294906,14.325140525004464,0.0,88.0,13.2,42.5,45.0,0.4085470830183048,0.5109838505749461,1.0,40.26075822050109,25.263884817445827,6.0639215908687385,57.51536888643013,79.0466214811951,79.0466214811951,-5.329070518200751e-15,0.0,0.0,0.0,0.0,0.0,0.0,0.0,-1.4210854715202004e-14,0.0,0.0,0.0,0.0,0.0,0.35063402029140356,0.0
3,autumn_processing,秋季农产品加工日,60.0,8.75,0.25,58.1135344998756,34.44935653960746,10.000568977900345,0.0,2.1252317676667136,-2.1252317676667136,15.450062013501167,64.97040191869344,-5.329070518200751e-15,0.0,0.0,0.0,0.0,11.073712763679628,35.43588084377481,3.333522992633448,10.000568977900345,0.0,0.0,5.774461908339215,0.0,45.85804586111677,0.9865243041673506,0.0,56.34271925881333,0.0,0.0,0.0,0.0,0.0,0.0,13.848052841132166,9.315976677598782,14.0115128984607,5.855386713589334,14.740179765374604,0.0,88.0,13.2,42.5,45.0,0.4664067715543479,0.5067501564534824,1.0,40.67947414991291,24.803536708517367,6.200352766298214,58.1135344998756,80.42046393219461,80.42046393219461,-5.329070518200751e-15,0.0,0.0,0.0,0.0,0.0,0.0,0.0,-7.105427357601002e-15,0.0,0.0,0.0,0.0,0.0,0.22005028295076734,0.0
3,autumn_processing,秋季农产品加工日,60.0,9.0,0.25,58.70388513492658,33.70837398314009,10.326676090229228,0.0,2.1252317676667136,-2.1252317676667136,17.309604409021944,63.04805229750798,0.0,0.0,0.0,0.0,0.0,11.073712763679628,35.43588084377481,3.4422253634097424,10.326676090229228,0.0,0.0,5.012601676847249,0.0,47.046245857074936,1.727506860634716,0.0,56.724830778584675,0.0,0.0,0.0,0.0,0.0,0.0,13.633648525237714,9.572795573907925,14.08870539206945,5.912111712452298,15.130560267112676,0.0,88.0,13.2,42.5,45.0,0.5225426734365143,0.4917563909460269,1.0,41.0927195944486,24.270029267860867,6.402539175942121,58.70388513492658,80.35765670652992,80.35765670652992,0.0,0.0,0.0,0.0,0.0,0.0,0.0,0.0,0.0,0.0,0.0,0.0,0.0,0.0,0.32610711232888256,0.0
3,autumn_processing,秋季农产品加工日,60.0,9.25,0.25,59.21372365958034,33.01653383112346,10.634953875913395,0.0,2.1252317676667136,-2.1252317676667136,18.875606225690397,63.22722320709939,3.552713678800501e-15,0.0,0.0,0.0,0.0,11.073712763679628,35.43588084377481,3.544984625304465,10.634953875913395,0.0,0.0,6.145176616558638,0.0,48.50337299121475,2.419347012651347,0.0,57.27106327870008,0.0,0.0,0.0,0.0,0.0,0.0,13.411358434662016,9.821653483262208,14.161133541687265,5.970452657385938,15.490091255046035,0.0,88.0,13.2,42.5,45.0,0.5698171666341674,0.49315387170320285,1.0,41.44960656170623,23.77190435840889,6.593671403066304,59.21372365958034,82.10282943278979,82.10282943278979,3.552713678800501e-15,0.0,0.0,0.0,0.0,0.0,0.0,0.0,7.105427357601002e-15,0.0,0.0,0.0,0.0,0.0,0.30827778568416697,0.0
3,autumn_processing,秋季农产品加工日,60.0,9.5,0.25,59.61771299847755,32.33467521118347,10.91320355998919,0.0,2.1252317676667136,-2.1252317676667136,20.228303587035562,60.5018534900906,-7.105427357601002e-15,0.0,0.0,0.0,0.0,11.073712763679628,35.43588084377481,3.6377345199963966,10.91320355998919,0.0,0.0,4.275765027305878,0.0,49.51644201655034,3.1012056325913346,0.0,57.97896408480118,0.0,0.0,0.0,0.0,0.0,0.0,13.192310703390511,10.059402253748166,14.228703731212935,6.030064545566906,15.813283301116714,0.0,88.0,13.2,42.5,45.0,0.6106524207997335,0.4718967840186272,1.0,41.73239909893428,23.2809661520521,6.766186207193298,59.61771299847755,80.73015707712617,80.73015707712617,-7.105427357601002e-15,0.0,0.0,0.0,0.0,0.0,0.0,0.0,-1.4210854715202004e-14,0.0,0.0,0.0,0.0,0.0,0.27824968407579576,0.0
3,autumn_processing,秋季农产品加工日,60.0,9.75,0.25,59.7865340103739,31.689073924284084,11.389133926839033,0.0,2.1252317676667136,-2.1252317676667136,21.60229468624776,56.521425230600485,7.105427357601002e-15,0.0,0.0,0.0,0.0,11.073712763679628,35.43588084377481,3.796377975613011,11.389133926839033,0.0,0.0,1.34186339951499,0.0,49.83265875183435,3.7468069194907234,0.0,58.83984124613782,0.0,0.0,0.0,0.0,0.0,0.0,12.985607713073245,10.283035588116705,14.291410225159177,6.090560396487061,16.095580272170423,0.0,88.0,13.2,42.5,45.0,0.6521304907367975,0.44085060631800693,1.0,41.850573807261725,22.81613322548454,7.0612630346402,59.7865340103739,78.12371991684824,78.12371991684824,7.105427357601002e-15,0.0,0.0,0.0,0.0,0.0,0.0,0.0,-7.105427357601002e-15,3.552713678800501e-15,0.0,0.0,0.0,0.0,0.4759303668498429,0.0
3,autumn_processing,秋季农产品加工日,60.0,10.0,0.25,60.18836202417772,31.147037410133137,11.796144076127606,0.0,2.1252317676667136,-2.1252317676667136,21.85488184837294,55.464472732526986,1.0895737777407177,0.0,0.0,0.0,0.0,11.073712763679628,35.43588084377481,3.9320480253758685,11.796144076127606,0.0,0.0,0.0,0.0,49.83016711889676,4.28884343364167,0.0,59.82902164100464,0.0,0.0,0.0,0.0,0.0,0.0,12.797924118151261,10.489791433602038,14.349327572566256,6.151514362137339,16.33356012623964,0.0,88.0,13.2,42.5,45.0,0.6926476712065051,0.4326066855795616,1.0,42.1318534169244,22.425866935295858,7.313609327199115,60.18836202417772,78.40892835864065,77.31935458089993,1.0895737777407177,0.0,0.0,0.0,0.0,0.0,0.0,0.0,-7.105427357601002e-15,3.552713678800501e-15,0.0,0.0,0.0,0.0,0.40701014928857226,0.0
3,autumn_processing,秋季农产品加工日,60.0,10.25,0.25,60.28974194685266,30.5723407155087,12.169355927104997,0.0,0.6013422728858979,-0.6013422728858979,24.090983238798685,51.95124736787287,0.0,0.0,0.0,0.0,0.0,11.073712763679628,35.43588084377481,4.056451975701665,12.169355927104997,0.0,0.0,0.02098164755173122,0.0,49.83265875183435,4.863540128266106,0.0,60.95419791064734,0.0,0.0,0.0,0.0,0.0,0.0,12.633411302483733,10.677253107911184,14.402599371788932,6.212465846968564,16.52509227337895,0.0,88.0,13.2,42.5,45.0,0.7272590690030345,0.4052045539839653,1.0,42.20281936279686,22.012085315166264,7.545000674805098,60.28974194685266,76.04223060667155,76.04223060667155,0.0,0.0,0.0,0.0,0.0,0.0,0.0,0.0,-2.842170943040401e-14,3.552713678800501e-15,0.0,1.5238894947808157,0.0,0.0,0.3732118509773912,0.0
3,autumn_processing,秋季农产品加工日,60.0,10.5,0.25,60.74778092571421,29.906003616422062,12.707700940278887,0.0,0.0,0.0,25.00759755306266,46.38924613074753,3.552713678800501e-15,0.0,0.0,0.0,0.0,9.05891047204062,28.988513510529987,4.235900313426296,12.707700940278887,0.0,0.0,0.0,2.6457480273709404,49.13391763800967,0.0,0.9174901058920746,60.682276046983574,0.0,0.0,0.0,0.0,0.0,0.0,12.493867783035192,10.843444681691825,14.451423728910362,6.27292460941646,16.66944111382777,0.0,88.0,13.2,42.5,45.0,0.7549298396900891,0.36182256905127297,1.0,42.52344664799995,21.532322603823882,7.87877458297291,60.74778092571421,71.39684368381019,71.39684368381019,3.552713678800501e-15,0.0,0.0,0.0,0.0,0.0,0.0,0.0,0.0,0.0,0.0,0.6013422728858979,0.0,-6.447367333244824,0.53834501317389,0.0
3,autumn_processing,秋季农产品加工日,60.0,10.75,0.25,60.89639326335992,29.49585872455815,13.278090155040111,0.0,0.0,0.0,25.919331849817993,46.038634524558134,7.105427357601002e-15,0.0,0.0,0.0,0.0,9.05891047204062,28.988513510529987,4.426030051680037,13.278090155040111,0.0,0.0,0.0,2.423367412704456,48.493732675626596,0.0,0.5073452140281631,60.51842301053162,0.0,0.0,0.0,0.0,0.0,0.0,12.379107526163123,10.986915953427594,14.496035924563476,6.332376787231772,16.767308032419162,0.0,88.0,13.2,42.5,45.0,0.7824532923139965,0.3590879009401963,1.0,42.62747528435194,21.237018281681866,8.232415896124868,60.89639326335992,71.95796637437613,71.95796637437613,7.105427357601002e-15,0.0,0.0,0.0,0.0,0.0,0.0,0.0,0.0,0.0,0.0,0.0,0.0,0.0,0.5703892147612244,0.0
3,autumn_processing,秋季农产品加工日,60.0,11.0,0.25,61.04505141979494,29.039630662994732,13.84896457615775,3.7475783728463252,0.0,3.7475783728463252,26.195904487919485,44.77680055645566,-3.552713678800501e-15,0.0,0.0,0.0,0.0,9.05891047204062,28.988513510529987,4.616321525385916,13.84896457615775,0.0,0.0,0.0,0.0,48.491307988992816,0.0,0.051117152464744464,60.4747119167988,0.0,0.0,0.0,0.0,0.0,0.0,12.287446286747524,11.106812379791272,14.53668897386992,6.3902917592023005,16.820807408580215,0.0,70.0,10.5,42.5,45.0,0.7908024724742093,0.3492459645834771,1.0,42.731535993856454,20.908534077356205,8.586358037217805,61.04505141979494,70.97270504437515,70.97270504437515,-3.552713678800501e-15,2.061168105065479,0.5152920262663697,30.91752157598218,0.0,0.0,0.0,0.0,7.105427357601002e-15,0.0,0.0,3.7475783728463252,0.0,0.0,0.5708744211176384,0.0
3,autumn_processing,秋季农产品加工日,60.0,11.25,0.25,61.22302719347305,28.684003877443896,14.378919348648834,6.659551269672856,0.0,6.659551269672856,26.249055370932908,40.32319105288582,0.0,0.0,0.0,0.0,0.0,8.661306953873641,27.71618225239565,4.792973116216278,14.378919348648834,0.0,0.0,0.0,1.4455095700714056,48.108486168311416,0.0,0.967821625048245,60.18978465951192,0.0,0.0,0.0,0.0,0.0,0.0,12.21622880576157,11.202925585485719,14.573632911669982,6.446129727153869,16.83337588813057,0.0,70.0,10.5,42.5,45.0,0.7924069923609186,0.31450911140006804,1.0,42.856119035431135,20.652482791759603,8.914929996162277,61.22302719347305,66.57224642381873,66.57224642381873,0.0,3.662753198320071,0.9156882995800177,54.94129797480107,0.0,0.0,0.0,0.0,2.842170943040401e-14,0.0,0.0,2.911972896826531,0.0,-1.2723312581343365,0.5299547724910845,0.0
3,autumn_processing,秋季农产品加工日,60.0,11.5,0.25,61.49399299082298,28.35613266813845,14.839398452003866,6.659551269672856,0.0,6.659551269672856,26.679964568143433,39.36982114070035,-3.552713678800501e-15,0.0,0.0,0.0,0.0,8.661306953873641,27.71618225239565,4.9464661506679555,14.839398452003866,0.0,0.0,0.0,2.39242911684794,47.47649413430617,0.0,0.6399504157427991,59.99128176303934,0.0,0.0,0.0,0.0,0.0,0.0,12.162333387105987,11.27572058474174,14.607093750204768,6.499349875461849,16.80961801163677,0.0,70.0,10.5,42.5,45.0,0.8054152875592426,0.3070731045740271,1.0,43.04579509357608,20.416415521059683,9.200427040242397,61.49399299082298,66.04978570884379,66.04978570884379,-3.552713678800501e-15,3.662753198320071,0.9156882995800177,54.94129797480107,0.0,0.0,0.0,0.0,-2.1316282072803006e-14,0.0,0.0,0.0,0.0,0.0,0.4604791033550324,0.0
3,autumn_processing,秋季农产品加工日,60.0,11.75,0.25,61.63136876649377,27.93109568227861,15.341261196373637,6.659551269672856,0.0,6.659551269672856,27.54443020103026,40.59497712462005,3.552713678800501e-15,0.0,0.0,0.0,0.0,8.661306953873641,27.71618225239565,5.113753732124546,15.341261196373637,0.0,0.0,0.0,0.6074708571687895,47.31425955771293,0.0,0.2149134298829587,59.90472995639915,0.0,0.0,0.0,0.0,0.0,0.0,12.122610151998087,11.326336603979913,14.637253129949473,6.549418941765688,16.755095042051778,0.0,70.0,10.5,42.5,45.0,0.8315117928420112,0.31662896336813123,1.0,43.14195813654564,20.1103888912406,9.511581941751654,61.63136876649377,68.13940732565031,68.13940732565031,3.552713678800501e-15,3.662753198320071,0.9156882995800177,54.94129797480107,0.0,0.0,0.0,0.0,0.0,0.0,0.0,0.0,0.0,0.0,0.5018627443697703,0.0
3,autumn_processing,秋季农产品加工日,60.0,12.0,0.25,61.799569365607255,27.71618225239565,15.798871263785063,6.659551269672856,0.0,6.659551269672856,28.64395264104848,38.41956501581367,3.552713678800501e-15,0.0,0.0,0.0,0.0,8.661306953873641,27.71618225239565,5.2662904212616874,15.798871263785063,0.0,0.0,0.0,2.0040978142075803,46.78449968310147,0.0,0.0,59.874777591420965,0.0,0.0,0.0,0.0,0.0,0.0,12.094230276476052,11.356559390839653,14.6642297091183,6.595820013161198,16.676067223061896,0.0,70.0,10.5,42.5,45.0,0.8647041975749061,0.29966138437934786,1.0,43.25969855592508,19.955651221724867,9.79530018354674,61.799569365607255,67.06351765686215,67.06351765686215,3.552713678800501e-15,3.662753198320071,0.9156882995800177,54.94129797480107,0.0,0.0,0.0,0.0,0.0,0.0,0.0,0.0,0.0,0.0,0.4576100674114265,0.0
3,autumn_processing,秋季农产品加工日,60.0,12.25,0.25,61.53046582502351,27.43753932500396,16.0952960163682,6.438851240664187,0.0,6.438851240664187,29.47056718352399,39.647453026831705,3.552713678800501e-15,0.0,0.0,0.0,0.0,8.661306953873641,27.71618225239565,5.365098672122733,16.0952960163682,0.0,0.0,0.0,0.0,46.78216045811732,0.27864292739169016,0.0,59.91101789788079,0.0,0.0,0.0,0.0,0.0,0.0,12.07494185043492,11.368764103662437,14.688063308536513,6.638061347741322,16.57920249465755,0.0,70.0,10.5,42.5,45.0,0.8896580534066155,0.30923855218676627,1.0,43.07132607751645,19.75502831400285,9.979083530148284,61.53046582502351,69.1180202103557,69.1180202103557,3.552713678800501e-15,3.541368182365303,0.8853420455913258,53.12052273547955,0.0,0.0,0.0,0.0,-7.105427357601002e-15,0.0,0.0,-0.22070002900866914,0.0,0.0,0.2964247525831354,0.0
3,autumn_processing,秋季农产品加工日,60.0,12.5,0.25,61.24459274966937,27.0640240366584,16.480860041226393,6.438851240664187,0.0,6.438851240664187,30.019777247534407,41.906048863156386,7.105427357601002e-15,0.0,0.0,0.0,0.0,8.661306953873641,27.71618225239565,5.493620013742131,16.480860041226393,0.0,0.0,2.9651576340698322,0.0,47.48404628818599,0.6521582157372521,0.0,60.03594996516946,0.0,0.0,0.0,0.0,0.0,0.0,12.063241217856055,11.365829257138497,14.708702744030587,6.675685012698839,16.471266702574443,0.0,70.0,10.5,42.5,45.0,0.9062376174650907,0.3268549399513832,1.0,42.87121492476856,19.486097306394047,10.218133225560363,61.24459274966937,71.92582611069079,71.92582611069079,7.105427357601002e-15,3.541368182365303,0.8853420455913258,53.12052273547955,0.0,0.0,0.0,0.0,-7.105427357601002e-15,0.0,0.0,0.0,0.0,0.0,0.3855640248581942,0.0
3,autumn_processing,秋季农产品加工日,60.0,12.75,0.25,61.03271847158909,26.92547128215119,16.830292478266216,6.438851240664187,0.0,6.438851240664187,30.159298753716918,42.3682909887897,7.105427357601002e-15,0.0,0.0,0.0,0.0,8.661306953873641,27.71618225239565,5.610097492755405,16.830292478266216,0.0,0.0,3.6623180649526677,0.0,48.35147262629785,0.7907109702444615,0.0,60.19372584561993,0.0,0.0,0.0,0.0,0.0,0.0,12.05847586526324,11.351023698216837,14.725998139380218,6.708275127831233,16.358811429651563,0.0,70.0,10.5,42.5,45.0,0.9104494953982744,0.33046029350571726,1.0,42.72290293011236,19.386339323148857,10.434781336525054,61.03271847158909,72.52758974250662,72.52758974250662,7.105427357601002e-15,3.541368182365303,0.8853420455913258,53.12052273547955,0.0,0.0,0.0,0.0,-7.105427357601002e-15,0.0,0.0,0.0,0.0,0.0,0.3494324370398232,0.0
3,autumn_processing,秋季农产品加工日,60.0,13.0,0.25,60.91351263309616,26.683856946820814,17.102180239712993,6.438851240664187,0.0,6.438851240664187,29.561478291734332,42.42466657440116,0.0,0.0,0.0,0.0,0.0,8.661306953873641,27.71618225239565,5.700726746570997,17.102180239712993,0.0,0.0,3.1494497732588758,0.0,49.097049373815516,1.0323253055748367,0.0,60.408806242771156,0.0,0.0,0.0,0.0,0.0,0.0,12.06089649049281,11.32787013076424,14.739698323768964,6.735465507506913,16.247875683138307,0.0,70.0,10.5,42.5,45.0,0.8924024797035299,0.33090000660560714,1.0,42.63945884316731,19.212377001710987,10.603351748622055,60.91351263309616,71.98614486613549,71.98614486613549,0.0,3.541368182365303,0.8853420455913258,53.12052273547955,0.0,0.0,0.0,0.0,7.105427357601002e-15,0.0,0.0,0.0,0.0,0.0,0.2718877614467772,0.0
3,autumn_processing,秋季农产品加工日,60.0,13.25,0.25,60.80180807462059,26.455219309968513,17.410669218619745,6.438851240664187,0.0,6.438851240664187,28.428712747572007,42.95371659493796,0.0,0.0,0.0,0.0,0.0,8.661306953873641,27.71618225239565,5.803556406206582,17.410669218619745,0.0,0.0,2.5546091484733466,0.0,49.70131419410924,1.2609629424271382,0.0,60.67808053847623,0.0,0.0,0.0,0.0,0.0,0.0,12.071673021903075,11.29999021418578,14.749453686482282,6.756946505022219,16.143716796579398,0.0,70.0,10.5,42.5,45.0,0.8582065314983338,0.3350264422249258,1.0,42.56126565223441,19.047757903177327,10.794614915544242,60.80180807462059,71.38242934250997,71.38242934250997,0.0,3.541368182365303,0.8853420455913258,53.12052273547955,0.0,0.0,0.0,0.0,-2.1316282072803006e-14,0.0,0.0,0.0,0.0,0.0,0.30848897890675175,0.0
3,autumn_processing,秋季农产品加工日,60.0,13.5,0.25,60.42152452399234,26.425839463173173,17.591775359876635,6.438851240664187,0.0,6.438851240664187,27.156221822527392,41.91517668593777,-7.105427357601002e-15,0.0,0.0,0.0,0.0,8.661306953873641,27.71618225239565,5.863925119958878,17.591775359876635,0.0,0.0,0.563493151304499,0.0,49.83265875183435,1.2903427892224784,0.0,60.95419791064734,0.0,0.0,0.0,0.0,0.0,0.0,12.092883680544793,11.270937637079138,14.754824599315574,6.772470880598991,16.05058412054993,0.0,70.0,10.5,42.5,45.0,0.8197925507865649,0.3269261343027486,1.0,42.29506716679464,19.026604413484684,10.906900723123513,60.42152452399234,69.07139850846517,69.07139850846517,-7.105427357601002e-15,3.541368182365303,0.8853420455913258,53.12052273547955,0.0,0.0,0.0,0.0,-7.105427357601002e-15,0.0,0.0,0.0,0.0,0.0,0.1811061412568904,0.0
3,autumn_processing,秋季农产品加工日,60.0,13.75,0.25,60.07787617709376,26.346696726653764,17.818404235270098,7.239856541339425,0.0,7.239856541339425,26.096991761492824,40.235162337053644,0.0,0.0,0.0,0.0,0.0,7.987283015336347,25.55930564907631,5.939468078423366,17.818404235270098,0.0,0.0,0.0,0.43261663096758346,49.716320637063184,0.0,0.7873910775774533,60.71651263338216,0.0,0.0,0.0,0.0,0.0,0.0,12.127479331606976,11.244026714050397,14.755295237285592,6.781858537583036,15.971546516323137,0.0,70.0,10.5,42.5,45.0,0.7878164931714737,0.3138225131306564,1.0,42.05451332396563,18.96962164319071,11.04741062586746,60.07787617709376,66.33215409854647,66.33215409854647,0.0,3.9819210977366843,0.9954802744341711,59.72881646605026,0.0,0.0,0.0,0.0,0.0,0.0,0.0,0.8010053006752385,0.0,-2.15687660331934,0.22662887539346244,0.0
3,autumn_processing,秋季农产品加工日,60.0,14.0,0.25,60.12101975676653,26.414186490915217,18.0296655774416,7.239856541339425,0.0,7.239856541339425,24.690123498850028,41.435846016820165,0.0,0.0,1.270976089740965,0.4448416314093377,0.5719392403834342,7.987283015336347,25.55930564907631,6.009888525813867,18.0296655774416,0.0,0.0,0.0,0.3075236094977848,49.632907555374025,0.0,0.28294160145547154,60.61169606089298,0.0,0.0,0.0,0.0,0.0,0.0,12.179218811202517,11.222164875668714,14.750292346085311,6.785,15.908381512161348,0.0,70.0,10.5,42.5,45.0,0.7453459267874618,0.3231874951009736,1.0,42.084713829736565,19.018214273458955,11.178392658013793,60.12101975676653,66.12596951567019,66.12596951567019,0.0,4.236116315684877,1.0590290789212193,63.54174473527316,0.0,0.0,0.0,0.0,-1.4210854715202004e-14,0.0,0.0,0.0,0.4448416314093377,0.0,0.21126134217150394,0.0
3,autumn_processing,秋季农产品加工日,60.0,14.25,0.25,60.49065014340375,26.469550234890807,18.18430826826034,7.239856541339425,0.0,7.239856541339425,23.179408363715126,41.08916397074027,0.0,0.0,4.596656429074247,1.6088297501759863,2.068495393083411,7.625329638064808,24.401054841807387,6.061436089420114,18.18430826826034,0.0,0.0,0.0,1.0601572449178587,49.351437161333656,0.0,0.0,60.58139021286254,0.0,0.0,0.0,0.0,0.0,0.0,12.252565799200204,11.207697830766447,14.739208236447563,6.781858537583036,15.86153044817739,0.0,70.0,10.5,42.5,45.0,0.699740429003645,0.3204834764108868,1.0,42.34345510038262,19.05807616912138,11.274271126321413,60.49065014340375,64.2685723344554,64.2685723344554,0.0,4.901252383551534,1.2253130958878835,73.51878575327301,0.0,0.0,0.0,0.0,-7.105427357601002e-15,-1.0658141036401503e-14,0.0,0.0,1.1639881187666485,-1.1582508072689244,0.15464269081873994,0.0
3,autumn_processing,秋季农产品加工日,60.0,14.5,0.25,60.650277754614756,26.355033875856755,18.319971821680674,7.239856541339425,0.0,7.239856541339425,21.933284659266654,41.82289049303939,3.552713678800501e-15,0.0,7.9223367684075106,2.7728178689426284,3.56505154578338,7.1218694781479295,22.789982330073375,6.106657273893558,18.319971821680674,0.0,0.0,0.0,0.1099549440681491,49.3200340778787,0.0,0.0,60.55109951775611,0.0,0.0,0.0,0.0,0.0,0.0,12.352534983712014,11.202276106632288,14.721427047174016,6.772470880598991,15.830120253786582,0.0,70.0,10.5,42.5,45.0,0.6621224224583465,0.32620632895587265,1.0,42.45519442823033,18.97562439061686,11.358382529442018,60.650277754614756,63.75617515230604,63.75617515230604,3.552713678800501e-15,5.566388451418186,1.3915971128545466,83.49582677127279,0.0,0.0,0.0,0.0,-7.105427357601002e-15,0.0,0.0,0.0,1.163988118766642,-1.6110725117340117,0.13566355342033276,0.0
3,autumn_processing,秋季农产品加工日,60.0,14.75,0.25,60.6083724864594,26.56871995822424,18.452402025000218,7.239856541339425,0.0,7.239856541339425,20.722320766129513,42.74111421836648,0.0,0.0,8.883784198867023,3.109324469603458,3.9977028894901605,7.0534428339794,22.57101706873408,6.150800675000073,18.452402025000218,0.0,0.0,0.0,0.0,49.31756807617481,0.0,0.0,60.52082396799723,0.0,0.0,0.0,0.0,0.0,0.0,12.4844752775454,11.20675107116141,14.696353124783023,6.756946505022219,15.81204890213321,0.0,70.0,10.5,42.5,45.0,0.6255658209784675,0.3333682057909753,1.0,42.42586074052158,19.12947836992145,11.440489255500134,60.6083724864594,63.46343498449599,63.46343498449599,0.0,5.758677937510089,1.4396694843775222,86.38016906265133,0.0,0.0,0.0,0.0,0.0,0.0,0.0,0.0,0.3365066006608295,-0.21896526133929584,0.1324302033195437,0.0
3,autumn_processing,秋季农产品加工日,60.0,15.0,0.25,60.656006334601166,26.744681025394918,18.389569677552107,7.239856541339425,0.0,7.239856541339425,19.399000539834432,44.864330373236896,0.0,0.0,10.516218298156318,3.680676404354711,4.732298234170343,6.878869622257682,22.01238279122458,6.129856559184035,18.389569677552107,0.0,0.0,1.5191313427225843,0.0,49.67589589166761,0.0,0.0,60.490563556013235,0.0,0.0,0.0,0.0,0.0,0.0,12.653780967822355,11.221107399472668,14.663440230986495,6.735465507506913,15.804128282568962,0.0,70.0,10.5,42.5,45.0,0.5856174043352521,0.3499286715860249,1.0,42.459204434220815,19.256170338284342,11.401533200082307,60.656006334601166,64.26333091307133,64.26333091307133,0.0,6.085164757367949,1.5212911893419871,91.27747136051923,0.0,0.0,0.0,0.0,-7.105427357601002e-15,7.105427357601002e-15,0.0,0.0,0.5713519347512532,-0.5586342775094977,-0.06283234744811139,0.0
3,autumn_processing,秋季农产品加工日,60.0,15.25,0.25,60.94601587747242,26.809949930018565,18.470880425216865,7.239856541339425,0.0,7.239856541339425,17.73992130668126,44.82791550174315,0.0,0.0,13.8418986374896,4.844664523121359,6.22885438687032,6.878869622257682,22.01238279122458,6.1569601417389554,18.470880425216865,0.0,0.0,0.6705122314161365,0.0,49.83265875183435,1.4312872480763366,0.0,60.80024899565336,0.0,0.0,0.0,0.0,0.0,0.0,12.865527876919177,11.244437291907689,14.622220218779994,6.708275127831233,15.802275409518089,0.0,70.0,10.5,42.5,45.0,0.5355330882845051,0.3496446462255264,1.0,42.66221111423069,19.303163949613367,11.451945863634457,60.94601587747242,62.56783680842441,62.56783680842441,0.0,6.750300825234604,1.687575206308651,101.25451237851907,0.0,0.0,0.0,0.0,7.105427357601002e-15,0.0,0.0,0.0,1.1639881187666483,0.0,0.08131074766475876,0.0
3,autumn_processing,秋季农产品加工日,60.0,15.5,0.25,61.29456939552761,27.097111087172564,18.481594316004234,7.239856541339425,0.0,7.239856541339425,16.35455516953712,43.90569290255689,0.0,0.0,17.167578976822877,6.008652641888006,7.725410539570295,6.053656421125699,19.371700547602238,6.160531438668078,18.481594316004234,0.0,0.0,0.0,0.0,49.830167118896775,0.0,0.0,60.76984887115551,0.0,0.0,0.0,0.0,0.0,0.0,13.124040521215267,11.274959647894914,14.572329819169981,6.675685012698839,15.80174068810127,0.0,70.0,10.5,42.5,45.0,0.49371162848185335,0.34245157934243375,1.0,42.90619857686932,19.509919982764245,11.458588475922625,61.29456939552761,60.260248072094015,60.260248072094015,0.0,7.41543689310126,1.853859223275315,111.2315533965189,0.0,0.0,0.0,0.0,5.684341886080802e-14,-3.197442310920451e-14,0.0,0.0,1.163988118766647,-2.6406822436223436,0.010713890787368285,0.0
3,autumn_processing,秋季农产品加工日,60.0,15.75,0.25,61.43203823040127,27.44567720029434,18.329880491127007,7.239856541339425,0.0,7.239856541339425,14.467231049003857,44.66070591379965,-1.7763568394002505e-15,0.0,20.493259316156163,7.172640760654656,9.221966692270273,5.977454223135677,19.127853514034168,6.109960163709002,18.329880491127007,0.0,0.0,0.02098164755167138,0.0,49.83265875183435,0.9041430060100992,0.0,60.95419791064734,0.0,0.0,0.0,0.0,0.0,0.0,13.43240713196243,11.310084958715263,14.513534254454568,6.638061347741322,15.797360481274225,0.0,70.0,10.5,42.5,45.0,0.43673705134647695,0.34834046028318105,1.0,43.00242676128089,19.760887584211925,11.364525904498745,61.43203823040127,59.12793696280351,59.12793696280351,-1.7763568394002505e-15,8.080572960967917,2.020143240241979,121.20859441451876,0.0,0.0,0.0,0.0,-2.1316282072803006e-14,3.552713678800501e-15,0.0,0.0,1.1639881187666496,-0.2438470335680698,-0.15171382487722695,0.0
3,autumn_processing,秋季农产品加工日,60.0,16.0,0.25,61.36490709570474,27.688731261576052,18.18277178684102,7.239856541339425,0.0,7.239856541339425,12.744001532562507,43.65624415526965,1.7763568394002505e-15,0.0,23.818939655489444,8.336628879421305,10.71852284497025,4.924947073045422,15.75983063374535,6.060923928947006,18.18277178684102,0.0,0.0,0.0,0.37404698910428014,49.73173370071142,0.0,1.2103777828604452,60.605200342518216,0.0,0.0,0.0,0.0,0.0,0.0,13.791971113960582,11.346524045691606,14.445746536998465,6.595820013161198,15.783820517930295,0.0,132.0,19.8,42.5,45.0,0.3847161653003093,0.34050595198009836,1.0,42.955434966993316,19.935886508334757,11.273318507841433,61.36490709570474,56.400245687832154,56.400245687832154,1.7763568394002505e-15,8.745709028834574,2.1864272572086434,131.1856354325186,0.0,0.0,0.0,0.0,0.0,-7.105427357601002e-15,0.0,0.0,1.1639881187666488,-3.3680228802888177,-0.1471087042859871,0.0
3,autumn_processing,秋季农产品加工日,60.0,16.25,0.25,61.48479579732286,27.8775503216642,17.958872002325084,7.239856541339425,0.0,7.239856541339425,10.914499379754282,45.17647804087763,0.0,0.0,27.144619994822722,9.500616998187953,12.215078997670226,4.924947073045422,15.75983063374535,5.986290667441694,17.958872002325084,0.0,0.0,0.4354174223493212,0.0,49.83265875183435,0.09735930975136971,0.0,60.59802057841291,0.0,0.0,0.0,0.0,0.0,0.0,14.201838572686528,11.380436110296,14.369041516746515,6.549418941765688,15.755916745296158,0.0,132.0,19.8,42.5,45.0,0.3294871188474628,0.35236333221212796,1.0,43.039357058126,20.071836231598223,11.134500641441551,61.48479579732286,56.090977420631916,56.090977420631916,0.0,9.41084509670123,2.3527112741753076,141.16267645051846,0.0,0.0,0.0,0.0,0.0,1.0658141036401503e-14,0.0,0.0,1.1639881187666479,0.0,-0.22389978451593606,0.0
3,autumn_processing,秋季农产品加工日,60.0,16.5,0.25,61.90777729103759,27.988681620712555,17.81170424531607,7.239856541339425,0.0,7.239856541339425,9.33373254161124,45.08705066593096,0.0,0.0,29.561603016295837,10.346561055703543,13.302721357333127,4.151697679055875,13.2854325729788,5.93723474843869,17.81170424531607,0.0,0.0,0.010491086053015783,0.0,49.83265875183435,0.0,1.4005276904006276,60.19916164959722,0.0,0.0,0.0,0.0,0.0,0.0,14.65845021373323,11.40760906613583,14.283663994610707,6.499349875461849,15.708801015390595,0.0,132.0,19.8,42.5,45.0,0.2817668988953233,0.3516658248101857,1.0,43.33544410372631,20.15185076691304,11.043256632095963,61.90777729103759,54.4207832075422,54.4207832075422,0.0,9.894241700995853,2.473560425248963,148.4136255149378,0.0,0.0,0.0,0.0,-7.105427357601002e-15,0.0,0.0,0.0,0.8459440575155899,-2.47439806076655,-0.14716775700901508,0.0
3,autumn_processing,秋季农产品加工日,60.0,16.75,0.25,62.343128236865276,28.53781676863784,17.61752773884561,7.239856541339425,0.0,7.239856541339425,7.562070339342604,44.01637292784819,8.881784197001252e-16,0.0,29.561603016295837,10.346561055703543,13.302721357333127,1.038386616877176,3.3228371740069633,5.8725092462818695,17.61752773884561,0.0,0.0,0.0,0.08916323579056051,49.80670310947819,0.0,11.912258237297749,57.03425726948355,0.0,0.0,0.0,0.0,0.0,0.0,15.15527045119428,11.423662977284952,14.190030507583382,6.446129727153869,15.638200418268948,0.0,132.0,19.8,42.5,45.0,0.22828392599056097,0.34331485120894967,1.0,43.640189765805694,20.547228073419245,10.922867198084278,62.343128236865276,51.57844326719079,51.57844326719079,8.881784197001252e-16,9.894241700995853,2.473560425248963,148.4136255149378,0.0,0.0,0.0,0.0,0.0,0.0,0.0,0.0,0.0,-9.962595398971837,-0.19417650647045903,0.0
3,autumn_processing,秋季农产品加工日,60.0,17.0,0.25,62.706582214504685,28.853632511575512,17.429738080965915,7.239856541339425,0.0,7.239856541339425,6.164133486182514,40.46097022225971,1.7763568394002505e-15,0.0,29.561603016295837,10.346561055703543,13.302721357333127,1.038386616877176,3.3228371740069633,5.809912693655305,17.429738080965915,0.0,0.0,0.0,5.343360219551971,48.39806534812483,0.0,12.228073980235422,53.7878259355237,0.0,0.0,0.0,0.0,0.0,0.0,15.68264543060206,11.424265804661523,14.088724698144985,6.3902917592023005,15.54060101670585,0.0,132.0,19.8,42.5,45.0,0.18608298116914343,0.3155837486744938,1.0,43.894607550153275,20.774615408334366,10.806437610198868,62.706582214504685,46.625103708442225,46.625103708442225,1.7763568394002505e-15,9.894241700995853,2.473560425248963,148.4136255149378,0.0,0.0,0.0,0.0,-7.105427357601002e-15,0.0,0.0,0.0,0.0,0.0,-0.18778965787969426,0.0
3,autumn_processing,秋季农产品加工日,60.0,17.25,0.25,62.85101806904184,29.188903466091226,17.24190508392664,7.239856541339425,0.0,7.239856541339425,4.713392910182918,40.22307914529788,-2.6645352591003757e-15,0.0,29.561603016295837,10.346561055703543,13.302721357333127,1.1431587901633367,3.6581081285226773,5.747301694642213,17.24190508392664,0.0,0.0,0.0,7.218588901323627,46.49601678661436,0.0,12.228073980235422,50.54301781723083,0.0,0.0,0.0,0.0,0.0,0.0,16.227873886280154,11.40534970173955,13.980486487491063,6.332376787231772,15.413389057998849,0.0,132.0,19.8,42.5,45.0,0.1422879965390762,0.3137282677645841,1.0,43.99571264832929,21.016010495585682,10.689981152034516,62.85101806904184,44.9364720554808,44.9364720554808,-2.6645352591003757e-15,9.894241700995853,2.473560425248963,148.4136255149378,0.0,0.0,0.0,0.0,7.105427357601002e-15,0.0,0.0,0.0,0.0,0.335270954515714,-0.18783299703927625,0.0
3,autumn_processing,秋季农产品加工日,60.0,17.5,0.25,63.08395080248071,29.709322930197487,17.202389783665307,7.239856541339425,0.0,7.239856541339425,3.3916695666242447,36.57079003193408,-2.220446049250313e-15,0.0,29.561603016295837,10.346561055703543,13.302721357333127,1.3057898726965433,4.178527592628939,5.734129927888436,17.202389783665307,0.0,0.0,0.0,12.574993407464387,43.184483194337034,0.0,12.228073980235422,47.299832102997115,0.0,0.0,0.0,0.0,0.0,0.0,16.775520125203908,11.363315896054793,13.86619556181607,6.27292460941646,15.254945286194673,0.0,132.0,19.8,42.5,45.0,0.1023877866228623,0.2852414795509816,1.0,44.158765561736494,21.39071250974219,10.665481665872491,63.08395080248071,39.962459598558326,39.962459598558326,-2.220446049250313e-15,9.894241700995853,2.473560425248963,148.4136255149378,0.0,0.0,0.0,0.0,-7.105427357601002e-15,0.0,0.0,0.0,0.0,0.5204194641062614,-0.03951530026133199,0.0
3,autumn_processing,秋季农产品加工日,60.0,17.75,0.25,63.62565924921076,30.199337659003135,16.842157268906853,7.239856541339425,0.0,7.239856541339425,2.2898229033050725,35.632534356961905,-1.3322676295501878e-15,0.0,29.561603016295837,10.346561055703543,13.302721357333127,1.4589194754483081,4.668542321434586,5.614052422968951,16.842157268906853,0.0,0.0,0.0,15.189856290318076,39.184993367462035,0.0,12.228073980235422,44.05826798162051,0.0,0.0,0.0,0.0,0.0,0.0,17.30797776020305,11.295216779883745,13.746849937312774,6.212465846968564,15.064690596800894,0.0,132.0,19.8,42.5,45.0,0.06912521819190443,0.2779233593601826,1.0,44.537961474447535,21.743523114482254,10.442137506722249,63.62565924921076,37.92235726026698,37.92235726026698,-1.3322676295501878e-15,9.894241700995853,2.473560425248963,148.4136255149378,0.0,0.0,0.0,0.0,-7.105427357601002e-15,0.0,0.0,0.0,0.0,0.49001472880564734,-0.3602325147584544,0.0
3,autumn_processing,秋季农产品加工日,60.0,18.0,0.25,63.806520783453614,30.27231067317494,16.564975177407693,7.239856541339425,0.0,7.239856541339425,1.2089563232081346,35.57147890678398,4.440892098500626e-16,0.0,29.561603016295837,10.346561055703543,13.302721357333127,1.481723542376997,4.74151533560639,5.521658392469231,16.564975177407693,0.0,0.0,0.0,16.443049891264767,34.855915725355565,0.0,12.228073980235422,40.818324642304596,0.0,0.0,0.0,0.0,0.0,0.0,17.80626793562408,11.198905185499036,13.623540579102446,6.151514362137339,14.843083816729632,0.0,132.0,19.8,42.5,45.0,0.03649599691994652,0.27744714468371,1.0,44.66456454841753,21.796063684685954,10.27028460999277,63.806520783453614,36.780435229992115,36.780435229992115,4.440892098500626e-16,9.894241700995853,2.473560425248963,148.4136255149378,0.0,0.0,0.0,0.0,7.105427357601002e-15,0.0,0.0,0.0,0.0,0.07297301417180435,-0.27718209149916007,0.0
3,autumn_processing,秋季农产品加工日,60.0,18.25,0.25,63.664093485945266,30.619400539939324,16.057948737060233,7.239856541339425,0.0,7.239856541339425,0.37152878049187166,37.63516699307273,-3.2751579226442118e-15,0.0,29.561603016295837,10.346561055703543,13.302721357333127,1.5901891257408673,5.0886052023707755,5.352649579020078,16.057948737060233,0.0,0.0,0.0,15.013818820098642,30.903167976911757,0.0,12.228073980235422,37.580001274658336,0.0,0.0,0.0,0.0,0.0,0.0,18.25102942665987,11.073142848277968,13.497423201735861,6.090560396487061,14.591574720022926,0.0,132.0,19.8,42.5,45.0,0.01121571802736527,0.29354330893257424,1.0,44.56486544016168,22.04596838875631,9.955928216977345,63.664093485945266,38.0066957735646,38.0066957735646,-3.2751579226442118e-15,9.894241700995853,2.473560425248963,148.4136255149378,0.0,0.0,0.0,0.0,-7.105427357601002e-15,0.0,0.0,0.0,0.0,0.34708986676438514,-0.5070264403474596,0.0
3,autumn_processing,秋季农产品加工日,60.0,18.5,0.25,63.406902976414294,30.950984082447228,15.542233558686712,7.239856541339425,0.0,7.239856541339425,0.0,37.94968262964214,0.0,0.0,29.561603016295837,10.346561055703543,13.302721357333127,1.6938089827745872,5.420188744878679,5.1807445195622375,15.542233558686712,0.0,0.0,0.0,14.74535625206601,27.02126591007449,0.0,12.228073980235422,34.343297068695904,0.0,0.0,0.0,0.0,0.0,0.0,18.623633462480015,10.917662619097412,13.369688467813436,6.030064545566906,14.312517391282487,0.0,132.0,19.8,42.5,45.0,0.0,0.29599643902461326,1.0,44.384832083490004,22.284708539362004,9.636184806385762,63.406902976414294,37.94968262964214,37.94968262964214,0.0,9.894241700995853,2.473560425248963,148.4136255149378,0.0,0.0,0.0,0.0,7.105427357601002e-15,0.0,0.0,0.0,0.0,0.3315835425079037,-0.5157151783735205,0.0
3,autumn_processing,秋季农产品加工日,60.0,18.75,0.25,63.04350557708084,31.09653584881757,15.094936303782896,7.239856541339425,0.0,7.239856541339425,0.0,38.1735181634098,0.0,0.0,29.561603016295837,10.346561055703543,13.302721357333127,1.7392939097653193,5.565740511249022,5.0316454345942985,15.094936303782896,0.0,0.0,0.0,14.054509160987692,23.321359804413806,0.0,12.228073980235422,31.108211214836448,0.0,0.0,0.0,0.0,0.0,0.0,18.90733686283784,10.733181886013655,13.241531824429998,5.970452657385938,14.009050636577143,0.0,132.0,19.8,42.5,45.0,0.0,0.2977422908033749,1.0,44.130453903956585,22.38950581114865,9.358860508345396,63.04350557708084,38.1735181634098,38.1735181634098,0.0,9.894241700995853,2.473560425248963,148.4136255149378,0.0,0.0,0.0,0.0,7.105427357601002e-15,0.0,0.0,0.0,0.0,0.1455517663703425,-0.4472972549038161,0.0
3,autumn_processing,秋季农产品加工日,60.0,19.0,0.25,62.41133560490654,31.202570507993176,14.696600772432303,7.239856541339425,0.0,7.239856541339425,0.0,36.83616786675185,0.0,0.0,29.561603016295837,10.346561055703543,13.302721357333127,1.772429740757696,5.6717751704246275,4.898866924144101,14.696600772432303,0.0,0.0,0.0,14.660046806013515,19.462286682209506,0.0,12.228073980235422,27.87474290390392,0.0,0.0,0.0,0.0,0.0,0.0,19.088376119107036,10.521367686577218,13.114124176439542,5.912111712452298,13.684953258653099,0.0,132.0,19.8,42.5,45.0,0.0,0.28731134914300727,1.0,43.687934923434575,22.465850765755086,9.111892478908027,62.41133560490654,36.83616786675185,36.83616786675185,0.0,9.894241700995853,2.473560425248963,148.4136255149378,0.0,0.0,0.0,0.0,-1.4210854715202004e-14,0.0,0.0,0.0,0.0,0.10603465917560584,-0.3983355313505932,0.0
3,autumn_processing,秋季农产品加工日,60.0,19.25,0.25,61.71961620538754,31.44587585060932,14.037161751158239,7.239856541339425,0.0,7.239856541339425,0.0,38.68751269962805,0.0,0.0,29.561603016295837,10.346561055703543,13.302721357333127,1.8484626603252408,5.91508051304077,4.679053917052746,14.037161751158239,0.0,0.0,0.0,11.973202486094504,16.31047080837684,0.0,12.228073980235422,24.642891327126854,0.0,0.0,0.0,0.0,0.0,0.0,19.156904495555082,10.284756910331824,12.988584496630478,5.855386713589334,13.344482633477131,0.0,132.0,19.8,42.5,45.0,0.0,0.3017512980428682,1.0,43.203731343771274,22.64103061243871,8.703040285718108,61.71961620538754,38.68751269962805,38.68751269962805,0.0,9.894241700995853,2.473560425248963,148.4136255149378,0.0,0.0,0.0,0.0,7.105427357601002e-15,0.0,0.0,0.0,0.0,0.2433053426161429,-0.6594390212740642,0.0
3,autumn_processing,秋季农产品加工日,60.0,19.5,0.25,60.77789656815891,31.54666140791552,13.684293736874926,7.239856541339425,0.0,7.239856541339425,0.0,35.00342453203812,0.0,0.0,29.561603016295837,10.346561055703543,13.302721357333127,1.8799581469834281,6.01586607034697,4.561431245624975,13.684293736874926,0.0,0.0,0.0,14.629443831686228,12.459801644918997,0.0,12.228073980235422,21.41265567613818,0.0,0.0,0.0,0.0,0.0,0.0,19.107684840650716,10.026637592105136,12.865955324682458,5.800578585294906,12.99220515314225,0.0,132.0,19.8,42.5,45.0,0.0,0.2730164864951276,1.0,42.54452759771123,22.713596213699173,8.484262116862453,60.77789656815891,35.00342453203812,35.00342453203812,0.0,9.894241700995853,2.473560425248963,148.4136255149378,0.0,0.0,0.0,0.0,1.4210854715202004e-14,0.0,0.0,0.0,0.0,0.10078555730619954,-0.35286801428331316,0.0
3,autumn_processing,秋季农产品加工日,60.0,19.75,0.25,59.72958650284708,31.466193422445063,13.200199669999215,7.239856541339425,0.0,7.239856541339425,0.0,36.031334265843185,0.0,0.0,29.561603016295837,10.346561055703543,13.302721357333127,1.8548119015239106,5.935398084876514,4.400066556666405,13.200199669999215,0.0,0.0,0.0,12.366713098151234,9.204780471112743,0.0,12.228073980235422,18.184035142975,0.0,0.0,0.0,0.0,0.0,0.0,18.940471802114686,9.750899397517895,12.74718192055484,5.747943055948842,12.632826768908181,0.0,132.0,19.8,42.5,45.0,0.0,0.2810338821559647,1.0,41.810710551992955,22.655659264160445,8.184123795399513,59.72958650284708,36.031334265843185,36.031334265843185,0.0,9.894241700995853,2.473560425248963,148.4136255149378,0.0,0.0,0.0,0.0,-7.105427357601002e-15,0.0,0.0,0.0,0.0,-0.08046798547045597,-0.484094066875711,0.0
3,autumn_processing,秋季农产品加工日,60.0,20.0,0.25,58.41812663367307,31.360679913643548,12.920146024656015,7.239856541339425,0.0,7.239856541339425,0.0,37.74174793911906,0.0,0.0,29.561603016295837,10.346561055703543,13.302721357333127,1.8548119015239106,5.935398084876514,4.306715341552005,12.920146024656015,0.0,0.0,0.0,9.251488340586963,6.769718037197881,0.0,12.122560471433907,14.984795632920905,0.0,0.0,0.0,0.0,0.0,0.0,18.660046250930094,9.4618628661314,12.633095626576477,5.6976904724469435,12.271031134891508,0.0,132.0,19.8,42.5,45.0,0.0,0.29437460917836195,1.0,40.89268864357115,22.579689537823352,8.01049053528673,58.41812663367307,37.74174793911906,37.74174793911906,0.0,9.894241700995853,2.473560425248963,148.4136255149378,0.0,0.0,0.0,0.0,7.105427357601002e-15,0.0,0.0,0.0,0.0,0.0,-0.2800536453431999,0.0
3,autumn_processing,秋季农产品加工日,60.0,20.25,0.25,57.020753886255584,31.46959973235632,12.65490761387436,7.239856541339425,0.0,7.239856541339425,0.0,40.86478653760874,0.0,0.0,29.561603016295837,10.346561055703543,13.302721357333127,1.855876373371178,5.93880439478777,4.21830253795812,12.65490761387436,0.0,0.0,0.0,4.643728662933177,5.5473456926293965,0.0,12.228073980235422,11.759389029779335,0.0,0.0,0.0,0.0,0.0,0.0,18.27589845033586,9.164097725451775,12.524401769393899,5.649986476440852,11.911331793925557,0.0,132.0,19.8,42.5,45.0,0.0,0.31873339797538125,1.0,39.914527720378906,22.65811180729655,7.846042720602104,57.020753886255584,40.86478653760874,40.86478653760874,0.0,9.894241700995853,2.473560425248963,148.4136255149378,0.0,0.0,0.0,0.0,-7.105427357601002e-15,0.0,0.0,0.0,0.0,0.0034063099112557893,-0.2652384107816541,0.0
3,autumn_processing,秋季农产品加工日,60.0,20.5,0.25,55.64312296369843,31.35902608438265,12.254415803414975,7.239856541339425,0.0,7.239856541339425,0.0,43.9589832889627,0.0,0.0,29.561603016295837,10.346561055703543,13.302721357333127,1.855876373371178,5.93880439478777,4.084805267804992,12.254415803414975,0.0,0.0,0.0,0.03840371886893301,5.5369620835371505,0.0,12.117500332261752,8.56469345835346,0.0,0.0,0.0,0.0,0.0,0.0,17.80159066974146,8.862240603255247,12.421672211176835,5.604953454714412,11.557943551461126,0.0,132.0,19.8,42.5,45.0,0.0,0.3428672287897375,1.0,38.9501860745889,22.578498780755506,7.597737798117285,55.64312296369843,43.9589832889627,43.9589832889627,0.0,9.894241700995853,2.473560425248963,148.4136255149378,0.0,0.0,0.0,0.0,0.0,0.0,0.0,0.0,0.0,0.0,-0.40049181045938553,0.0
3,autumn_processing,秋季农产品加工日,60.0,20.75,0.25,54.11689211112902,31.21317794160201,11.77034536040638,2.2907460740088887,0.0,2.2907460740088887,0.0,48.88231967405847,0.0,0.0,29.561603016295837,10.346561055703543,13.302721357333127,3.478120562944975,11.12998580142392,3.9234484534687932,11.77034536040638,0.0,0.0,0.0011656762281120336,0.0,5.5369620835371505,0.0,6.780470782844961,6.776076695086137,0.0,0.0,0.0,0.0,0.0,0.0,17.25386028850374,8.560821789621496,12.32534245100286,5.5626726635783195,11.21467674636287,0.0,132.0,19.8,42.5,45.0,0.0,0.3812678144370701,1.0,37.88182447779031,22.473488117953444,7.297614123451955,54.11689211112902,48.88231967405847,48.88231967405847,0.0,7.172230943964057,1.7930577359910143,107.58346415946086,0.0,0.0,0.0,0.0,7.105427357601002e-15,0.0,0.0,-4.949110467330536,0.0,5.191181406636151,-0.48407044300859603,0.0
3,autumn_processing,秋季农产品加工日,60.0,21.0,0.25,52.81915754491815,31.23096428517906,11.304578539286203,1.0968602707444761,0.0,1.0968602707444761,0.0,50.747670656078824,0.0,0.0,29.561603016295837,10.346561055703543,13.302721357333127,5.602575914951854,17.928242927845933,3.768192846428734,11.304578539286203,0.0,0.0,0.0011656762281120336,0.0,5.5369620835371505,0.0,0.0,6.772688656738594,0.0,0.0,0.0,0.0,0.0,0.0,16.65154728656929,8.264109430262216,12.235712992234431,5.523186918596117,10.884856644005794,0.0,132.0,19.8,42.5,45.0,0.0,0.3958170072089174,1.0,36.9734102814427,22.48629428532892,7.008838694357445,52.81915754491815,50.747670656078824,50.747670656078824,0.0,6.5155937521686305,1.6288984380421576,97.73390628252946,0.0,0.0,0.0,0.0,-7.105427357601002e-15,0.0,0.0,-1.1938858032644126,0.0,6.798257126422012,-0.46576682112017664,0.0
3,autumn_processing,秋季农产品加工日,60.0,21.25,0.25,51.48128773732707,30.890339513638587,10.87566428985179,0.0,0.0,0.0,0.0,54.17833294123505,0.0,0.0,26.23592267696256,9.182572936936895,11.806165204633151,6.736018541684945,21.555259333391827,3.6252214299505963,10.87566428985179,0.0,0.0,1.5183781692093263,0.0,5.8973000506201885,2.471085024386393,0.0,7.356185005701993,0.0,0.0,0.0,0.0,0.0,0.0,16.0144428229776,7.975977807219714,12.152954537727314,5.486503736387345,10.571268735731614,0.0,132.0,19.8,42.5,45.0,0.0,0.4225751709019417,1.0,36.03690141612895,22.241044449819782,6.7429118597081095,51.48128773732707,54.17833294123505,54.17833294123505,0.0,5.247184535392512,1.311796133848128,78.70776803088769,0.0,0.0,0.0,0.0,-7.105427357601002e-15,-3.552713678800501e-15,0.0,-1.0968602707444761,-1.1639881187666479,3.627016405545895,-0.42891424943441336,0.0
3,autumn_processing,秋季农产品加工日,60.0,21.5,0.25,50.21961497650711,30.461085267856397,10.466266104738244,0.0,0.0,0.0,0.0,54.57393261738545,0.0,0.0,25.426343933546875,8.899220376741406,11.441854770096095,9.764782649373666,31.247304477995733,3.4887553682460815,10.466266104738244,0.0,0.0,0.0,0.0,5.897005185617657,12.22807398023543,0.0,10.256674483505057,0.0,0.0,0.0,0.0,0.0,0.0,15.362157267266147,7.699804346037144,12.077116457034323,5.452598814468941,10.276129406514727,0.0,132.0,19.8,42.5,45.0,0.0,0.42566073281724337,1.0,35.15373048355497,21.931981392856606,6.489084984937711,50.21961497650711,54.57393261738545,54.57393261738545,0.0,5.085268786709375,1.2713171966773438,76.27903180064062,0.0,0.0,0.0,0.0,0.0,0.0,0.0,0.0,-0.28335256019548893,9.692045144603906,-0.4093981851135453,0.0
3,autumn_processing,秋季农产品加工日,60.0,21.75,0.25,49.284320212465374,30.137077731746885,9.937158342500794,-0.0,0.0,-0.0,0.0,53.852112394704875,0.0,0.0,24.4253836268472,8.548884269396519,10.99142263208124,9.804290337469087,31.37372907990108,3.3123861141669315,9.937158342500794,0.0,0.0,0.0,0.0,5.896710335358376,12.22807398023543,0.0,13.15571371656922,0.0,0.0,0.0,0.0,0.0,0.0,14.713097038148181,7.438397853978596,12.008137890887062,5.421419737755537,10.001080291245833,0.0,132.0,19.8,42.5,45.0,0.0,0.42003074593133144,1.0,34.49902414872576,21.698695966857755,6.161038172350493,49.284320212465374,53.852112394704875,53.852112394704875,0.0,4.885076725369441,1.2212691813423602,73.2761508805416,0.0,0.0,0.0,0.0,-7.105427357601002e-15,7.105427357601002e-15,0.0,-0.0,-0.3503361073448872,0.1264246019053452,-0.5291077622374498,0.0
3,autumn_processing,秋季农产品加工日,60.0,22.0,0.25,48.01779228115547,29.961951564466577,9.583109247330976,7.2398565413394245,0.0,7.2398565413394245,0.0,54.86402818098783,0.0,0.0,21.099703287513922,7.3848961506298725,9.494866479381265,10.217237207912731,32.695159065320745,3.1943697491103253,9.583109247330976,0.0,0.0,8.0593816347786,0.0,7.8105186381015255,12.22807398023543,0.0,16.05330343001685,0.0,0.0,0.0,0.0,0.0,0.0,14.083621779353868,7.1939584092121684,11.945860818101217,5.392889806010945,9.74720372315027,0.0,62.0,9.299999999999999,42.5,45.0,0.0,0.4279233934734901,1.0,33.61245459680883,21.572605126415937,5.941527733345205,48.01779228115547,54.86402818098783,54.86402818098783,0.0,8.201861755239468,2.050465438809867,123.02792632859203,0.0,0.0,0.0,0.0,-7.105427357601002e-15,3.552713678800501e-15,0.0,7.2398565413394245,-1.163988118766646,1.321429985419666,-0.35404909516981853,0.0
3,autumn_processing,秋季农产品加工日,60.0,22.25,0.25,46.90923024576306,29.555392647543258,9.177543577574472,7.239856541339425,0.0,7.239856541339425,0.0,56.255276443143764,0.0,0.0,18.185494628832764,6.364923120091467,8.183472582974744,10.499998139001232,33.59999404480394,3.059181192524824,9.177543577574472,0.0,0.0,9.391646527285534,0.0,10.040644162399934,12.22807398023543,0.0,18.94944434860776,0.0,0.0,0.0,0.0,0.0,0.0,13.487429647284715,6.968067432861792,11.890044406348059,5.366911884728261,9.515056010483105,0.0,62.0,9.299999999999999,42.5,45.0,0.0,0.4387747235206005,1.0,32.83646117203414,21.279882706231145,5.690077018096172,46.90923024576306,56.255276443143764,56.255276443143764,0.0,7.6190200235032375,1.9047550058758094,114.28530035254856,0.0,0.0,0.0,0.0,0.0,0.0,0.0,8.881784197001252e-16,-1.0199730305384058,0.9048349794831978,-0.40556566975650377,0.0
3,autumn_processing,秋季农产品加工日,60.0,22.5,0.25,46.26854932679874,29.262406317535852,8.75381887185192,7.239856541339425,0.0,7.239856541339425,0.0,55.94669822661138,0.0,0.0,17.534413895482977,6.1370448634190415,7.89048625296734,10.499998139001232,33.59999404480394,2.9179396239506397,8.75381887185192,0.0,0.0,9.637112541619242,0.0,12.328956358826384,12.22807398023543,0.0,21.84413719673937,0.0,0.0,0.0,0.0,0.0,0.0,12.935192198292302,6.761704899897761,11.840379996809487,5.343372192075292,9.304714866400865,0.0,62.0,9.299999999999999,42.5,45.0,0.0,0.4363679035704698,1.0,32.38798452875912,21.068932548625813,5.42736770054819,46.26854932679874,55.94669822661138,55.94669822661138,0.0,7.4888038768332805,1.8722009692083201,112.3320581524992,0.0,0.0,0.0,0.0,-1.4210854715202004e-14,3.552713678800501e-15,0.0,0.0,-0.22787825667242512,0.0,-0.4237247057225524,0.0
3,autumn_processing,秋季农产品加工日,60.0,22.75,0.25,45.286342930668326,29.05495573800322,8.684253248850139,7.239856541339425,0.0,7.239856541339425,0.0,57.44901626966849,0.0,0.0,16.62840169666641,5.819940593833243,7.482780763499884,10.562577798355862,33.80024895473876,2.8947510829500462,8.684253248850139,0.0,0.0,11.765141592866925,0.0,15.122561039314336,12.22807398023543,0.0,24.73738269844692,0.0,0.0,0.0,0.0,0.0,0.0,12.434434919458196,6.575289458328243,11.796506128069264,5.322143946123236,9.115837151792075,0.0,62.0,9.299999999999999,42.5,45.0,0.0,0.44808554546400153,1.0,31.700440051467826,20.91956813136232,5.384237014287086,45.286342930668326,57.44901626966849,57.44901626966849,0.0,7.307601437069966,1.8269003592674915,109.6140215560495,0.0,0.0,0.0,0.0,-7.105427357601002e-15,-3.552713678800501e-15,0.0,0.0,-0.3171042695857986,0.2002549099348201,-0.06956562300178071,0.0
3,autumn_processing,秋季农产品加工日,60.0,23.0,0.25,44.34584270469493,28.776010747724094,8.330919709702119,7.239856541339425,0.0,7.239856541339425,0.0,58.44393985613312,0.0,0.0,13.302721357333127,4.655952475066594,5.9862246107999075,10.731323341632502,34.340234693224005,2.776973236567373,8.330919709702119,0.0,0.0,12.485609589644334,0.0,18.0871371888029,11.55044855629982,0.0,27.468245539218902,0.0,0.0,0.0,0.0,0.0,0.0,11.989637715158308,6.408736466058253,11.758023080334537,5.3030908090363456,8.947723147939667,0.0,62.0,9.299999999999999,42.5,45.0,0.0,0.4558456588111709,1.0,31.042089893286448,20.71872773836135,5.165170220015313,44.34584270469493,58.44393985613312,58.44393985613312,0.0,6.642465369203309,1.6606163423008273,99.63698053804964,0.0,0.0,0.0,0.0,7.105427357601002e-15,0.0,0.0,0.0,-1.1639881187666488,0.5399857384852425,-0.3533335391480197,0.0
3,autumn_processing,秋季农产品加工日,60.0,23.25,0.25,43.56874234700598,28.448525632719974,8.168272206499948,7.239856541339425,0.0,7.239856541339425,0.0,60.787753650509096,0.0,0.0,9.977041017999845,3.4919643562999454,4.48966845809993,10.731323341632502,34.340234693224005,2.7227574021666494,8.168272206499948,0.0,0.0,14.496751457343333,0.0,21.5292113030625,10.381377518603962,0.0,29.920088577117735,0.0,0.0,0.0,0.0,0.0,0.0,11.602513661027226,6.261528619486926,11.724506510547892,5.286070077726755,8.799383820755047,0.0,62.0,9.299999999999999,42.5,45.0,0.0,0.4741267217555594,1.0,30.498119642904182,20.48293845555838,5.064328768029967,43.56874234700598,60.787753650509096,60.787753650509096,0.0,5.9773293013366535,1.4943323253341634,89.6599395200498,0.0,0.0,0.0,0.0,0.0,-3.552713678800501e-15,0.0,0.0,-1.1639881187666488,0.0,-0.16264750320217125,0.0
3,autumn_processing,秋季农产品加工日,60.0,23.5,0.25,42.814224853956866,28.2847806880716,8.077975633935292,7.239856541339425,0.0,7.239856541339425,0.0,60.153016117781505,0.0,0.0,6.651360678666563,2.327976237533297,2.9931123053999538,10.731323341632502,34.340234693224005,2.6926585446450972,8.077975633935292,0.0,0.0,13.48264215641976,0.0,24.73026235464704,9.04856631055236,0.0,32.05416303158536,0.0,0.0,0.0,0.0,0.0,0.0,11.272415065056373,6.13279390240317,11.69551984559786,5.270935583206797,8.669607929738786,0.0,62.0,9.299999999999999,42.5,45.0,0.0,0.46917595441354526,1.0,29.969957397769804,20.36504209541155,5.008344893039881,42.814224853956866,60.153016117781505,60.153016117781505,0.0,5.312193233469997,1.3280483083674992,79.68289850204995,0.0,0.0,0.0,0.0,-7.105427357601002e-15,0.0,0.0,0.0,-1.1639881187666483,0.0,-0.09029657256465562,0.0
3,autumn_processing,秋季农产品加工日,60.0,23.75,0.25,42.50323366435175,28.151286283299164,7.896696225908888,7.239856541339425,0.0,7.239856541339425,0.0,59.90835316289248,0.0,0.0,3.3256803393332817,1.1639881187666485,1.4965561526999769,10.731323341632502,34.340234693224005,2.6322320753029627,7.896696225908888,0.0,0.0,12.445408741711342,0.0,27.68481041768575,7.685504562624818,0.0,33.863443283692966,0.0,0.0,0.0,0.0,0.0,0.0,10.996813320099616,6.0213859672325425,11.670625198649649,5.257540273096758,8.557026328483346,0.0,62.0,9.299999999999999,42.5,45.0,0.0,0.46726765483393756,1.0,29.75226356504622,20.268926123975398,4.895951660063511,42.50323366435175,59.90835316289248,59.90835316289248,0.0,4.647057165603341,1.1617642914008353,69.70585748405011,0.0,0.0,0.0,0.0,0.0,-3.552713678800501e-15,0.0,0.0,-1.1639881187666485,0.0,-0.18127940802640374,0.0
4,winter_heating,冬季采暖日,80.0,0.0,0.25,34.47491881844127,46.32566071261451,2.4688575889905713,0.0,5.0,-5.0,0.0,59.584932703689624,0.0,0.0,0.0,0.0,0.0,17.65750648405755,56.50402074898416,0.8229525296635237,2.4688575889905713,0.0,0.0,1.6295548715272794,0.0,28.070445459152594,10.178360036369654,0.0,36.26387207068891,0.0,0.0,0.0,0.0,0.0,0.0,11.80027194200923,5.949317972019548,10.991732042262308,4.14281748856022,1.5033616864879322,0.0,52.0,7.8,46.0,45.0,0.0,0.46474506972654656,1.0,26.89043667838419,42.619607855605345,0.7406572766971714,34.47491881844127,59.584932703689624,59.584932703689624,0.0,0.0,0.0,0.0,0.0,0.0,0.0,0.0,0.0,0.0,0.0,-6.589713146909356,0.0,-2.983039084895026,-0.03019169542650335,0.0
4,winter_heating,冬季采暖日,80.0,0.25,0.25,34.698747814229726,46.559036183703384,2.565527348121853,0.0,5.0,-5.0,0.0,62.436356801761505,0.0,0.0,0.0,0.0,0.0,17.65750648405755,56.50402074898416,0.8551757827072843,2.565527348121853,0.0,0.0,4.224926720766948,0.0,29.07246203306178,9.944984565280777,0.0,38.607673968907775,0.0,0.0,0.0,0.0,0.0,0.0,11.803036727364832,5.952300685875409,11.005108740818377,4.143499579371369,1.5041430289633455,0.0,52.0,7.8,46.0,45.0,0.0,0.4869853447616531,1.0,27.065023295099188,42.83431328900711,0.7696582044365559,34.698747814229726,62.436356801761505,62.436356801761505,0.0,0.0,0.0,0.0,0.0,0.0,0.0,0.0,0.0,0.0,0.0,0.0,0.0,0.0,0.09666975913128173,0.0
4,winter_heating,冬季采暖日,80.0,0.5,0.25,34.58584715125811,46.90246477661515,2.597345027428337,0.0,5.0,-5.0,0.0,65.44332500145502,0.0,0.0,0.0,0.0,0.0,17.65750648405755,56.50402074898416,0.8657816758094458,2.597345027428337,0.0,0.0,7.3341896903299215,0.0,30.812878461413483,9.601555972369013,0.0,40.86873967536096,0.0,0.0,0.0,0.0,0.0,0.0,11.811031997786403,5.956139368567153,11.02054442941158,4.144329852196457,1.5050860692310126,0.0,52.0,7.8,46.0,45.0,0.0,0.5104388183534012,1.0,26.976960777981326,43.15026759448594,0.7792035082285012,34.58584715125811,65.44332500145502,65.44332500145502,0.0,0.0,0.0,0.0,0.0,0.0,0.0,0.0,0.0,0.0,0.0,0.0,0.0,0.0,0.03181767930648416,0.0
4,winter_heating,冬季采暖日,80.0,0.75,0.25,34.4206429175955,47.27639939973859,2.5386675702172274,0.0,5.0,-5.0,0.0,71.9760087725709,0.0,0.0,0.0,0.0,0.0,17.65750648405755,56.50402074898416,0.8462225234057424,2.5386675702172274,0.0,0.0,14.051636847512114,0.0,34.14860156877454,9.227621349245574,0.0,43.03986537596911,0.0,0.0,0.0,0.0,0.0,0.0,11.82435696254321,5.961047137568058,11.03826747179009,4.145336221304789,1.5062194231045318,0.0,52.0,7.8,46.0,45.0,0.0,0.561391843505022,1.0,26.84810147572449,43.494287447759504,0.7616002710651683,34.4206429175955,71.9760087725709,71.9760087725709,0.0,0.0,0.0,0.0,0.0,0.0,0.0,0.0,0.0,0.0,0.0,0.0,0.0,0.0,-0.05867745721110973,0.0
4,winter_heating,冬季采暖日,80.0,1.0,0.25,34.35067792554186,47.52958083339371,2.6570410615668694,0.0,5.0,-5.0,0.0,73.83685385127902,0.0,0.0,0.0,0.0,0.0,17.65750648405755,56.50402074898416,0.8856803538556232,2.6570410615668694,0.0,0.0,15.942989087823989,0.0,37.933354047054294,8.974439915590452,0.0,45.149774923233856,0.0,0.0,0.0,0.0,0.0,0.0,11.843168080171502,5.967280280597358,11.058514982387573,4.146550857169545,1.50757567744426,0.0,52.0,7.8,46.0,45.0,0.0,0.5759058915472538,1.0,26.79352878192265,43.727214366722215,0.7971123184700608,34.35067792554186,73.83685385127902,73.83685385127902,0.0,0.0,0.0,0.0,0.0,0.0,0.0,0.0,-7.105427357601002e-15,0.0,0.0,0.0,0.0,0.0,0.11837349134964192,0.0
4,winter_heating,冬季采暖日,80.0,1.25,0.25,34.505096388015545,47.963040054860464,2.547195414795819,0.0,5.0,-5.0,0.0,75.42866346876029,0.0,1.3948361774958613,0.0,0.0,0.0,17.65750648405755,56.50402074898416,0.849065138265273,2.547195414795819,0.0,0.0,17.416995458421923,0.0,42.067993800727145,8.540980694123697,0.0,47.15568295062662,0.0,0.0,0.0,0.0,0.0,0.0,11.867717127333288,5.975144221339654,11.081529986364508,4.148010616958637,1.5091917114992284,0.0,52.0,7.8,46.0,45.0,0.0,0.5992008563185943,1.0,26.913975182652127,44.12599685047163,0.7641586244387456,34.505096388015545,76.82349964625615,75.42866346876029,1.3948361774958613,0.0,0.0,0.0,0.0,0.0,0.0,0.0,0.0,0.0,0.0,0.0,0.0,0.0,-0.10984564677105046,0.0
4,winter_heating,冬季采暖日,80.0,1.5,0.25,34.27958520063453,48.30898898601336,2.5251238873028687,0.0,5.0,-5.0,0.0,75.19579510554829,0.0,2.494676988240954,0.0,0.0,0.0,17.65750648405755,56.50402074898416,0.8417079624342896,2.5251238873028687,0.0,0.0,17.416995458421923,0.0,46.20242682241231,8.1950317629708,0.0,49.07842515285687,0.0,0.0,0.0,0.0,0.0,0.0,11.898401780500912,5.984999565983458,11.107557969587834,4.149757472548207,1.5111089965382423,0.0,52.0,7.8,46.0,45.0,0.0,0.605962988157921,1.0,26.738076456494934,44.44426986713229,0.7575371661908606,34.27958520063453,77.69047209378924,75.19579510554829,2.494676988240954,0.0,0.0,0.0,0.0,0.0,0.0,0.0,-7.105427357601002e-15,0.0,0.0,0.0,0.0,0.0,-0.02207152749295016,0.0
4,winter_heating,冬季采暖日,80.0,1.75,0.25,34.45489502407934,48.57765160434517,2.426954150607698,0.0,5.0,-5.0,0.0,73.21630012295626,0.0,4.4123723607487335,0.0,0.0,0.0,17.65750648405755,56.50402074898416,0.8089847168692327,2.426954150607698,0.0,0.0,15.294913897950133,0.0,49.83265875183435,7.92636914463899,0.0,50.93639861213221,0.0,0.0,0.0,0.0,0.0,0.0,11.935829464657784,5.997268003487311,11.136842816731102,4.151838924411007,1.5133738613170247,0.0,52.0,7.8,46.0,45.0,0.0,0.6054809692515558,1.0,26.87481811878189,44.69143947599756,0.7280862451823095,34.45489502407934,77.62867248370499,73.21630012295626,4.4123723607487335,0.0,0.0,0.0,0.0,0.0,0.0,0.0,0.0,0.0,0.0,0.0,0.0,0.0,-0.0981697366951706,0.0
4,winter_heating,冬季采暖日,80.0,2.0,0.25,34.42675247506539,49.15772345349021,2.444647077793212,0.0,5.0,-5.0,0.0,57.90963240444036,0.0,17.650655802727016,0.0,0.0,0.0,17.65750648405755,56.50402074898416,0.814882359264404,2.444647077793212,0.0,0.0,0.010491086053015783,0.0,49.83265875183435,7.346297295493947,0.0,52.65567602050596,0.0,0.0,0.0,0.0,0.0,0.0,11.980893187737404,6.012437773514979,11.169622156628202,4.154308387541256,1.5160377092753505,0.0,52.0,7.8,46.0,45.0,0.0,0.5893481760905552,1.0,26.852866930551006,45.225105577210996,0.7333941233379636,34.42675247506539,75.56028820716737,57.90963240444036,17.650655802727016,0.0,0.0,0.0,0.0,0.0,0.0,0.0,0.0,0.0,0.0,0.0,0.0,0.0,0.017692927185513962,0.0
4,winter_heating,冬季采暖日,80.0,2.25,0.25,34.52588597872573,49.64576662855635,2.404757105361467,0.0,5.0,-5.0,0.0,57.99546925062345,0.0,17.416297852905863,0.0,0.0,0.0,17.65750648405755,56.50402074898416,0.8015857017871557,2.404757105361467,0.0,0.0,0.010491086053015783,0.0,49.83265875183435,6.858254120427809,0.0,54.25818353609731,0.0,0.0,0.0,0.0,0.0,0.0,12.034854888068281,6.031068355876284,11.206122157912276,4.157225533376328,1.519157171837129,0.0,52.0,7.8,46.0,45.0,0.0,0.5881897548666967,1.0,26.93019106340607,45.67410529827185,0.7214271316084401,34.52588597872573,75.41176710352931,57.99546925062345,17.416297852905863,0.0,0.0,0.0,0.0,0.0,0.0,0.0,0.0,0.0,0.0,0.0,0.0,0.0,-0.03988997243174497,0.0
4,winter_heating,冬季采暖日,80.0,2.5,0.25,34.7290448625068,50.12697540542935,2.5479203426725103,0.0,5.0,-5.0,0.0,58.246349213508196,0.0,17.05177807685257,0.0,0.0,0.0,17.65750648405755,56.50402074898416,0.8493067808908368,2.5479203426725103,0.0,0.0,0.010491086053015783,0.0,49.83265875183435,6.377045343554812,0.0,55.74560271342354,0.0,0.0,0.0,0.0,0.0,0.0,12.099427468518607,6.053793977474161,11.246551844290934,4.160656569546652,1.5227941808836123,0.0,52.0,7.8,46.0,45.0,0.0,0.5873033975193223,1.0,27.088654992755302,46.116817372995,0.764376102801753,34.7290448625068,75.29812729036077,58.246349213508196,17.05177807685257,0.0,0.0,0.0,0.0,0.0,0.0,0.0,0.0,0.0,0.0,0.0,0.0,0.0,0.1431632373110432,0.0
4,winter_heating,冬季采暖日,80.0,2.75,0.25,34.70885352591989,50.699532558397834,2.508734448409157,0.0,5.0,-5.0,0.0,58.21309591216684,0.0,14.46092963720492,0.0,0.0,0.0,17.657506484057546,56.50402074898415,0.8362448161363857,2.508734448409157,0.0,0.0,0.010491086053015783,0.0,49.83265875183435,5.804488190586319,0.0,57.09629585733108,0.0,0.0,0.0,0.0,0.0,0.0,12.176841481288626,6.081325481399429,11.291097026811965,4.164674437326223,1.5270159424802652,0.0,52.0,7.8,46.0,45.0,0.0,0.5668361704662996,1.0,27.072905750217515,46.64356995372601,0.752620334522747,34.70885352591989,72.67402554937176,58.21309591216684,14.46092963720492,0.0,0.0,0.0,0.0,0.0,0.0,0.0,0.0,0.0,0.0,0.0,0.0,-7.105427357601002e-15,-0.039185894263353394,0.0
4,winter_heating,冬季采暖日,80.0,3.0,0.25,35.12771510927401,51.17313942925682,2.477359551337696,0.0,5.0,-5.0,0.0,58.62149919649713,0.0,11.82914596760346,0.0,0.0,0.0,17.657506484057546,56.50402074898415,0.8257865171125652,2.477359551337696,0.0,0.0,0.010491086053015783,0.0,49.83265875183435,5.330881319727332,0.0,58.33383202283766,0.0,0.0,0.0,0.0,0.0,0.0,12.269877091397662,6.114450062848668,11.339913979209037,4.169358904978092,1.5318947933621572,0.0,52.0,7.8,46.0,45.0,0.0,0.5494944529331103,1.0,27.399617785233726,47.07928827491628,0.7432078654013087,35.12771510927401,70.45064516410059,58.62149919649713,11.82914596760346,0.0,0.0,0.0,0.0,0.0,0.0,0.0,-7.105427357601002e-15,0.0,0.0,0.0,0.0,0.0,-0.03137489707146113,0.0
4,winter_heating,冬季采暖日,80.0,3.25,0.25,35.42830137178927,52.15582571728036,2.475770384769521,0.0,5.0,-5.0,0.0,58.921555736823,0.0,8.886064821142334,0.0,0.0,0.0,17.657506484057546,56.50402074898415,0.8252567949231736,2.475770384769521,0.0,0.0,0.010491086053015783,0.0,49.83265875183435,4.348195031703796,0.0,59.3373614268559,0.0,0.0,0.0,0.0,0.0,0.0,12.381837685767072,6.1540283534154545,11.393123010732625,4.174796533914582,1.5375079216242937,0.0,52.0,7.8,46.0,45.0,0.0,0.5288796330595075,1.0,27.634075069995628,47.98335965989793,0.7427311154308562,35.42830137178927,67.80762055796534,58.921555736823,8.886064821142334,0.0,0.0,0.0,0.0,0.0,0.0,0.0,0.0,0.0,0.0,0.0,0.0,0.0,-0.0015891665681748712,0.0
4,winter_heating,冬季采暖日,80.0,3.5,0.25,35.56957619726598,53.037838634396195,2.650332218662188,0.0,5.0,-5.0,0.0,59.12101784026394,0.0,7.26744717326924,0.0,0.0,0.0,17.657506484057546,56.50402074898415,0.883444072887396,2.650332218662188,0.0,0.0,0.010491086053015783,0.0,49.83265875183435,3.4661821145879586,0.0,60.13091099835711,0.0,0.0,0.0,0.0,0.0,0.0,12.516439905905806,6.2009883347360875,11.450802117436693,4.181080493850458,1.5439369336234074,0.0,52.0,7.8,46.0,45.0,0.0,0.5178106343626423,1.0,27.744269433867466,48.7948115436445,0.7950996655986564,35.56957619726598,66.38846501353318,59.12101784026394,7.26744717326924,0.0,0.0,0.0,0.0,0.0,0.0,0.0,0.0,0.0,0.0,0.0,0.0,0.0,0.1745618338926671,0.0
4,winter_heating,冬季采暖日,80.0,3.75,0.25,35.871603230499005,54.049487774785185,2.5832581768328695,0.0,5.0,-5.0,0.0,59.40068685955386,0.0,7.734791017090032,0.0,0.0,0.0,17.657506484057546,56.50402074898415,0.8610860589442898,2.5832581768328695,0.0,0.0,0.010491086053015783,0.0,49.83265875183435,2.454532974198969,0.0,60.68379712423019,0.0,0.0,0.0,0.0,0.0,0.0,12.67759771938531,6.256315590086826,11.512980916235565,4.18831020305209,1.5512672503706577,0.0,52.0,7.8,46.0,45.0,0.0,0.5236371164848839,1.0,27.979850519789224,49.72552875280237,0.7749774530498609,35.871603230499005,67.13547787664389,59.40068685955386,7.734791017090032,0.0,0.0,0.0,0.0,0.0,0.0,0.0,7.105427357601002e-15,0.0,0.0,0.0,0.0,0.0,-0.06707404182931853,0.0
4,winter_heating,冬季采暖日,80.0,4.0,0.25,36.38514982080636,55.27345491195955,2.575479389204729,0.0,5.0,-5.0,0.0,59.91164052065184,0.0,8.288854925005317,0.0,0.0,0.0,17.657506484057546,56.50402074898415,0.8584931297349097,2.575479389204729,0.0,0.0,0.010491086053015783,0.0,49.83265875183435,1.2305658370246064,0.0,60.945714611961414,0.0,0.0,0.0,0.0,0.0,0.0,12.869086902678674,6.321039463439713,11.579635084607881,4.196590770506949,1.5595873187619862,0.0,52.0,7.8,46.0,45.0,0.0,0.5319439424207705,1.0,28.380416860228962,50.851578519002786,0.7726438167614187,36.38514982080636,68.20049544565715,59.91164052065184,8.288854925005317,0.0,0.0,0.0,0.0,0.0,0.0,0.0,0.0,0.0,0.0,0.0,0.0,0.0,-0.007778787628140549,0.0
4,winter_heating,冬季采暖日,80.0,4.25,0.25,36.66083634529535,56.33999482901824,2.437118654269297,0.0,5.0,-5.0,0.0,60.14120680016235,0.0,8.106575615593215,0.0,0.0,0.0,17.657506484057546,56.50402074898415,0.8123728847564323,2.437118654269297,0.0,0.0,0.010491086053015783,0.0,49.83265875183435,0.16402591996591553,0.0,60.95419791064734,0.0,0.0,0.0,0.0,0.0,0.0,13.09409167615053,6.396214793782231,11.650681541021164,4.206032218477407,1.5689876259172395,0.0,52.0,7.8,46.0,45.0,0.0,0.5323127669745352,1.0,28.595452349330376,51.83279524269678,0.7311355962807891,36.66083634529535,68.24778241575557,60.14120680016235,8.106575615593215,0.0,0.0,0.0,0.0,0.0,0.0,0.0,7.105427357601002e-15,0.0,0.0,0.0,0.0,0.0,-0.1383607349354321,0.0
4,winter_heating,冬季采暖日,80.0,4.5,0.25,37.12371118962946,57.511175815916616,2.402180923512912,0.0,5.0,-5.0,0.0,60.947273138654566,0.0,9.791394251579035,0.0,0.0,0.0,18.01234388846779,57.63950044309693,0.800726974504304,2.402180923512912,0.0,0.0,0.010491086053015783,0.0,49.83265875183435,0.12832462718030888,0.0,60.95419791064734,0.0,0.0,0.0,0.0,0.0,0.0,13.35465654349753,6.4828990307420495,11.725974605450592,4.216748466565439,1.5795595087182277,0.0,52.0,7.8,46.0,45.0,0.0,0.5517409421627388,1.0,28.95649472791098,52.910281750643286,0.7206542770538735,37.12371118962946,70.7386673902336,60.947273138654566,9.791394251579035,0.0,0.0,0.0,0.0,0.0,0.0,0.0,0.0,0.0,0.0,0.0,0.0,1.1354796941127745,-0.034937730756384955,0.0
4,winter_heating,冬季采暖日,80.0,4.75,0.25,37.39094041990202,58.927376497598615,2.4379838355862886,0.0,5.0,-5.0,0.0,61.66899938597722,0.0,9.702824583583329,0.0,0.0,0.0,18.454906601493413,59.05570112477893,0.8126612785287629,2.4379838355862886,0.0,0.0,0.010491086053015783,0.0,49.83265875183435,0.12832462718030888,0.0,60.95419791064734,0.0,0.0,0.0,0.0,0.0,0.0,13.651091226853284,6.582124716211198,11.805303374379491,4.228856062181404,1.5913937553560473,0.0,52.0,7.8,46.0,45.0,0.0,0.5566793785300405,1.0,29.16493352752358,54.21318637779073,0.7313951506758866,37.39094041990202,71.37182396956055,61.66899938597722,9.702824583583329,0.0,0.0,0.0,0.0,0.0,0.0,0.0,7.105427357601002e-15,0.0,0.0,0.0,0.0,1.4162006816819996,0.035802912073376714,0.0
4,winter_heating,冬季采暖日,80.0,5.0,0.25,37.93559194054703,60.18921828705399,2.5730860282444636,0.0,5.0,-5.0,0.0,62.39348456743544,0.0,4.141110949320627,0.0,0.0,0.0,18.589706198087246,59.48705983387919,0.8576953427481545,2.5730860282444636,0.0,0.0,0.010491086053015783,0.0,49.83265875183435,0.0,0.7021584531748033,60.738942271382854,0.0,0.0,0.0,0.0,0.0,0.0,13.981400759265638,6.6948675336662316,11.888390529242258,4.242472647229077,1.6045790012890015,0.0,52.0,7.8,46.0,45.0,0.0,0.518950409601581,1.0,29.589761713626682,55.374080824089674,0.771925808473339,37.93559194054703,66.53459551675607,62.39348456743544,4.141110949320627,0.0,0.0,0.0,0.0,0.0,0.0,0.0,7.105427357601002e-15,0.0,0.0,0.0,0.0,0.43135870910025886,0.13510219265817502,0.0
4,winter_heating,冬季采暖日,80.0,5.25,0.25,38.760101322197805,61.720066079138505,2.3611540306541294,0.0,5.0,-5.0,0.0,63.14734994988944,0.0,1.262420748435936,0.0,0.0,0.0,18.589706198087246,59.48705983387919,0.7870513435513765,2.3611540306541294,0.0,0.0,0.010491086053015783,0.0,49.83265875183435,0.0,2.2330062452593182,60.1209395778105,0.0,0.0,0.0,0.0,0.0,0.0,14.340830799785364,6.822010377238499,11.974892770582164,4.257715156898589,1.6191999284026473,0.0,52.0,7.8,46.0,45.0,0.0,0.5023773967006682,1.0,30.23287903131429,56.78246079280743,0.7083462091962388,38.760101322197805,64.40977069832537,63.14734994988944,1.262420748435936,0.0,0.0,0.0,0.0,0.0,0.0,0.0,0.0,0.0,0.0,0.0,0.0,0.0,-0.2119319975903342,0.0
4,winter_heating,冬季采暖日,80.0,5.5,0.25,39.17186672136496,62.910370710335066,2.3537720527641515,0.0,5.0,-5.0,0.0,63.505675173520814,0.0,0.0,0.0,0.0,0.0,18.589706198087246,59.48705983387919,0.7845906842547171,2.3537720527641515,0.0,0.0,0.0,0.04048843018610171,49.81951226884779,0.0,3.4233108764558793,59.19000782474374,0.0,0.0,0.0,0.0,0.0,0.0,14.721624291661577,6.964304168152685,12.064403031854226,4.274697753660234,1.6353352832366128,0.0,52.0,7.8,46.0,45.0,0.0,0.4953257157026508,1.0,30.554056042664666,57.87754105350826,0.7061316158292454,39.17186672136496,63.505675173520814,63.505675173520814,0.0,0.0,0.0,0.0,0.0,0.0,0.0,0.0,0.0,0.0,0.0,0.0,0.0,0.0,-0.007381977889977964,0.0
4,winter_heating,冬季采暖日,80.0,5.75,0.25,39.86102265716776,63.98519778503888,2.3566576118724294,0.0,5.0,-5.0,0.0,59.61288956382364,0.0,0.0,0.0,0.0,0.0,18.589706198087246,59.48705983387919,0.7855525372908098,2.3566576118724294,0.0,0.0,0.0,4.62339182872217,48.6003392330443,0.0,4.498137951159691,57.97669230736829,0.0,0.0,0.0,0.0,0.0,0.0,15.113075053761536,7.122326435586738,12.15645457693127,4.29352950778261,1.6530557377363582,0.0,52.0,7.8,46.0,45.0,0.0,0.46496312506911,1.0,31.091597672590854,58.86638196223577,0.7069972835617288,39.86102265716776,59.61288956382364,59.61288956382364,0.0,0.0,0.0,0.0,0.0,0.0,0.0,0.0,-7.105427357601002e-15,0.0,0.0,0.0,0.0,0.0,0.002885559108277924,0.0
4,winter_heating,冬季采暖日,80.0,6.0,0.25,40.78811148000454,64.91791303681008,2.378995889316104,0.0,5.0,-5.0,0.0,57.538616000234796,0.0,0.0,0.0,0.0,0.0,18.589706198087246,59.48705983387919,0.7929986297720347,2.378995889316104,0.0,0.0,0.0,7.63220030762902,46.589435450917115,0.0,5.430853202930891,56.51853206570648,0.0,0.0,0.0,0.0,0.0,0.0,15.501934805405533,7.296438967990432,12.250527024684587,4.314311844808757,1.6724216238937528,0.0,52.0,7.8,46.0,45.0,0.0,0.4487843971894301,1.0,31.81472695440354,59.72447999386527,0.7136987667948312,40.78811148000454,57.538616000234796,57.538616000234796,0.0,0.0,0.0,0.0,0.0,0.0,0.0,0.0,0.0,0.0,0.0,0.0,0.0,0.0,0.02233827744367467,0.0
4,winter_heating,冬季采暖日,80.0,6.25,0.25,41.501147252385074,65.53120376834283,2.3925199202045646,0.0,5.0,-5.0,0.0,60.2456728626336,0.0,0.0,0.0,0.0,0.0,18.589706198087246,59.48705983387919,0.7975066400681882,2.3925199202045646,0.0,0.0,0.0,5.6426872279069045,45.10218828759012,0.0,6.044143934463648,54.89970860639372,0.0,0.0,0.0,0.0,0.0,0.0,15.873184341470656,7.486746112586193,12.346054273868399,4.33713579020443,1.6934805816070466,0.0,52.0,7.8,46.0,45.0,0.0,0.4698986499574181,1.0,32.37089485686036,60.28870746687541,0.7177559760613693,41.501147252385074,60.2456728626336,60.2456728626336,0.0,0.0,0.0,0.0,0.0,0.0,0.0,0.0,0.0,0.0,0.0,0.0,0.0,0.0,0.013524030888460548,0.0
4,winter_heating,冬季采暖日,80.0,6.5,0.25,42.15578670351661,65.86845605857319,2.4400142836244783,0.0,5.0,-5.0,0.0,62.0558380316239,0.0,0.0,0.0,0.0,0.0,18.589706198087246,59.48705983387919,0.8133380945414928,2.4400142836244783,0.0,0.0,0.0,4.502992964521454,43.91493502961746,0.0,6.381396224694001,53.19294395611843,0.0,0.0,0.0,0.0,0.0,0.0,16.211123198321882,7.6930555365119675,12.442434223970382,4.3620790515751535,1.7162651668298874,0.0,52.0,7.8,46.0,45.0,0.0,0.48401740950796585,1.0,32.88151362874296,60.598979573887334,0.7320042850873435,42.15578670351661,62.0558380316239,62.0558380316239,0.0,0.0,0.0,0.0,0.0,0.0,0.0,0.0,0.0,0.0,0.0,0.0,0.0,0.0,0.04749436341991364,0.0
4,winter_heating,冬季采暖日,80.0,6.75,0.25,43.07404365234997,66.13179922590001,2.3842526176815926,0.0,5.0,-5.0,0.0,61.39083244959115,0.0,0.0,0.0,0.0,0.0,18.589706198087246,59.48705983387919,0.7947508725605309,2.3842526176815926,0.0,0.0,0.0,6.067668273406596,42.31598447407477,0.0,6.644739392020824,51.417731854661206,0.0,0.0,0.0,0.0,0.0,0.0,16.500674835530376,7.914843443360571,12.539040105393347,4.389202989109877,1.7407904742722486,0.0,52.0,7.8,46.0,45.0,0.0,0.47883056022297515,1.0,33.597754048832975,60.84125528782801,0.7152757853044778,43.07404365234997,61.39083244959115,61.39083244959115,0.0,0.0,0.0,0.0,0.0,0.0,0.0,0.0,0.0,0.0,0.0,0.0,0.0,0.0,-0.055761665942885674,0.0
4,winter_heating,冬季采暖日,80.0,7.0,0.25,43.748021937727266,66.17252835564756,2.7020401074484397,0.0,5.0,-5.0,0.1285186321450027,64.9638691122399,-6.467049118441537e-15,0.0,0.0,0.0,0.0,18.589706198087246,59.48705983387919,0.9006800358161465,2.7020401074484397,0.0,0.0,0.0,3.1460204272457446,41.48596856241797,0.0,6.685468521768371,49.63268916721589,0.0,0.0,0.0,0.0,0.0,0.0,16.728757539713456,8.151226344559491,12.635233148620934,4.418549534876894,1.7670518352263433,0.0,93.28,13.991999999999999,46.0,45.0,0.0038797229584546502,0.5066992024714437,1.0,34.12345711142727,60.87872608719576,0.8106120322345319,43.748021937727266,65.09238774438491,65.09238774438491,-6.467049118441537e-15,0.0,0.0,0.0,0.0,0.0,0.0,0.0,0.0,0.0,0.0,0.0,0.0,0.0,0.3177874897668471,0.0
4,winter_heating,冬季采暖日,80.0,7.25,0.25,44.47583575100579,66.05409834656163,2.7353541249301765,0.0,5.0,-5.0,0.7311048567967617,64.7354155901488,2.6645352591003757e-15,0.0,0.0,0.0,0.0,18.589706198087246,59.48705983387919,0.9117847083100589,2.7353541249301765,0.0,0.0,0.0,3.510806210457524,40.559997892816824,0.0,6.567038512682444,47.879704792979005,0.0,0.0,0.0,0.0,0.0,0.0,16.885545618962553,8.400941498590528,12.730376240739366,4.450138130862656,1.795022656174443,0.0,93.28,13.991999999999999,46.0,45.0,0.02207060758903776,0.5049173317327204,1.0,34.691151885784514,60.769770478836705,0.8206062374790529,44.47583575100579,65.46652044694557,65.46652044694557,2.6645352591003757e-15,0.0,0.0,0.0,0.0,0.0,0.0,0.0,-7.105427357601002e-15,0.0,0.0,0.0,0.0,0.0,0.03331401748173679,0.0
4,winter_heating,冬季采暖日,80.0,7.5,0.25,44.793317300000545,65.5358143835163,2.7561760214628306,0.0,5.0,-5.0,1.4458299194188982,66.2278735889244,-7.105427357601002e-15,0.0,0.0,0.0,0.0,18.589706198087246,59.48705983387919,0.9187253404876102,2.7561760214628306,0.0,0.0,0.0,1.628045330232105,40.12953691128215,0.0,6.04875454963711,46.26398742752012,0.0,0.0,0.0,0.0,0.0,0.0,16.965448245462177,8.66233803793697,12.823848143084806,4.4839627637715305,1.8246524673583497,0.0,93.28,13.991999999999999,46.0,45.0,0.043646741634018445,0.5165580681610751,1.0,34.93878749400043,60.29294923283499,0.8268528064388492,44.793317300000545,67.6737035083433,67.6737035083433,-7.105427357601002e-15,0.0,0.0,0.0,0.0,0.0,0.0,0.0,7.105427357601002e-15,0.0,0.0,0.0,0.0,0.0,0.020821896532654094,0.0
4,winter_heating,冬季采暖日,80.0,7.75,0.25,45.19766616561387,64.71751769897661,2.9746806449329863,0.0,5.0,-5.0,2.249699316974457,64.82187477365326,-2.220446049250313e-15,0.0,0.0,0.0,0.0,18.589706198087246,59.48705983387919,0.9915602149776621,2.9746806449329863,0.0,0.0,0.0,2.7073584880510495,39.41506767442315,0.0,5.230457865097421,44.864419153517574,0.0,0.0,0.0,0.0,0.0,0.0,16.96766623875921,8.933380593651512,12.915057780333491,4.519989181152683,1.8558652521421384,0.0,93.28,13.991999999999999,46.0,45.0,0.0679139665899826,0.5055916881084521,1.0,35.25417960917882,59.54011628305848,0.8924041934798959,45.19766616561387,67.07157409062772,67.07157409062772,-2.220446049250313e-15,0.0,0.0,0.0,0.0,0.0,0.0,0.0,-7.105427357601002e-15,0.0,0.0,0.0,0.0,0.0,0.21850462347015576,0.0
4,winter_heating,冬季采暖日,80.0,8.0,0.25,45.53587347028913,63.6428024357787,3.057881872171108,0.0,5.0,-5.0,3.306179425637154,65.92955852054169,-1.3322676295501878e-15,0.0,0.0,0.0,0.0,18.589706198087246,59.48705983387919,1.0192939573903692,3.057881872171108,0.0,0.0,0.0,0.909135679587898,39.17385068956892,0.0,4.155742601899512,43.748370469756736,0.0,0.0,0.0,0.0,0.0,0.0,16.896245507879964,9.211666895843113,13.003458063527212,4.558152377957555,1.8885581275123642,0.0,93.28,13.991999999999999,46.0,45.0,0.09980700858956568,0.5142312977685424,1.0,35.517981306825526,58.55137824091641,0.9173645616513323,45.53587347028913,69.23573794617884,69.23573794617884,-1.3322676295501878e-15,0.0,0.0,0.0,0.0,0.0,0.0,0.0,-7.105427357601002e-15,0.0,0.0,0.0,0.0,0.0,0.08320122723812151,0.0
4,winter_heating,冬季采暖日,80.0,8.25,0.25,45.96841038559368,62.403761849110744,3.1702801076405587,0.0,5.0,-5.0,4.5313757323521315,66.33080064963755,3.552713678800501e-15,0.0,0.0,0.0,0.0,18.589706198087246,59.48705983387919,1.0567600358801863,3.1702801076405587,0.0,0.0,0.24729976242857532,0.0,39.23062569061123,0.0,2.9167020152315573,42.95894312261882,0.0,0.0,0.0,0.0,0.0,0.0,16.75961949054026,9.494460376908522,13.088558681564926,4.5983544447590745,1.922600443223189,0.0,93.28,13.991999999999999,46.0,45.0,0.13679325844641985,0.517360869168601,1.0,35.85536010076307,57.41146090118189,0.9510840322921675,45.96841038559368,70.86217638198968,70.86217638198968,3.552713678800501e-15,0.0,0.0,0.0,0.0,0.0,0.0,0.0,-7.105427357601002e-15,0.0,0.0,0.0,0.0,0.0,0.11239823546945082,0.0
4,winter_heating,冬季采暖日,80.0,8.5,0.25,46.07516499135085,61.10295659859727,3.2318172931550837,0.0,5.0,-5.0,6.005722914350514,68.42984880949234,4.440892098500626e-15,0.0,0.0,0.0,0.0,18.589706198087246,59.48705983387919,1.0772724310516946,3.2318172931550837,0.0,0.0,3.693428103353064,0.0,40.10585333387305,0.0,1.6158967647180802,42.512227660342226,0.0,0.0,0.0,0.0,0.0,0.0,16.56970800093928,9.778738241769414,13.169937291307198,4.640462868235925,1.9578333617716144,0.0,93.28,13.991999999999999,46.0,45.0,0.1813008797559791,0.5337328316622447,1.0,35.93862869325367,56.21472007070949,0.9695451879465251,46.07516499135085,74.43557172384286,74.43557172384286,4.440892098500626e-15,0.0,0.0,0.0,0.0,0.0,0.0,0.0,7.105427357601002e-15,0.0,0.0,0.0,0.0,0.0,0.06153718551452503,0.0
4,winter_heating,冬季采暖日,80.0,8.75,0.25,46.21290678587723,59.967969591738225,3.268418764304312,0.0,5.0,-5.0,7.456081221004553,66.66588330523878,-4.440892098500626e-15,0.0,0.0,0.0,0.0,18.589706198087246,59.48705983387919,1.0894729214347707,3.268418764304312,0.0,0.0,3.22987862084409,0.0,40.87094421365683,0.0,0.4809097578590382,42.36441634707547,0.0,0.0,0.0,0.0,0.0,0.0,16.340702352535956,10.061254811806684,13.247248558544662,4.684309370871468,1.9940699735316383,0.0,93.28,13.991999999999999,46.0,45.0,0.22508432443163218,0.5199744160012536,1.0,36.04606729298424,55.17053202439917,0.9805256292912935,46.21290678587723,74.12196452624333,74.12196452624333,-4.440892098500626e-15,0.0,0.0,0.0,0.0,0.0,0.0,0.0,0.0,0.0,0.0,0.0,0.0,0.0,0.03660147114922818,0.0
4,winter_heating,冬季采暖日,80.0,9.0,0.25,46.42833142780973,58.82091424535816,3.456830297492857,0.0,5.0,-5.0,9.326151670515372,69.10844117275836,-1.7763568394002505e-15,0.0,0.0,0.0,0.0,18.589706198087246,59.48705983387919,1.1522767658309523,3.456830297492857,0.0,0.0,7.264278451545806,0.0,42.59416679868827,0.6661455885210259,0.0,42.50144371617568,0.0,0.0,0.0,0.0,0.0,0.0,16.087705259780503,10.33861921982056,13.320230552502023,4.729689369961839,2.031095991035345,0.0,93.28,13.991999999999999,46.0,45.0,0.2815380474117303,0.5390256538720186,1.0,36.21409851369159,54.11524110572951,1.037049089247857,46.42833142780973,78.43459284327373,78.43459284327373,-1.7763568394002505e-15,0.0,0.0,0.0,0.0,0.0,0.0,0.0,0.0,0.0,0.0,0.0,0.0,0.0,0.1884115331885452,0.0
4,winter_heating,冬季采暖日,80.0,9.25,0.25,46.78493660173909,57.34522096311757,3.6005324001621473,0.0,5.0,-5.0,10.846851236484738,69.0539883173762,1.7763568394002505e-15,0.0,0.0,0.0,0.0,18.589706198087246,59.48705983387919,1.2001774667207157,3.6005324001621473,0.0,0.0,8.326019287313883,0.0,44.56946667108538,2.1418388707616174,0.0,42.98887972612347,0.0,0.0,0.0,0.0,0.0,0.0,15.825402952901179,10.607385761923187,13.38870807577705,4.776362125908751,2.068671053718672,0.0,93.28,13.991999999999999,46.0,45.0,0.3274449553871206,0.5386009375062681,1.0,36.49225054935649,52.75760328606817,1.0801597200486441,46.78493660173909,79.90083955386093,79.90083955386093,1.7763568394002505e-15,0.0,0.0,0.0,0.0,0.0,0.0,0.0,0.0,0.0,0.0,0.0,0.0,0.0,0.14370210266929018,0.0
4,winter_heating,冬季采暖日,80.0,9.5,0.25,46.959121764495514,55.830127906330134,3.5801462114798857,0.0,5.0,-5.0,12.224259271541655,66.49590644218944,0.0,0.0,0.0,0.0,0.0,18.589706198087246,59.48705983387919,1.1933820704932951,3.5801462114798857,0.0,0.0,6.977955680655043,0.0,46.2245026719074,3.656931927549053,0.0,43.83590661905331,0.0,0.0,0.0,0.0,0.0,0.0,15.566926630000802,10.86415443404802,13.45259261860132,4.824051636453525,2.106530659712633,0.0,93.28,13.991999999999999,46.0,45.0,0.3690261758496999,0.5186486461214318,1.0,36.6281149763065,51.36371767382373,1.0740438634439657,46.959121764495514,78.72016571373109,78.72016571373109,0.0,0.0,0.0,0.0,0.0,0.0,0.0,0.0,0.0,0.0,0.0,0.0,0.0,0.0,-0.020386188682261608,0.0
4,winter_heating,冬季采暖日,80.0,9.75,0.25,47.03256067979546,54.37898716804968,3.5665514206082674,0.0,5.0,-5.0,13.591181831914767,64.34740246377596,7.105427357601002e-15,0.0,0.0,0.0,0.0,18.589706198087246,59.48705983387919,1.1888504735360892,3.5665514206082674,0.0,0.0,6.127466944271937,0.0,47.67746484603839,5.1080726658295035,0.0,45.02715592387829,0.0,0.0,0.0,0.0,0.0,0.0,15.323017101426428,11.105678435166043,13.511878758332314,4.872448317189649,2.144388724825195,0.0,93.28,13.991999999999999,46.0,45.0,0.4102908605992697,0.5018909426895757,1.0,36.68539733024046,50.02866819460571,1.0699654261824803,47.03256067979546,77.93858429569073,77.93858429569073,7.105427357601002e-15,0.0,0.0,0.0,0.0,0.0,0.0,0.0,7.105427357601002e-15,0.0,0.0,0.0,0.0,0.0,-0.0135947908716183,0.0
4,winter_heating,冬季采暖日,80.0,10.0,0.25,46.86779494581851,53.1196242610948,3.7143372928308174,0.0,5.0,-5.0,12.961924799226693,67.81822679262588,2.141327794028621,0.0,0.0,0.0,0.0,18.589706198087246,59.48705983387919,1.2381124309436058,3.7143372928308174,0.0,0.0,9.084538017003213,0.0,49.83265875183435,6.367435572784387,0.0,46.51690829445264,0.0,0.0,0.0,0.0,0.0,0.0,15.101550459418487,11.328974748290202,13.566636977699005,4.921211489709872,2.181940751190348,0.0,88.0,13.2,46.0,45.0,0.45593728205326045,0.5289623585916711,1.0,36.55688005773844,48.87005432020722,1.1143011878492453,46.86779494581851,82.9214793858812,80.78015159185257,2.141327794028621,0.0,0.0,0.0,0.0,0.0,0.0,0.0,0.0,0.0,0.0,0.0,0.0,0.0,0.14778587222255002,0.0
4,winter_heating,冬季采暖日,80.0,10.25,0.25,46.813252844046865,51.987644507336825,3.8655523664796174,0.0,5.0,-5.0,5.9756445108685625,65.72632307281178,10.17426340837654,0.0,0.0,0.0,0.0,18.589706198087246,59.48705983387919,1.2885174554932057,3.8655523664796174,0.0,0.0,0.010491086053015783,0.0,49.83265875183435,7.499415326542362,0.0,48.274760980359225,0.0,0.0,0.0,0.0,0.0,0.0,14.907425336930803,11.53143335654408,13.617003042418625,4.969972677574852,2.2188675697091758,0.0,88.0,13.2,46.0,45.0,0.48753373332306577,0.5126461206433814,1.0,36.51433721835656,47.82863294674988,1.1596657099438852,46.813252844046865,81.87623099205689,71.70196758368034,10.17426340837654,0.0,0.0,0.0,0.0,0.0,0.0,0.0,7.105427357601002e-15,0.0,0.0,0.0,0.0,0.0,0.15121507364880005,0.0
4,winter_heating,冬季采暖日,80.0,10.5,0.25,46.86136638479261,51.074255582790684,4.059298728141686,0.0,5.0,-5.0,11.464765047053959,60.34989819792614,5.692141683261948,0.0,0.0,0.0,0.0,18.589706198087246,59.48705983387919,1.3530995760472286,4.059298728141686,0.0,0.0,0.010491086053015783,0.0,49.83265875183435,8.412804251088502,0.0,50.24866460950257,0.0,0.0,0.0,0.0,0.0,0.0,14.742763983981526,11.71092025622717,13.663164252787977,5.018339687533169,2.2548396019890076,0.0,88.0,13.2,46.0,45.0,0.5179330329517776,0.470711577127424,1.0,36.551865780138236,46.98831513616743,1.2177896184425057,46.86136638479261,77.50680492824205,71.8146632449801,5.692141683261948,0.0,0.0,0.0,0.0,0.0,0.0,0.0,-7.105427357601002e-15,0.0,0.0,0.0,0.0,0.0,0.19374636166206827,0.0
4,winter_heating,冬季采暖日,80.0,10.75,0.25,46.859758222158845,50.15908624814144,4.192304429399224,0.0,5.0,-5.0,12.944275212218749,58.91311510388011,5.200657605790358,0.0,0.0,0.0,0.0,18.589706198087246,59.48705983387919,1.3974348097997413,4.192304429399224,0.0,0.0,0.010491086053015783,0.0,49.83265875183435,9.327973585737745,0.0,52.43893400381054,0.0,0.0,0.0,0.0,0.0,0.0,14.607346880872484,11.865869229701802,13.705343055950921,5.065901429785418,2.289521569660788,0.0,88.0,13.2,46.0,45.0,0.5477595836393908,0.4595050886927564,1.0,36.5506114132839,46.146359348290126,1.257691328819767,46.859758222158845,77.05804792188921,71.85739031609886,5.200657605790358,0.0,0.0,0.0,0.0,0.0,0.0,0.0,7.105427357601002e-15,0.0,0.0,0.0,0.0,0.0,0.13300570125753808,0.0
4,winter_heating,冬季采暖日,80.0,11.0,0.25,47.021657389786945,49.19221971035419,4.450063959743037,0.0,5.0,-5.0,14.877269262110005,57.227940065064885,3.9362083105474603,0.0,0.0,0.0,0.0,18.589706198087246,59.48705983387919,1.4833546532476791,4.450063959743037,0.0,0.0,0.010491086053015783,0.0,49.83265875183435,10.294840123524999,0.0,54.857739066145825,0.0,0.0,0.0,0.0,0.0,0.0,14.499186618362078,11.995357370174574,13.743778666204287,5.112233407361841,2.3225775623986644,0.0,70.0,10.5,46.0,45.0,0.5679416256520801,0.4463612156466915,1.0,36.676892764033816,45.25684213352586,1.3350191879229112,47.021657389786945,76.04141763772235,72.10520932717489,3.9362083105474603,0.0,0.0,0.0,0.0,0.0,0.0,0.0,0.0,0.0,0.0,0.0,0.0,0.0,0.2577595303438134,0.0
4,winter_heating,冬季采暖日,80.0,11.25,0.25,47.087831001972994,48.13080917743489,4.644583690441407,0.0,1.5601147020025858,-1.5601147020025858,19.047587982851375,49.748749568744934,0.0,0.0,0.0,0.0,0.0,18.589706198087246,59.48705983387919,1.548194563480469,4.644583690441407,0.0,0.0,0.010491086053015783,0.0,49.83265875183435,11.356250656444296,0.0,57.52741972751828,0.0,0.0,0.0,0.0,0.0,0.0,14.415149990798652,12.099159632324577,13.778707480124346,5.156903781723095,2.3536763613451477,0.0,70.0,10.5,46.0,45.0,0.5750089552531126,0.38802571452267826,1.0,36.728508181538935,44.280344443240104,1.393375107132422,47.087831001972994,68.79633755159631,68.79633755159631,0.0,0.0,0.0,0.0,0.0,0.0,0.0,0.0,0.0,0.0,0.0,3.439885297997414,0.0,0.0,0.19451973069836992,0.0
4,winter_heating,冬季采暖日,80.0,11.5,0.25,47.367324048720235,47.49360119568154,4.7883280760644436,0.0,0.0,0.0,19.4936851965681,42.18910714595639,3.552713678800501e-15,0.0,0.0,0.0,0.0,14.871764958469797,47.58964786710335,1.5961093586881479,4.7883280760644436,0.0,0.0,0.0,2.1524060233536844,49.263744481172104,0.09604667142181,0.0,57.52146710211721,0.0,0.0,0.0,0.0,0.0,0.0,14.351553396785064,12.17777823152108,13.81034318201178,5.1994799003694805,2.3824969025845952,0.0,70.0,10.5,46.0,45.0,0.5884757465881372,0.32906271187303243,1.0,36.94651275800179,43.69411310002702,1.436498422819333,47.367324048720235,61.68279234252449,61.68279234252449,3.552713678800501e-15,0.0,0.0,0.0,0.0,0.0,0.0,0.0,0.0,0.0,0.0,1.5601147020025858,0.0,-11.897411966775834,0.14374438562303649,0.0
4,winter_heating,冬季采暖日,80.0,11.75,0.25,47.78550214385134,47.00711365972239,4.99494190454006,-0.0,0.0,-0.0,20.220229743956814,44.310187781625565,-7.105427357601002e-15,0.0,0.0,0.0,0.0,14.871764958469797,47.58964786710335,1.6649806348466865,4.99494190454006,0.0,0.0,0.2081697884145579,0.0,49.310721618696505,0.5825342073809594,0.0,57.63105824281913,0.0,0.0,0.0,0.0,0.0,0.0,14.304679979357742,12.232443532298307,13.8388575046795,5.23953515341255,2.40873375636107,0.0,70.0,10.5,46.0,45.0,0.6104086874683653,0.3456065212421191,1.0,37.27269167220405,43.2465445669446,1.4984825713620178,47.78550214385134,64.53041752558238,64.53041752558238,-7.105427357601002e-15,0.0,0.0,0.0,0.0,0.0,0.0,0.0,7.105427357601002e-15,0.0,0.0,-0.0,0.0,0.0,0.20661382847561605,0.0
4,winter_heating,冬季采暖日,80.0,12.0,0.25,48.08533120904721,46.442876281066766,5.108657473552294,2.1191883080621285,0.0,2.1191883080621285,20.991810846744336,40.178867417625746,-3.552713678800501e-15,0.0,0.0,0.0,0.0,14.513398837833364,46.442876281066766,1.7028858245174314,5.108657473552294,0.0,0.0,0.0,1.0117492989657957,49.04200626709826,0.0,0.0,57.60224271369772,0.0,0.0,0.0,0.0,0.0,0.0,14.27119172624174,12.265084142106826,13.864362634075484,5.276656010528959,2.432102492359528,0.0,70.0,10.5,46.0,45.0,0.6337011927559815,0.3133834292034348,1.0,37.506558343056824,42.727446178581424,1.5325972420656881,48.08533120904721,61.17067826437008,61.17067826437008,-3.552713678800501e-15,1.1655535694341708,0.2913883923585427,23.311071388683416,0.0,0.0,0.0,0.0,-7.105427357601002e-15,0.0,0.0,2.1191883080621285,0.0,-1.1467715860365857,0.11371556901223467,0.0
4,winter_heating,冬季采暖日,80.0,12.25,0.25,48.02032985163299,45.894128324638515,5.1295451628864015,2.1191883080621285,0.0,2.1191883080621285,21.36939893073719,40.75498983829584,-3.552713678800501e-15,0.0,0.0,0.0,0.0,14.513398837833364,46.442876281066766,1.7098483876288004,5.1295451628864015,0.0,0.0,0.0,0.0,49.0395541667849,0.5487479564282509,0.0,57.70376923199259,0.0,0.0,0.0,0.0,0.0,0.0,14.248431383513205,12.278265231955434,13.886896218979976,5.3104490781930584,2.4523447998951764,0.0,70.0,10.5,46.0,45.0,0.6450998291548907,0.3178770157934684,1.0,37.45585728427373,42.22259805866744,1.5388635488659204,48.02032985163299,62.12438876903303,62.12438876903303,-3.552713678800501e-15,1.1655535694341708,0.2913883923585427,23.311071388683416,0.0,0.0,0.0,0.0,0.0,0.0,0.0,0.0,0.0,0.0,0.02088768933410723,0.0
4,winter_heating,冬季采暖日,80.0,12.5,0.25,48.16238286807056,45.60513135634602,5.1920259760763265,2.4775397256630893,0.0,2.4775397256630893,21.63231437496742,39.16915000255045,-3.552713678800501e-15,0.0,0.0,0.0,0.0,14.49952578745842,46.398482519866945,1.7306753253587754,5.1920259760763265,0.0,0.0,0.0,1.1135798777067905,48.744054852837934,0.7933511635209243,0.0,57.863338248712815,0.0,0.0,0.0,0.0,0.0,0.0,14.234624637070144,12.275095597709578,13.906409867083463,5.340548010159072,2.469233234476344,0.0,70.0,10.5,46.0,45.0,0.6530367256817812,0.30550792831452944,1.0,37.56665863709504,41.95672084783834,1.557607792822898,48.16238286807056,60.801464377517874,60.801464377517874,-3.552713678800501e-15,1.3626468491146992,0.3406617122786748,27.252936982293985,0.0,0.0,0.0,0.0,7.105427357601002e-15,0.0,0.0,0.3583514176009608,0.0,-0.04439376119982086,0.062480813189925044,0.0
4,winter_heating,冬季采暖日,80.0,12.75,0.25,48.11241787175783,45.12758111095152,5.279732377895272,2.4775397256630893,0.0,2.4775397256630893,21.393993418275258,40.50032130790966,3.552713678800501e-15,0.0,0.0,0.0,0.0,14.49952578745842,46.398482519866945,1.7599107926317572,5.279732377895272,0.0,0.0,0.0,0.0,48.74161765009529,1.270901408915428,0.0,58.13624566420587,0.0,0.0,0.0,0.0,0.0,0.0,14.229001521010623,12.259105594074185,13.922761877232205,5.366620102264988,2.4825754689579003,0.0,70.0,10.5,46.0,45.0,0.6458422880214404,0.3158906756477128,1.0,37.52768593997111,41.5173746220754,1.5839197133685814,48.11241787175783,61.894314726184916,61.894314726184916,3.552713678800501e-15,1.3626468491146992,0.3406617122786748,27.252936982293985,0.0,0.0,0.0,0.0,0.0,0.0,0.0,0.0,0.0,0.0,0.08770640181894507,0.0
4,winter_heating,冬季采暖日,80.0,13.0,0.25,48.363434549558754,44.87476657314236,5.407727056173411,2.5880728770600534,0.0,2.5880728770600534,20.629027531510893,40.4654169533948,-3.552713678800501e-15,0.0,0.0,0.0,0.0,14.49952578745842,46.398482519866945,1.802575685391137,5.407727056173411,0.0,0.0,0.0,0.9830186604425677,48.48049144804369,1.523715946724586,0.0,58.469060078720865,0.0,0.0,0.0,0.0,0.0,0.0,14.231857858781515,12.234099741225378,13.935714778836111,5.388372406005531,2.4922179382602434,0.0,70.0,10.5,46.0,45.0,0.6227494830033634,0.3156184318784123,1.0,37.72347894865583,41.28478524729097,1.6223181168520233,48.363434549558754,61.094444484905694,61.094444484905694,-3.552713678800501e-15,1.4234400823830295,0.3558600205957574,28.46880164766059,0.0,0.0,0.0,0.0,0.0,0.0,0.0,0.11053315139696407,0.0,0.0,0.1279946782781396,0.0
4,winter_heating,冬季采暖日,80.0,13.25,0.25,48.46171010799698,44.87384733888487,5.694851416776341,2.5880728770600534,0.0,2.5880728770600534,19.491639332920002,43.74603868046469,3.552713678800501e-15,0.0,0.0,0.0,0.0,14.49952578745842,46.398482519866945,1.8982838055921138,5.694851416776341,0.0,0.0,0.9662311893972344,0.0,48.70754733095314,1.5246351809820737,0.0,58.801926404164746,0.0,0.0,0.0,0.0,0.0,0.0,14.244574165845629,12.203989431320643,13.944938030855974,5.405557204017775,2.4980487811074754,0.0,70.0,10.5,46.0,45.0,0.5884139860166704,0.3412063230467296,1.0,37.800133884237646,41.28393955177408,1.7084554250329023,48.46171010799698,63.237678013384695,63.237678013384695,3.552713678800501e-15,1.4234400823830295,0.3558600205957574,28.46880164766059,0.0,0.0,0.0,0.0,0.0,0.0,0.0,0.0,0.0,0.0,0.2871243606029301,0.0
4,winter_heating,冬季采暖日,80.0,13.5,0.25,48.30506915979641,44.8386282024023,5.8494308938297435,2.5880728770600534,0.0,2.5880728770600534,18.221562818255983,42.09665032635123,3.552713678800501e-15,0.0,0.0,0.0,0.0,14.49952578745842,46.398482519866945,1.949810297943248,5.8494308938297435,0.0,0.0,0.0,1.8481192235308113,48.21876478949954,1.559854317464649,0.0,59.14299084136052,0.0,0.0,0.0,0.0,0.0,0.0,14.269602743042855,12.172612648045469,13.95001598480745,5.4179767044791936,2.5,0.0,70.0,10.5,46.0,45.0,0.5500728915722731,0.32834157568768546,1.0,37.6779539446412,41.251537946210114,1.754829268148923,48.30506915979641,60.31821314460721,60.31821314460721,3.552713678800501e-15,1.4234400823830295,0.3558600205957574,28.46880164766059,0.0,0.0,0.0,0.0,7.105427357601002e-15,0.0,0.0,0.0,0.0,0.0,0.15457947705340214,0.0
4,winter_heating,冬季采暖日,80.0,13.75,0.25,48.40449288043235,44.58065378416142,6.0504745384387615,2.5880728770600534,0.0,2.5880728770600534,16.814348129927282,46.16485946482248,0.0,0.0,0.0,0.0,0.0,14.49952578745842,46.398482519866945,2.0168248461462537,6.0504745384387615,0.0,0.0,0.6464369577727824,0.0,48.369882628731105,1.8178287357055265,0.0,59.54515367066991,0.0,0.0,0.0,0.0,0.0,0.0,14.31042561129623,12.14354885117443,13.950460951615469,5.425486830066429,2.4980487811074754,0.0,70.0,10.5,46.0,45.0,0.5075918672829398,0.3600724186026749,1.0,37.755504446737234,41.01420148142851,1.8151423615316284,48.40449288043235,62.97920759474976,62.97920759474976,0.0,1.4234400823830295,0.3558600205957574,28.46880164766059,0.0,0.0,0.0,0.0,0.0,0.0,0.0,0.0,0.0,0.0,0.20104364460901802,0.0
4,winter_heating,冬季采暖日,80.0,14.0,0.25,48.48804496858572,44.499899443298666,6.081562050306796,2.5880728770600534,0.0,2.5880728770600534,15.53880417647833,50.510012070280915,3.552713678800501e-15,0.0,0.0,0.0,0.0,14.49952578745842,46.398482519866945,2.0271873501022655,6.081562050306796,0.0,0.0,3.622131017672894,0.0,49.22772025129695,1.8985830765682803,0.0,59.966294574519544,0.0,0.0,0.0,0.0,0.0,0.0,14.37147819721897,12.119938065722211,13.945730945389748,5.428000000000001,2.4922179382602434,0.0,70.0,10.5,46.0,45.0,0.46908572169051976,0.3939633396621733,1.0,37.820675075496865,40.93990748783477,1.8244686150920386,48.48804496858572,66.04881624675924,66.04881624675924,3.552713678800501e-15,1.4234400823830295,0.3558600205957574,28.46880164766059,0.0,0.0,0.0,0.0,-7.105427357601002e-15,0.0,0.0,0.0,0.0,0.0,0.03108751186803449,0.0
4,winter_heating,冬季采暖日,80.0,14.25,0.25,48.51184670484524,44.72604419262712,6.114599499555779,2.5880728770600534,0.0,2.5880728770600534,14.226513897104951,50.792458757850085,5.329070518200751e-15,0.0,0.0,0.0,0.0,14.49952578745842,46.398482519866945,2.0381998331852595,6.114599499555779,0.0,0.0,2.5574732065261703,0.0,49.83265875183435,1.6724383272398253,0.0,60.33351552995175,0.0,0.0,0.0,0.0,0.0,0.0,14.458027643056239,12.104313657227763,13.935251423550422,5.425486830066429,2.4825754689579003,0.0,70.0,10.5,46.0,45.0,0.42947027729878623,0.39616634131967515,1.0,37.83924042977929,41.147960657216956,1.8343798498667336,48.51184670484524,65.01897265495504,65.01897265495504,5.329070518200751e-15,1.4234400823830295,0.3558600205957574,28.46880164766059,0.0,0.0,0.0,0.0,0.0,0.0,0.0,0.0,0.0,0.0,0.03303744924898311,0.0
4,winter_heating,冬季采暖日,80.0,14.5,0.25,48.438045041106406,44.956809580772536,6.053036727987571,2.81339575602102,0.0,2.81339575602102,12.697395130389523,49.444458851483475,-1.7763568394002505e-15,0.0,0.0,0.0,0.0,14.49952578745842,46.398482519866945,2.0176789093291903,6.053036727987571,0.0,0.0,0.0,0.0,49.83016711889676,1.4416729390944099,0.0,60.6457460952217,0.0,0.0,0.0,0.0,0.0,0.0,14.575991280780174,12.098458195162872,13.91844011732816,5.4179767044791936,2.469233234476344,0.0,70.0,10.5,46.0,45.0,0.3833092103280722,0.3856523358144388,1.0,37.781675132063,41.36026481431073,1.8159110183962712,48.438045041106406,62.141853981873,62.141853981873,-1.7763568394002505e-15,1.5473676658115612,0.3868419164528903,30.947353316231222,0.0,0.0,0.0,0.0,0.0,0.0,0.0,0.22532287896096648,0.0,0.0,-0.061562771568207886,0.0
4,winter_heating,冬季采暖日,80.0,14.75,0.25,48.30094585892686,44.97206277892696,5.967000098416508,3.9202574417569274,0.0,3.9202574417569274,11.385732163079204,49.48348207435465,-3.552713678800501e-15,0.0,0.0,0.0,0.0,14.49952578745842,46.398482519866945,1.9890000328055029,5.967000098416508,0.0,0.0,0.0,0.0,49.827675610540815,1.4264197409399841,0.0,60.95419791064734,0.0,0.0,0.0,0.0,0.0,0.0,14.73168082750357,12.103291156854324,13.89473386343122,5.405557204017775,2.4523447998951764,0.0,70.0,10.5,46.0,45.0,0.34371270324505826,0.3859567055537554,1.0,37.67473776996295,41.374297756612805,1.7901000295249525,48.30094585892686,60.86921423743385,60.86921423743385,-3.552713678800501e-15,2.15614159296631,0.5390353982415775,43.122831859326205,0.0,0.0,0.0,0.0,0.0,0.0,0.0,1.1068616857359075,0.0,0.0,-0.08603662957106284,0.0
4,winter_heating,冬季采暖日,80.0,15.0,0.25,48.14829848632945,45.20879259172856,5.893140708682939,6.828490014777098,0.0,6.828490014777098,10.350087919875051,46.74283176729803,-3.552713678800501e-15,0.0,0.0,0.0,0.0,14.053412411340098,44.970919716288314,1.9643802362276463,5.893140708682939,0.0,0.0,0.0,0.2446814319470194,49.760794376247915,0.0,0.23787287544024815,60.86112268657616,0.0,0.0,0.0,0.0,0.0,0.0,14.931461542030378,12.118795991430483,13.863616218387232,5.388372406005531,2.432102492359528,0.0,70.0,10.5,46.0,45.0,0.3124486547558293,0.3645804337304218,1.0,37.555672819336976,41.592089184390275,1.7679422126048816,48.14829848632945,57.09291968717308,57.09291968717308,-3.552713678800501e-15,3.7556695081274043,0.9389173770318511,75.11339016254809,0.0,0.0,0.0,0.0,0.0,0.0,0.0,2.908232573020171,0.0,-1.4275628035786312,-0.07385938973356954,0.0
4,winter_heating,冬季采暖日,80.0,15.25,0.25,48.64534791152624,45.69621271305224,5.753805534251053,6.828490014777098,0.0,6.828490014777098,8.79184720624621,47.84231504264454,0.0,0.0,1.183517030835471,0.41423096079241484,0.532582663875962,14.053412411340098,44.970919716288314,1.9179351780836844,5.753805534251053,0.0,0.0,0.0,0.7398122764897499,49.56361889534759,0.0,0.19271033288796635,60.77997887973604,0.0,0.0,0.0,0.0,0.0,0.0,15.181322894764628,12.143992275260304,13.824644570482901,5.366620102264988,2.40873375636107,0.0,70.0,10.5,46.0,45.0,0.2654084538871809,0.3731560821079259,1.0,37.94337137099047,42.040515696008065,1.726141660275316,48.64534791152624,56.63416224889075,56.63416224889075,0.0,3.9923729142944984,0.9980932285736246,79.84745828588997,0.0,0.0,0.0,0.0,0.0,7.105427357601002e-15,0.0,0.0,0.41423096079241484,0.0,-0.1393351744318858,0.0
4,winter_heating,冬季采暖日,80.0,15.5,0.25,48.647456929544326,45.95307683685784,5.670542415525096,6.828490014777098,0.0,6.828490014777098,7.3237565409753245,48.53340273074597,1.7763568394002505e-15,0.0,4.509197370168753,1.5782190795590634,2.029138816575939,13.726230631338094,43.9239380202819,1.8901808051750322,5.670542415525096,0.0,0.0,0.0,0.0,49.56114071440282,0.0,0.0,60.74958889029618,0.0,0.0,0.0,0.0,0.0,0.0,15.486367815034015,12.176956419726508,13.777475465397073,5.340548010159072,2.3824969025845952,0.0,70.0,10.5,46.0,45.0,0.22108970442587042,0.37854636420140503,1.0,37.945016405044576,42.27683068990921,1.701162724657529,48.647456929544326,55.857159271721294,55.857159271721294,1.7763568394002505e-15,4.657508982161155,1.1643772455402888,93.1501796432231,0.0,0.0,0.0,0.0,-7.105427357601002e-15,0.0,0.0,0.0,1.1639881187666485,-1.0469816960064122,-0.08326311872595671,0.0
4,winter_heating,冬季采暖日,80.0,15.75,0.25,49.206028303440156,46.460227453573395,5.848521128494523,6.482764916067929,0.0,6.482764916067929,6.109050886932799,50.70141074246121,3.552713678800501e-15,0.0,7.8348777095020345,2.742207198325712,3.5256949692759156,13.726230631338094,43.9239380202819,1.9495070428315078,5.848521128494523,0.0,0.0,1.1536677661778965,0.0,49.83265875183435,0.9894055359844205,0.0,60.95419791064734,0.0,0.0,0.0,0.0,0.0,0.0,15.850240415715666,12.214891755412486,13.721886931484319,5.3104490781930584,2.3536763613451477,0.0,70.0,10.5,46.0,45.0,0.18442014659524783,0.39545619339568927,1.0,38.38070207668332,42.743409257287524,1.754556338548357,49.206028303440156,56.81046162939401,56.81046162939401,3.552713678800501e-15,5.132496245737768,1.283124061434442,102.64992491475536,0.0,0.0,0.0,0.0,0.0,7.105427357601002e-15,0.0,-0.34572509870916956,1.1639881187666485,0.0,0.17797871296942702,0.0
4,winter_heating,冬季采暖日,80.0,16.0,0.25,49.3767505674285,47.063678645261064,6.006392042405845,-0.0,0.0,-0.0,4.698934362895571,52.48181794879623,2.6645352591003757e-15,0.0,11.160558048835316,3.9061953170923602,5.022251121975892,10.408468962284438,33.3071006793102,2.0021306808019483,6.006392042405845,0.0,0.0,0.0,0.700402581730728,49.64585065002025,0.0,8.73432684397497,58.625213747488075,0.0,0.0,0.0,0.0,0.0,0.0,16.274525914473486,12.254245969346934,13.657796725889458,5.276656010528959,2.3225775623986644,0.0,132.0,19.8,46.0,45.0,0.14185152163329512,0.409342849530128,1.0,38.51386544259423,43.29858435364018,1.8019176127217533,49.3767505674285,57.1807523116918,57.1807523116918,2.6645352591003757e-15,2.2321116097670632,0.5580279024417658,44.642232195341265,0.0,0.0,0.0,0.0,0.0,0.0,0.0,-6.482764916067929,1.1639881187666483,-10.6168373409717,0.1578709139113217,0.0
4,winter_heating,冬季采暖日,80.0,16.25,0.25,49.74467150809025,47.6600660868287,5.986800942965759,0.0,0.0,0.0,3.2924232613163227,53.78613408752135,1.7763568394002505e-15,0.0,14.4862383881686,5.070183435859009,6.51880727467587,10.408468962284438,33.3071006793102,1.9956003143219199,5.986800942965759,0.0,0.0,0.0,0.0,49.64336835748775,0.0,7.834158132842626,56.534280579339956,0.0,0.0,0.0,0.0,0.0,0.0,16.758169515770103,12.29087099911968,13.585275615833067,5.23953515341255,2.289521569660788,0.0,132.0,19.8,46.0,45.0,0.09939173723439299,0.4195161344082316,1.0,38.800843776310394,43.847260799882406,1.7960402828897277,49.74467150809025,57.07855734883767,57.07855734883767,1.7763568394002505e-15,2.89724767763372,0.72431191940843,57.9449535526744,0.0,0.0,0.0,0.0,7.105427357601002e-14,0.0,0.0,0.0,1.1639881187666492,0.0,-0.019591099440085635,0.0
4,winter_heating,冬季采暖日,80.0,16.5,0.25,50.27768378603609,48.02575707567873,5.8912026935088795,0.0,0.0,0.0,2.2818921703720676,51.22783942892746,-3.552713678800501e-15,0.0,17.81191872750188,6.234171554625657,8.015363427375846,10.09213038368772,32.294817227800706,1.9637342311696264,5.8912026935088795,0.0,0.0,0.0,2.589645246968253,48.95940059776244,0.0,7.715576420502181,54.47559859154972,0.0,0.0,0.0,0.0,0.0,0.0,17.29697125220521,12.320217791426698,13.504555049450122,5.1994799003694805,2.2548396019890076,0.0,132.0,19.8,46.0,45.0,0.06888580507239,0.39956218337497573,1.0,39.21659335310815,44.18369650962444,1.7673608080526637,50.27768378603609,53.50973159929953,53.50973159929953,-3.552713678800501e-15,3.562383745500376,0.890595936375094,71.24767491000752,0.0,0.0,0.0,0.0,0.0,0.0,0.0,0.0,1.1639881187666479,-1.0122834515094965,-0.09559824945687989,0.0
4,winter_heating,冬季采暖日,80.0,16.75,0.25,51.05236347515117,48.77822889072003,5.905680096846772,0.0,0.0,0.0,1.313214384948111,48.49434625894249,-8.881784197001252e-16,0.0,21.13759906683516,7.398159673392306,9.511919580075823,10.09213038368772,32.294817227800706,1.9685600322822572,5.905680096846772,0.0,0.0,0.0,5.907333573838234,47.402391160933014,0.0,6.9714920828435005,52.613757612558295,0.0,0.0,0.0,0.0,0.0,0.0,17.88321913240925,12.337556015467749,13.416028843533379,5.156903781723095,2.2188675697091758,0.0,132.0,19.8,46.0,45.0,0.039643341308736854,0.3782417351301288,1.0,39.82084351061791,44.87597057946243,1.7717040290540316,51.05236347515117,49.807560643890604,49.807560643890604,-8.881784197001252e-16,4.227519813367032,1.056879953341758,84.55039626734064,0.0,0.0,0.0,0.0,0.0,0.0,0.0,0.0,1.1639881187666488,0.0,0.01447740333789227,0.0
4,winter_heating,冬季采暖日,80.0,17.0,0.25,51.38060700456254,49.515401691255875,5.7315420358976406,0.0,0.0,0.0,0.6308566886145286,47.444384881989244,-3.3306690738754696e-16,0.0,24.463279406168446,8.562147792158955,11.008475732775802,10.09213038368772,32.294817227800706,1.91051401196588,5.7315420358976406,0.0,0.0,0.0,6.745862037453415,45.62479418941354,0.0,6.212108730679368,50.952685278310085,0.0,0.0,0.0,0.0,0.0,0.0,18.50552160811043,12.338207069034446,13.320248805518894,5.112233407361841,2.181940751190348,0.0,139.92000000000002,20.988000000000003,46.0,45.0,0.019044313944697976,0.3700523430942442,1.0,40.07687346355878,45.554169555955404,1.719462610769292,51.38060700456254,48.07524157060377,48.07524157060377,-3.3306690738754696e-16,4.89265588123369,1.2231639703084225,97.8531176246738,0.0,0.0,0.0,0.0,0.0,0.0,0.0,0.0,1.1639881187666488,0.0,-0.1741380609491312,0.0
4,winter_heating,冬季采暖日,80.0,17.25,0.25,52.04340004784825,50.22219085047666,5.6176105590658265,0.0,0.0,0.0,0.0,44.916726824939644,0.0,0.0,27.788959745501725,9.726135910925603,12.505031885475777,10.09213038368772,32.294817227800706,1.8725368530219422,5.6176105590658265,0.0,0.0,0.0,9.365204548692667,43.157985436890215,0.0,5.422341737200174,49.50027689956563,0.0,0.0,0.0,0.0,0.0,0.0,19.14889118581058,12.317777677878714,13.217914497264278,5.065901429785418,2.144388724825195,0.0,139.92000000000002,20.988000000000003,46.0,45.0,0.0,0.3503373486037722,1.0,40.59385203732164,46.20441558243853,1.685283167719748,52.04340004784825,44.916726824939644,44.916726824939644,0.0,5.557791949100345,1.3894479872750862,111.1558389820069,0.0,0.0,0.0,0.0,0.0,-7.105427357601002e-15,0.0,0.0,1.1639881187666479,0.0,-0.11393147683181404,0.0
4,winter_heating,冬季采暖日,80.0,17.5,0.25,52.309147307966164,50.829599475536476,5.398360964972501,0.0,0.0,0.0,0.0,41.86105424247374,0.0,0.0,29.561603016295837,10.346561055703543,13.302721357333127,10.09213038368772,32.294817227800706,1.7994536549908338,5.398360964972501,0.0,0.0,0.0,11.993116048467435,39.99974436696905,0.0,5.232060890402643,48.09866863206252,0.0,0.0,0.0,0.0,0.0,0.0,19.79511374774061,12.272381167739177,13.109857622080646,5.018339687533169,2.106530659712633,0.0,139.92000000000002,20.988000000000003,46.0,45.0,0.0,0.3265039950534429,1.0,40.80113490021361,46.76323151749356,1.6195082894917503,52.309147307966164,41.86105424247374,41.86105424247374,0.0,5.912320603259168,1.478080150814792,118.24641206518336,0.0,0.0,0.0,0.0,0.0,0.0,0.0,0.0,0.6204251447779399,0.0,-0.21924959409332523,0.0
4,winter_heating,冬季采暖日,80.0,17.75,0.25,52.88272819208328,51.462335732497706,5.112916429902514,0.0,0.0,0.0,0.0,42.02662956559568,0.0,0.0,29.561603016295837,10.346561055703543,13.302721357333127,10.09213038368772,32.294817227800706,1.7043054766341712,5.112916429902514,0.0,0.0,0.0,12.305973431105947,36.759330318933344,0.0,5.864797147363873,46.53125162738758,0.0,0.0,0.0,0.0,0.0,0.0,20.423413757039597,12.198834122274446,12.997021758913895,4.969972677574852,2.068671053718672,0.0,139.92000000000002,20.988000000000003,46.0,45.0,0.0,0.3277954342075654,1.0,41.24852798982496,47.34534887389789,1.533874928970754,52.88272819208328,42.02662956559568,42.02662956559568,0.0,5.912320603259168,1.478080150814792,118.24641206518336,0.0,0.0,0.0,0.0,-7.105427357601002e-15,0.0,0.0,0.0,0.0,0.0,-0.28544453506998746,0.0
4,winter_heating,冬季采暖日,80.0,18.0,0.25,53.371652428752725,52.08929554559045,5.069999038520286,0.0,0.0,0.0,0.0,40.30661043946907,0.0,0.0,29.561603016295837,10.346561055703543,13.302721357333127,10.09213038368772,32.294817227800706,1.689999679506762,5.069999038520286,0.0,0.0,0.0,14.500610996774597,32.9415420901083,0.0,6.49175696045662,44.79962890671688,0.0,0.0,0.0,0.0,0.0,0.0,21.011396164036416,12.09481760033896,12.880438365696858,4.921211489709872,2.031095991035345,0.0,139.92000000000002,20.988000000000003,46.0,45.0,0.0,0.3143797874587825,1.0,41.629888894427125,47.92215190194322,1.5209997115560856,53.371652428752725,40.30661043946907,40.30661043946907,0.0,5.912320603259168,1.478080150814792,118.24641206518336,0.0,0.0,0.0,0.0,7.105427357601002e-15,0.0,0.0,0.0,0.0,0.0,-0.042917391382228054,0.0
4,winter_heating,冬季采暖日,80.0,18.25,0.25,53.638270886660116,52.805454832131126,5.063293250060887,0.0,0.0,0.0,0.0,38.26443483824348,0.0,0.0,29.561603016295837,10.346561055703543,13.302721357333127,10.09213038368772,32.294817227800706,1.6877644166869625,5.063293250060887,0.0,0.0,0.0,16.807169793087773,28.516955593770167,0.0,7.207916246997293,42.880409027264236,0.0,0.0,0.0,0.0,0.0,0.0,21.536214723458645,11.958994276140206,12.761200118004814,4.872448317189649,1.9940699735316383,0.0,139.92000000000002,20.988000000000003,46.0,45.0,0.0,0.2984514143093962,1.0,41.837851291594895,48.58101844556064,1.5189879750182662,53.638270886660116,38.26443483824348,38.26443483824348,0.0,5.912320603259168,1.478080150814792,118.24641206518336,0.0,0.0,0.0,0.0,-7.105427357601002e-15,0.0,0.0,0.0,0.0,0.0,-0.0067057884593983985,0.0
4,winter_heating,冬季采暖日,80.0,18.5,0.25,53.51448030360206,53.31660818272907,4.81102057641134,0.0,0.0,0.0,0.0,37.44672769863476,0.0,0.0,29.561603016295837,10.346561055703543,13.302721357333127,10.09213038368772,32.294817227800706,1.6036735254704466,4.81102057641134,0.0,0.0,0.0,17.416995458421923,23.932109888511025,0.0,7.719069597595237,40.82763471812028,0.0,0.0,0.0,0.0,0.0,0.0,21.975887485726417,11.791075628625205,12.64043273320543,4.824051636453525,1.9578333617716144,0.0,139.92000000000002,20.988000000000003,46.0,45.0,0.0,0.2920735374809842,1.0,41.74129463680961,49.05127952811075,1.443306172923402,53.51448030360206,37.44672769863476,37.44672769863476,0.0,5.912320603259168,1.478080150814792,118.24641206518336,0.0,0.0,0.0,0.0,0.0,0.0,0.0,0.0,0.0,0.0,-0.2522726736495473,0.0
4,winter_heating,冬季采暖日,80.0,18.75,0.25,53.491837217413874,54.05760125000676,4.646814192469617,0.0,0.0,0.0,0.0,39.523656083489406,0.0,0.0,29.561603016295837,10.346561055703543,13.302721357333127,10.09213038368772,32.294817227800706,1.5489380641565391,4.646814192469617,0.0,0.0,0.0,15.262688526065183,19.914416302473132,0.0,8.460062664872929,38.5808886205315,0.0,0.0,0.0,0.0,0.0,0.0,22.31065749814865,11.591836436894749,12.519266452188361,4.776362125908751,1.922600443223189,0.0,139.92000000000002,20.988000000000003,46.0,45.0,0.0,0.3082729721910371,1.0,41.72363302958282,49.73299315000622,1.3940442577408851,53.491837217413874,39.523656083489406,39.523656083489406,0.0,5.912320603259168,1.478080150814792,118.24641206518336,0.0,0.0,0.0,0.0,7.105427357601002e-15,0.0,0.0,0.0,0.0,0.0,-0.16420638394172293,0.0
4,winter_heating,冬季采暖日,80.0,19.0,0.25,53.034804266024736,54.27971704841315,4.642416618911538,0.0,0.0,0.0,0.0,40.49430807815457,0.0,0.0,29.561603016295837,10.346561055703543,13.302721357333127,10.09213038368772,32.294817227800706,1.547472206303846,4.642416618911538,0.0,0.0,0.0,13.83353772215819,16.27301591793217,0.0,8.682178463279314,36.2768143700951,0.0,0.0,0.0,0.0,0.0,0.0,22.5242838205463,11.363077101503396,12.398808312270113,4.729689369961839,1.8885581275123642,0.0,139.92000000000002,20.988000000000003,46.0,45.0,0.0,0.3158437742121484,1.0,41.367147327499296,49.9373396845401,1.3927249856734614,53.034804266024736,40.49430807815457,40.49430807815457,0.0,5.912320603259168,1.478080150814792,118.24641206518336,0.0,0.0,0.0,0.0,7.105427357601002e-15,0.0,0.0,0.0,0.0,0.0,-0.0043975735580792374,0.0
4,winter_heating,冬季采暖日,80.0,19.25,0.25,52.67558369260594,54.6541296229231,4.515794763520318,0.0,0.0,0.0,0.0,42.394692700025125,0.0,0.0,29.561603016295837,10.346561055703543,13.302721357333127,10.09213038368772,32.294817227800706,1.5052649211734392,4.515794763520318,0.0,0.0,0.0,11.531725241738439,13.237537729836683,0.0,9.056591037789268,33.87536253191288,0.0,0.0,0.0,0.0,0.0,0.0,22.605147304754997,11.107537463158371,12.280116251359724,4.684309370871468,1.8558652521421384,0.0,139.92000000000002,20.988000000000003,46.0,45.0,0.0,0.33066621914114636,1.0,41.08695528023264,50.281799253089254,1.3547384290560953,52.67558369260594,42.394692700025125,42.394692700025125,0.0,5.912320603259168,1.478080150814792,118.24641206518336,0.0,0.0,0.0,0.0,7.105427357601002e-15,0.0,0.0,0.0,0.0,0.0,-0.12662185539122017,0.0
4,winter_heating,冬季采暖日,80.0,19.5,0.25,52.027646202137795,54.99292401815789,4.407043001846346,0.0,0.0,0.0,0.0,44.40851587711727,0.0,0.0,29.561603016295837,10.346561055703543,13.302721357333127,10.09213038368772,32.294817227800706,1.469014333948782,4.407043001846346,0.0,0.0,0.0,8.83371398695349,10.912214277436115,0.0,9.39538543302406,31.385954999851116,0.0,0.0,0.0,0.0,0.0,0.0,22.547068111967842,10.828768599473547,12.164175943336142,4.640462868235925,1.8246524673583497,0.0,139.92000000000002,20.988000000000003,46.0,45.0,0.0,0.34637345166432193,1.0,40.58156403766748,50.59349009670527,1.3221129005539038,52.027646202137795,44.40851587711727,44.40851587711727,0.0,5.912320603259168,1.478080150814792,118.24641206518336,0.0,0.0,0.0,0.0,0.0,0.0,0.0,0.0,0.0,0.0,-0.10875176167397171,0.0
4,winter_heating,冬季采暖日,80.0,19.75,0.25,51.21531557339779,55.15494696887155,4.3465479558439934,0.0,0.0,0.0,0.0,46.00319948755738,0.0,0.0,27.829488923536083,9.740321123237628,12.523270015591237,10.09213038368772,32.294817227800706,1.4488493186146645,4.3465479558439934,0.0,0.0,0.0,7.012774664905162,9.066201649641945,0.0,10.336859725479606,28.650035778803876,0.0,0.0,0.0,0.0,0.0,0.0,22.34975672649533,10.530971349319326,12.051881088524576,4.5983544447590745,1.795022656174443,0.0,139.92000000000002,20.988000000000003,46.0,45.0,0.0,0.3588115180025236,1.0,39.94794614725028,50.74255121136183,1.303964386753198,51.21531557339779,46.00319948755738,46.00319948755738,0.0,5.565897784707217,1.3914744461768043,111.31795569414435,0.0,0.0,0.0,0.0,0.0,0.0,0.0,0.0,-0.6062399324659147,0.0,-0.06049504600235256,0.0
4,winter_heating,冬季采暖日,80.0,20.0,0.25,50.46716523144605,55.333345487820026,4.209540835782559,0.0,0.0,0.0,0.0,49.69022182102156,0.0,0.0,24.503808584202798,8.576333004470978,11.02671386289126,10.09213038368772,32.294817227800706,1.4031802785941865,4.209540835782559,0.0,0.0,0.0,3.695921068235421,8.093137532129084,0.0,12.011814397128063,25.474706972196564,0.0,0.0,0.0,0.0,0.0,0.0,22.01885457609751,10.218811895421911,11.944017683308669,4.558152377957555,1.7670518352263433,0.0,139.92000000000002,20.988000000000003,46.0,45.0,0.0,0.38756921518698373,1.0,39.364388880527926,50.90667784879442,1.2628622507347678,50.46716523144605,49.69022182102156,49.69022182102156,0.0,4.9007617168405595,1.2251904292101399,98.01523433681119,0.0,0.0,0.0,0.0,0.0,0.0,0.0,0.0,-1.1639881187666496,0.0,-0.13700712006143423,0.0
4,winter_heating,冬季采暖日,80.0,20.25,0.25,49.64589395863777,55.210280518050304,4.064345533390724,0.0,0.0,0.0,0.0,48.70962443430015,0.0,0.0,21.178128244869512,7.412344885704329,9.53015771019128,10.453765258632375,33.4520488276236,1.3547818444635746,4.064345533390724,0.0,0.0,0.0,5.33247174172925,6.689450837955304,0.0,12.228073980235422,22.244055413385357,0.0,0.0,0.0,0.0,0.0,0.0,21.565560171396314,9.897225543487918,11.841252581972414,4.519989181152683,1.7407904742722486,0.0,139.92000000000002,20.988000000000003,46.0,45.0,0.0,0.37992084201298354,1.0,38.72379728773746,50.793458076606285,1.2193036600172171,49.64589395863777,48.70962443430015,48.70962443430015,0.0,4.235625648973903,1.0589064122434757,84.71251297947805,0.0,0.0,0.0,0.0,1.4210854715202004e-14,0.0,0.0,0.0,-1.1639881187666496,1.157231599822893,-0.1451953023918353,0.0
4,winter_heating,冬季采暖日,80.0,20.5,0.25,48.564598231690724,55.12303540780165,4.053938857784965,0.0,0.0,0.0,0.0,53.90444286055879,0.0,0.0,17.852447905536227,6.248356766937679,8.033601557491302,10.894174959398415,34.86135987007493,1.3513129525949885,4.053938857784965,0.0,0.0,0.0,0.6572865161876678,6.516146229574541,0.0,12.228073980235422,19.015019180353555,0.0,0.0,0.0,0.0,0.0,0.0,21.005876990294922,9.571219851515666,11.744126454203553,4.4839627637715305,1.7162651668298874,0.0,139.92000000000002,20.988000000000003,46.0,45.0,0.0,0.420438908278733,1.0,37.88038662071877,50.71319257517752,1.2161816573354896,48.564598231690724,53.90444286055879,53.90444286055879,0.0,3.5704895811072457,0.8926223952768114,71.40979162214491,0.0,0.0,0.0,0.0,7.105427357601002e-15,0.0,0.0,0.0,-1.1639881187666496,1.4093110424513284,-0.010406675605758586,0.0
4,winter_heating,冬季采暖日,80.0,20.75,0.25,47.4822793001088,54.89016706046987,3.738244099384193,0.0,0.0,0.0,0.0,53.93473993496217,0.0,0.0,14.526767566202942,5.084368648171029,6.537045404791324,11.289077398575976,36.12504767544313,1.2460813664613977,3.738244099384193,0.0,0.0,0.0,0.9983294820129771,6.253102137522805,0.0,12.228073980235422,15.787597465438267,0.0,0.0,0.0,0.0,0.0,0.0,20.359555140434413,9.245687532791216,11.653051044584522,4.450138130862656,1.6934805816070466,0.0,139.92000000000002,20.988000000000003,46.0,45.0,0.0,0.4206752166089971,1.0,37.03617785408486,50.49895369563228,1.1214732298152579,47.4822793001088,53.93473993496217,53.93473993496217,0.0,2.9053535132405885,0.7263383783101471,58.10707026481177,0.0,0.0,0.0,0.0,0.0,0.0,0.0,0.0,-1.1639881187666496,1.2636878053681997,-0.3156947584007721,0.0
4,winter_heating,冬季采暖日,80.0,21.0,0.25,45.90549580553022,54.526420331052336,3.532611117328945,0.0,0.0,0.0,0.0,57.81114554116839,0.0,0.0,11.201087226869657,3.9203805294043796,5.040489252091346,14.812145333882677,47.39886506842457,1.1775370391096482,3.532611117328945,0.0,0.0,0.0,0.1636521079497748,6.209723138218619,0.0,2.0870660105364167,15.230475769195962,0.0,0.0,0.0,0.0,0.0,0.0,19.648825798151762,8.925238184683195,11.568310465385279,4.418549534876894,1.6724216238937528,0.0,139.92000000000002,20.988000000000003,46.0,45.0,0.0,0.45091004800007345,1.0,35.80628672831357,50.16430670456815,1.0597833351986834,45.90549580553022,57.81114554116839,57.81114554116839,0.0,2.2402174453739314,0.5600543613434829,44.80434890747863,0.0,0.0,0.0,0.0,-7.105427357601002e-15,0.0,0.0,0.0,-1.1639881187666496,11.273817392981442,-0.20563298205524827,0.0
4,winter_heating,冬季采暖日,80.0,21.25,0.25,44.91484303804647,54.25310915933355,3.2510502968489816,0.0,0.0,0.0,0.0,56.53449149343,0.0,0.0,7.875406887536372,2.75639241063773,3.5439330993913676,15.846617518731936,50.709176059942195,1.0836834322829938,3.2510502968489816,0.0,0.0,0.0,2.554260084993676,5.537238945484424,0.0,0.0,15.22286053131137,0.0,0.0,0.0,0.0,0.0,0.0,18.897042531113566,8.614056031797292,11.490066108396734,4.389202989109877,1.6530557377363582,0.0,139.92000000000002,20.988000000000003,46.0,45.0,0.0,0.44095251935128943,1.0,35.03357756967625,49.91286042658687,0.9753150890546944,44.91484303804647,56.53449149343,56.53449149343,0.0,1.5750813775072745,0.3937703443768186,31.50162755014549,0.0,0.0,0.0,0.0,0.0,1.4210854715202004e-14,0.0,0.0,-1.1639881187666496,3.3103109915176248,-0.28156082047996334,0.0
4,winter_heating,冬季采暖日,80.0,21.5,0.25,43.82345969924589,53.9096060231235,2.915762015240676,0.0,0.0,0.0,0.0,61.79268227720895,0.0,0.0,4.549726548203087,1.5924042918710803,2.047376946691389,18.589706198087246,59.48705983387919,0.9719206717468919,2.915762015240676,0.0,0.0,0.0,0.0,5.5369620835371505,7.624830757447079,0.0,17.026146405939397,0.0,0.0,0.0,0.0,0.0,0.0,18.12734557537405,8.315788693720116,11.418364650286996,4.3620790515751535,1.6353352832366128,0.0,139.92000000000002,20.988000000000003,46.0,45.0,0.0,0.48196487149399,1.0,34.18229856541179,49.59683754127362,0.8747286045722027,43.82345969924589,61.79268227720895,61.79268227720895,0.0,0.9099453096406175,0.22748632741015437,18.19890619281235,0.0,0.0,0.0,0.0,7.105427357601002e-15,-7.105427357601002e-15,0.0,0.0,-1.1639881187666496,8.777883773936992,-0.3352882816083058,0.0
4,winter_heating,冬季采暖日,80.0,21.75,0.25,42.27050193189844,53.54475931214235,2.7817344947908325,0.0,0.0,0.0,0.0,62.6534450870298,0.0,0.0,1.224046208869802,0.4284161731044307,0.5508207939914109,18.589706198087246,59.48705983387919,0.9272448315969442,2.7817344947908325,0.0,0.0,1.2944082985516054,0.0,5.84410720633898,6.493121315728253,0.0,18.55974964522189,0.0,0.0,0.0,0.0,0.0,0.0,17.36145450501485,8.033469682296884,11.35314855138413,4.33713579020443,1.6191999284026473,0.0,139.92000000000002,20.988000000000003,46.0,45.0,0.0,0.4886785699730593,1.0,32.97099150688078,49.26117856717096,0.8345203484372498,42.27050193189844,62.6534450870298,62.6534450870298,0.0,0.24480924177396043,0.06120231044349011,4.896184835479208,0.0,0.0,0.0,0.0,7.105427357601002e-15,0.0,0.0,0.0,-1.1639881187666496,0.0,-0.13402752044984334,0.0
4,winter_heating,冬季采暖日,80.0,22.0,0.25,41.199473381177526,53.006873108314714,2.712663952732198,1.5897131469093566,0.0,1.5897131469093566,0.0,65.58381465969897,0.0,0.0,0.0,0.0,0.0,18.589706198087246,59.48705983387919,0.9042213175773993,2.712663952732198,0.0,0.0,6.480126909766162,0.0,7.382845142048128,6.480186725564472,0.0,20.08951411772084,0.0,0.0,0.0,0.0,0.0,0.0,16.61867369963756,7.7694750819491425,11.29426840984115,4.314311844808757,1.6045790012890015,0.0,62.0,9.299999999999999,46.0,45.0,0.0,0.5115345966492522,1.0,32.13558923731847,48.76632325964954,0.8137991858196594,41.199473381177526,65.58381465969897,65.58381465969897,0.0,0.8743422308001462,0.21858555770003654,17.486844616002923,0.0,0.0,0.0,0.0,-7.105427357601002e-15,0.0,0.0,1.5897131469093566,-0.4284161731044307,0.0,-0.06907054205863439,0.0
4,winter_heating,冬季采暖日,80.0,22.25,0.25,40.149659703048286,52.41603868139728,2.5064075676980506,1.5897131469093566,0.0,1.5897131469093566,0.0,67.41729279981546,0.0,0.0,0.0,0.0,0.0,18.589706198087246,59.48705983387919,0.8354691892326835,2.5064075676980506,0.0,0.0,9.4321708563566,0.0,9.622616578175718,7.071021152481904,0.0,21.75883688437643,0.0,0.0,0.0,0.0,0.0,0.0,15.915166983795963,7.525512827490736,11.241496529638164,4.29352950778261,1.5913937553560473,0.0,62.0,9.299999999999999,46.0,45.0,0.0,0.5258351905646291,1.0,31.316734568377665,48.222755586885505,0.7519222703094152,40.149659703048286,67.41729279981546,67.41729279981546,0.0,0.8743422308001462,0.21858555770003654,17.486844616002923,0.0,0.0,0.0,0.0,0.0,0.0,0.0,0.0,0.0,0.0,-0.20625638503414745,0.0
4,winter_heating,冬季采暖日,80.0,22.5,0.25,39.39195184700237,52.095094812554485,2.5524588854081447,1.5897131469093566,0.0,1.5897131469093566,0.0,69.73980743165545,0.0,0.0,0.0,0.0,0.0,18.589706198087246,59.48705983387919,0.8508196284693815,2.5524588854081447,0.0,0.0,12.497042905005816,0.0,12.59018313728569,7.391965021324701,0.0,23.50354915849886,0.0,0.0,0.0,0.0,0.0,0.0,15.263526793984916,7.302641291889582,11.194541087892606,4.274697753660234,1.5795595087182277,0.0,62.0,9.299999999999999,46.0,45.0,0.0,0.5439501262629381,1.0,30.725722440661848,47.92748722755013,0.7657376656224434,39.39195184700237,69.73980743165545,69.73980743165545,0.0,0.8743422308001462,0.21858555770003654,17.486844616002923,0.0,0.0,0.0,0.0,7.105427357601002e-15,0.0,0.0,0.0,0.0,0.0,0.046051317710094075,0.0
4,winter_heating,冬季采暖日,80.0,22.75,0.25,38.8693116374335,51.518560602085095,2.358137446142924,1.5897131469093566,0.0,1.5897131469093566,0.0,67.9068480290619,0.0,0.0,0.0,0.0,0.0,18.589706198087246,59.48705983387919,0.7860458153809747,2.358137446142924,0.0,0.0,11.251497525069546,0.0,15.261784290332843,7.968499231794091,0.0,25.384315951470708,0.0,0.0,0.0,0.0,0.0,0.0,14.67263320496067,7.1013126149945025,11.153060339265485,4.257715156898589,1.5689876259172395,0.0,62.0,9.299999999999999,46.0,45.0,0.0,0.5296535783487115,1.0,30.31806307719813,47.39707575391829,0.7074412338428772,38.8693116374335,67.9068480290619,67.9068480290619,0.0,0.8743422308001462,0.21858555770003654,17.486844616002923,0.0,0.0,0.0,0.0,0.0,0.0,0.0,0.0,0.0,0.0,-0.1943214392652206,0.0
4,winter_heating,冬季采暖日,80.0,23.0,0.25,37.82110861991985,51.11431613400963,2.5182418919848955,1.5897131469093566,0.0,1.5897131469093566,0.0,68.3018381430556,0.0,0.0,0.0,0.0,0.0,18.589706198087246,59.48705983387919,0.8394139639949652,2.5182418919848955,0.0,0.0,12.641322507962897,0.0,18.263335296759514,8.37274369986956,0.0,27.36015042221399,0.0,0.0,0.0,0.0,0.0,0.0,14.147772503886802,6.921435383342914,11.116676366861743,4.242472647229077,1.5595873187619862,0.0,62.0,9.299999999999999,46.0,45.0,0.0,0.5327343858572502,1.0,29.500464723537483,47.02517084328886,0.7554725675954687,37.82110861991985,68.3018381430556,68.3018381430556,0.0,0.8743422308001462,0.21858555770003654,17.486844616002923,0.0,0.0,0.0,0.0,1.4210854715202004e-14,0.0,0.0,0.0,0.0,0.0,0.16010444584197137,0.0
4,winter_heating,冬季采暖日,80.0,23.25,0.25,37.15925271698336,50.69010454499307,2.5552793528939794,1.5897131469093566,0.0,1.5897131469093566,0.0,68.63954697623228,0.0,0.0,0.0,0.0,0.0,18.589706198087246,59.48705983387919,0.8517597842979931,2.5552793528939794,0.0,0.0,13.628541423773036,0.0,21.49920071814077,8.796955288886117,0.0,29.43574722811334,0.0,0.0,0.0,0.0,0.0,0.0,13.690966120012126,6.762450909045881,11.084987973608916,4.228856062181404,1.5512672503706577,0.0,62.0,9.299999999999999,46.0,45.0,0.0,0.5353684161078582,1.0,28.98421711924702,46.63489618139363,0.7665838058681939,37.15925271698336,68.63954697623228,68.63954697623228,0.0,0.8743422308001462,0.21858555770003654,17.486844616002923,0.0,0.0,0.0,0.0,0.0,0.0,0.0,0.0,0.0,0.0,0.037037460909084,0.0
4,winter_heating,冬季采暖日,80.0,23.5,0.25,36.80879567858604,50.29470034279601,2.5364937344888996,1.5897131469093566,0.0,1.5897131469093566,0.0,67.70045397424667,0.0,0.0,0.0,0.0,0.0,18.589706198087246,59.48705983387919,0.8454979114962998,2.5364937344888996,0.0,0.0,13.04616733298645,0.0,24.596590499689142,9.192359491083174,0.0,31.604214733631544,0.0,0.0,0.0,0.0,0.0,0.0,13.30144977676652,6.6234174145954245,11.05758239947434,4.216748466565439,1.5439369336234074,0.0,62.0,9.299999999999999,46.0,45.0,0.0,0.5280437650109462,1.0,28.71086062929711,46.27112431537233,0.7609481203466698,36.80879567858604,67.70045397424667,67.70045397424667,0.0,0.8743422308001462,0.21858555770003654,17.486844616002923,0.0,0.0,0.0,0.0,-7.105427357601002e-15,0.0,0.0,0.0,0.0,0.0,-0.018785618405079862,0.0
4,winter_heating,冬季采暖日,80.0,23.75,0.25,36.25516544163341,49.90798338154976,2.4990492844170746,1.5897131469093566,0.0,1.5897131469093566,0.0,67.09638438419913,0.0,0.0,0.0,0.0,0.0,18.589706198087246,59.48705983387919,0.8330164281390249,2.4990492844170746,0.0,0.0,13.00820946324881,0.0,27.68481041768575,9.579076452329424,0.0,33.863443283692966,0.0,0.0,0.0,0.0,0.0,0.0,12.976239717717545,6.503096844611147,11.034045642359668,4.206032218477407,1.5375079216242937,0.0,62.0,9.299999999999999,46.0,45.0,0.0,0.5233321986634197,1.0,28.27902904447406,45.91534471102578,0.7497147853251224,36.25516544163341,67.09638438419913,67.09638438419913,0.0,0.8743422308001462,0.21858555770003654,17.486844616002923,0.0,0.0,0.0,0.0,-7.105427357601002e-15,0.0,0.0,0.0,0.0,0.0,-0.03744445007182495,0.0
5,holiday_return,春节返乡日,30.0,0.0,0.25,33.656376854183634,34.79212211199601,3.4910532506853715,0.0,5.0,-5.0,0.0,59.7314577195662,0.0,0.0,0.0,0.0,0.0,13.705792907132167,43.85853730282294,1.163684416895124,3.4910532506853715,0.0,0.0,6.2056035413552735,0.0,29.15725701823674,9.066415190826934,0.0,35.99978516987252,0.0,0.0,0.0,0.0,0.0,0.0,14.200327252248394,6.169663082094346,7.609660644643136,4.503062487565456,1.1275212648659492,0.0,52.0,7.8,45.0,45.0,0.0,0.4658879220489429,1.0,24.232591335012216,30.617067458556487,1.22186863773988,33.656376854183634,59.7314577195662,59.7314577195662,0.0,0.0,0.0,0.0,0.0,0.0,0.0,0.0,0.0,0.0,0.0,-5.0,0.0,-1.1161646322324117,-0.21720849505995643,0.0
5,holiday_return,春节返乡日,30.0,0.25,0.25,33.696753291066955,34.91822815693481,3.4382924611746706,0.0,5.0,-5.0,0.0,60.91404580984156,0.0,0.0,0.0,0.0,0.0,13.70579290713217,43.858537302822945,1.1460974870582235,3.4382924611746706,0.0,0.0,7.36540212458422,0.0,30.905082159974587,8.940309145888135,0.0,38.10510869943601,0.0,0.0,0.0,0.0,0.0,0.0,14.203654366828866,6.172756266833757,7.618921435951184,4.503803890621053,1.1281072717225091,0.0,52.0,7.8,45.0,45.0,0.0,0.47511176370713404,1.0,24.261662369568207,30.72804077810263,1.2034023614111347,33.696753291066955,60.91404580984156,60.91404580984156,0.0,0.0,0.0,0.0,0.0,0.0,0.0,0.0,-7.105427357601002e-15,0.0,0.0,0.0,0.0,7.105427357601002e-15,-0.052760789510700956,0.0
5,holiday_return,春节返乡日,30.0,0.5,0.25,33.667759191150694,35.05785528581147,3.4919767666596964,0.0,5.0,-5.0,0.0,64.48169830995363,0.0,0.0,0.0,0.0,0.0,13.70579290713217,43.858537302822945,1.163992255553232,3.4919767666596964,0.0,0.0,10.944153956117537,0.0,33.5027734704445,8.800682017011473,0.0,40.17621812412652,0.0,0.0,0.0,0.0,0.0,0.0,14.213275793946348,6.17673712295853,7.629607681900323,4.504706361083105,1.1288145519232595,0.0,52.0,7.8,45.0,45.0,0.0,0.5029384110605849,1.0,24.240786617628498,30.850912651514093,1.2221918683308937,33.667759191150694,64.48169830995363,64.48169830995363,0.0,0.0,0.0,0.0,0.0,0.0,0.0,0.0,-7.105427357601002e-15,0.0,0.0,0.0,0.0,0.0,0.053684305485025785,0.0
5,holiday_return,春节返乡日,30.0,0.75,0.25,33.67039155022113,35.31744220533712,3.4723150935257636,0.0,5.0,-5.0,0.0,67.10095694281097,0.0,0.0,0.0,0.0,0.0,13.70579290713217,43.858537302822945,1.157438364508588,3.4723150935257636,0.0,0.0,13.567334120949077,0.0,36.72334018549638,8.54109509748582,0.0,42.184640100717345,0.0,0.0,0.0,0.0,0.0,0.0,14.229310921026574,6.18182666118169,7.641877480470062,4.505800240548684,1.129664567328399,0.0,52.0,7.8,45.0,45.0,0.0,0.5233678632849014,1.0,24.242681916159214,31.079349140696667,1.2153102827340172,33.67039155022113,67.10095694281097,67.10095694281097,0.0,0.0,0.0,0.0,0.0,0.0,0.0,0.0,0.0,0.0,0.0,0.0,0.0,0.0,-0.019661673133932744,0.0
5,holiday_return,春节返乡日,30.0,1.0,0.25,33.69108830384894,35.50999981624779,3.516159970481648,0.0,5.0,-5.0,0.0,69.72025164666549,0.0,0.0,0.0,0.0,0.0,13.70579290713217,43.858537302822945,1.1720533234938826,3.516159970481648,0.0,0.0,16.15131711219049,0.0,40.55744183263235,8.348537486575152,0.0,44.146325433728585,0.0,0.0,0.0,0.0,0.0,0.0,14.25194802868096,6.188290661360224,7.655894987806781,4.5071204969234175,1.130681758083195,0.0,52.0,7.8,45.0,45.0,0.0,0.5437975968524592,1.0,24.25758357877124,31.24879983829806,1.2306559896685767,33.69108830384894,69.72025164666549,69.72025164666549,0.0,0.0,0.0,0.0,0.0,0.0,0.0,0.0,0.0,0.0,0.0,0.0,0.0,0.0,0.04384487695588435,0.0
5,holiday_return,春节返乡日,30.0,1.25,0.25,33.55604383170575,35.73152307557666,3.5214195033300464,0.0,5.0,-5.0,0.0,70.85263869836986,0.0,0.4891489698724314,0.0,0.0,0.0,13.70579290713217,43.858537302822945,1.1738065011100154,3.5214195033300464,0.0,0.0,17.416995458421923,0.0,44.69195038191592,8.127014227246283,0.0,46.054418149982716,0.0,0.0,0.0,0.0,0.0,0.0,14.281490102384126,6.196445859167049,7.671828452098505,4.508707192346344,1.1318937836244212,0.0,52.0,7.8,45.0,45.0,0.0,0.5564451041536659,1.0,24.16035155882814,31.44374030650746,1.2324968261655163,33.55604383170575,71.34178766824229,70.85263869836986,0.4891489698724314,0.0,0.0,0.0,0.0,0.0,0.0,0.0,0.0,0.0,0.0,0.0,0.0,0.0,0.005259532848398418,0.0
5,holiday_return,春节返乡日,30.0,1.5,0.25,34.06598624629612,35.85341398806333,3.4939362931526765,0.0,5.0,-5.0,0.0,71.3534200429011,0.0,3.303345429215412,0.0,0.0,0.0,13.70579290713217,43.858537302822945,1.1646454310508922,3.4939362931526765,0.0,0.0,17.416995458421923,0.0,48.82625220577203,8.005123314759613,0.0,47.932607728163134,0.0,0.0,0.0,0.0,0.0,0.0,14.318415701958726,6.206666216575438,7.689847825099269,4.510605948421964,1.1333317474036817,0.0,52.0,7.8,45.0,45.0,0.0,0.582300962685299,1.0,24.527510097333206,31.55100430949573,1.2228777026034368,34.06598624629612,74.65676547211652,71.3534200429011,3.303345429215412,0.0,0.0,0.0,0.0,0.0,0.0,0.0,0.0,0.0,0.0,0.0,0.0,0.0,-0.027483210177369877,0.0
5,holiday_return,春节返乡日,30.0,1.75,0.25,34.06447911137858,36.06670888679635,3.335747335366945,0.0,5.0,-5.0,0.0,58.129968254535285,0.0,15.192379312753985,0.0,0.0,0.0,13.70579290713217,43.858537302822945,1.1119157784556484,3.335747335366945,0.0,0.0,4.247780457568883,0.0,49.83265875183435,7.791828416026597,0.0,49.75920067310537,0.0,0.0,0.0,0.0,0.0,0.0,14.363455796452588,6.219389040653508,7.710121950044608,4.51286839609892,1.1350303959877686,0.0,52.0,7.8,45.0,45.0,0.0,0.5718928928246295,1.0,24.52642496019258,31.73870382038079,1.1675115673784306,34.06447911137858,73.32234756728927,58.129968254535285,15.192379312753985,0.0,0.0,0.0,0.0,0.0,0.0,0.0,7.105427357601002e-15,0.0,0.0,0.0,0.0,0.0,-0.1581889577857316,0.0
5,holiday_return,春节返乡日,30.0,2.0,0.25,34.15160494967234,36.53484356226991,3.400116745935563,0.0,5.0,-5.0,0.0,54.001261191502714,0.0,19.28043806901841,0.0,0.0,0.0,13.70579290713217,43.858537302822945,1.1333722486451876,3.400116745935563,0.0,0.0,0.010491086053015783,0.0,49.83265875183435,7.323693740553033,0.0,51.473698336150164,0.0,0.0,0.0,0.0,0.0,0.0,14.417685022531453,6.235120654015534,7.732815339204139,4.515552595153539,1.137028281956513,0.0,52.0,7.8,45.0,45.0,0.0,0.57157584790562,1.0,24.589155563764084,32.150662334797524,1.1900408610774469,34.15160494967234,73.28169926052112,54.001261191502714,19.28043806901841,0.0,0.0,0.0,0.0,0.0,0.0,0.0,0.0,0.0,0.0,0.0,0.0,0.0,0.06436941056861789,0.0
5,holiday_return,春节返乡日,30.0,2.25,0.25,34.353801168746095,36.98776693876495,3.2786679466845623,0.0,5.0,-5.0,0.0,54.1629744774928,0.0,19.777936286856807,0.0,0.0,0.0,13.70579290713217,43.858537302822945,1.0928893155615207,3.2786679466845623,0.0,0.0,0.010491086053015783,0.0,49.83265875183435,6.8707703640579965,0.0,53.079769448445866,0.0,0.0,0.0,0.0,0.0,0.0,14.482621983946576,6.254441257945776,7.758084570862344,4.518723405843835,1.1393678788778467,0.0,52.0,7.8,45.0,45.0,0.0,0.5767175050731264,1.0,24.734736841497188,32.549234906113156,1.1475337813395967,34.353801168746095,73.94091076434961,54.1629744774928,19.777936286856807,0.0,0.0,0.0,0.0,0.0,0.0,0.0,0.0,0.0,0.0,0.0,0.0,0.0,-0.1214487992510005,0.0
5,holiday_return,春节返乡日,30.0,2.5,0.25,34.60588894597937,37.52778597275994,3.3568687423712853,0.0,5.0,-5.0,0.0,54.44112918662165,0.0,18.619736563250555,0.0,0.0,0.0,13.705792907132173,43.85853730282295,1.118956247457095,3.3568687423712853,0.0,0.0,0.010491086053015783,0.0,49.83265875183435,6.330751330063009,0.0,54.55678300461161,0.0,0.0,0.0,0.0,0.0,0.0,14.560327970590187,6.278008569232464,7.7860743537398776,4.522452792985491,1.1420956356627092,0.0,52.0,7.8,45.0,45.0,0.0,0.5698534110302632,1.0,24.916240041105148,33.02445165602875,1.1749040598299498,34.60588894597937,73.0608657498722,54.44112918662165,18.619736563250555,0.0,0.0,0.0,0.0,0.0,0.0,0.0,0.0,0.0,0.0,0.0,0.0,7.105427357601002e-15,0.078200795686723,0.0
5,holiday_return,春节返乡日,30.0,2.75,0.25,34.821856582587316,37.98986699770107,3.256012089146887,0.0,5.0,-5.0,0.0,54.623477938821466,0.0,16.165255773669926,0.0,0.0,0.0,13.705792907132173,43.85853730282295,1.0853373630489622,3.256012089146887,0.0,0.0,0.010491086053015783,0.0,49.83265875183435,5.868670305121881,0.0,55.923313810575756,0.0,0.0,0.0,0.0,0.0,0.0,14.653487206296482,6.306559758488298,7.816913326254436,4.526820040571981,1.145261956860199,0.0,52.0,7.8,45.0,45.0,0.0,0.5521314448514698,1.0,25.071736739462867,33.43108295797694,1.1396042312014103,34.821856582587316,70.78873371249139,54.623477938821466,16.165255773669926,0.0,0.0,0.0,0.0,0.0,0.0,0.0,0.0,0.0,0.0,0.0,0.0,0.0,-0.10085665322439841,0.0
5,holiday_return,春节返乡日,30.0,3.0,0.25,34.76141106965162,38.489760847641236,3.291449768186045,0.0,5.0,-5.0,0.0,54.57484498556549,0.0,16.60292374983659,0.0,0.0,0.0,13.705792907132173,43.85853730282295,1.0971499227286816,3.291449768186045,0.0,0.0,0.010491086053015783,0.0,49.83265875183435,5.368776455181717,0.0,57.17043656177613,0.0,0.0,0.0,0.0,0.0,0.0,14.765445313376848,6.340911176287508,7.850709677913948,4.531911853237057,1.1489210950216178,0.0,52.0,7.8,45.0,45.0,0.0,0.5551658043891035,1.0,25.028215970149166,33.87098954592429,1.1520074188651157,34.76141106965162,71.17776873540208,54.57484498556549,16.60292374983659,0.0,0.0,0.0,0.0,0.0,0.0,0.0,0.0,0.0,0.0,0.0,0.0,0.0,0.035437679039158176,0.0
5,holiday_return,春节返乡日,30.0,3.25,0.25,34.87516807150168,39.26201803422321,3.340326773336533,0.0,5.0,-5.0,0.0,54.70489432246571,0.0,14.117478561544722,0.0,0.0,0.0,13.705792907132173,43.85853730282295,1.1134422577788443,3.340326773336533,0.0,0.0,0.010491086053015783,0.0,49.83265875183435,4.596519268599742,0.0,58.23352466978768,0.0,0.0,0.0,0.0,0.0,0.0,14.900177554058681,6.381955329467879,7.88754669973797,4.5378223194723715,1.1531309412182202,0.0,52.0,7.8,45.0,45.0,0.0,0.5367944047832288,1.0,25.110121011481212,34.550575870116425,1.1691143706677865,34.87516807150168,68.82237288401043,54.70489432246571,14.117478561544722,0.0,0.0,0.0,0.0,0.0,0.0,0.0,0.0,0.0,0.0,0.0,0.0,0.0,0.048877005150488095,0.0
5,holiday_return,春节返乡日,30.0,3.5,0.25,35.182230946800026,39.77180679071162,3.468271347006536,0.0,5.0,-5.0,0.0,55.05460538898739,0.0,10.33513831040927,0.0,0.0,0.0,13.705792907132173,43.85853730282295,1.1560904490021786,3.468271347006536,0.0,0.0,0.010491086053015783,0.0,49.83265875183435,4.08673051211133,0.0,59.17500640407923,0.0,0.0,0.0,0.0,0.0,0.0,15.062156496937494,6.4306545693559425,7.927478388994633,4.54465271070702,1.1579527002175556,0.0,52.0,7.8,45.0,45.0,0.0,0.5100208998489869,1.0,25.331206281696016,34.999189975826226,1.2138949714522875,35.182230946800026,65.38974369939666,55.05460538898739,10.33513831040927,0.0,0.0,0.0,0.0,0.0,0.0,0.0,0.0,0.0,0.0,0.0,0.0,0.0,0.1279445736700029,0.0
5,holiday_return,春节返乡日,30.0,3.75,0.25,35.50860108715578,40.74472907442868,3.5260456086661134,0.0,5.0,-5.0,0.0,55.40023361656301,0.0,6.28750657214087,0.0,0.0,0.0,13.705792907132173,43.85853730282295,1.1753485362220377,3.5260456086661134,0.0,0.0,0.010491086053015783,0.0,49.83265875183435,3.1138082283942694,0.0,59.88494835512083,0.0,0.0,0.0,0.0,0.0,0.0,15.256092170785712,6.488030982312265,7.970525249701544,4.552511090274011,1.1634504377779933,0.0,52.0,7.8,45.0,45.0,0.0,0.4811463538582972,1.0,25.56619278275216,35.85536158549724,1.2341159630331395,35.50860108715578,61.68774018870388,55.40023361656301,6.28750657214087,0.0,0.0,0.0,0.0,0.0,0.0,0.0,0.0,0.0,0.0,0.0,0.0,0.0,0.05777426165957733,0.0
5,holiday_return,春节返乡日,30.0,4.0,0.25,35.93853827799786,41.40362114915331,3.5129866483841146,0.0,5.0,-5.0,0.0,55.82581782064442,0.0,5.0064091105007975,0.0,0.0,0.0,13.705792907132173,43.85853730282295,1.1709955494613715,3.5129866483841146,0.0,0.0,0.010491086053015783,0.0,49.83265875183435,2.454916153669643,0.0,60.438048467439806,0.0,0.0,0.0,0.0,0.0,0.0,15.486528306613321,6.555152036159702,8.01667044319007,4.56151170707277,1.1696904890714896,0.0,52.0,7.8,45.0,45.0,0.0,0.4744736003534255,1.0,25.875747560158455,36.43518661125491,1.22954532693444,35.93853827799786,60.832226931145215,55.82581782064442,5.0064091105007975,0.0,0.0,0.0,0.0,0.0,0.0,0.0,0.0,0.0,0.0,0.0,0.0,0.0,-0.013058960281998822,0.0
5,holiday_return,春节返乡日,30.0,4.25,0.25,36.376592858544655,42.12915810554625,3.4557077037017336,0.0,5.0,-5.0,0.0,56.24477941963042,0.0,1.491157666232894,0.0,0.0,0.0,13.705792907132173,43.85853730282295,1.1519025679005779,3.4557077037017336,0.0,0.0,0.010491086053015783,0.0,49.83265875183435,1.7293791972766996,0.0,60.8185570025593,0.0,0.0,0.0,0.0,0.0,0.0,15.757296762825213,6.633111637996388,8.06585645147619,4.57177415051892,1.1767407194379296,0.0,52.0,7.8,45.0,45.0,0.0,0.45032344401784524,1.0,26.191146858152152,37.0736591328807,1.2094976962956068,36.376592858544655,57.73593708586331,56.24477941963042,1.491157666232894,0.0,0.0,0.0,0.0,0.0,0.0,0.0,0.0,0.0,0.0,0.0,0.0,0.0,-0.05727894468238093,0.0
5,holiday_return,春节返乡日,30.0,4.5,0.25,36.83448590596004,43.159378622446916,3.5088888582384383,0.0,5.0,-5.0,0.0,56.72039951855804,0.0,1.4782329196394954,0.0,0.0,0.0,13.705792907132173,43.85853730282295,1.1696296194128128,3.5088888582384383,0.0,0.0,0.010491086053015783,0.0,49.83265875183435,0.699158680376037,0.0,60.95419791064734,0.0,0.0,0.0,0.0,0.0,0.0,16.070857874378383,6.7230064022510145,8.117982419158102,4.583422246266781,1.1846696315386707,0.0,52.0,7.8,45.0,45.0,0.0,0.45393233260805427,1.0,26.520829852291225,37.980253187753284,1.2281111003834533,36.83448590596004,58.198632438197535,56.72039951855804,1.4782329196394954,0.0,0.0,0.0,0.0,0.0,0.0,0.0,7.105427357601002e-15,0.0,0.0,0.0,0.0,0.0,0.05318115453670469,0.0
5,holiday_return,春节返乡日,30.0,4.75,0.25,37.51507281687095,44.03817039101838,3.5182314382444204,0.0,5.0,-5.0,0.0,57.50033740885919,0.0,1.993251727649728,0.0,0.0,0.0,13.802029693187091,44.166495018198695,1.1727438127481402,3.5182314382444204,0.0,0.0,0.010491086053015783,0.0,49.83265875183435,0.12832462718030888,0.0,60.95419791064734,0.0,0.0,0.0,0.0,0.0,0.0,16.4275843577387,6.825907113107909,8.172902336108878,4.596582676284135,1.1935453165170355,0.0,52.0,7.8,45.0,45.0,0.0,0.464032616584918,1.0,27.010852428147082,38.75358994409618,1.231381003385547,37.51507281687095,59.493589136508916,57.50033740885919,1.993251727649728,0.0,0.0,0.0,0.0,0.0,0.0,0.0,-7.105427357601002e-15,0.0,0.0,0.0,0.0,0.3079577153757427,0.009342580005982093,0.0
5,holiday_return,春节返乡日,30.0,5.0,0.25,38.41199678766314,45.16614706089473,3.4984228599878375,0.0,5.0,-5.0,0.0,58.691036220016564,0.0,1.333830261866332,0.0,0.0,0.0,14.102407392971127,45.12770365750761,1.1661409533292793,3.4984228599878375,0.0,0.0,0.010491086053015783,0.0,49.83265875183435,0.0,0.038443403387120156,60.913604126590144,0.0,0.0,0.0,0.0,0.0,0.0,16.825075489963734,6.9428255904686855,8.230424212552332,4.611383312205518,1.203434250966751,0.0,52.0,7.8,45.0,45.0,0.0,0.46817642468734244,1.0,27.65663768711746,39.746209413587366,1.224448000995743,38.41199678766314,60.024866481882896,58.691036220016564,1.333830261866332,0.0,0.0,0.0,0.0,0.0,0.0,0.0,-7.105427357601002e-15,0.0,0.0,0.0,0.0,0.9612086393089143,-0.019808578256582887,0.0
5,holiday_return,春节返乡日,30.0,5.25,0.25,38.95494687211559,46.046447756591206,3.4720386168845847,0.0,5.0,-5.0,0.0,59.22519155676793,0.0,0.9304077937307369,0.0,0.0,0.0,14.102407392971127,45.12770365750761,1.157346205628195,3.4720386168845847,0.0,0.0,0.010491086053015783,0.0,49.83265875183435,0.0,0.9187440990835967,60.64137256161011,0.0,0.0,0.0,0.0,0.0,0.0,17.25760994550442,7.074677428247333,8.290310379633805,4.6279512574984665,1.2143999463019854,0.0,52.0,7.8,45.0,45.0,0.0,0.4691961028741507,1.0,28.047561747923226,40.52087402580026,1.2152135159096045,38.95494687211559,60.15559935049867,59.22519155676793,0.9304077937307369,0.0,0.0,0.0,0.0,0.0,0.0,0.0,0.0,0.0,0.0,0.0,0.0,0.0,-0.026384243103252825,0.0
5,holiday_return,春节返乡日,30.0,5.5,0.25,39.677275364647016,46.756977160446866,3.3634050199916143,0.0,5.0,-5.0,0.0,59.911308850335026,0.0,0.6803553652105521,0.0,0.0,0.0,14.102407392971127,45.12770365750761,1.1211350066638714,3.3634050199916143,0.0,0.0,0.010491086053015783,0.0,49.83265875183435,0.0,1.629273502939256,60.18229569034529,0.0,0.0,0.0,0.0,0.0,0.0,17.715852961152066,7.222241359565747,8.352279022052926,4.646410601804602,1.2265014624274597,0.0,52.0,7.8,45.0,45.0,0.0,0.47259728144255364,1.0,28.567638262545852,41.146139901193244,1.177191756997065,39.677275364647016,60.59166421554558,59.911308850335026,0.6803553652105521,0.0,0.0,0.0,0.0,0.0,0.0,0.0,-7.105427357601002e-15,0.0,0.0,0.0,0.0,0.0,-0.10863359689297036,0.0
5,holiday_return,春节返乡日,30.0,5.75,0.25,40.16259907466876,47.62878253291188,3.4654440210956676,0.0,5.0,-5.0,0.0,59.12027662934126,0.0,0.0,0.0,0.0,0.0,14.102407392971127,45.12770365750761,1.1551480070318891,3.4654440210956676,0.0,0.0,0.0,1.299877845330517,49.48809400170452,0.0,2.501078875404268,59.494025891077946,0.0,0.0,0.0,0.0,0.0,0.0,18.18692082740795,7.386116303571432,8.416007014798572,4.666879899763706,1.2397918033022686,0.0,52.0,7.8,45.0,45.0,0.0,0.461120888077374,1.0,28.91707133376151,41.913328628962454,1.2129054073834835,40.16259907466876,59.12027662934126,59.12027662934126,0.0,0.0,0.0,0.0,0.0,0.0,0.0,0.0,-7.105427357601002e-15,0.0,0.0,0.0,0.0,0.0,0.10203900110405328,0.0
5,holiday_return,春节返乡日,30.0,6.0,0.25,40.772098900088025,48.11043753337233,3.5069515504162294,0.0,5.0,-5.0,0.0,56.529112427056596,0.0,0.0,0.0,0.0,0.0,14.102407392971127,45.12770365750761,1.168983850138743,3.5069515504162294,0.0,0.0,0.0,4.514377716141301,48.29762546117777,0.0,2.9827338758647173,58.67934891079959,0.0,0.0,0.0,0.0,0.0,0.0,18.654870698030386,7.566677448286375,8.481134094012406,4.6894693965312575,1.2543162179203147,0.0,52.0,7.8,45.0,45.0,0.0,0.44091056420485664,1.0,29.355911208063375,42.337185029367646,1.2274330426456803,40.772098900088025,56.529112427056596,56.529112427056596,0.0,0.0,0.0,0.0,0.0,0.0,0.0,0.0,0.0,0.0,0.0,0.0,0.0,0.0,0.04150752932056179,0.0
5,holiday_return,春节返乡日,30.0,6.25,0.25,41.59399164487001,48.87532527405701,3.561590102610363,0.0,5.0,-5.0,0.0,58.84121086305026,0.0,0.0,0.0,0.0,0.0,14.102407392971127,45.12770365750761,1.187196700870121,3.561590102610363,0.0,0.0,0.0,3.0423848756609964,47.494582981046555,0.0,3.7476216165494023,57.66379302146277,0.0,0.0,0.0,0.0,0.0,0.0,19.101628614312148,7.764033005644941,8.547268343447353,4.714278032830902,1.270110436205285,0.0,52.0,7.8,45.0,45.0,0.0,0.45894425661824045,1.0,29.947673984306405,43.01028624117017,1.246556535913627,41.59399164487001,58.84121086305026,58.84121086305026,0.0,0.0,0.0,0.0,0.0,0.0,0.0,0.0,-7.105427357601002e-15,0.0,0.0,0.0,0.0,0.0,0.054638552194133716,0.0
5,holiday_return,春节返乡日,30.0,6.5,0.25,42.20419616553493,49.31765630118919,3.6237778943899186,0.0,5.0,-5.0,0.0,58.997568088797664,0.0,0.0,0.0,0.0,0.0,14.102407392971127,45.12770365750761,1.2079259647966396,3.6237778943899186,0.0,0.0,0.0,3.5169614345050313,46.566692084922494,0.0,4.189952643681579,56.53234200819373,0.0,0.0,0.0,0.0,0.0,0.0,19.508300797980567,7.977983519345744,8.613992924287187,4.741390273451254,1.2871988751224155,0.0,52.0,7.8,45.0,45.0,0.0,0.46016379730554124,1.0,30.38702123918515,43.399537545046485,1.2683222630364714,42.20419616553493,58.997568088797664,58.997568088797664,0.0,0.0,0.0,0.0,0.0,0.0,0.0,0.0,0.0,0.0,0.0,0.0,0.0,0.0,0.06218779177955547,0.0
5,holiday_return,春节返乡日,30.0,6.75,0.25,42.56238821757537,49.5470852237989,3.6789644037467686,0.0,5.0,-5.0,0.0,60.755452553249256,0.0,0.0,0.0,0.0,0.0,14.102407392971127,45.12770365750761,1.2263214679155896,3.6789644037467686,0.0,0.0,0.0,2.135664525212828,46.002346769999086,0.0,4.4193815662912925,55.34108068816561,0.0,0.0,0.0,0.0,0.0,0.0,19.85674429360435,8.207985793114666,8.68087391911847,4.7708728142498655,1.3055928557041865,0.0,52.0,7.8,45.0,45.0,0.0,0.4738747826324103,1.0,30.644919516654262,43.601434996943034,1.287637541311369,42.56238821757537,60.755452553249256,60.755452553249256,0.0,0.0,0.0,0.0,0.0,0.0,0.0,0.0,0.0,0.0,0.0,0.0,0.0,0.0,0.05518650935684999,0.0
5,holiday_return,春节返乡日,30.0,7.0,0.25,43.135579652182884,49.678320622586526,3.769265194753665,0.0,5.0,-5.0,0.4384726469964093,62.58016954699414,1.7208456881689926e-15,0.0,0.0,0.0,0.0,14.102407392971127,45.12770365750761,1.256421731584555,3.769265194753665,0.0,0.0,0.0,0.47576658274801176,45.87484492035848,0.0,4.550616965078916,54.1158793675376,0.0,0.0,0.0,0.0,0.0,0.0,20.13121670033314,8.453123616580214,8.747469102891415,4.802771233561842,1.3252888764197575,0.0,88.0,13.2,45.0,45.0,0.013236620767073657,0.4881070421653084,1.0,31.057617349571675,43.71692214787614,1.3192428181637827,43.135579652182884,63.01864219399055,63.01864219399055,1.7208456881689926e-15,0.0,0.0,0.0,0.0,0.0,0.0,0.0,0.0,0.0,0.0,0.0,0.0,0.0,0.09030079100689647,0.0
5,holiday_return,春节返乡日,30.0,7.25,0.25,43.653302730328726,49.427393216602226,3.9547130078154376,0.0,5.0,-5.0,1.3284346370051594,66.48420598127845,-5.551115123125783e-15,0.0,0.0,0.0,0.0,14.102407392971127,45.12770365750761,1.3182376692718125,3.9547130078154376,0.0,0.0,3.738692825711947,0.0,46.760490724219046,0.0,4.299689559094617,52.95732417546051,0.0,0.0,0.0,0.0,0.0,0.0,20.319893880446465,8.712087480019807,8.813337397434944,4.837106663981148,1.3462669921308321,0.0,88.0,13.2,45.0,45.0,0.04010281057287093,0.5185573859441491,1.0,31.43037796583668,43.49610603060996,1.384149552735403,43.653302730328726,67.81264061828361,67.81264061828361,-5.551115123125783e-15,0.0,0.0,0.0,0.0,0.0,0.0,0.0,-7.105427357601002e-15,0.0,0.0,0.0,0.0,0.0,0.1854478130617725,0.0
5,holiday_return,春节返乡日,30.0,7.5,0.25,44.11727535832173,49.09586448636901,4.08120999489733,0.0,5.0,-5.0,2.364511031274162,68.3087721920728,-6.217248937900877e-15,0.0,0.0,0.0,0.0,14.102407392971127,45.12770365750761,1.3604033316324433,4.08120999489733,0.0,0.0,6.093197140421662,0.0,48.205287020532985,0.0,3.9681608288614,51.88659266367242,0.0,0.0,0.0,0.0,0.0,0.0,20.41604788860703,8.983165372675376,8.878048714443327,4.87387256931688,1.3684893505187623,0.0,88.0,13.2,45.0,45.0,0.07137990484682256,0.5327884694140783,1.0,31.764438257991642,43.20436074800473,1.4284234982140656,44.11727535832173,70.67328322334696,70.67328322334696,-6.217248937900877e-15,0.0,0.0,0.0,0.0,0.0,0.0,0.0,-7.105427357601002e-15,0.0,0.0,0.0,0.0,0.0,0.1264969870818926,0.0
5,holiday_return,春节返乡日,30.0,7.75,0.25,44.56705852101984,48.76157109020138,4.2084558194734445,0.0,5.0,-5.0,2.2824688389062686,69.65205566327013,1.1032863862170919,0.0,0.0,0.0,0.0,14.102407392971127,45.12770365750761,1.402818606491148,4.2084558194734445,0.0,0.0,6.86223998169429,0.0,49.83265875183435,0.0,3.633867432693769,50.90436846400012,0.0,0.0,0.0,0.0,0.0,0.0,20.418716999184813,9.26424654156453,8.941193847923186,4.91303171864422,1.391898939106604,0.0,88.0,13.2,45.0,45.0,0.10220924436698749,0.5432656881027128,1.0,32.088282135134286,42.91018255937721,1.4729595368157056,44.56705852101984,73.0378108883935,71.9345245021764,1.1032863862170919,0.0,0.0,0.0,0.0,0.0,0.0,0.0,0.0,0.0,0.0,0.0,0.0,0.0,0.12724582457611433,0.0
5,holiday_return,春节返乡日,30.0,8.0,0.25,44.92594054533344,48.174151460626994,4.262358649719252,0.0,5.0,-5.0,0.0,65.45962524093068,4.894852197708208,6.044838472477906,0.0,0.0,0.0,14.102407392971127,45.12770365750761,1.4207862165730838,4.262358649719252,0.0,0.0,0.010491086053015783,0.0,49.83265875183435,0.0,3.046447803119385,50.07721948947355,0.0,0.0,0.0,0.0,0.0,0.0,20.332770017957245,9.552839743837302,9.002394043980377,4.95451345430169,1.4164185956342732,0.0,88.0,13.2,45.0,45.0,0.14776589302837612,0.5577139297866428,1.0,32.34667719264007,42.393253285351754,1.491825527401738,44.92594054533344,76.39931591111679,65.45962524093068,10.939690670186113,0.0,0.0,0.0,0.0,0.0,0.0,0.0,1.4210854715202004e-14,0.0,0.0,0.0,0.0,0.0,0.05390283024580711,0.0
5,holiday_return,春节返乡日,30.0,8.25,0.25,45.34617677080739,47.45073931459577,4.3810331995710605,0.0,5.0,-5.0,0.0,65.91941964968856,6.556652613795032,5.996468477025644,0.0,0.0,0.0,14.102407392971127,45.12770365750761,1.4603443998570202,4.3810331995710605,0.0,0.0,0.010491086053015783,0.0,49.83265875183435,0.0,2.3230356570881625,49.44085570681088,0.0,0.0,0.0,0.0,0.0,0.0,20.168355658107767,9.846107057534763,9.061309856468025,4.998211352998994,1.4419503324173917,0.0,88.0,13.2,45.0,45.0,0.19793235620227292,0.5609229200291892,1.0,32.64924727498132,41.75665059684428,1.5333616198498712,45.34617677080739,78.47254074050925,65.91941964968856,12.553121090820676,0.0,0.0,0.0,0.0,0.0,0.0,0.0,1.4210854715202004e-14,0.0,0.0,0.0,0.0,0.0,0.11867454985180892,0.0
5,holiday_return,春节返乡日,30.0,8.5,0.25,45.68899937291842,46.40866044421703,4.463062844479962,0.0,5.0,-5.0,0.0,66.28958546676922,7.9600500596200785,2.5883538030121542,0.0,0.0,0.0,14.102407392971127,45.12770365750761,1.487687614826654,4.463062844479962,0.0,0.0,0.010491086053015783,0.0,49.83265875183435,0.0,1.2809567867094174,49.079041387718156,0.0,0.0,0.0,0.0,0.0,0.0,19.93981810282523,10.140913732205318,9.117648893981904,5.0439813785173095,1.4683750213287108,0.0,88.0,13.2,45.0,45.0,0.2402981455009107,0.5372278063607382,1.0,32.89607954850126,40.83962119091098,1.5620719955679867,45.68899937291842,76.83798932940145,66.28958546676922,10.548403862632233,0.0,0.0,0.0,0.0,0.0,0.0,0.0,1.4210854715202004e-14,0.0,0.0,0.0,0.0,0.0,0.08202964490890174,0.0
5,holiday_return,春节返乡日,30.0,8.75,0.25,45.89873467233848,45.575217357220154,4.6508053023497675,0.0,5.0,-5.0,0.30605480764282333,66.2558467778364,9.35414604508197,0.0,0.0,0.0,0.0,14.102407392971127,45.12770365750761,1.550268434116589,4.6508053023497675,0.0,0.0,0.010491086053015783,0.0,49.83265875183435,0.0,0.4475136997125446,48.93673510394205,0.0,0.0,0.0,0.0,0.0,0.0,19.664235034407675,10.433893878910636,9.171172078992457,5.0916406205124645,1.4955524801487288,0.0,88.0,13.2,45.0,45.0,0.2916223305996241,0.516776250863337,1.0,33.047088964083706,40.10619127435373,1.6277818558224186,45.89873467233848,75.9160476305612,66.56190158547922,9.35414604508197,0.0,0.0,0.0,0.0,0.0,0.0,0.0,1.4210854715202004e-14,0.0,0.0,0.0,0.0,0.0,0.18774245786980526,0.0
5,holiday_return,春节返乡日,30.0,9.0,0.25,46.03015538071711,44.514984789479314,4.756056918485088,0.0,5.0,-5.0,0.04511189355200429,66.68329427235095,11.44464109688815,0.0,0.0,0.0,0.0,14.102407392971127,45.12770365750761,1.585352306161696,4.756056918485088,0.0,0.0,0.010491086053015783,0.0,49.83265875183435,0.6127188680282956,0.0,49.0577874675468,0.0,0.0,0.0,0.0,0.0,0.0,19.359780905837553,10.721531042776878,9.221698074809092,5.14096670648026,1.5233219932765087,0.0,88.0,13.2,45.0,45.0,0.34685288599781605,0.5201102164588087,1.0,33.14171187411632,39.173186614741795,1.6646199214697808,46.03015538071711,78.1730472627911,66.72840616590295,11.44464109688815,0.0,0.0,0.0,0.0,0.0,0.0,0.0,7.105427357601002e-15,0.0,0.0,0.0,0.0,0.0,0.10525161613532052,0.0
5,holiday_return,春节返乡日,30.0,9.25,0.25,46.454664786262256,43.427424129164166,4.814240441087901,0.0,5.0,-5.0,2.8854214830790994,64.28688859590328,9.860140954107758,0.0,0.0,0.0,0.0,14.102407392971127,45.12770365750761,1.604746813695967,4.814240441087901,0.0,0.0,0.010491086053015783,0.0,49.83265875183435,1.7002795283434438,0.0,49.4370749617946,0.0,0.0,0.0,0.0,0.0,0.0,19.044128977220062,11.000251901253675,9.269105590922573,5.191697962944294,1.5515032902890038,0.0,88.0,13.2,45.0,45.0,0.3847632859193663,0.5014189521968824,1.0,33.447358646108825,38.216133233664465,1.6849841543807653,46.454664786262256,77.03245103309014,67.17231007898238,9.860140954107758,0.0,0.0,0.0,0.0,0.0,0.0,0.0,1.4210854715202004e-14,0.0,0.0,0.0,0.0,0.0,0.05818352260281312,0.0
5,holiday_return,春节返乡日,30.0,9.5,0.25,46.72048890428404,42.33083300326939,4.946370305376501,0.0,5.0,-5.0,4.816590679205021,62.66558680589533,9.396121984391206,0.0,0.0,0.0,0.0,14.102407392971127,45.12770365750761,1.648790101792167,4.946370305376501,0.0,0.0,0.010491086053015783,0.0,49.83265875183435,2.7968706542382193,0.0,50.076613204695285,0.0,0.0,0.0,0.0,0.0,0.0,18.733081198814524,11.266530524197947,9.313333351339375,5.2435343874494835,1.579897994784475,0.0,88.0,13.2,45.0,45.0,0.4290536453940955,0.4887732718334914,1.0,33.638752011084506,37.251133042877065,1.7312296068817752,46.72048890428404,76.87829946949155,67.48217748510035,9.396121984391206,0.0,0.0,0.0,0.0,0.0,0.0,0.0,7.105427357601002e-15,0.0,0.0,0.0,0.0,0.0,0.13212986428859974,0.0
5,holiday_return,春节返乡日,30.0,9.75,0.25,46.72447275998074,41.369842080177555,5.150614405943767,0.0,5.0,-5.0,4.9663856426060775,62.58785706504674,11.066938479938205,0.0,0.0,0.0,0.0,14.102407392971127,45.12770365750761,1.7168714686479223,5.150614405943767,0.0,0.0,0.010491086053015783,0.0,49.83265875183435,3.757861577330054,0.0,50.94406702270882,0.0,0.0,0.0,0.0,0.0,0.0,18.439562952564007,11.516999858690712,9.35437760192237,5.29613947520614,1.6082915436188965,0.0,88.0,13.2,45.0,45.0,0.48401429940835,0.48816700256051687,1.0,33.64162038718613,36.405461030556246,1.8027150420803182,46.72447275998074,78.62118118759102,67.55424270765282,11.066938479938205,0.0,0.0,0.0,0.0,0.0,0.0,0.0,1.4210854715202004e-14,0.0,0.0,0.0,0.0,0.0,0.20424410056726572,0.0
5,holiday_return,春节返乡日,30.0,10.0,0.25,46.74461181243801,40.261680502552586,5.213746460249064,0.0,5.0,-5.0,6.289034318471359,61.30639145974049,11.037269311494612,0.0,0.0,0.0,0.0,14.102407392971127,45.12770365750761,1.737915486749688,5.213746460249064,0.0,0.0,0.010491086053015783,0.0,49.83265875183435,4.866023154955023,0.0,52.07427548849929,0.0,0.0,0.0,0.0,0.0,0.0,18.17305224777479,11.748566405634284,9.392287138407003,5.349142923597687,1.636455563392761,0.0,88.0,13.2,45.0,45.0,0.5230467898420775,0.4781719451682082,1.0,33.65612050495537,35.430278842246274,1.8248112610871723,46.74461181243801,78.63269508970646,67.59542577821185,11.037269311494612,0.0,0.0,0.0,0.0,0.0,0.0,0.0,1.4210854715202004e-14,0.0,0.0,0.0,0.0,0.0,0.06313205430529756,0.0
5,holiday_return,春节返乡日,30.0,10.25,0.25,46.848258822425564,39.33452217748477,5.409450785786169,0.0,5.0,-5.0,10.35101820262846,57.41328936074998,8.307511805013139,0.0,0.0,0.0,0.0,14.102407392971127,45.12770365750761,1.803150261928723,5.409450785786169,0.0,0.0,0.010491086053015783,0.0,49.83265875183435,5.793181480022838,0.0,53.424118952260464,0.0,0.0,0.0,0.0,0.0,0.0,17.939444049526898,11.958523480860528,9.427155952443664,5.402144214755273,1.664150677281882,0.0,88.0,13.2,45.0,45.0,0.5632640655558095,0.44780688601062907,1.0,33.730746352146404,34.6143795161866,1.893307775025159,46.848258822425564,76.07181936839157,67.76430756337844,8.307511805013139,0.0,0.0,0.0,0.0,0.0,0.0,0.0,1.4210854715202004e-14,0.0,0.0,0.0,0.0,0.0,0.19570432553710493,0.0
5,holiday_return,春节返乡日,30.0,10.5,0.25,46.78864716056742,38.49999028519533,5.5889904909922254,0.0,5.0,-5.0,11.344619381886716,56.4199230880356,8.510907140574496,0.0,0.0,0.0,0.0,14.102407392971127,45.12770365750761,1.8629968303307418,5.5889904909922254,0.0,0.0,0.010491086053015783,0.0,49.83265875183435,6.627713372312279,0.0,54.97148881870851,0.0,0.0,0.0,0.0,0.0,0.0,17.74129225190997,12.144658043494845,9.459113713468598,5.454717051666488,1.6911297014917557,0.0,88.0,13.2,45.0,45.0,0.5993990195482891,0.44005891925580454,1.0,33.687825955608545,33.87999145097189,1.9561466718472789,46.78864716056742,76.27544961049682,67.76454246992232,8.510907140574496,0.0,0.0,0.0,0.0,0.0,0.0,0.0,1.4210854715202004e-14,0.0,0.0,0.0,0.0,0.0,0.17953970520605633,0.0
5,holiday_return,春节返乡日,30.0,10.75,0.25,46.72242244072376,37.82539189146889,5.881681389879488,0.0,5.0,-5.0,13.983759491912778,53.8121218911283,6.813859465530005,0.0,0.0,0.0,0.0,14.102407392971127,45.12770365750761,1.9605604632931628,5.881681389879488,0.0,0.0,0.010491086053015783,0.0,49.83265875183435,7.30231176603872,0.0,56.67830211873335,0.0,0.0,0.0,0.0,0.0,0.0,17.578332687151633,12.305345867838907,9.488314423350637,5.506414597592846,1.717141177245591,0.0,88.0,13.2,45.0,45.0,0.6278389242374456,0.41971883168506524,1.0,33.64014415732111,33.28634486449263,2.0585884864578206,46.72242244072376,74.60974084857108,67.79588138304108,6.813859465530005,0.0,0.0,0.0,0.0,0.0,0.0,0.0,1.4210854715202004e-14,0.0,0.0,0.0,0.0,0.0,0.29269089888726274,0.0
5,holiday_return,春节返乡日,30.0,11.0,0.25,46.5961507881338,36.987156740404,6.142839340838049,0.0,5.0,-5.0,18.577235875890686,49.17942650487995,2.5964880072040195,0.0,0.0,0.0,0.0,14.102407392971127,45.12770365750761,2.047613113612683,6.142839340838049,0.0,0.0,0.010491086053015783,0.0,49.83265875183435,8.140546917103613,0.0,58.5833428604861,0.0,0.0,0.0,0.0,0.0,0.0,17.448173727181484,12.439629865366225,9.514923691987583,5.55677544278461,1.7419331717989983,0.0,70.0,10.5,45.0,45.0,0.6391927870236086,0.38358516092956363,1.0,33.54922856745633,32.548697931555516,2.149993769293317,46.5961507881338,70.35315038797465,67.75666238077063,2.5964880072040195,0.0,0.0,0.0,0.0,0.0,0.0,0.0,1.4210854715202004e-14,0.0,0.0,0.0,0.0,0.0,0.26115795095856065,0.0
5,holiday_return,春节返乡日,30.0,11.25,0.25,46.697327438803896,36.26511590288973,6.369234095777654,0.0,5.0,-5.0,19.636470603549228,48.29683334620471,2.0731642057404045,0.0,0.0,0.0,0.0,14.102407392971127,45.12770365750761,2.1230780319258846,6.369234095777654,0.0,0.0,0.010491086053015783,0.0,49.83265875183435,8.862587754617776,0.0,60.65891578077759,0.0,0.0,0.0,0.0,0.0,0.0,17.34704490418143,12.547276655744007,9.539105178547624,5.605330197525103,1.7652572710088608,0.0,70.0,10.5,45.0,45.0,0.6553708764519133,0.376701192106296,1.0,33.6220757559388,31.913301994542966,2.2292319335221786,46.697327438803896,70.00646815549433,67.93330394975393,2.0731642057404045,0.0,0.0,0.0,0.0,0.0,0.0,0.0,1.4210854715202004e-14,9.947598300641403e-14,0.0,0.0,0.0,0.0,0.22639475493960504,0.0
5,holiday_return,春节返乡日,30.0,11.5,0.25,46.844066992631426,35.58801605108061,6.8273060230657485,0.0,5.0,-5.0,21.902896240052307,43.777121828634456,-3.552713678800501e-15,0.0,0.0,0.0,0.0,11.549691315647074,36.95901221007064,2.2757686743552497,6.8273060230657485,0.0,0.0,0.010491086053015783,0.0,49.83265875183435,1.3709961589900317,0.0,60.95419791064734,0.0,0.0,0.0,0.0,0.0,0.0,17.2705134096905,12.62880705491075,9.561006818315848,5.6516085873581305,1.7868726769384464,0.0,70.0,10.5,45.0,45.0,0.6612050562700411,0.3414487625227514,1.0,33.727728234694624,31.317454124950935,2.389557108073012,46.844066992631426,65.68001806868676,65.68001806868676,-3.552713678800501e-15,0.0,0.0,0.0,0.0,0.0,0.0,0.0,0.0,0.0,0.0,0.0,0.0,-8.16869144743697,0.45807192728809465,0.0
5,holiday_return,春节返乡日,30.0,11.75,0.25,46.639492542245875,35.20640333880808,7.069734580470442,0.0,0.6005169838452225,-0.6005169838452225,22.557468921267564,37.032197076994215,-3.552713678800501e-15,0.0,0.0,0.0,0.0,10.65307095374707,34.089827051990625,2.3565781934901473,7.069734580470442,0.0,0.0,0.0,0.6599926750665404,49.656484835984514,0.0,1.1165762868174554,60.629884946740056,0.0,0.0,0.0,0.0,0.0,0.0,17.214106415837282,12.685496996457504,9.580747503239655,5.695146905883207,1.8065503172708026,0.0,70.0,10.5,45.0,45.0,0.6809653090590911,0.28884031972078034,1.0,33.58043463041703,30.98163493815111,2.4744071031646544,46.639492542245875,59.58966599826178,59.58966599826178,-3.552713678800501e-15,0.0,0.0,0.0,0.0,0.0,0.0,0.0,0.0,0.0,0.0,4.399483016154777,0.0,-2.8691851580800147,0.24242855740469338,0.0
5,holiday_return,春节返乡日,30.0,12.0,0.25,46.46212702448516,34.704137382124244,7.225327606705329,0.0,0.6005169838452225,-0.6005169838452225,23.290022139748977,32.63744363315989,0.0,0.0,0.0,0.0,0.0,10.653070953747072,34.08982705199063,2.408442535568443,7.225327606705329,0.0,0.0,0.0,4.196691724737031,48.54960945260139,0.0,0.6143103301336126,60.43790939107363,0.0,0.0,0.0,0.0,0.0,0.0,17.173806992595992,12.719346517740412,9.598404900513795,5.735495663618433,1.8240768692696459,0.0,70.0,10.5,45.0,45.0,0.7030796398187408,0.2545625266108572,1.0,33.45273145762932,30.539640896269336,2.528864662346865,46.46212702448516,55.92746577290887,55.92746577290887,0.0,0.0,0.0,0.0,0.0,0.0,0.0,0.0,7.105427357601002e-15,0.0,0.0,0.0,0.0,7.105427357601002e-15,0.1555930262348868,0.0
5,holiday_return,春节返乡日,30.0,12.25,0.25,46.45144517844682,34.39481776371137,7.471377029261611,0.0,0.6005169838452225,-0.6005169838452225,23.708825165751435,34.00583767225602,3.552713678800501e-15,0.0,0.0,0.0,0.0,10.653070953747072,34.08982705199063,2.4904590097538706,7.471377029261611,0.0,0.0,0.0,2.480829287785527,47.89433215955361,0.0,0.3049907117207411,60.32742972276738,0.0,0.0,0.0,0.0,0.0,0.0,17.146417427617585,12.733015796101931,9.614005074678444,5.772227258905498,1.8392585999213824,0.0,70.0,10.5,45.0,45.0,0.7157224736859645,0.2652356003940511,1.0,33.445040528481705,30.267439632066008,2.614981960241564,46.45144517844682,57.714662838007456,57.714662838007456,3.552713678800501e-15,0.0,0.0,0.0,0.0,0.0,0.0,0.0,-7.105427357601002e-15,0.0,0.0,0.0,0.0,0.0,0.2460494225562826,0.0
5,holiday_return,春节返乡日,30.0,12.5,0.25,46.611059977407635,34.17807606432705,7.509279747424025,0.0,0.6005169838452225,-0.6005169838452225,23.85509467019878,33.02657040940471,3.552713678800501e-15,0.0,0.0,0.0,0.0,10.653070953747072,34.08982705199063,2.5030932491413416,7.509279747424025,0.0,0.0,0.0,3.48607608453778,46.97454899964622,0.0,0.08824901233641924,60.27404258360694,0.0,0.0,0.0,0.0,0.0,0.0,17.129802529355597,12.729728767995118,9.627514523365473,5.804943489303339,1.851924925857258,0.0,70.0,10.5,45.0,45.0,0.7201380603215732,0.257597601797695,1.0,33.559963183733494,30.076706936607806,2.6282479115984088,46.611059977407635,56.88166507960349,56.88166507960349,3.552713678800501e-15,0.0,0.0,0.0,0.0,0.0,0.0,0.0,0.0,0.0,0.0,0.0,0.0,0.0,0.03790271816241386,0.0
5,holiday_return,春节返乡日,30.0,12.75,0.25,46.560566311654874,33.93561484732791,7.782220839408136,0.0,0.6005169838452225,-0.6005169838452225,23.972855306225377,33.56384606383255,-3.552713678800501e-15,0.0,0.0,0.0,0.0,10.653070953747072,34.08982705199063,2.5940736131360453,7.782220839408136,0.0,0.0,0.0,2.8715264923252892,46.21653540579484,0.1542122046627199,0.0,60.28053096092254,0.0,0.0,0.0,0.0,0.0,0.0,17.123035728673802,12.713146542002859,9.638835145776142,5.833282719853247,1.861931601718425,0.0,70.0,10.5,45.0,45.0,0.7236930206846677,0.2617881949585727,1.0,33.523607744391505,29.863341065648562,2.7237772937928475,46.560566311654874,57.536701370057926,57.536701370057926,-3.552713678800501e-15,0.0,0.0,0.0,0.0,0.0,0.0,0.0,-7.105427357601002e-15,0.0,0.0,0.0,0.0,0.0,0.27294109198411043,0.0
5,holiday_return,春节返乡日,30.0,13.0,0.25,46.21992290165741,33.76263181615504,7.9544928286904,0.0,0.6005169838452225,-0.6005169838452225,23.55532093994448,36.92593618404591,-3.552713678800501e-15,0.0,0.0,0.0,0.0,10.653070953747072,34.08982705199063,2.651497609563467,7.9544928286904,0.0,0.0,0.3562486751772187,0.0,46.29883363937914,0.32719523583558896,0.0,60.32809956395304,0.0,0.0,0.0,0.0,0.0,0.0,17.12647301649979,12.68721454645595,9.64780253919423,5.856926528266881,1.8691634536951827,0.0,70.0,10.5,45.0,45.0,0.7110884851417107,0.2880115157956664,1.0,33.27834448919334,29.71111599821644,2.78407249004164,46.21992290165741,60.48125712399039,60.48125712399039,-3.552713678800501e-15,0.0,0.0,0.0,0.0,0.0,0.0,0.0,0.0,0.0,0.0,0.0,0.0,0.0,0.1722719892822644,0.0
5,holiday_return,春节返乡日,30.0,13.25,0.25,46.33852118047744,33.55417070850329,7.828319242805456,0.0,0.6005169838452225,-0.6005169838452225,22.66563011806496,40.63683020999132,0.0,0.0,0.0,0.0,0.0,10.653070953747072,34.08982705199063,2.6094397476018187,7.828319242805456,0.0,0.0,3.100911462384721,0.0,47.032985170013546,0.5356563434873394,0.0,60.42515389574931,0.0,0.0,0.0,0.0,0.0,0.0,17.141775691102367,12.655989039888075,9.654187867515674,5.87560565654106,1.8735365858306066,0.0,70.0,10.5,45.0,45.0,0.684230481364655,0.31695540520831705,1.0,33.36373524994376,29.527670223482897,2.7399117349819093,46.33852118047744,63.30246032805628,63.30246032805628,0.0,0.0,0.0,0.0,0.0,0.0,0.0,0.0,7.105427357601002e-15,0.0,0.0,0.0,0.0,0.0,-0.12617358588494376,0.0
5,holiday_return,春节返乡日,30.0,13.5,0.25,46.835707254945696,33.605486259388776,8.090526329078632,0.0,0.6005169838452225,-0.6005169838452225,21.83310529041775,40.450394673226526,3.552713678800501e-15,0.0,0.0,0.0,0.0,10.653070953747072,34.08982705199063,2.696842109692877,8.090526329078632,0.0,0.0,1.4973626614134035,0.0,47.38625715284073,0.4843407926018557,0.0,60.50997225704438,0.0,0.0,0.0,0.0,0.0,0.0,17.171894826373606,12.623450153528635,9.657703374097466,5.889105113564341,1.875,0.0,70.0,10.5,45.0,45.0,0.659098205729615,0.3155012624812599,1.0,33.7217092235609,29.572827908262123,2.831684215177521,46.835707254945696,62.283499963644275,62.283499963644275,3.552713678800501e-15,0.0,0.0,0.0,0.0,0.0,0.0,0.0,-7.105427357601002e-15,0.0,0.0,0.0,0.0,0.0,0.26220708627317535,0.0
5,holiday_return,春节返乡日,30.0,13.75,0.25,47.18793226084407,33.56589101926983,8.212615201483581,0.0,0.6005169838452225,-0.6005169838452225,20.68341939531333,40.58770087623795,-3.552713678800501e-15,0.0,0.0,0.0,0.0,10.653070953747072,34.08982705199063,2.737538400494527,8.212615201483581,0.0,0.0,0.09206167262038778,0.0,47.40575248723043,0.5239360327208047,0.0,60.60415207868705,0.0,0.0,0.0,0.0,0.0,0.0,17.221020650881904,12.593309919736447,9.658011428041478,5.897268293550466,1.8735365858306066,0.0,70.0,10.5,45.0,45.0,0.6243914656421872,0.3165722107562167,1.0,33.97531122780773,29.537984096957448,2.8744153205192533,47.18793226084407,61.27112027155128,61.27112027155128,-3.552713678800501e-15,0.0,0.0,0.0,0.0,0.0,0.0,0.0,-7.105427357601002e-15,0.0,0.0,0.0,0.0,0.0,0.12208887240494981,0.0
5,holiday_return,春节返乡日,30.0,14.0,0.25,47.30427958807204,33.4927969376646,8.338192668591333,0.0,0.6005169838452225,-0.6005169838452225,19.532113315446082,44.464070977914766,0.0,0.0,0.0,0.0,0.0,10.653070953747072,34.08982705199063,2.779397556197111,8.338192668591333,0.0,0.0,2.6589192114994007,0.0,48.03487551233718,0.5970301143260315,0.0,60.715644654800144,0.0,0.0,0.0,0.0,0.0,0.0,17.294490711907574,12.56882466074896,9.654736808346748,5.9,1.8691634536951827,0.0,70.0,10.5,45.0,45.0,0.5896358153857331,0.3468067652223349,1.0,34.05908130341187,29.473661305144848,2.9183674340069663,47.30427958807204,63.99618429336085,63.99618429336085,0.0,0.0,0.0,0.0,0.0,0.0,0.0,0.0,7.105427357601002e-15,0.0,0.0,0.0,0.0,0.0,0.12557746710775142,0.0
5,holiday_return,春节返乡日,30.0,14.25,0.25,47.44666567411655,33.583265933723595,8.500664967928424,0.0,0.6005169838452225,-0.6005169838452225,18.09696235239769,46.648817708834024,3.552713678800501e-15,0.0,0.0,0.0,0.0,10.653070953747072,34.08982705199063,2.8335549893094747,8.500664967928424,0.0,0.0,3.211971460213388,0.0,48.795316990362245,0.5065611182670331,0.0,60.80559509806117,0.0,0.0,0.0,0.0,0.0,0.0,17.398643434864287,12.552621570458422,9.647481754765677,5.897268293550466,1.861931601718425,0.0,70.0,10.5,45.0,45.0,0.5463114502936329,0.3638471515368611,1.0,34.16159928536392,29.553274021676764,2.9752327387749484,47.44666567411655,64.74578006123171,64.74578006123171,3.552713678800501e-15,0.0,0.0,0.0,0.0,0.0,0.0,0.0,-7.105427357601002e-15,0.0,0.0,0.0,0.0,0.0,0.16247229933709129,0.0
5,holiday_return,春节返乡日,30.0,14.5,0.25,47.88887429313761,33.61206126872684,8.330936543584928,0.0,0.6005169838452225,-0.6005169838452225,16.6895337443069,46.59624862928178,0.0,0.0,0.0,0.0,0.0,10.653070953747072,34.08982705199063,2.7769788478616424,8.330936543584928,0.0,0.0,1.3663412949971316,0.0,49.11738328207455,0.4777657832637879,0.0,60.88866167403729,0.0,0.0,0.0,0.0,0.0,0.0,17.540599676871057,12.546549239428163,9.635843158150264,5.889105113564341,1.851924925857258,0.0,70.0,10.5,45.0,45.0,0.5038239681903749,0.36343712807231404,1.0,34.47998949105908,29.57861391647962,2.9158277902547245,47.88887429313761,63.28578237358868,63.28578237358868,0.0,0.0,0.0,0.0,0.0,0.0,0.0,0.0,7.105427357601002e-15,0.0,0.0,0.0,0.0,0.0,-0.16972842434349644,0.0
5,holiday_return,春节返乡日,30.0,14.75,0.25,48.424664821019306,33.763107082890556,8.370523732135725,0.0,0.6005169838452225,-0.6005169838452225,15.19324419041974,49.34115225131388,1.7763568394002505e-15,0.0,0.0,0.0,0.0,10.653070953747072,34.08982705199063,2.790174577378575,8.370523732135725,0.0,0.0,2.0659691057434486,0.0,49.605595075524505,0.326719969100072,0.0,60.93581333586153,0.0,0.0,0.0,0.0,0.0,0.0,17.72795489411447,12.55156119970078,9.619431136221614,5.87560565654106,1.8392585999213824,0.0,70.0,10.5,45.0,45.0,0.4586539501328968,0.38484657451002,1.0,34.8657586711339,29.71153423294369,2.9296833062475036,48.424664821019306,64.53439644173362,64.53439644173362,1.7763568394002505e-15,0.0,0.0,0.0,0.0,0.0,0.0,0.0,-7.105427357601002e-15,0.0,0.0,0.0,0.0,0.0,0.039587188550797237,0.0
5,holiday_return,春节返乡日,30.0,15.0,0.25,48.5309347784545,33.88413239323807,8.59164497167405,0.0,0.6005169838452225,-0.6005169838452225,13.685212747829283,49.9296924930785,0.0,0.0,0.0,0.0,0.0,10.653070953747072,34.08982705199063,2.8638816572246832,8.59164497167405,0.0,0.0,0.9665008676363065,0.0,49.83265875183435,0.2056946587525595,0.0,60.95419791064734,0.0,0.0,0.0,0.0,0.0,0.0,17.968368974307744,12.56764028740939,9.59788815119116,5.856926528266881,1.8240768692696459,0.0,70.0,10.5,45.0,45.0,0.41312946771163345,0.38943701647721957,1.0,34.94227304048724,29.818036506049502,3.0070757400859174,48.5309347784545,63.61490524090778,63.61490524090778,0.0,0.0,0.0,0.0,0.0,0.0,0.0,0.0,-7.105427357601002e-15,0.0,0.0,0.0,0.0,0.0,0.2211212395383253,0.0
5,holiday_return,春节返乡日,30.0,15.25,0.25,48.691585263149484,34.04073630178717,8.675964263742548,2.4265873904593027,0.0,2.4265873904593027,12.21329548448685,45.571629933527305,-3.552713678800501e-15,0.0,3.3256803393332817,1.1639881187666485,1.4965561526999769,9.791927576176436,31.334168243764594,2.8919880879141826,8.675964263742548,0.0,0.0,0.0,0.0,49.83016711889676,0.0,1.2100119053226024,60.6052966260808,0.0,0.0,0.0,0.0,0.0,0.0,18.269049585225233,12.593769766936612,9.570907779565085,5.833282719853247,1.8065503172708026,0.0,70.0,10.5,45.0,45.0,0.36869520083356244,0.35544540154692605,1.0,35.05794138946763,29.95584794557271,3.036587492309892,48.691585263149484,57.784925418014154,57.784925418014154,-3.552713678800501e-15,1.999759132619273,0.49993978315481824,14.998193494644546,0.0,0.0,0.0,0.0,0.0,0.0,0.0,3.027104374304525,1.1639881187666485,-2.7556588082260376,0.08431929206849809,0.0
5,holiday_return,春节返乡日,30.0,15.5,0.25,48.74301751981785,34.455731752192506,8.769427437855976,2.4265873904593027,0.0,2.4265873904593027,10.849039660540512,43.183773299421425,-1.7763568394002505e-15,0.0,6.651360678666563,2.327976237533297,2.9931123053999538,7.121216588851365,22.78789308432437,2.923142479285325,8.769427437855976,0.0,0.0,0.0,0.0,49.827675610540815,0.0,8.674726362468181,58.292171250802454,0.0,0.0,0.0,0.0,0.0,0.0,18.636137540125677,12.627954805642304,9.538252245274895,5.804943489303339,1.7868726769384464,0.0,70.0,10.5,45.0,45.0,0.32751101957493756,0.33682081731800373,1.0,35.09497261426885,30.321043941929407,3.069299603249591,48.74301751981785,54.03281295996194,54.03281295996194,-1.7763568394002505e-15,2.664895200485929,0.6662238001214823,19.98671400364447,0.0,0.0,0.0,0.0,0.0,0.0,0.0,0.0,1.1639881187666485,-8.546275159440224,0.09346317411342753,0.0
5,holiday_return,春节返乡日,30.0,15.75,0.25,49.188188175333245,34.85431088828765,8.666516755671465,2.4265873904593027,0.0,2.4265873904593027,9.057744355926154,44.14175820797151,0.0,0.0,9.977041017999845,3.4919643562999454,4.48966845809993,7.041027216766514,22.531287093652846,2.888838918557155,8.666516755671465,0.0,0.0,0.0,0.0,49.825184226760285,0.0,7.83335533653487,56.20161586608893,0.0,0.0,0.0,0.0,0.0,0.0,19.07401812738665,12.667295153761096,9.49976787564299,5.772227258905498,1.7652572710088608,0.0,70.0,10.5,45.0,45.0,0.2734353621959859,0.34429281976760157,1.0,35.415495486239934,30.67179358169313,3.0332808644850124,49.188188175333245,53.19950256389767,53.19950256389767,0.0,3.3300312683525854,0.8325078170881464,24.97523451264439,0.0,0.0,0.0,0.0,0.0,0.0,0.0,0.0,1.1639881187666483,-0.2566059906715239,-0.10291068218451116,0.0
5,holiday_return,春节返乡日,30.0,16.0,0.25,49.70996515322983,35.25390757320811,8.473211051963736,0.0,0.0,0.0,7.562021007751007,43.33547213125636,8.881784197001252e-16,0.0,13.302721357333127,4.655952475066594,5.9862246107999075,7.041027216766516,22.531287093652853,2.824403683987912,8.473211051963736,0.0,0.0,0.0,4.021950439910297,48.764284957046236,0.0,6.7363958687553485,54.40077930322027,0.0,0.0,0.0,0.0,0.0,0.0,19.584598981824026,12.7081069311746,9.455397733308086,5.735495663618433,1.7419331717989983,0.0,132.0,19.8,45.0,45.0,0.22828243676751755,0.3380040238935513,1.0,35.79117491032547,31.023438664423136,2.9656238681873073,49.70996515322983,50.897493139007366,50.897493139007366,8.881784197001252e-16,2.6605442714666254,0.6651360678666564,19.95408203599969,0.0,0.0,0.0,0.0,0.0,0.0,0.0,-2.4265873904593027,1.1639881187666488,7.105427357601002e-15,-0.19330570370772904,0.0
5,holiday_return,春节返乡日,30.0,16.25,0.25,49.91561462780452,35.71220768282389,8.421919948714336,0.0,0.0,0.0,6.403387929547712,42.19865369928975,-8.881784197001252e-16,0.0,16.62840169666641,5.819940593833243,7.482780763499884,7.041027216766516,22.531287093652853,2.8073066495714456,8.421919948714336,0.0,0.0,0.0,5.341966271471779,47.356066145042654,0.0,5.698139825671149,52.87406843312889,0.0,0.0,0.0,0.0,0.0,0.0,20.16661077321487,12.746088443531521,9.405190810961354,5.695146905883207,1.717141177245591,0.0,132.0,19.8,45.0,45.0,0.19330559894326496,0.32913717220038774,1.0,35.93924253201926,31.42674276088502,2.9476719820500175,49.91561462780452,48.60204162883746,48.60204162883746,-8.881784197001252e-16,3.3256803393332817,0.8314200848333204,24.942602544999612,0.0,0.0,0.0,0.0,0.0,0.0,0.0,0.0,1.1639881187666488,0.0,-0.05129110324939923,0.0
5,holiday_return,春节返乡日,30.0,16.5,0.25,50.327171205914205,36.181945692733734,8.41533389845437,0.0,0.0,0.0,4.906484474370181,44.94351779445643,3.552713678800501e-15,0.0,19.95408203599969,6.983928712599891,8.97933691619986,7.041027216766516,22.531287093652853,2.8051112994847904,8.41533389845437,0.0,0.0,0.0,3.339378740739008,46.47491446259356,0.0,4.671321682881018,51.618336219206796,0.0,0.0,0.0,0.0,0.0,0.0,20.814999303501185,12.776522154072131,9.349307341927007,5.6516085873581305,1.6911297014917557,0.0,132.0,19.8,45.0,45.0,0.148117048421733,0.35054631034008965,1.0,36.235563268258225,31.840112209605685,2.9453668644590296,50.327171205914205,49.850002268826614,49.850002268826614,3.552713678800501e-15,3.9908164071999384,0.9977041017999846,29.93112305399954,0.0,0.0,0.0,0.0,0.0,0.0,0.0,0.0,1.1639881187666479,0.0,-0.0065860502599655035,0.0
5,holiday_return,春节返乡日,30.0,16.75,0.25,50.732021585736504,36.75325839945377,8.243419258776166,0.0,0.0,0.0,3.6498781540701373,43.946244528155276,-2.220446049250313e-15,0.0,23.279762375332975,8.14791683136654,10.47589306889984,7.041027216766516,22.531287093652853,2.7478064195920555,8.243419258776166,0.0,0.0,0.0,4.776815708503119,45.21553395147487,0.0,3.7460782369010808,50.606716988754805,0.0,0.0,0.0,0.0,0.0,0.0,21.520484040695877,12.794502534559147,9.28801996860003,5.605330197525103,1.664150677281882,0.0,132.0,19.8,45.0,45.0,0.11018259246590735,0.3427678701765607,1.0,36.527055541730284,32.34286739151932,2.885196740571658,50.732021585736504,47.59612268222541,47.59612268222541,-2.220446049250313e-15,4.655952475066595,1.1639881187666488,34.91964356299946,0.0,0.0,0.0,0.0,7.105427357601002e-15,0.0,0.0,0.0,1.1639881187666496,0.0,-0.17191463967820475,0.0
5,holiday_return,春节返乡日,30.0,17.0,0.25,51.22646584327299,37.210236401843034,7.883050091697801,0.0,0.0,0.0,2.5263954929818198,41.85754383616853,-2.6645352591003757e-15,0.0,26.605442714666253,9.311904950133188,11.972449221599815,7.041027216766516,22.531287093652853,2.627683363899267,7.883050091697801,0.0,0.0,0.0,7.199332144655233,43.31871208407855,0.0,2.7065000865903635,49.86917676536823,0.0,0.0,0.0,0.0,0.0,0.0,22.269356511454923,12.795177701220908,9.22171071151308,5.55677544278461,1.636455563392761,0.0,132.0,19.8,45.0,45.0,0.07626687611489281,0.3264766149096875,1.0,36.883055407156554,32.74500803362187,2.7590675320942304,51.22646584327299,44.38393932915035,44.38393932915035,-2.6645352591003757e-15,5.321088542933251,1.3302721357333127,39.90816407199938,0.0,0.0,0.0,0.0,0.0,0.0,0.0,0.0,1.1639881187666479,0.0,-0.36036916707836486,0.0
5,holiday_return,春节返乡日,30.0,17.25,0.25,51.54188690749726,37.69096577022753,7.727781986799599,0.0,0.0,0.0,1.4746764999375657,41.40923866061753,-2.4424906541753444e-15,0.0,29.405609530659255,10.291963335730738,13.232524288796665,7.041027216766516,22.531287093652853,2.5759273289331994,7.727781986799599,0.0,0.0,0.0,7.982962956911135,41.21576642297141,0.0,1.9271543877780104,49.337096285465016,0.0,0.0,0.0,0.0,0.0,0.0,23.04358091851782,12.773991665948296,9.150863882721422,5.506414597592846,1.6082915436188965,0.0,132.0,19.8,45.0,45.0,0.04451756276589088,0.3229799654948713,1.0,37.110158573398024,33.16804987780022,2.7047236953798595,51.54188690749726,42.8839151605551,42.8839151605551,-2.4424906541753444e-15,5.881121906131852,1.470280476532963,44.10841429598889,0.0,0.0,0.0,0.0,0.0,0.0,0.0,0.0,0.98005838559755,0.0,-0.15526810489820253,0.0
5,holiday_return,春节返乡日,30.0,17.5,0.25,52.06417130200628,38.13437683645617,7.521069688466467,0.0,0.0,0.0,0.7354435260802532,41.39625342049743,-2.3314683517128287e-15,0.0,29.40560953065925,10.291963335730738,13.232524288796663,7.041027216766516,22.531287093652853,2.5070232294888224,7.521069688466467,0.0,0.0,0.0,9.188561465953196,38.79566314360995,0.0,2.3705654540066536,48.68859472311001,0.0,0.0,0.0,0.0,0.0,0.0,23.821238577789547,12.72691380358137,9.076055276825063,5.454717051666488,1.579897994784475,0.0,132.0,19.8,45.0,45.0,0.022201583421470317,0.32287868441505463,1.0,37.48620333744452,33.55825161608143,2.632374390963263,52.06417130200628,42.131696946577684,42.131696946577684,-2.3314683517128287e-15,5.881121906131851,1.4702804765329627,44.10841429598888,0.0,0.0,0.0,0.0,0.0,0.0,0.0,0.0,0.0,0.0,-0.20671229833313198,0.0
5,holiday_return,春节返乡日,30.0,17.75,0.25,52.35611204343836,38.66023827436546,7.653253648426261,0.0,0.0,0.0,0.0788009515150776,41.11693472864095,-1.582067810090848e-15,0.0,29.405609530659255,10.291963335730738,13.232524288796665,7.041027216766516,22.531287093652853,2.5510845494754206,7.653253648426261,0.0,0.0,0.0,10.460524793793528,36.04095367787552,0.0,2.8964268919159437,47.90203282261268,0.0,0.0,0.0,0.0,0.0,0.0,24.577328419488328,12.650642793469796,8.997938140786543,5.402144214755273,1.5515032902890038,0.0,132.0,19.8,45.0,45.0,0.0023788446518493026,0.3207000802103925,1.0,37.69640067127562,34.021009681441605,2.6786387769491915,52.35611204343836,41.19573568015603,41.19573568015603,-1.582067810090848e-15,5.881121906131852,1.470280476532963,44.10841429598889,0.0,0.0,0.0,0.0,-7.105427357601002e-15,0.0,0.0,0.0,0.0,0.0,0.1321839599597947,0.0
5,holiday_return,春节返乡日,30.0,18.0,0.25,52.81084114501592,38.93632559413387,7.8799893254686895,0.0,0.0,0.0,0.0,42.75289777101179,0.0,0.0,29.405609530659255,10.291963335730738,13.232524288796665,7.041027216766516,22.531287093652853,2.6266631084895633,7.8799893254686895,0.0,0.0,0.0,9.433670363529476,33.55660679768387,0.0,3.1725142116843514,47.04320964523181,0.0,0.0,0.0,0.0,0.0,0.0,25.284900468586194,12.542773807758921,8.917226560867054,5.349142923597687,1.5233219932765087,0.0,132.0,19.8,45.0,45.0,0.0,0.3334601140595137,1.0,38.02380562441146,34.263966522837805,2.757996263914041,52.81084114501592,42.75289777101179,42.75289777101179,0.0,5.881121906131852,1.470280476532963,44.10841429598889,0.0,0.0,0.0,0.0,0.0,0.0,0.0,0.0,0.0,0.0,0.22673567704242803,0.0
5,holiday_return,春节返乡日,30.0,18.25,0.25,53.02100162786685,39.502118933916755,7.497323356241735,0.0,0.0,0.0,0.0,44.22625421824507,0.0,0.0,29.405609530659255,10.291963335730738,13.232524288796665,7.041027216766516,22.531287093652853,2.4991077854139117,7.497323356241735,0.0,0.0,0.0,8.042919076071474,31.438371315746227,0.0,3.738307551467237,46.03592289528624,0.0,0.0,0.0,0.0,0.0,0.0,25.916461785857013,12.401919990071326,8.834677004772564,5.29613947520614,1.4955524801487288,0.0,132.0,19.8,45.0,45.0,0.0,0.344951863965595,1.0,38.17512117206413,34.761864661846744,2.6240631746846073,53.02100162786685,44.22625421824507,44.22625421824507,0.0,5.881121906131852,1.470280476532963,44.10841429598889,0.0,0.0,0.0,0.0,-7.105427357601002e-15,0.0,0.0,0.0,0.0,0.0,-0.38266596922695406,0.0
5,holiday_return,春节返乡日,30.0,18.5,0.25,53.28160832310843,40.01648333872079,7.306359033520431,0.0,0.0,0.0,0.0,41.259331059162456,0.0,0.0,29.405609530659255,10.291963335730738,13.232524288796665,7.041027216766516,22.531287093652853,2.435453011173477,7.306359033520431,0.0,0.0,0.0,11.20679415615523,28.487643040297485,0.0,4.252671956271271,44.89378073481984,0.0,0.0,0.0,0.0,0.0,0.0,26.44555951672162,12.227782133389102,8.751068815296065,5.2435343874494835,1.4683750213287108,0.0,132.0,19.8,45.0,45.0,0.0,0.3218107299930501,1.0,38.362757992638066,35.2145053380743,2.5572256617321507,53.28160832310843,41.259331059162456,41.259331059162456,0.0,5.881121906131852,1.470280476532963,44.10841429598889,0.0,0.0,0.0,0.0,-7.105427357601002e-15,0.0,0.0,0.0,0.0,0.0,-0.19096432272130404,0.0
5,holiday_return,春节返乡日,30.0,18.75,0.25,53.239754772805206,40.55407813863845,7.0298309803059835,0.0,0.0,0.0,0.0,40.77052695882421,0.0,0.0,29.405609530659255,10.291963335730738,13.232524288796665,7.041027216766516,22.531287093652853,2.3432769934353277,7.0298309803059835,0.0,0.0,0.0,11.561568688452095,25.443700582237025,0.0,4.7902667561889345,43.610737329665874,0.0,0.0,0.0,0.0,0.0,0.0,26.84841834522973,12.021163712335294,8.667184466899634,5.191697962944294,1.4419503324173917,0.0,132.0,19.8,45.0,45.0,0.0,0.31799820079503943,1.0,38.332623436419745,35.68758876200184,2.460440843107094,53.239754772805206,40.77052695882421,40.77052695882421,0.0,5.881121906131852,1.470280476532963,44.10841429598889,0.0,0.0,0.0,0.0,0.0,0.0,0.0,0.0,0.0,0.0,-0.27652805321444784,0.0
5,holiday_return,春节返乡日,30.0,19.0,0.25,53.450967711420276,40.82568497199451,6.798688730444745,0.0,0.0,0.0,0.0,40.4548737183405,0.0,0.0,29.405609530659255,10.291963335730738,13.232524288796665,7.041027216766516,22.531287093652853,2.266229576814915,6.798688730444745,0.0,0.0,0.0,12.011387450930467,22.281536962752526,0.0,5.0618735895449944,42.25685996375236,0.0,0.0,0.0,0.0,0.0,0.0,27.10549408913199,11.783931808966486,8.583790370033155,5.14096670648026,1.4164185956342732,0.0,132.0,19.8,45.0,45.0,0.0,0.3155361977247745,1.0,38.4846967522226,35.92660277535517,2.3795410556556607,53.450967711420276,40.4548737183405,40.4548737183405,0.0,5.881121906131852,1.470280476532963,44.10841429598889,0.0,0.0,0.0,0.0,0.0,0.0,0.0,0.0,0.0,0.0,-0.23114224986123855,0.0
5,holiday_return,春节返乡日,30.0,19.25,0.25,53.368146478008086,41.11670700043923,6.708963606832864,0.0,0.0,0.0,0.0,39.2210021474344,0.0,0.0,29.405609530659255,10.291963335730738,13.232524288796665,7.041027216766516,22.531287093652853,2.236321202277621,6.708963606832864,0.0,0.0,0.0,13.132529413887088,18.82449409277621,0.0,5.352895617989709,40.82707479219425,0.0,0.0,0.0,0.0,0.0,0.0,27.202804383688214,11.518927739571645,8.501618943249039,5.0916406205124645,1.391898939106604,0.0,132.0,19.8,45.0,45.0,0.0,0.3059123598980876,1.0,38.42506546416582,36.18270216038652,2.3481372623915022,53.368146478008086,39.2210021474344,39.2210021474344,0.0,5.881121906131852,1.470280476532963,44.10841429598889,0.0,0.0,0.0,0.0,-7.105427357601002e-15,0.0,0.0,0.0,0.0,0.0,-0.08972512361188123,0.0
5,holiday_return,春节返乡日,30.0,19.5,0.25,52.74865588431536,41.41319727353477,6.220303308449658,0.0,0.0,0.0,0.0,38.13097590330687,0.0,0.0,26.760211292604694,9.366073952411643,12.042095081672112,7.041027216766516,22.531287093652853,2.073434436149886,6.220303308449658,0.0,0.0,0.0,14.366067681513256,15.043008741357559,0.0,6.8398150982098045,39.006709913164,0.0,0.0,0.0,0.0,0.0,0.0,27.132912473724016,11.229834103157753,8.42135257615579,5.0439813785173095,1.3684893505187623,0.0,132.0,19.8,45.0,45.0,0.0,0.297410473601597,1.0,37.979032236707056,36.4436136007106,2.1771061579573803,52.74865588431536,38.13097590330687,38.13097590330687,0.0,5.352042258520939,1.3380105646302347,40.14031693890704,0.0,0.0,0.0,0.0,7.105427357601002e-15,0.0,0.0,0.0,-0.9258893833190953,0.0,-0.48866029838320557,0.0
5,holiday_return,春节返乡日,30.0,19.75,0.25,52.117325980451874,41.79152946757779,5.670498867626787,0.0,0.0,0.0,0.0,40.50133254116176,0.0,0.0,23.434530953271416,8.202085833644995,10.545538928972137,7.041027216766516,22.531287093652853,1.8901662892089288,5.670498867626787,0.0,0.0,0.0,12.345101111620565,11.793545772072973,0.0,8.7147034449528,36.69386354637774,0.0,0.0,0.0,0.0,0.0,0.0,26.895469959002853,10.921007325220042,8.343609984363168,4.998211352998994,1.3462669921308321,0.0,132.0,19.8,45.0,45.0,0.0,0.3158985629716877,1.0,37.52447470592535,36.776545931468455,1.9846746036693752,52.117325980451874,40.50133254116176,40.50133254116176,0.0,4.686906190654283,1.1717265476635708,35.15179642990712,0.0,0.0,0.0,0.0,0.0,0.0,0.0,0.0,-1.1639881187666479,0.0,-0.5498044408228715,0.0
5,holiday_return,春节返乡日,30.0,20.0,0.25,51.330893939815795,41.82030770587755,5.574692908191223,0.0,0.0,0.0,0.0,42.73164149413943,0.0,0.0,20.10885061393813,7.0380977148783455,9.04898277627216,7.041027216766516,22.531287093652853,1.8582309693970744,5.574692908191223,0.0,0.0,0.0,10.46041291696161,9.040215853478681,0.0,10.240037835952538,33.980769815669674,0.0,0.0,0.0,0.0,0.0,0.0,26.497265676320733,10.597286410067168,8.268935319213693,4.95451345430169,1.3252888764197575,0.0,132.0,19.8,45.0,45.0,0.0,0.33329432130908304,1.0,36.95824363666737,36.80187078117225,1.951142517866928,51.330893939815795,42.73164149413943,42.73164149413943,0.0,4.021770122787626,1.0054425306969066,30.163275920907196,0.0,0.0,0.0,0.0,0.0,0.0,0.0,0.0,-1.1639881187666496,0.0,-0.09580595943556336,0.0
5,holiday_return,春节返乡日,30.0,20.25,0.25,50.51729093175245,41.90039786575194,5.343981041906385,0.0,0.0,0.0,0.0,45.032819121327535,0.0,0.0,16.78317027460485,5.874109596111697,7.552426623572182,7.041027216766516,22.531287093652853,1.7813270139687951,5.343981041906385,0.0,0.0,0.0,8.432716445048525,6.820627936094289,0.0,11.816684148526907,30.854125707465286,0.0,0.0,0.0,0.0,0.0,0.0,25.95177579947692,10.26378945250599,8.197790249057824,4.91303171864422,1.3055928557041865,0.0,132.0,19.8,45.0,45.0,0.0,0.35124283460386235,1.0,36.37244947086176,36.87235012186171,1.8703933646672348,50.51729093175245,45.032819121327535,45.032819121327535,0.0,3.35663405492097,0.8391585137302425,25.174755411907277,0.0,0.0,0.0,0.0,-7.105427357601002e-15,0.0,0.0,0.0,-1.1639881187666488,0.0,-0.23071186628483797,0.0
5,holiday_return,春节返乡日,30.0,20.5,0.25,49.69379195599724,41.65189581976404,5.328176177478275,0.0,0.0,0.0,0.0,49.19482468059448,0.0,0.0,13.457489935271566,4.710121477345048,6.055870470872205,7.30248480270513,23.367951368656417,1.7760587258260916,5.328176177478275,0.0,0.0,0.0,4.867389326588933,5.539394976647765,0.0,12.228073980235422,27.620784439286442,0.0,0.0,0.0,0.0,0.0,0.0,25.278258751032872,9.925709475645878,8.130549083679382,4.87387256931688,1.2871988751224155,0.0,132.0,19.8,45.0,45.0,0.0,0.38370526220217394,1.0,35.779530208318015,36.65366832139236,1.8648616621173961,49.69379195599724,49.19482468059448,49.19482468059448,0.0,2.6914979870543134,0.6728744967635784,20.18623490290735,0.0,0.0,0.0,0.0,0.0,0.0,0.0,0.0,-1.1639881187666488,0.8366642750035638,-0.015804864428110577,0.0
5,holiday_return,春节返乡日,30.0,20.75,0.25,48.398488691388785,41.41090872561896,5.117392887008557,0.0,0.0,0.0,0.0,54.247966970562764,0.0,0.0,10.131809595938284,3.546133358578399,4.559314318172228,7.694850133503534,24.62352042721131,1.7057976290028523,5.117392887008557,0.0,0.0,0.0,0.005036124754007622,5.5377927109110345,0.0,12.228073980235422,24.389059841741688,0.0,0.0,0.0,0.0,0.0,0.0,24.50048160967531,9.588120404376076,8.067496877020053,4.837106663981148,1.270110436205285,0.0,132.0,19.8,45.0,45.0,0.0,0.42311829598989276,1.0,34.846911857799924,36.441599678544684,1.7910875104529949,48.398488691388785,54.247966970562764,54.247966970562764,0.0,2.0263619191876567,0.5065904797969142,15.197714393907425,0.0,0.0,0.0,0.0,0.0,0.0,0.0,0.0,-1.1639881187666488,1.2555690585548938,-0.21078329046971778,0.0
5,holiday_return,春节返乡日,30.0,21.0,0.25,47.18712144043686,41.116226809523795,4.720417241207267,0.0,0.0,0.0,0.0,56.347719051411715,0.0,0.0,6.8061292566050025,2.382145239811751,3.062758165472251,9.969270437050847,31.90166539856271,1.5734724137357556,4.720417241207267,0.0,0.0,0.0,0.0,5.537515821275489,0.0,6.15180324548883,22.757969720902707,0.0,0.0,0.0,0.0,0.0,0.0,23.64519714692839,9.255802561893683,8.008830322189809,4.802771233561842,1.2543162179203147,0.0,132.0,19.8,45.0,45.0,0.0,0.4394957488616685,1.0,33.97472743711454,36.18227959238094,1.6521460344225434,47.18712144043686,56.347719051411715,56.347719051411715,0.0,1.3612258513210005,0.3403064628302501,10.209193884907503,0.0,0.0,0.0,0.0,0.0,-7.105427357601002e-15,0.0,0.0,-1.1639881187666483,7.278144971351399,-0.3969756458012901,0.0
5,holiday_return,春节返乡日,30.0,21.25,0.25,46.067310308545025,40.88087054781878,4.601973845624292,0.0,0.0,0.0,0.0,57.09826593613476,0.0,0.0,3.4804489172717203,1.218157121045102,1.5662020127722742,10.715121466760072,34.288388693632236,1.5339912818747639,4.601973845624292,0.0,0.0,0.0,0.0,5.537238945484424,0.0,5.026279841414269,21.42388551461745,0.0,0.0,0.0,0.0,0.0,0.0,22.740508808628192,8.93309514408608,7.9546611519669685,4.7708728142498655,1.2397918033022686,0.0,132.0,19.8,45.0,45.0,0.0,0.4453497953201628,1.0,33.16846342215241,35.97516608208053,1.6106908459685019,46.067310308545025,57.09826593613476,57.09826593613476,0.0,0.6960897834543441,0.17402244586358603,5.220673375907581,0.0,0.0,0.0,0.0,0.0,-7.105427357601002e-15,0.0,0.0,-1.1639881187666488,2.386723295069526,-0.11844339558297534,0.0
5,holiday_return,春节返乡日,30.0,21.5,0.25,44.94192582915679,40.64077404186889,4.517067036487264,0.0,0.0,0.0,0.0,59.07192339585219,0.0,0.0,0.15476857793843846,0.054169002278453456,0.06964586007229731,12.678477556811435,40.571128181796595,1.5056890121624213,4.517067036487264,0.0,0.0,0.0,0.0,5.5369620835371505,0.0,0.0,21.413173571860142,0.0,0.0,0.0,0.0,0.0,0.0,21.814263319517927,8.623780867561603,7.90502168096792,4.741390273451254,1.2265014624274597,0.0,132.0,19.8,45.0,45.0,0.0,0.46074374698062837,1.0,32.35818659699289,35.76388115684462,1.5809734627705423,44.94192582915679,59.07192339585219,59.07192339585219,0.0,0.030953715587687693,0.007738428896921923,0.2321528669076577,0.0,0.0,0.0,0.0,0.0,7.105427357601002e-15,0.0,0.0,-1.1639881187666485,6.28273948816436,-0.08490680913702775,0.0
5,holiday_return,春节返乡日,30.0,21.75,0.25,43.64812709174945,40.37312479521095,4.4542905169048295,0.0,0.0,0.0,0.0,59.65209654042586,0.0,0.0,0.0,0.0,0.0,14.054594354704799,44.97470193505536,1.484763505634943,4.4542905169048295,0.0,0.0,0.4646115883366648,0.0,5.647030487662931,4.601577139844407,0.0,22.49534155578726,0.0,0.0,0.0,0.0,0.0,0.0,20.892597794170417,8.331005596456029,7.859872074035167,4.714278032830902,1.2143999463019854,0.0,132.0,19.8,45.0,45.0,0.0,0.46526892803385234,1.0,31.426651506059603,35.52834981978563,1.5590016809166902,43.64812709174945,59.65209654042586,59.65209654042586,0.0,0.0,0.0,0.0,0.0,0.0,0.0,0.0,0.0,0.0,0.0,0.0,-0.054169002278453456,4.403573753258762,-0.06277651958243435,0.0
5,holiday_return,春节返乡日,30.0,22.0,0.25,42.293983960475,40.05854402648247,4.4374305629179664,-0.0,0.0,-0.0,0.0,58.788117544200915,0.0,0.0,0.0,0.0,0.0,14.054594354704799,44.97470193505536,1.4791435209726556,4.4374305629179664,0.0,0.0,0.9603957080484569,0.0,5.874842116800057,4.916157908572885,0.0,23.65168138829543,0.0,0.0,0.0,0.0,0.0,0.0,19.998742926682493,8.05723341831763,7.8191088991207955,4.6894693965312575,1.203434250966751,0.0,62.0,9.299999999999999,45.0,45.0,0.0,0.4585301442403117,1.0,30.451668451542,35.25151874330458,1.5531006970212882,42.293983960475,58.788117544200915,58.788117544200915,0.0,0.0,0.0,0.0,0.0,0.0,0.0,0.0,0.0,0.0,0.0,-0.0,0.0,0.0,-0.01685995398686302,0.0
5,holiday_return,春节返乡日,30.0,22.25,0.25,40.9745385551477,39.637404486139374,4.315616750098745,-0.0,0.0,-0.0,0.0,61.17068516015791,0.0,0.0,0.0,0.0,0.0,14.054594354704799,44.97470193505536,1.4385389166995817,4.315616750098745,0.0,0.0,4.703013333605822,0.0,6.991514041425599,5.337297448915983,0.0,24.907463691718828,0.0,0.0,0.0,0.0,0.0,0.0,19.152150099144293,7.804235524805208,7.782574520518729,4.666879899763706,1.1935453165170355,0.0,62.0,9.299999999999999,45.0,45.0,0.0,0.47711347567264845,1.0,29.501667759706343,34.88091594780265,1.5104658625345608,40.9745385551477,61.17068516015791,61.17068516015791,0.0,0.0,0.0,0.0,0.0,0.0,0.0,0.0,0.0,0.0,0.0,0.0,0.0,0.0,-0.12181381281922121,0.0
5,holiday_return,春节返乡日,30.0,22.5,0.25,39.76535424040546,39.335284120379356,4.2561237162986565,-0.0,0.0,-0.0,0.0,63.89717029621547,0.0,0.0,0.0,0.0,0.0,14.054594354704799,44.97470193505536,1.4187079054328855,4.2561237162986565,0.0,0.0,8.658513795672325,0.0,9.047561492195706,5.639417814676001,0.0,26.23437169085852,0.0,0.0,0.0,0.0,0.0,0.0,18.367972921575067,7.5731094878854925,7.750066907002573,4.646410601804602,1.1846696315386707,0.0,62.0,9.299999999999999,45.0,45.0,0.0,0.4983792632999793,1.0,28.631055053091927,34.61505002593383,1.4896433007045298,39.76535424040546,63.89717029621547,63.89717029621547,0.0,0.0,0.0,0.0,0.0,0.0,0.0,0.0,0.0,0.0,0.0,0.0,0.0,0.0,-0.059493033800088746,0.0
5,holiday_return,春节返乡日,30.0,22.75,0.25,38.75997388464042,39.14985913522755,4.254964020435328,-0.0,0.0,-0.0,0.0,67.33442764141563,0.0,0.0,0.0,0.0,0.0,14.054594354704799,44.97470193505536,1.4183213401451094,4.254964020435328,0.0,0.0,13.101538061925304,0.0,12.158724403828357,5.824842799827804,0.0,27.604654669972195,0.0,0.0,0.0,0.0,0.0,0.0,17.656897585630638,7.364324193327633,7.721349465645336,4.6279512574984665,1.1767407194379296,0.0,62.0,9.299999999999999,45.0,45.0,0.0,0.5251888665348624,1.0,27.9071811969411,34.45187603900025,1.4892374071523649,38.75997388464042,67.33442764141563,67.33442764141563,0.0,0.0,0.0,0.0,0.0,0.0,0.0,0.0,0.0,0.0,0.0,0.0,0.0,0.0,-0.0011596958633282028,0.0
5,holiday_return,春节返乡日,30.0,23.0,0.25,38.07310692168471,38.82873974914997,4.174670876955123,0.0,0.0,0.0,0.0,67.71005554671545,0.0,0.0,0.0,0.0,0.0,14.054594354704799,44.97470193505536,1.391556958985041,4.174670876955123,0.0,0.0,14.19079731134091,0.0,15.528430829051631,6.145962185905388,0.0,29.050518361789738,0.0,0.0,0.0,0.0,0.0,0.0,17.025285555524796,7.177784841985243,7.696160561673514,4.611383312205518,1.1696904890714896,0.0,62.0,9.299999999999999,45.0,45.0,0.0,0.5281186544714861,1.0,27.41263698361299,34.16929097925197,1.4611348069342929,38.07310692168471,67.71005554671545,67.71005554671545,0.0,0.0,0.0,0.0,0.0,0.0,0.0,0.0,-7.105427357601002e-15,0.0,0.0,0.0,0.0,0.0,-0.08029314348020566,0.0
5,holiday_return,春节返乡日,30.0,23.25,0.25,37.142874326809185,38.474921408338005,4.084504941960838,-0.0,0.0,-0.0,0.0,69.9123187225481,0.0,0.0,0.0,0.0,0.0,14.054594354704799,44.97470193505536,1.3615016473202795,4.084504941960838,0.0,0.0,17.353348393713823,0.0,19.649074651017212,6.49978052671735,0.0,30.579690977704217,0.0,0.0,0.0,0.0,0.0,0.0,16.47556939865866,7.0129120538253575,7.674222443267711,4.596582676284135,1.1634504377779933,0.0,62.0,9.299999999999999,45.0,45.0,0.0,0.5452956639396057,1.0,26.742869515302612,33.85793083933744,1.4295767296862933,37.142874326809185,69.9123187225481,69.9123187225481,0.0,0.0,0.0,0.0,0.0,0.0,0.0,0.0,7.105427357601002e-15,0.0,0.0,-0.0,0.0,0.0,-0.09016593499428449,0.0
5,holiday_return,春节返乡日,30.0,23.5,0.25,36.453229468515204,38.16911699879139,3.9079827569082095,-0.0,0.0,-0.0,0.0,68.91669902049242,0.0,0.0,0.0,0.0,0.0,14.054594354704799,44.97470193505536,1.3026609189694032,3.9079827569082095,0.0,0.0,17.106214278303007,0.0,23.71081808838162,6.805584936263967,0.0,32.18072755457801,0.0,0.0,0.0,0.0,0.0,0.0,16.006829392380048,6.868729170691552,7.655249353482235,4.583422246266781,1.1579527002175556,0.0,62.0,9.299999999999999,45.0,45.0,0.0,0.5375301210941686,1.0,26.246325217330945,33.58882295893642,1.3677939649178732,36.453229468515204,68.91669902049242,68.91669902049242,0.0,0.0,0.0,0.0,0.0,0.0,0.0,0.0,7.105427357601002e-15,0.0,0.0,0.0,0.0,0.0,-0.17652218505262862,0.0
5,holiday_return,春节返乡日,30.0,23.75,0.25,35.86167879671773,37.82183417550908,3.708261745745328,0.0,0.0,0.0,0.0,67.88995143246136,0.0,0.0,0.0,0.0,0.0,14.054594354704797,44.97470193505535,1.236087248581776,3.708261745745328,0.0,0.0,16.737591032457043,0.0,27.68481041768575,7.1528677595462735,0.0,33.863443283692966,0.0,0.0,0.0,0.0,0.0,0.0,15.615474914541453,6.743952283300448,7.63895467547977,4.57177415051892,1.1531309412182202,0.0,62.0,9.299999999999999,45.0,45.0,0.0,0.5295217898308943,1.0,25.820408733636768,33.28321407444799,1.2978916110108647,35.86167879671773,67.88995143246136,67.88995143246136,0.0,0.0,0.0,0.0,0.0,0.0,0.0,0.0,7.105427357601002e-15,-7.105427357601002e-15,0.0,0.0,0.0,-7.105427357601002e-15,-0.19972101116288155,0.0
