day_id,day_type,day_name,day_weight,hour,dt,electric_load,heat_load,cooling_load,P_grid_buy,P_grid_sell,P_grid_net,P_PV,P_WT,P_PV_curt,P_WT_curt,G_CHP,P_CHP,H_CHP,P_HP,H_HP,P_EC,C_EC_out,G_GB,H_GB,P_BAT_ch,P_BAT_dis,SOC_BAT,H_TS_ch,H_TS_dis,SOC_TS,P_shift_in,P_shift_out,P_interrupt,P_unmet_e,H_unmet,C_unmet,residential_load,commercial_load,industrial_load,cold_storage_load,agro_processing_load,irrigation_load,electricity_buy_price,electricity_sell_price,gas_price,carbon_price,pv_cf,wt_cf,grid_import_availability,critical_electric_load,critical_heat_load,critical_cooling_load,electric_load_adjusted,renewable_available,renewable_used,renewable_curtailment,co2_emission_rate,co2_emission,co2_emission_annual,battery_simultaneous_overlap,thermal_storage_simultaneous_overlap,grid_import_export_overlap,flexible_load_overlap,electric_balance_error,heat_balance_error,cooling_balance_error,P_grid_net_ramp,P_CHP_ramp,H_HP_ramp,C_EC_out_ramp,H_GB_ramp
0,spring_irrigation,春季灌溉日,55.0,0.0,0.25,31.95037898084261,21.80869137813271,5.676283771110161,0.0,5.0,-5.0,0.0,54.796667701460414,0.0,0.0,0.0,0.0,0.0,9.322085017788151,29.830672056922083,1.8920945903700537,5.676283771110161,0.0,0.0,6.632109112459595,0.0,29.258552091374018,8.021980678789372,0.0,35.751731973263595,0.0,0.0,0.0,0.0,0.0,0.0,9.800225850143258,5.233196364276454,10.568973117559912,4.503062487565456,1.7288659394611219,0.0,52.0,7.8,41.0,45.0,0.0,0.42739800140985446,1.0,21.726257706972977,16.356518533599534,2.5543276969995725,31.95037898084261,54.796667701460414,54.796667701460414,0.0,0.0,0.0,0.0,0.0,0.0,0.0,0.0,0.0,0.0,0.0,-4.032778921896399,0.0,-5.685467548421343,-0.3136005296364601,0.0
0,spring_irrigation,春季灌溉日,55.0,0.25,0.25,31.732889583282425,22.018346827528443,5.722566734623446,0.0,5.0,-5.0,0.0,57.611858120730425,0.0,0.0,0.0,0.0,0.0,9.322085017788151,29.830672056922083,1.907522244874482,5.722566734623446,0.0,0.0,9.649361274785367,0.0,31.54881246653097,7.81232522939364,0.0,37.58928334925797,0.0,0.0,0.0,0.0,0.0,0.0,9.80252202781147,5.235820047760775,10.581835327709978,4.503803890621053,1.7297644833078472,0.0,52.0,7.8,41.0,45.0,0.0,0.4493556643345309,1.0,21.57836491663205,16.51376012064633,2.5751550305805506,31.732889583282425,57.611858120730425,57.611858120730425,0.0,0.0,0.0,0.0,0.0,0.0,0.0,0.0,-7.105427357601002e-15,0.0,0.0,0.0,0.0,0.0,0.04628296351328487,0.0
0,spring_irrigation,春季灌溉日,55.0,0.5,0.25,31.601613519929185,22.114925780692147,5.694813045539695,0.0,5.0,-5.0,0.0,60.034850084491346,0.0,0.0,0.0,0.0,0.0,9.322085017788151,29.830672056922083,1.8982710151798983,5.694813045539695,0.0,0.0,12.212880531594106,0.0,34.447794152161244,7.715746276229936,0.0,39.40297844818795,0.0,0.0,0.0,0.0,0.0,0.0,9.809162167653113,5.239196666795181,10.596677335972672,4.504706361083105,1.7308489796156643,0.0,52.0,7.8,41.0,45.0,0.0,0.46825429387137696,1.0,21.489097193551846,16.58619433551911,2.5626658704928627,31.601613519929185,60.034850084491346,60.034850084491346,0.0,0.0,0.0,0.0,0.0,0.0,0.0,0.0,7.105427357601002e-15,0.0,0.0,0.0,0.0,0.0,-0.02775368908375153,0.0
0,spring_irrigation,春季灌溉日,55.0,0.75,0.25,31.651959135961715,22.299088041727693,5.6950105433735,0.0,5.0,-5.0,0.0,62.17307588903426,0.0,0.0,0.0,0.0,0.0,9.322085017788151,29.830672056922083,1.8983368477911666,5.6950105433735,0.0,0.0,14.30069488749323,0.0,37.842486798233274,7.53158401519439,0.0,41.17202816257253,0.0,0.0,0.0,0.0,0.0,0.0,9.820228663807073,5.243513685823754,10.613718722875086,4.505800240548684,1.7321523365702114,0.0,52.0,7.8,41.0,45.0,0.0,0.4849318305494013,1.0,21.52333221245397,16.72431603129577,2.562754744518075,31.651959135961715,62.17307588903426,62.17307588903426,0.0,0.0,0.0,0.0,0.0,0.0,0.0,0.0,-7.105427357601002e-15,0.0,0.0,0.0,0.0,0.0,0.0001974978338052935,0.0
0,spring_irrigation,春季灌溉日,55.0,1.0,0.25,31.620011249020244,22.373743763795066,5.711438524702766,0.0,5.0,-5.0,0.0,62.09147989247176,0.0,0.0,0.0,0.0,0.0,9.322085017788151,29.830672056922083,1.9038128415675886,5.711438524702766,0.0,0.0,14.245570784095776,0.0,41.22391773511611,7.456928293127017,0.0,42.922462618108916,0.0,0.0,0.0,0.0,0.0,0.0,9.83585145641362,5.248996543118046,10.633187483064974,4.5071204969234175,1.7337120290608987,0.0,52.0,7.8,41.0,45.0,0.0,0.4842954056112307,1.0,21.501607649333767,16.7803078228463,2.5701473361162446,31.620011249020244,62.09147989247176,62.09147989247176,0.0,0.0,0.0,0.0,0.0,0.0,0.0,0.0,3.552713678800501e-15,0.0,0.0,0.0,0.0,0.0,0.01642798132926604,0.0
0,spring_irrigation,春季灌溉日,55.0,1.25,0.25,31.797135385890993,22.610810784158854,5.632110300507578,0.0,5.0,-5.0,0.0,63.003178315024606,0.0,0.0,0.0,0.0,0.0,9.322085017788151,29.830672056922083,1.8773701001691927,5.632110300507578,0.0,0.0,15.006587811176267,0.0,44.78592114438372,7.219861272763229,0.0,44.61571843908113,0.0,0.0,0.0,0.0,0.0,0.0,9.856239648124257,5.255913898400621,10.655317294581257,4.508707192346344,1.7355704682241124,0.0,52.0,7.8,41.0,45.0,0.0,0.4914063869908013,1.0,21.622052062405878,16.95810808811914,2.5344496352284103,31.797135385890993,63.003178315024606,63.003178315024606,0.0,0.0,0.0,0.0,0.0,0.0,0.0,0.0,0.0,0.0,0.0,0.0,0.0,0.0,-0.07932822419518804,0.0
0,spring_irrigation,春季灌溉日,55.0,1.5,0.25,31.66570872223631,22.78847934649379,5.812943760310877,0.0,5.0,-5.0,0.0,62.85449204164567,0.0,0.0,0.0,0.0,0.0,9.322085017788151,29.830672056922083,1.9376479201036256,5.812943760310877,0.0,0.0,14.92905038151758,0.0,48.329331313936926,7.042192710428292,0.0,46.26593134858831,0.0,0.0,0.0,0.0,0.0,0.0,9.881723512619402,5.264582951559522,10.680344201526763,4.510605948421964,1.7377753460189784,0.0,52.0,7.8,41.0,45.0,0.0,0.49024667749121176,1.0,21.532681931120692,17.091359509870344,2.6158246921398947,31.66570872223631,62.85449204164567,62.85449204164567,0.0,0.0,0.0,0.0,0.0,0.0,0.0,0.0,-3.552713678800501e-15,0.0,0.0,0.0,0.0,0.0,0.18083345980329923,0.0
0,spring_irrigation,春季灌溉日,55.0,1.75,0.25,31.733182571248353,22.93126706752056,5.884898676186372,0.0,5.0,-5.0,0.0,54.35687481568021,0.0,9.325524339114416,0.0,0.0,0.0,9.322085017788151,29.830672056922083,1.9616328920621242,5.884898676186372,0.0,0.0,6.339974334581574,0.0,49.83265875183435,6.899404989401521,0.0,47.88140706789688,0.0,0.0,0.0,0.0,0.0,0.0,9.912807521495449,5.275374632697171,10.70850270839529,4.51286839609892,1.7403799405145783,0.0,52.0,7.8,41.0,45.0,0.0,0.496704111133722,1.0,21.57856414844888,17.19845030064042,2.6482044042838675,31.733182571248353,63.68239915479462,54.35687481568021,9.325524339114416,0.0,0.0,0.0,0.0,0.0,0.0,0.0,0.0,0.0,0.0,0.0,0.0,0.0,0.0719549158754953,0.0
0,spring_irrigation,春季灌溉日,55.0,2.0,0.25,32.15257595396745,23.279687031202833,5.886962283352347,0.0,5.0,-5.0,0.0,51.98425617386249,0.0,14.36023395761488,0.0,0.0,0.0,9.322085017788151,29.830672056922083,1.9623207611174491,5.886962283352347,0.0,0.0,0.010491086053015783,0.0,49.83265875183435,6.55098502571925,0.0,49.413325307971256,3.5367833549364196,0.0,0.0,0.0,0.0,0.0,9.95023332540903,5.288718411888175,10.740021304450194,4.515552595153539,1.743443365666653,0.0,52.0,7.8,41.0,45.0,0.0,0.5174676431281153,1.0,21.863751648697868,17.459765273402127,2.6491330275085563,35.68935930890387,66.34449013147737,51.98425617386249,14.36023395761488,0.0,0.0,0.0,0.0,0.0,0.0,0.0,1.4210854715202004e-14,0.0,0.0,0.0,0.0,0.0,0.002063607165974979,0.0
0,spring_irrigation,春季灌溉日,55.0,2.25,0.25,32.42177377391137,23.435186763635294,5.771287069503808,0.0,5.0,-5.0,0.0,52.24450734938405,0.0,16.75952043056462,0.0,0.0,0.0,9.322085017788151,29.830672056922083,1.9237623565012694,5.771287069503808,0.0,0.0,0.010491086053015783,0.0,49.83265875183435,6.395485293286789,0.0,50.90754640247289,3.5663951151302506,0.0,0.0,0.0,0.0,0.0,9.99504897483637,5.305106424150434,10.775117459531034,4.518723405843835,1.7470307476126983,0.0,52.0,7.8,41.0,45.0,0.0,0.5382112599083124,1.0,22.04680616625973,17.57639007272647,2.5970791812767136,35.98816888904162,69.00402777994867,52.24450734938405,16.75952043056462,0.0,0.0,0.0,0.0,0.0,0.0,0.0,0.0,0.0,0.0,0.0,0.0,0.0,-0.1156752138485393,0.0
0,spring_irrigation,春季灌溉日,55.0,2.5,0.25,32.66353443718609,23.66055283576531,5.771453861645391,0.0,5.0,-5.0,0.0,52.512917282999524,0.0,16.77702767750756,0.0,0.0,0.0,9.322085017788151,29.830672056922083,1.923817953881797,5.771453861645391,0.0,0.0,0.010491086053015783,0.0,49.83265875183435,6.170119221156774,0.0,52.34749594429639,3.5929887880904694,0.0,0.0,0.0,0.0,0.0,10.048677050125622,5.325096554259678,10.813992157972052,4.522452792985491,1.751213308016154,0.0,52.0,7.8,41.0,45.0,0.0,0.5404413303973642,1.0,22.21120341728654,17.74541462682398,2.5971542377404258,36.25652322527655,69.28994496050709,52.512917282999524,16.77702767750756,0.0,0.0,0.0,0.0,0.0,0.0,0.0,1.4210854715202004e-14,0.0,0.0,0.0,0.0,0.0,0.0001667921415826612,0.0
0,spring_irrigation,春季灌溉日,55.0,2.75,0.25,32.89926901490866,24.030004370078792,5.727052444964369,0.0,5.0,-5.0,0.0,49.140862600404624,0.0,20.107368998553433,0.0,0.0,0.0,9.322085017788151,29.830672056922083,1.9090174816547896,5.727052444964369,0.0,0.0,0.010491086053015783,0.0,49.83265875183435,5.8006676868432905,0.0,53.69898077194953,0.0,0.0,0.0,0.0,0.0,0.0,10.112970043782079,5.3493140808606086,10.856824064242273,4.526820040571981,1.7560683338523049,0.0,52.0,7.8,41.0,45.0,0.0,0.5401159783621772,1.0,22.37150293013789,18.022503277559096,2.5771736002339662,32.89926901490866,69.24823159895806,49.140862600404624,20.107368998553433,0.0,0.0,0.0,0.0,0.0,0.0,0.0,0.0,0.0,0.0,0.0,0.0,0.0,-0.04440141668102182,0.0
0,spring_irrigation,春季灌溉日,55.0,3.0,0.25,32.961012593684394,24.302150984821022,5.621120002110688,0.0,5.0,-5.0,0.0,49.16729536489579,0.0,19.044665331553446,0.0,0.0,0.0,9.322085017788151,29.830672056922083,1.8737066673702294,5.621120002110688,0.0,0.0,0.010491086053015783,0.0,49.83265875183435,5.528521072101061,0.0,54.985155036187564,0.0,0.0,0.0,0.0,0.0,0.0,10.190236906415008,5.378451444172439,10.90376344154715,4.531911853237057,1.7616790123664805,0.0,52.0,7.8,41.0,45.0,0.0,0.5320333680278329,1.0,22.41348856370539,18.226613238615766,2.5295040009498098,32.961012593684394,68.21196069644924,49.16729536489579,19.044665331553446,0.0,0.0,0.0,0.0,0.0,0.0,0.0,7.105427357601002e-15,0.0,0.0,0.0,0.0,0.0,-0.10593244285368097,0.0
0,spring_irrigation,春季灌溉日,55.0,3.25,0.25,33.30069993366272,24.67708585212846,5.464433540616786,0.0,5.0,-5.0,0.0,49.45475388437615,0.0,15.815142091263844,0.0,0.0,0.0,9.322085017788151,29.830672056922083,1.8214778468722619,5.464433540616786,0.0,0.0,0.010491086053015783,0.0,49.83265875183435,5.153586204793623,0.0,56.18163918230796,0.0,0.0,0.0,0.0,0.0,0.0,10.283221128857399,5.4132656812450755,10.954925971858293,4.5378223194723715,1.7681341098679377,0.0,52.0,7.8,41.0,45.0,0.0,0.5090861226124187,1.0,22.644475954890652,18.507814389096346,2.4589950932775535,33.30069993366272,65.26989597564,49.45475388437615,15.815142091263844,0.0,0.0,0.0,0.0,0.0,0.0,0.0,0.0,0.0,0.0,0.0,0.0,0.0,-0.1566864614939023,0.0
0,spring_irrigation,春季灌溉日,55.0,3.5,0.25,33.300260259526816,25.152953826977075,5.442305966332503,0.0,5.0,-5.0,0.0,53.10996698069343,0.0,10.347045116100986,0.0,0.0,0.0,9.322085017788151,29.830672056922083,1.814101988777501,5.442305966332503,0.0,0.0,0.010491086053015783,0.0,49.83265875183435,4.6777182299450075,0.0,57.26450644232875,3.66302862854795,0.0,0.0,0.0,0.0,0.0,10.395009413379398,5.4545730722215575,11.010386651381435,4.54465271070702,1.7755274736669184,0.0,52.0,7.8,41.0,45.0,0.0,0.4949461579191624,1.0,22.644176976478235,18.86471537023281,2.4490376848496265,36.963288888074764,63.457012096794415,53.10996698069343,10.347045116100986,0.0,0.0,0.0,0.0,0.0,0.0,0.0,0.0,0.0,0.0,0.0,0.0,0.0,-0.02212757428428258,0.0
0,spring_irrigation,春季灌溉日,55.0,3.75,0.25,33.571069034432966,25.68130167573259,5.471932425955609,0.0,5.0,-5.0,0.0,49.727622613592665,0.0,11.584232390849742,0.0,0.0,0.0,9.322085017788151,29.830672056922083,1.8239774753185365,5.471932425955609,0.0,0.0,0.010491086053015783,0.0,49.83265875183435,4.149370381189492,0.0,58.22134965464009,0.0,0.0,0.0,0.0,0.0,0.0,10.52885234321831,5.503240565354152,11.070173957918811,4.552511090274011,1.7839573379262563,0.0,52.0,7.8,41.0,45.0,0.0,0.4782145592209264,1.0,22.828326943414417,19.260976256799445,2.4623695916800243,33.571069034432966,61.31185500444241,49.727622613592665,11.584232390849742,0.0,0.0,0.0,0.0,0.0,0.0,0.0,-7.105427357601002e-15,0.0,0.0,0.0,0.0,0.0,0.02962645962310617,0.0
0,spring_irrigation,春季灌溉日,55.0,4.0,0.25,33.8556142573304,26.25870180745702,5.536241746417611,0.0,5.0,-5.0,0.0,53.757721844950446,0.0,6.770718761171366,0.0,0.0,0.0,9.322085017788151,29.830672056922083,1.8454139154725369,5.536241746417611,0.0,0.0,0.010491086053015783,0.0,49.83265875183435,3.571970249465064,0.0,59.04058191406073,3.7241175683063443,0.0,0.0,0.0,0.0,0.0,10.687885732733138,5.560173602099747,11.134264504430655,4.56151170707277,1.793525416576284,0.0,52.0,7.8,41.0,45.0,0.0,0.47210415575730486,1.0,23.021817694984676,19.694026355592765,2.491308785887925,37.57973182563675,60.52844060612181,53.757721844950446,6.770718761171366,0.0,0.0,0.0,0.0,0.0,0.0,0.0,-7.105427357601002e-15,0.0,0.0,0.0,0.0,0.0,0.06430932046200155,0.0
0,spring_irrigation,春季灌溉日,55.0,4.25,0.25,34.038668911443686,26.767292134928635,5.557418590235083,0.0,5.0,-5.0,0.0,53.96797145895535,0.0,4.13277781217316,0.0,0.0,0.0,9.322085017788151,29.830672056922083,1.8524728634116945,5.557418590235083,0.0,0.0,0.010491086053015783,0.0,49.83265875183435,3.063379921993448,0.0,59.73861435457715,3.7442535802588055,0.0,0.0,0.0,0.0,0.0,10.874754103921626,5.62630005008622,11.202578404828042,4.57177415051892,1.8043357698048252,0.0,52.0,7.8,41.0,45.0,0.0,0.45316887249758014,1.0,23.146294859781708,20.075469101196475,2.5008383656057873,37.78292249170249,58.10074927112851,53.96797145895535,4.13277781217316,0.0,0.0,0.0,0.0,0.0,0.0,0.0,0.0,0.0,0.0,0.0,0.0,0.0,0.021176843817472424,0.0
0,spring_irrigation,春季灌溉日,55.0,4.5,0.25,34.28806991012923,27.597868290798477,5.602036753365284,0.0,5.0,-5.0,0.0,50.48799159842549,0.0,7.8366771695271,0.0,0.0,0.0,9.322085017788151,29.830672056922083,1.8673455844550946,5.602036753365284,0.0,0.0,0.010491086053015783,0.0,49.83265875183435,2.232803766123606,0.0,60.23903594185422,0.0,0.0,0.0,0.0,0.0,0.0,11.091155434430153,5.702550073337913,11.27497558216403,4.583422246266781,1.8164934350259616,0.0,52.0,7.8,41.0,45.0,0.0,0.45491537916365543,1.0,23.31588753888788,20.69840121809886,2.5209165390143777,34.28806991012923,58.32466876795259,50.48799159842549,7.8366771695271,0.0,0.0,0.0,0.0,0.0,0.0,0.0,-7.105427357601002e-15,0.0,0.0,0.0,0.0,0.0,0.04461816313020073,0.0
0,spring_irrigation,春季灌溉日,55.0,4.75,0.25,34.97738486033079,28.15010944061038,5.688768112708146,0.0,5.0,-5.0,0.0,51.20621700174133,0.0,6.0558523706929535,0.0,0.0,0.0,9.322085017788151,29.830672056922083,1.8962560375693822,5.688768112708146,0.0,0.0,0.010491086053015783,0.0,49.83265875183435,1.680562616311704,0.0,60.60805004525732,0.0,0.0,0.0,0.0,0.0,0.0,11.337346951115439,5.789831926296887,11.351253244595664,4.596582676284135,1.8301028186594543,0.0,52.0,7.8,41.0,45.0,0.0,0.4466274142746565,1.0,23.784621705024936,21.112582080457784,2.559945650718666,34.97738486033079,57.26206937243428,51.20621700174133,6.0558523706929535,0.0,0.0,0.0,0.0,0.0,0.0,0.0,-7.105427357601002e-15,0.0,0.0,0.0,0.0,0.0,0.08673135934286247,0.0
0,spring_irrigation,春季灌溉日,55.0,5.0,0.25,35.397195637623064,28.656746947505827,5.85103718026324,0.0,5.0,-5.0,0.0,51.68011746821865,0.0,4.526276127921761,0.0,0.0,0.0,9.322085017788151,29.830672056922083,1.9503457267544133,5.85103718026324,0.0,0.0,0.010491086053015783,0.0,49.83265875183435,1.1739251094162562,0.0,60.85655323372103,0.0,0.0,0.0,0.0,0.0,0.0,11.611671817017225,5.889003849058259,11.431144739656018,4.611383312205518,1.8452658514823517,0.0,52.0,7.8,41.0,45.0,0.0,0.4383934515931489,1.0,24.070093033583685,21.49256021062937,2.632966731118458,35.397195637623064,56.20639359614041,51.68011746821865,4.526276127921761,0.0,0.0,0.0,0.0,0.0,0.0,0.0,0.0,0.0,0.0,0.0,0.0,0.0,0.1622690675550933,0.0
0,spring_irrigation,春季灌溉日,55.0,5.25,0.25,35.98852569706276,29.291417515687684,5.946920545683205,0.0,5.0,-5.0,0.0,55.82078140598372,0.0,0.0,0.0,0.0,0.0,9.322085017788151,29.830672056922083,1.9823068485610682,5.946920545683205,0.0,0.0,0.010491086053015783,0.0,49.83265875183435,0.5392545412343992,0.0,60.95419791064734,3.5173727565187285,0.0,0.0,0.0,0.0,0.0,11.91018151168615,6.00084246145979,11.514319971713618,4.6279512574984665,1.8620799176630443,0.0,52.0,7.8,41.0,45.0,0.0,0.43538578915115245,1.0,24.47219747400268,21.968563136765763,2.676114245557442,39.505898453581494,55.82078140598372,55.82078140598372,0.0,0.0,0.0,0.0,0.0,0.0,0.0,0.0,0.0,0.0,0.0,0.0,0.0,0.0,0.09588336541996512,0.0
0,spring_irrigation,春季灌溉日,55.0,5.5,0.25,36.40359827586393,29.954742947580122,6.017184158141165,0.0,5.0,-5.0,0.0,52.74190243241882,0.0,1.1442601518009141,0.0,0.0,0.0,9.322085017788151,29.830672056922083,2.005728052713722,6.017184158141165,0.0,0.0,0.010491086053015783,0.0,49.83265875183435,0.0,0.12407089065803945,60.89107057730832,0.0,0.0,0.0,0.0,0.0,0.0,12.226433733752835,6.126008296060231,11.600387530629064,4.646410601804602,1.8806355757221045,0.0,52.0,7.8,41.0,45.0,0.0,0.42029632746314216,1.0,24.754446827587472,22.466057210685094,2.7077328711635245,36.40359827586393,53.88616258421973,52.74190243241882,1.1442601518009141,0.0,0.0,0.0,0.0,0.0,0.0,0.0,0.0,0.0,0.0,0.0,0.0,0.0,0.07026361245796053,0.0
0,spring_irrigation,春季灌溉日,55.0,5.75,0.25,37.06776141742135,30.537613719167645,6.1486277099095386,0.0,5.0,-5.0,0.0,51.99870471851146,0.0,0.0,0.0,0.0,0.0,8.998598050508082,28.795513761625866,2.049542569969846,6.1486277099095386,0.0,0.0,0.0,1.1171973193878166,49.53616782432102,0.0,1.7420999575417788,60.402177684771836,0.0,0.0,0.0,0.0,0.0,0.0,12.55153690905619,6.265009364636482,11.688898631664683,4.666879899763706,1.9010140983968118,0.0,52.0,7.8,41.0,45.0,0.0,0.4055747074561737,1.0,25.206077763846523,22.903210289375735,2.7668824694592926,37.06776141742135,51.99870471851146,51.99870471851146,0.0,0.0,0.0,0.0,0.0,0.0,0.0,0.0,0.0,0.0,0.0,0.0,0.0,-1.0351582952962168,0.1314435517683732,0.0
0,spring_irrigation,春季灌溉日,55.0,6.0,0.25,37.74600474489888,31.056249958578142,6.153137947921031,0.0,5.0,-5.0,0.4598593604980721,51.07933392290666,9.992007221626409e-16,0.0,0.0,0.0,0.0,8.998598050508082,28.795513761625866,2.0510459826403435,6.153137947921031,0.0,0.0,0.0,2.2564554946425766,48.939886938392284,0.0,2.2607361969522763,59.777046017784116,0.0,0.0,0.0,0.0,0.0,0.0,12.874488228218155,6.41816390702862,11.779352908350564,4.6894693965312575,1.9232848674778156,0.0,52.0,7.8,41.0,45.0,0.01388224328883126,0.3984038838079757,1.0,25.667283226531243,23.292187468933605,2.768912076564464,37.74600474489888,51.539193283404735,51.539193283404735,9.992007221626409e-16,0.0,0.0,0.0,0.0,0.0,0.0,0.0,0.0,0.0,0.0,0.0,0.0,0.0,0.004510238011492085,0.0
0,spring_irrigation,春季灌溉日,55.0,6.25,0.25,38.49541182901382,31.40015887391489,6.237979742092146,0.0,5.0,-5.0,0.7218336350392818,49.24004781436325,-1.2212453270876722e-15,0.0,0.0,0.0,0.0,8.998598050508082,28.795513761625866,2.079326580697382,6.237979742092146,0.0,0.0,0.0,4.611455010816751,47.72389915172517,0.0,2.604645112289024,59.06172457048864,0.0,0.0,0.0,0.0,0.0,0.0,13.182814114102749,6.585563710145262,11.871206032565768,4.714278032830902,1.9475026688481034,0.0,52.0,7.8,41.0,45.0,0.02179072776690541,0.384057989435435,1.0,26.176880043729398,23.550119155436168,2.807090883941466,38.49541182901382,49.96188144940253,49.96188144940253,-1.2212453270876722e-15,0.0,0.0,0.0,0.0,0.0,0.0,0.0,0.0,0.0,0.0,0.0,0.0,0.0,0.08484179417111548,0.0
0,spring_irrigation,春季灌溉日,55.0,6.5,0.25,39.00739886891425,31.741094341032717,6.356028969268824,0.0,5.0,-5.0,1.4687257591818934,48.39742877495034,-3.1086244689504383e-15,0.0,0.0,0.0,0.0,8.998598050508082,28.795513761625866,2.1186763230896077,6.356028969268824,0.0,0.0,0.0,5.258518708379707,46.337692244036084,0.0,2.945580579406851,58.25704092414897,0.0,0.0,0.0,0.0,0.0,0.0,13.463475198606309,6.767039592302193,11.963879061509983,4.741390273451254,1.9737049418543704,0.0,52.0,7.8,41.0,45.0,0.04433792168860686,0.37748580706556856,1.0,26.525031230861693,23.805820755774537,2.8602130361709706,39.00739886891425,49.866154534132235,49.866154534132235,-3.1086244689504383e-15,0.0,0.0,0.0,0.0,0.0,0.0,0.0,7.105427357601002e-15,0.0,0.0,0.0,0.0,0.0,0.11804922717667754,0.0
0,spring_irrigation,春季灌溉日,55.0,6.75,0.25,39.87236358968557,31.668442756691213,6.38669736464699,0.0,5.0,-5.0,2.2577358401631216,52.573378083268686,4.440892098500626e-16,0.0,0.0,0.0,0.0,8.998598050508082,28.795513761625866,2.1288991215489967,6.38669736464699,0.0,0.0,0.0,1.1687468383108417,46.02781040197367,0.0,2.8729289950653474,57.471878457617066,0.0,0.0,0.0,0.0,0.0,0.0,13.703950287135397,6.9621308066597605,12.056769332108987,4.7708728142498655,2.0019090454130857,0.0,52.0,7.8,41.0,45.0,0.06815657330778557,0.41005699183337074,1.0,27.11320724098619,23.751332067518412,2.8740138140911453,39.87236358968557,54.83111392343181,54.83111392343181,4.440892098500626e-16,0.0,0.0,0.0,0.0,0.0,0.0,0.0,7.105427357601002e-15,0.0,0.0,0.0,0.0,0.0,0.030668395378166124,0.0
0,spring_irrigation,春季灌溉日,55.0,7.0,0.25,48.9269707481529,31.65438691594452,6.374156198015402,0.0,5.0,-5.0,3.537337124377295,54.79358601938786,1.3322676295501878e-15,0.0,0.0,0.0,0.0,8.998598050508082,28.795513761625866,2.1247187326718007,6.374156198015402,0.0,0.0,0.0,6.7193643875676266,44.25725522525156,0.0,2.8588731543186547,56.690807477778094,0.0,0.0,0.0,0.0,0.0,0.0,13.893374905863718,7.170060210492144,12.149262642904743,4.802771233561842,2.0321096105102945,8.5,88.0,13.2,41.0,45.0,0.10678520167999529,0.4273739651898791,1.0,33.27034010874397,23.740790186958392,2.868370289106931,48.9269707481529,58.330923143765155,58.330923143765155,1.3322676295501878e-15,0.0,0.0,0.0,0.0,0.0,0.0,0.0,7.105427357601002e-15,0.0,0.0,0.0,0.0,0.0,-0.012541166631588219,0.0
0,spring_irrigation,春季灌溉日,55.0,7.25,0.25,49.41538521323825,31.560286578314784,6.403425628603345,0.0,5.0,-5.0,4.718337935640967,57.75009978373223,3.552713678800501e-15,0.0,0.0,0.0,0.0,8.998598050508082,28.795513761625866,2.134475209534448,6.403425628603345,0.0,0.0,0.0,3.0800207539075863,43.4445105851462,0.0,2.764772816688918,55.9348902801737,0.0,0.0,0.0,0.0,0.0,0.0,14.02358873439263,7.3897170589453705,12.240746385326313,4.837106663981148,2.0642760546006094,8.5,88.0,13.2,41.0,45.0,0.14243727706346054,0.45043390892415536,1.0,33.60246194500201,23.670214933736087,2.881541532871505,49.41538521323825,62.4684377193732,62.4684377193732,3.552713678800501e-15,0.0,0.0,0.0,0.0,0.0,0.0,0.0,7.105427357601002e-15,0.0,0.0,0.0,0.0,0.0,0.02926943058794329,0.0
0,spring_irrigation,春季灌溉日,55.0,7.5,0.25,49.70894137633568,31.304470111770517,6.565360509033296,0.0,5.0,-5.0,6.330615628172076,62.606417817623814,-7.105427357601002e-15,0.0,0.0,0.0,0.0,8.998598050508082,28.795513761625866,2.1884535030110985,6.565360509033296,0.0,0.0,3.041040515941031,0.0,44.16458548215294,0.0,2.5089563501446506,55.24667116394291,0.0,0.0,0.0,0.0,0.0,0.0,14.08994854284147,7.6196492000371485,12.330623214504621,4.87387256931688,2.098350337462102,8.5,88.0,13.2,41.0,45.0,0.19110874729868688,0.4883117710088342,1.0,33.80208013590826,23.47835258382789,2.954412229064983,49.70894137633568,68.93703344579589,68.93703344579589,-7.105427357601002e-15,0.0,0.0,0.0,0.0,0.0,0.0,0.0,0.0,0.0,0.0,0.0,0.0,0.0,0.16193488042995074,0.0
0,spring_irrigation,春季灌溉日,55.0,7.75,0.25,50.14237807820871,30.867314754479487,6.946960137798364,0.0,5.0,-5.0,7.907511222314355,65.6443111974917,6.217248937900877e-15,0.0,0.0,0.0,0.0,8.998598050508082,28.795513761625866,2.3156533792661214,6.946960137798364,0.0,0.0,7.095192911823144,0.0,45.84748556943682,0.0,2.071800992853621,54.673837040767886,0.0,0.0,0.0,0.0,0.0,0.0,14.091790605071209,7.858066262934199,12.418324788782202,4.91303171864422,2.134245039963459,8.5,88.0,13.2,41.0,45.0,0.23871210206188984,0.5120064519723841,1.0,34.096817093181926,23.150486065859617,3.1261320620092636,50.14237807820871,73.55182241980606,73.55182241980606,6.217248937900877e-15,0.0,0.0,0.0,0.0,0.0,0.0,0.0,0.0,0.0,0.0,0.0,0.0,0.0,0.38159962876506803,0.0
0,spring_irrigation,春季灌溉日,55.0,8.0,0.25,50.57890220879519,30.396302401873587,7.267652722855844,0.0,5.0,-5.0,9.767843137281488,65.17510451693263,-3.552713678800501e-15,0.0,0.0,0.0,0.0,8.998598050508082,28.795513761625866,2.4225509076186147,7.267652722855844,0.0,0.0,7.942896487292234,0.0,47.731631110890255,0.0,1.6007886402477212,54.22523995376126,0.0,0.0,0.0,0.0,0.0,0.0,14.032475082815562,8.102855139861996,12.503325061083858,4.95451345430169,2.1718418466392184,8.5,90.64,13.596,41.0,45.0,0.29487183797240674,0.5083467769240463,1.0,34.39365350198074,22.79722680140519,3.2704437252851295,50.57890220879519,74.94294765421412,74.94294765421412,-3.552713678800501e-15,0.0,0.0,0.0,0.0,0.0,0.0,0.0,7.105427357601002e-15,0.0,0.0,0.0,0.0,0.0,0.32069258505748,0.0
0,spring_irrigation,春季灌溉日,55.0,8.25,0.25,50.812710291729296,29.817708786192604,7.379542483914789,0.0,5.0,-5.0,11.467046739976752,67.23989567957074,3.552713678800501e-15,0.0,0.0,0.0,0.0,8.998598050508082,28.795513761625866,2.459847494638263,7.379542483914789,0.0,0.0,8.856480936840578,0.0,49.83265875183435,0.0,1.022195024566738,53.929128643108925,2.5793056458312638,0.0,0.0,0.0,0.0,0.0,13.919006017567334,8.351608664873236,12.585152578427813,4.998211352998994,2.210990509706667,8.5,90.64,13.596,41.0,45.0,0.34616742926867905,0.5244515448462156,1.0,34.55264299837592,22.36328158964445,3.320794117761655,53.39201593756056,78.70694241954749,78.70694241954749,3.552713678800501e-15,0.0,0.0,0.0,0.0,0.0,0.0,0.0,7.105427357601002e-15,0.0,0.0,0.0,0.0,0.0,0.11188976105894533,0.0
0,spring_irrigation,春季灌溉日,55.0,8.5,0.25,50.707506758787346,29.115679644196224,7.556810381411959,0.0,5.0,-5.0,5.8616397738791335,66.9517186587399,7.651790736818755,0.0,0.0,0.0,0.0,8.998598050508082,28.795513761625866,2.5189367938039866,7.556810381411959,0.0,0.0,0.010491086053015783,0.0,49.83265875183435,0.0,0.3201658825703575,53.817909899163595,5.577825743466608,0.0,0.0,0.0,0.0,0.0,13.761282916034316,8.601667897852723,12.663401241641536,5.0439813785173095,2.2515083660373563,8.5,90.64,13.596,41.0,45.0,0.4079437022072087,0.5222038482631611,1.0,34.481104595975395,21.83675973314717,3.4005646716353817,56.28533250225395,80.4651491694378,72.81335843261904,7.651790736818755,0.0,0.0,0.0,0.0,0.0,0.0,0.0,0.0,0.0,0.0,0.0,0.0,0.0,0.17726789749717042,0.0
0,spring_irrigation,春季灌溉日,55.0,8.75,0.25,50.87872949406257,28.315973262528278,7.760873615172507,0.0,5.0,-5.0,8.872710122220155,64.19872662447456,6.3873765902608675,0.0,0.0,0.0,0.0,8.998598050508082,28.795513761625866,2.586957871724169,7.760873615172507,0.0,0.0,0.010491086053015783,0.0,49.83265875183435,0.4795404990975882,0.0,53.904891812749696,5.596660244346882,0.0,0.0,0.0,0.0,0.0,13.571091784309521,8.850177843718843,12.737738998600635,5.0916406205124645,2.293180469561384,8.5,90.64,13.596,41.0,45.0,0.4606717934845875,0.500731314572743,1.0,34.59753605596255,21.23697994689621,3.4923931268276283,56.47538973840945,79.45881333695559,73.07143674669472,6.3873765902608675,0.0,0.0,0.0,0.0,0.0,0.0,0.0,0.0,0.0,0.0,0.0,0.0,0.0,0.20406323376054747,0.0
0,spring_irrigation,春季灌溉日,55.0,9.0,0.25,51.21587367188964,27.770820515954806,7.964260135294969,0.0,5.0,-5.0,6.798232073479596,61.08148411340281,10.058600644426662,0.0,0.0,0.0,0.0,8.998598050508082,28.795513761625866,2.6547533784316566,7.964260135294969,0.0,0.0,0.010491086053015783,0.0,49.83265875183435,1.0246932456710596,0.0,54.121304012690196,0.0,0.0,0.0,0.0,0.0,0.0,13.36097555473296,9.094155795212528,12.807913992790407,5.14096670648026,2.3357603896906465,8.5,90.64,13.596,41.0,45.0,0.508874392848389,0.4764177335644877,1.0,34.82679409688496,20.828115386966104,3.583917060882736,51.21587367188964,77.93831683130907,67.8797161868824,10.058600644426662,0.0,0.0,0.0,0.0,0.0,0.0,0.0,7.105427357601002e-15,0.0,0.0,0.0,0.0,0.0,0.2033865201224625,0.0
0,spring_irrigation,春季灌溉日,55.0,9.25,0.25,51.58329830001796,27.208233251952468,8.24326984929252,0.0,5.0,-5.0,10.405805518495129,58.19600172977246,8.023879187654416,0.0,0.0,0.0,0.0,8.998598050508082,28.795513761625866,2.74775661643084,8.24326984929252,0.0,0.0,0.010491086053015783,0.0,49.83265875183435,1.5872805096733984,0.0,54.47122248173129,0.2616631952576878,0.0,0.0,0.0,0.0,0.0,13.143131265968776,9.330570809099097,12.87375776517024,5.191697962944294,2.3789717117764724,8.5,90.64,13.596,41.0,45.0,0.5563556791583297,0.45391181385079526,1.0,35.07664284401221,20.40617493896435,3.709471432181634,51.84496149527565,76.625686435922,68.60180724826759,8.023879187654416,0.0,0.0,0.0,0.0,0.0,0.0,0.0,0.0,0.0,0.0,0.0,0.0,0.0,0.27900971399755115,0.0
0,spring_irrigation,春季灌溉日,55.0,9.5,0.25,51.74245221730801,26.750513825116418,8.442498912519962,0.0,5.0,-5.0,14.541503901949433,54.02420375609301,5.335097493558973,0.0,0.0,0.0,0.0,8.998598050508082,28.795513761625866,2.814166304173321,8.442498912519962,0.0,0.0,0.010491086053015783,0.0,49.83265875183435,2.0449999365094484,0.0,54.92967435541142,0.0,0.0,0.0,0.0,0.0,0.0,12.928464489322701,9.556432141060757,12.935185210193577,5.2435343874494835,2.422510258669528,8.5,90.64,13.596,41.0,45.0,0.6000352282243624,0.42137300828052954,1.0,35.184867507769454,20.062885368837314,3.799124510633983,51.74245221730801,73.90080515160142,68.56570765804244,5.335097493558973,0.0,0.0,0.0,0.0,0.0,0.0,0.0,7.105427357601002e-15,0.0,0.0,0.0,0.0,0.0,0.19922906322744183,0.0
0,spring_irrigation,春季灌溉日,55.0,9.75,0.25,51.687581334955354,26.33510054021609,8.568413040813095,0.0,5.0,-5.0,21.20357214718429,51.63678637019882,3.552713678800501e-15,0.0,0.0,0.0,0.0,8.998598050508082,28.795513761625866,2.8561376802710314,8.568413040813095,0.0,0.0,0.010491086053015783,0.0,49.83265875183435,2.4604132214097767,0.0,55.48655765831854,4.287550365595626,0.0,0.0,0.0,0.0,0.0,12.72589555881178,9.76888380871087,12.99219111378107,5.29613947520614,2.4660470335489744,8.5,90.64,13.596,41.0,45.0,0.6400938469985369,0.4027518500593496,1.0,35.14755530776964,19.751325405162067,3.8557858683658925,55.97513170055098,72.84035851738311,72.84035851738311,3.552713678800501e-15,0.0,0.0,0.0,0.0,0.0,0.0,0.0,-7.105427357601002e-15,0.0,0.0,0.0,0.0,0.0,0.12591412829313242,0.0
0,spring_irrigation,春季灌溉日,55.0,10.0,0.25,51.890937372662684,25.8373984789607,8.91234667537874,0.0,5.0,-5.0,17.432204900529257,51.43860383382078,5.301815034155208,0.0,0.0,0.0,0.0,8.998598050508082,28.795513761625866,2.970782225126247,8.91234667537874,0.0,0.0,0.010491086053015783,0.0,49.83265875183435,2.9581152826651653,0.0,56.16136675912236,0.0,0.0,0.0,0.0,0.0,0.0,12.541965635788236,9.965301861921935,13.044843247787504,5.349142923597687,2.5092318638689,8.5,90.64,13.596,41.0,45.0,0.6862950344744628,0.40120608416672665,1.0,35.285837413410626,19.378048859220527,4.010556003920433,51.890937372662684,74.17262376850525,68.87080873435004,5.301815034155208,0.0,0.0,0.0,0.0,0.0,0.0,0.0,0.0,0.0,0.0,0.0,0.0,0.0,0.3439336345656461,0.0
0,spring_irrigation,春季灌溉日,55.0,10.25,0.25,52.16788743662465,25.129569724768082,9.124913988176566,0.0,5.0,-5.0,17.353674803020702,51.864939766223905,6.89528231591661,0.0,0.0,0.0,0.0,8.998598050508082,28.795513761625866,3.041637996058855,9.124913988176566,0.0,0.0,0.010491086053015783,0.0,49.83265875183435,3.665944036857784,0.0,57.003947784496525,0.0,0.0,0.0,0.0,0.0,0.0,12.380743076434058,10.143390452515625,13.093272156171755,5.402144214755273,2.551697705165552,8.5,90.64,13.596,41.0,45.0,0.7320279875588943,0.4045313799024279,1.0,35.47416345690477,18.84717729357606,4.106211294679455,52.16788743662465,76.11389688516121,69.21861456924461,6.89528231591661,0.0,0.0,0.0,0.0,0.0,0.0,0.0,0.0,0.0,0.0,0.0,0.0,0.0,0.21256731279782493,0.0
0,spring_irrigation,春季灌溉日,55.0,10.5,0.25,52.45401385597061,24.444760267803087,9.576510310015953,0.0,5.0,-5.0,25.231656179472743,49.657865821269205,-7.105427357601002e-15,0.0,0.0,0.0,0.0,8.998598050508082,28.795513761625866,3.192170103338651,9.576510310015953,0.0,0.0,0.010491086053015783,0.0,49.83265875183435,4.350753493822779,0.0,58.008749765387186,5.234248904871588,0.0,0.0,0.0,0.0,0.0,12.243990427374488,10.301272447607232,13.137657935373054,5.454717051666488,2.5930655422873583,8.5,90.64,13.596,41.0,45.0,0.761693725847407,0.3873168478404306,1.0,35.66872942206002,18.333570200852314,4.309429639507179,57.68826276084219,74.88952200074195,74.88952200074195,-7.105427357601002e-15,0.0,0.0,0.0,0.0,0.0,0.0,0.0,0.0,0.0,0.0,0.0,0.0,0.0,0.45159632183938747,0.0
0,spring_irrigation,春季灌溉日,55.0,10.75,0.25,52.636800661437405,24.07162311724338,9.911854856502037,0.0,5.0,-5.0,25.931597761538228,48.821838210572636,3.552713678800501e-15,0.0,0.0,0.0,0.0,8.998598050508082,28.795513761625866,3.3039516188340126,9.911854856502037,0.0,0.0,0.010491086053015783,0.0,49.83265875183435,4.723890644382486,0.0,59.101669418545306,4.803594555278353,0.0,0.0,0.0,0.0,0.0,12.13152537563986,10.437570155756214,13.178214476875885,5.506414597592846,2.632949805109906,8.5,90.64,13.596,41.0,45.0,0.7828235758947747,0.3807960766891285,1.0,35.79302444977744,18.053717337932536,4.4603346854259165,57.44039521671576,74.75343597211086,74.75343597211086,3.552713678800501e-15,0.0,0.0,0.0,0.0,0.0,0.0,0.0,-7.105427357601002e-15,0.0,0.0,0.0,0.0,0.0,0.335344546486084,0.0
0,spring_irrigation,春季灌溉日,55.0,11.0,0.25,52.723105402095186,23.63807124996706,10.227530471494198,0.0,5.0,-5.0,26.290368200147036,45.80848374227178,0.0,0.0,0.0,0.0,0.0,8.998598050508082,28.795513761625866,3.4091768238313995,10.227530471494198,0.0,0.0,0.010491086053015783,0.0,49.83265875183435,5.157442511658807,0.0,60.297011180355014,1.957480579931131,0.0,0.0,0.0,0.0,0.0,12.041697361012574,10.551471760801707,13.2151717944272,5.55677544278461,2.670964196758464,8.5,72.10000000000001,10.815000000000001,41.0,45.0,0.7936541448500607,0.3572927920677369,1.0,35.85171167342473,17.728553437475295,4.602388712172389,54.680585982026315,72.09885194241882,72.09885194241882,0.0,0.0,0.0,0.0,0.0,0.0,0.0,0.0,0.0,0.0,0.0,0.0,0.0,0.0,0.3156756149921609,0.0
0,spring_irrigation,春季灌溉日,55.0,11.25,0.25,52.87900864488936,23.188177803896888,10.458044611183482,0.0,5.0,-5.0,26.14632035998902,43.36939718727906,3.552713678800501e-15,0.0,0.0,0.0,0.0,8.150694031984221,26.082220902349512,3.4860148703944938,10.458044611183482,0.0,0.0,0.0,0.0,49.83016711889676,2.8940430984526273,0.0,60.95419791064734,0.0,0.0,0.0,0.0,0.0,0.0,11.97190422964634,10.642779306211432,13.248757192427256,5.605330197525103,2.7067278155469197,8.5,72.10000000000001,10.815000000000001,41.0,45.0,0.7893056258590841,0.3382686294206759,1.0,35.95772587852477,17.391133352922665,4.706120075032567,52.87900864488936,69.51571754726808,69.51571754726808,3.552713678800501e-15,0.0,0.0,0.0,0.0,0.0,0.0,0.0,7.105427357601002e-15,-3.552713678800501e-15,0.0,0.0,0.0,-2.713292859276354,0.23051413968928358,0.0
0,spring_irrigation,春季灌溉日,55.0,11.5,0.25,53.094205263175446,22.73603492418951,10.881823485665642,0.0,5.0,-5.0,26.324873876435383,39.409318394345014,7.105427357601002e-15,0.0,0.0,0.0,0.0,6.824914690229726,21.839727008735125,3.6272744952218807,10.881823485665642,0.0,0.0,0.0,2.8122021778466584,49.08762240584433,0.0,0.8963079154543863,60.68785030762507,0.0,0.0,0.0,0.0,0.0,0.0,11.919086719363866,10.711934555504651,13.279176136549788,5.6516085873581305,2.739871437972284,8.5,72.10000000000001,10.815000000000001,41.0,45.0,0.7946958028747267,0.3073811716149077,1.0,36.10405957895931,17.052026193142133,4.896820568549539,53.094205263175446,65.7341922707804,65.7341922707804,7.105427357601002e-15,0.0,0.0,0.0,0.0,0.0,0.0,0.0,0.0,0.0,0.0,0.0,0.0,-4.2424938936143874,0.42377887448216,0.0
0,spring_irrigation,春季灌溉日,55.0,11.75,0.25,53.211406367117974,22.281922923733113,11.176245407356125,0.0,5.0,-5.0,27.124174940317012,37.36365868179433,-7.105427357601002e-15,0.0,0.0,0.0,0.0,6.824914690229727,21.839727008735128,3.7254151357853753,11.176245407356125,0.0,0.0,0.0,4.273902571021738,47.96045682182358,0.0,0.44219591499798483,60.54113903641916,0.0,0.0,0.0,0.0,0.0,0.0,11.880157948958125,10.760019773780916,13.30659375449952,5.695146905883207,2.77004381981523,8.5,72.10000000000001,10.815000000000001,41.0,45.0,0.818825118885187,0.29142562341492984,1.0,36.183756329640225,16.711442192799836,5.029310433310257,53.211406367117974,64.48783362211134,64.48783362211134,-7.105427357601002e-15,0.0,0.0,0.0,0.0,0.0,0.0,0.0,0.0,0.0,0.0,0.0,0.0,3.552713678800501e-15,0.29442192169048376,0.0
0,spring_irrigation,春季灌溉日,55.0,12.0,0.25,44.86654013995065,21.893531485572513,11.588404721017044,0.0,5.0,-5.0,28.294201502400583,36.79408099137237,-3.552713678800501e-15,0.0,0.0,0.0,0.0,6.824914690229727,21.839727008735128,3.862801573672348,11.588404721017044,0.0,0.0,4.534026089920223,0.0,49.03488999533854,0.0,0.053804476837385096,60.496709394049006,0.0,0.0,0.0,0.0,0.0,0.0,11.852345670946532,10.788731421297669,13.331117917380272,5.735495663618433,2.7969178662134566,0.0,72.10000000000001,10.815000000000001,41.0,45.0,0.8541459034216738,0.2869830838090498,1.0,30.509247295166446,16.420148614179386,5.2147821244576695,44.86654013995065,65.08828249377295,65.08828249377295,-3.552713678800501e-15,0.0,0.0,0.0,0.0,0.0,0.0,0.0,0.0,0.0,0.0,0.0,0.0,0.0,0.4121593136609185,0.0
0,spring_irrigation,春季灌溉日,55.0,12.25,0.25,44.737413723684625,21.661626348217926,12.101471129137142,0.0,5.0,-5.0,29.268118502452268,36.478633695221816,-7.105427357601002e-15,0.0,0.0,0.0,0.0,6.824914690229727,21.839727008735128,4.03382370971238,12.101471129137142,0.0,0.0,3.369349477876121,0.0,49.83265875183435,0.1781006605172024,0.0,60.50875994622482,1.781250596171231,0.0,0.0,0.0,0.0,0.0,11.833443013426221,10.800325898479315,13.352784825942283,5.772227258905498,2.8201965198794525,0.0,72.10000000000001,10.815000000000001,41.0,45.0,0.883546528698068,0.2845226870444251,1.0,30.421441332105548,16.246219761163445,5.445662008111714,46.51866431985586,65.74675219767408,65.74675219767408,-7.105427357601002e-15,0.0,0.0,0.0,0.0,0.0,0.0,0.0,0.0,0.0,0.0,0.0,0.0,0.0,0.513066408120098,0.0
0,spring_irrigation,春季灌溉日,55.0,12.5,0.25,44.64942648216512,21.546738452897443,12.416096177734127,0.0,5.0,-5.0,29.80601888719024,34.877853393338704,-3.552713678800501e-15,0.0,0.0,0.0,0.0,6.824914690229727,21.839727008735128,4.138698725911376,12.416096177734127,0.0,0.0,0.010491086053015783,0.0,49.83265875183435,0.29298855583768457,0.0,60.54809034826316,4.0603412961697085,0.0,0.0,0.0,0.0,0.0,11.821976393498934,10.797537794281572,13.371547949118714,5.804943489303339,2.8396182196477957,0.0,72.10000000000001,10.815000000000001,41.0,45.0,0.8997846759394349,0.27203706829387336,1.0,30.361610007872283,16.160053839673083,5.587243279980357,48.70976777833483,64.68387228052894,64.68387228052894,-3.552713678800501e-15,0.0,0.0,0.0,0.0,0.0,0.0,0.0,0.0,0.0,0.0,0.0,0.0,0.0,0.3146250485969855,0.0
0,spring_irrigation,春季灌溉日,55.0,12.75,0.25,44.605829475018425,21.48648690318358,12.683373344891795,0.0,5.0,-5.0,30.024949576913073,33.73257471311152,-3.552713678800501e-15,0.0,0.0,0.0,0.0,6.824914690229727,21.839727008735128,4.227791114963932,12.683373344891795,0.0,0.0,0.010491086053015783,0.0,49.83265875183435,0.3532401055515493,0.0,60.60171082815752,3.08849792375949,0.0,0.0,0.0,0.0,0.0,11.817306347957976,10.783472513305995,13.387271035800197,5.833282719853247,2.8549617893015853,0.0,72.10000000000001,10.815000000000001,41.0,45.0,0.9063937598446362,0.26310422913560155,1.0,30.33196404301253,16.114865177387685,5.707518005201308,47.694327398777915,63.75752429002459,63.75752429002459,-3.552713678800501e-15,0.0,0.0,0.0,0.0,0.0,0.0,0.0,0.0,0.0,0.0,0.0,0.0,0.0,0.26727716715766725,0.0
0,spring_irrigation,春季灌溉日,55.0,13.0,0.25,44.4733756313386,21.23968153108655,13.158234724706752,0.0,5.0,-5.0,25.315598627451266,35.37926102173899,4.115482201791416,0.0,0.0,0.0,0.0,6.824914690229727,21.839727008735128,4.386078241568917,13.158234724706752,0.0,0.0,0.010491086053015783,0.0,49.83265875183435,0.6000454776485782,0.0,60.71392077368499,0.0,0.0,0.0,0.0,0.0,0.0,11.819678560682954,10.761476624226027,13.399725748880876,5.856926528266881,2.8660506289992798,0.0,72.10000000000001,10.815000000000001,41.0,45.0,0.8884660385781504,0.2759479013291498,1.0,30.241895429310247,15.929761148314913,5.921205626118039,44.4733756313386,64.81034185098167,60.694859649190256,4.115482201791416,0.0,0.0,0.0,0.0,0.0,0.0,0.0,0.0,0.0,0.0,0.0,0.0,0.0,0.474861379814957,0.0
0,spring_irrigation,春季灌溉日,55.0,13.25,0.25,44.45008766010457,21.187630684387123,13.623299787528133,0.0,5.0,-5.0,25.42436211059769,35.40223125496566,2.869754228149283,0.0,0.0,0.0,0.0,6.824914690229727,21.839727008735128,4.5410999291760445,13.623299787528133,0.0,0.0,0.010491086053015783,0.0,49.83265875183435,0.6520963243480047,0.0,60.8384366903308,0.0,0.0,0.0,0.0,0.0,0.0,11.830239561465014,10.73499070347649,13.408594260438436,5.87560565654106,2.8727560982735967,0.0,72.10000000000001,10.815000000000001,41.0,45.0,0.8541433324996479,0.2761270624384802,1.0,30.22605960887111,15.890723013290343,6.13048490438766,44.45008766010457,63.69634759371264,60.826593365563355,2.869754228149283,0.0,0.0,0.0,0.0,0.0,0.0,0.0,0.0,0.0,0.0,0.0,0.0,0.0,0.46506506282138105,0.0
0,spring_irrigation,春季灌溉日,55.0,13.5,0.25,51.11032139633963,21.16750386455271,13.882980842973511,0.0,3.3160807492890156,-3.3160807492890156,27.15735278668231,36.739963769033146,0.0,0.0,0.0,0.0,0.0,6.734678414850761,21.550970927522435,4.62766028099117,13.882980842973511,0.0,0.0,0.0,1.8914242857551227,49.33242388580331,0.38346706296972516,0.0,60.89909089944096,0.0,0.0,0.0,0.0,0.0,0.0,11.851026006933896,10.70739075522518,13.413476908468702,5.889105113564341,2.875,6.5,72.10000000000001,10.815000000000001,41.0,45.0,0.8198266923543969,0.28656098528299256,1.0,34.75501854951095,15.875627898414532,6.2473413793380805,51.11032139633963,63.897316555715456,63.897316555715456,0.0,0.0,0.0,0.0,0.0,0.0,0.0,0.0,0.0,0.0,0.0,1.6839192507109844,0.0,-0.2887560812126928,0.25968105544537856,0.0
0,spring_irrigation,春季灌溉日,55.0,13.75,0.25,50.94321382556272,21.32161257801613,14.144127380061635,0.0,3.3160807492890156,-3.3160807492890156,25.874559637391656,38.78588012821794,-7.105427357601002e-15,0.0,0.0,0.0,0.0,6.734678414850761,21.550970927522435,4.714709126687212,14.144127380061635,0.0,0.0,0.0,1.0482423507801144,49.05410401440373,0.22935834950630624,0.0,60.92311396199899,0.0,0.0,0.0,0.0,0.0,0.0,11.884929744974835,10.681825378347877,13.41390476116872,5.897268293550466,2.8727560982735967,6.5,72.10000000000001,10.815000000000001,41.0,45.0,0.7811017078973856,0.3025185352517473,1.0,34.64138540138266,15.991209433512097,6.364857321027736,50.94321382556272,64.6604397656096,64.6604397656096,-7.105427357601002e-15,0.0,0.0,0.0,0.0,0.0,0.0,0.0,0.0,0.0,0.0,0.0,0.0,0.0,0.2611465370881234,0.0
0,spring_irrigation,春季灌溉日,55.0,14.0,0.25,51.25914493026677,21.351399088209106,14.162562313573138,0.0,3.3160807492890156,-3.3160807492890156,24.422503331554523,41.6082548673764,7.105427357601002e-15,0.0,0.0,0.0,0.0,6.734678414850761,21.550970927522435,4.7208541045243795,14.162562313573138,0.0,0.0,0.0,0.0,49.05165130920301,0.19957183931332895,0.0,60.94005071685492,0.0,0.0,0.0,0.0,0.0,0.0,11.935634434978466,10.661056631885277,13.409356678259373,5.9,2.8660506289992798,6.5,72.10000000000001,10.815000000000001,41.0,45.0,0.7372670039894788,0.3245322337729411,1.0,34.85621855258141,16.01354931615683,6.373153041107912,51.25914493026677,66.03075819893093,66.03075819893093,7.105427357601002e-15,0.0,0.0,0.0,0.0,0.0,0.0,0.0,0.0,0.0,0.0,0.0,0.0,0.0,0.018434933511503715,0.0
0,spring_irrigation,春季灌溉日,55.0,14.25,0.25,51.12785302325455,21.383497999023568,14.48699860476694,0.0,3.3160807492890156,-3.3160807492890156,23.109393607771537,45.100295305911104,3.552713678800501e-15,0.0,0.0,0.0,0.0,6.734678414850761,21.550970927522435,4.828999534922313,14.48699860476694,0.0,0.0,2.2020771913660044,0.0,49.572192059586975,0.16747292849886736,0.0,60.94935551201498,0.0,0.0,0.0,0.0,0.0,0.0,12.0075144832162,10.647312939228124,13.399280214952329,5.897268293550466,2.8549617893015853,6.5,72.10000000000001,10.815000000000001,41.0,45.0,0.6976268221940233,0.3517691291331374,1.0,34.766940055813095,16.037623499267674,6.519149372145123,51.12785302325455,68.20968891368264,68.20968891368264,3.552713678800501e-15,0.0,0.0,0.0,0.0,0.0,0.0,0.0,0.0,0.0,0.0,0.0,0.0,0.0,0.3244362911938019,0.0
0,spring_irrigation,春季灌溉日,55.0,14.5,0.25,51.197452787653205,21.402267447992504,14.566911676569545,0.0,3.3160807492890156,-3.3160807492890156,21.600198828557474,45.38982586316349,3.552713678800501e-15,0.0,0.0,0.0,0.0,6.734678414850761,21.550970927522435,4.855637225523181,14.566911676569545,0.0,0.0,0.8861755144048007,0.0,49.78018013465513,0.14870347952993174,0.0,60.95419791064734,0.0,0.0,0.0,0.0,0.0,0.0,12.105484284037773,10.642162301300674,13.383115497430923,5.889105113564341,2.8396182196477957,6.5,72.10000000000001,10.815000000000001,41.0,45.0,0.652067220944216,0.35402738290489827,1.0,34.81426789560418,16.05170058599438,6.555110254456295,51.197452787653205,66.99002469172096,66.99002469172096,3.552713678800501e-15,0.0,0.0,0.0,0.0,0.0,0.0,0.0,0.0,0.0,0.0,0.0,0.0,0.0,0.07991307180260421,0.0
0,spring_irrigation,春季灌溉日,55.0,14.75,0.25,51.37263075684093,21.422646300342127,14.45423414330732,0.0,2.496039055676986,-2.496039055676986,20.321566850049315,44.975099875134795,0.0,0.0,0.0,0.0,0.0,6.734678414850761,21.550970927522435,4.818078047769107,14.45423414330732,0.0,0.0,0.0,0.12475954995366889,49.74485966513428,0.12832462718030888,0.0,60.95419791064734,0.0,0.0,0.0,0.0,0.0,0.0,12.234785771994492,10.646413517603339,13.36032102253002,5.87560565654106,2.8201965198794525,6.5,72.10000000000001,10.815000000000001,41.0,45.0,0.6134678539914489,0.3507926413439353,1.0,34.933388914651836,16.066984725256596,6.504405364488294,51.37263075684093,65.29666672518411,65.29666672518411,0.0,0.0,0.0,0.0,0.0,0.0,0.0,0.0,-7.105427357601002e-15,0.0,0.0,0.8200416936120298,0.0,0.0,-0.11267753326222518,0.0
0,spring_irrigation,春季灌溉日,55.0,15.0,0.25,51.58490452146815,21.550794168673704,14.303869137831482,0.0,2.496039055676986,-2.496039055676986,19.279096323221978,46.724681223992405,7.105427357601002e-15,0.0,0.0,0.0,0.0,6.774724623704379,21.679118795854013,4.767956379277161,14.303869137831482,0.0,0.0,0.38015296708771373,0.0,49.83265875183435,0.12832462718030888,0.0,60.95419791064734,0.0,0.0,0.0,0.0,0.0,0.0,12.400705348465907,10.660052029499035,13.330400209987722,5.856926528266881,2.7969178662134566,6.5,72.10000000000001,10.815000000000001,41.0,45.0,0.5819977335198797,0.3644388647945954,1.0,35.077735074598344,16.163095626505278,6.436741112024167,51.58490452146815,66.00377754721438,66.00377754721438,7.105427357601002e-15,0.0,0.0,0.0,0.0,0.0,0.0,0.0,0.0,0.0,0.0,0.0,0.0,0.12814786833157754,-0.15036500547583742,0.0
0,spring_irrigation,春季灌溉日,55.0,15.25,0.25,51.63142393676842,21.770997717525734,14.387883856403407,0.0,1.3568334345201134,-1.3568334345201134,18.045044099163576,46.59320387636642,-3.552713678800501e-15,0.0,0.0,0.0,0.0,6.843538232720638,21.899322344706043,4.795961285467802,14.387883856403407,0.0,0.0,0.010491086053015783,0.0,49.83265875183435,0.12832462718030888,0.0,60.95419791064734,0.0,0.0,0.0,0.0,0.0,0.0,12.608217319380794,10.682215427312304,13.292927471618174,5.833282719853247,2.77004381981523,6.5,72.10000000000001,10.815000000000001,41.0,45.0,0.544744141058595,0.3634133798889774,1.0,35.10936827700253,16.3282482881443,6.474547735381534,51.63142393676842,64.63824797552999,64.63824797552999,-3.552713678800501e-15,0.0,0.0,0.0,0.0,0.0,0.0,0.0,0.0,0.0,0.0,1.1392056211568724,0.0,0.2202035488520302,0.08401471857192533,0.0
0,spring_irrigation,春季灌溉日,55.0,15.5,0.25,52.0113677021314,22.139734087560264,14.326711301487562,0.0,-0.0,0.0,16.424132282077906,46.75394864619116,-3.552713678800501e-15,0.0,0.0,0.0,0.0,6.918666902362582,22.139734087560264,4.775570433829187,14.326711301487562,0.0,0.0,0.0,0.0,49.83016711889676,-0.0,0.0,60.923720811692014,0.0,0.5275241100541042,0.0,0.0,0.0,0.0,12.861559710790962,10.711211665500167,13.2475725628818,5.804943489303339,2.739871437972284,6.5,72.10000000000001,10.815000000000001,41.0,45.0,0.49581202370394767,0.3646671421384353,1.0,35.367730037449356,16.604800565670196,6.447020085669402,51.4838435920773,63.17808092826907,63.17808092826907,-3.552713678800501e-15,0.0,0.0,0.0,0.0,0.0,-0.0,0.0,0.0,0.0,0.0,1.3568334345201134,0.0,0.24041174285422073,-0.06117255491584572,0.0
0,spring_irrigation,春季灌溉日,55.0,15.75,0.25,52.06770381505439,22.29165084235032,14.204894110965618,0.0,-0.0,0.0,15.040196630385601,47.694646521314915,1.7763568394002505e-15,0.0,0.0,0.0,0.0,7.046323729499169,22.54823593439734,4.734964703655206,14.204894110965618,0.0,0.0,0.0,0.0,49.827675610540815,0.25658509204701757,0.0,60.95419791064734,0.0,1.114149096508247,0.0,0.0,0.0,0.0,13.163758989323181,10.7445807107795,13.194122049504152,5.772227258905498,2.7067278155469197,6.5,72.10000000000001,10.815000000000001,41.0,45.0,0.45403374742384517,0.3720043107770253,1.0,35.40603859423698,16.71873813176274,6.392202349934529,50.95355471854614,62.73484315170052,62.73484315170052,1.7763568394002505e-15,0.0,0.0,0.0,0.0,0.0,-0.0,0.0,0.0,0.0,0.0,0.0,0.0,0.40850184683707624,-0.12181719052194317,0.0
0,spring_irrigation,春季灌溉日,55.0,16.0,0.25,52.46877899286416,22.457955570808704,13.870709364431118,0.0,-0.0,0.0,13.302115803217234,49.04595621009701,1.7763568394002505e-15,0.0,0.0,0.0,0.0,7.046323729499169,22.54823593439734,4.623569788143706,13.870709364431118,0.0,0.0,0.03147168452238403,0.0,49.83265875183435,0.09028036358863645,0.0,60.94516239804432,0.0,1.8220721817151757,0.0,0.0,0.0,0.0,13.51613169168137,10.779197843407024,13.132496851816786,5.735495663618433,2.670964196758464,6.5,135.96,20.394000000000002,41.0,45.0,0.4015645297215658,0.38254413161828144,1.0,35.67876971514763,16.843466678106527,6.241819213994003,50.64670681114898,62.348072013314244,62.348072013314244,1.7763568394002505e-15,0.0,0.0,0.0,0.0,0.0,-0.0,0.0,0.0,0.0,0.0,0.0,0.0,0.0,-0.3341847465345005,0.0
0,spring_irrigation,春季灌溉日,55.0,16.25,0.25,52.89941797417849,22.640776554728664,13.78946807870279,0.0,0.0,0.0,11.562043067098976,47.72012845147046,-1.7763568394002505e-15,0.0,0.0,0.0,0.0,5.459502868510754,17.470409179234412,4.596489359567596,13.78946807870279,0.0,0.0,0.0,0.0,49.83016711889676,0.0,5.170367375494251,59.55406682329418,0.0,3.673238683687408,0.0,0.0,0.0,0.0,13.917801801232796,10.811414304781199,13.062765015224103,5.695146905883207,2.632949805109906,6.5,135.96,20.394000000000002,41.0,45.0,0.34903518023329505,0.37220306238870865,1.0,35.97160422244138,16.9805824160465,6.205260635416256,49.22617929049108,59.282171518569434,59.282171518569434,-1.7763568394002505e-15,0.0,0.0,0.0,0.0,0.0,0.0,0.0,0.0,0.0,0.0,0.0,0.0,-5.077826755162928,-0.08124128572832845,0.0
0,spring_irrigation,春季灌溉日,55.0,16.5,0.25,53.168680496820315,22.915731577818505,13.633086878818506,0.0,0.0,0.0,9.785548877403876,49.587790185041904,0.0,0.0,0.0,0.0,0.0,5.343505161253589,17.099216516011484,4.5443622929395024,13.633086878818506,0.0,0.0,0.0,0.0,49.827675610540815,0.0,5.816515061807021,57.99362793151227,0.0,3.683208888567629,0.0,0.0,0.0,0.0,14.365281209458566,10.837228612829039,12.985149086009732,5.6516085873581305,2.5930655422873583,6.5,135.96,20.394000000000002,41.0,45.0,0.2954063391984373,0.3867702783476606,1.0,36.154702737837816,17.18679868336388,6.134889095468328,49.48547160825269,59.37333906244578,59.37333906244578,0.0,0.0,0.0,0.0,0.0,0.0,0.0,0.0,0.0,0.0,0.0,0.0,0.0,-0.3711926632229279,-0.156381199884283,0.0
0,spring_irrigation,春季灌溉日,55.0,16.75,0.25,53.271959058255575,23.275897897029616,13.420712729831042,0.0,0.0,0.0,8.196550464220394,49.70472566865309,-1.7763568394002505e-15,0.0,0.0,0.0,0.0,3.850299627415559,12.32095880772979,4.473570909943681,13.420712729831042,0.0,0.0,0.0,0.0,49.825184226760285,0.0,10.954939089299826,55.081752409836035,0.0,3.6945534627413315,0.0,0.0,0.0,0.0,14.852165042170395,10.852479828420703,12.90002773416671,5.605330197525103,2.551697705165552,6.5,135.96,20.394000000000002,41.0,45.0,0.24743762429941246,0.38768234096178894,1.0,36.22493215961379,17.456923422772213,6.039320728423969,49.57740559551424,57.901276132873484,57.901276132873484,-1.7763568394002505e-15,0.0,0.0,0.0,0.0,0.0,0.0,0.0,0.0,0.0,0.0,0.0,0.0,-4.778257708281695,-0.21237414898746465,0.0
0,spring_irrigation,春季灌溉日,55.0,17.0,0.25,53.382265762686266,23.659831172501946,13.159061384009211,0.0,0.0,0.0,6.427898592878684,48.17685481102656,-8.881784197001252e-16,0.0,3.3256803393332817,1.1639881187666485,1.4965561526999769,3.1047503248645456,9.935201039566547,4.386353794669737,13.159061384009211,0.0,0.0,0.0,1.3977039448186057,49.4548761399651,0.0,12.228073980235422,51.83629732830601,0.0,3.706924414730057,0.0,0.0,0.0,0.0,15.368992521990018,10.853052514428446,12.807931543768166,5.55677544278461,2.5092318638689,6.5,135.96,20.394000000000002,41.0,45.0,0.19404552732302577,0.37576539457885155,1.0,36.299940718626665,17.744873379376457,5.921577622804145,49.67534134795621,54.60475340390524,54.60475340390524,-8.881784197001252e-16,0.6651360678666564,0.1662840169666641,9.145620933166525,0.0,0.0,0.0,0.0,0.0,0.0,0.0,0.0,1.1639881187666485,-2.385757768163243,-0.26165134582183036,0.0
0,spring_irrigation,春季灌溉日,55.0,17.25,0.25,53.49869250363845,24.044653381231306,13.01171839851818,0.0,0.0,0.0,4.802088477207349,47.241769989427404,-1.7763568394002505e-15,0.0,4.818733793562989,1.686556827747046,2.168430207103345,3.0150466230914184,9.64814919389254,4.3372394661727265,13.01171839851818,0.0,0.0,0.0,3.4007392603431135,48.557472011857286,0.0,12.228073980235422,48.592464974316755,0.0,3.7198240381776846,0.0,0.0,0.0,0.0,15.90331640855455,10.835082216652571,12.70953317044642,5.506414597592846,2.4660470335489744,6.5,135.96,20.394000000000002,41.0,45.0,0.1449655400357235,0.3684720061181237,1.0,36.37911090247415,18.033490035923478,5.855273279333181,49.77886846546077,52.04385846663475,52.04385846663475,-1.7763568394002505e-15,0.9637467587125977,0.24093668967814943,13.251517932298219,0.0,0.0,0.0,0.0,0.0,0.0,0.0,0.0,0.5225687089803974,-0.2870518456740072,-0.1473429854910311,0.0
0,spring_irrigation,春季灌溉日,55.0,17.5,0.25,53.899033246319945,24.370660194145714,12.868832794581243,0.0,0.0,0.0,3.383422211399349,46.77804502442342,-2.6645352591003757e-15,0.0,5.543193377817228,1.9401176822360295,2.4944370200177524,3.0150466230914184,9.64814919389254,4.289610931527081,12.868832794581243,0.0,0.0,0.0,5.369487503984156,47.14202111089244,0.0,12.228073980235422,45.350254536504494,0.0,3.732618378895485,0.0,0.0,0.0,0.0,16.44000972269983,10.795150101252053,12.605632328923699,5.454717051666488,2.422510258669528,6.5,135.96,20.394000000000002,41.0,45.0,0.10213881530346279,0.36485508684985085,1.0,36.65134260749757,18.277995145609285,5.7909747575615595,50.16641486742446,50.16146723582277,50.16146723582277,-2.6645352591003757e-15,1.1086386755634456,0.2771596688908614,15.243781788997378,0.0,0.0,0.0,0.0,-7.105427357601002e-15,0.0,0.0,0.0,0.2535608544889836,0.0,-0.1428856039369375,0.0
0,spring_irrigation,春季灌溉日,55.0,17.75,0.25,54.22497743352303,24.566954384968387,12.736213260721076,0.0,0.0,0.0,2.1733453758143497,42.293504960945,-1.7763568394002505e-15,0.0,5.979402690756501,2.0927909417647754,2.6907312108404255,3.0150466230914184,9.64814919389254,4.245404420240359,12.736213260721076,0.0,0.0,0.0,11.181224074190336,44.197236621892074,0.0,12.228073980235422,42.109665203911135,0.0,3.744563124140347,0.0,0.0,0.0,0.0,16.961818204998988,10.730455940889557,12.497136306647976,5.402144214755273,2.3789717117764724,6.5,135.96,20.394000000000002,41.0,45.0,0.06560899233416302,0.32987698433428464,1.0,36.872984654795665,18.42521578872629,5.731295967324485,50.48041430938268,44.46685033675935,44.46685033675935,-1.7763568394002505e-15,1.1958805381513002,0.29897013453782506,16.44335739958038,0.0,0.0,0.0,0.0,0.0,0.0,0.0,0.0,0.15267325952874589,0.0,-0.13261953386016678,0.0
0,spring_irrigation,春季灌溉日,55.0,18.0,0.25,54.39315562552749,24.9018608851169,12.518862860675796,0.0,0.0,0.0,1.2142139422363059,39.14673515353832,-3.3306690738754696e-15,0.0,6.723639357753196,2.3532737752136184,3.0256377109889385,3.0150466230914184,9.64814919389254,4.172954286891932,12.518862860675796,0.0,0.0,0.0,15.112092514700969,40.21816030882388,0.0,12.228073980235422,38.87069616598407,0.0,3.754841149821619,0.0,0.0,0.0,0.0,17.4501425769116,10.638959926224084,12.385036890093131,5.349142923597687,2.3357603896906465,6.5,132.0,19.8,41.0,45.0,0.03665471402508483,0.30533309903983924,1.0,36.987345825358695,18.676395663837674,5.633488287304108,50.63831447570587,40.36094909577463,40.36094909577463,-3.3306690738754696e-15,1.3447278715506394,0.33618196788765986,18.490008233821293,0.0,0.0,0.0,0.0,-7.105427357601002e-15,0.0,0.0,0.0,0.26048283344884293,0.0,-0.21735040004528017,0.0
0,spring_irrigation,春季灌溉日,55.0,18.25,0.25,54.470661269014144,25.04557334570586,12.264282645295266,0.0,0.0,0.0,0.41090226167440846,38.09855383949343,2.7200464103316335e-15,0.0,8.866180614529918,3.103163215085471,3.9897812765384635,3.0150466230914184,9.64814919389254,4.088094215098422,12.264282645295266,0.0,0.0,0.0,16.198573127498562,35.953366998835136,0.0,11.407642875274858,35.84924953493401,0.0,3.76260966345212,0.0,0.0,0.0,0.0,17.88600883812667,10.519485705864069,12.270384728850782,5.29613947520614,2.293180469561384,6.5,132.0,19.8,41.0,45.0,0.012404325440536691,0.2971575909746653,1.0,37.04004966292962,18.784180009279396,5.51892719038287,50.70805160556203,38.509456101167835,38.509456101167835,2.7200464103316335e-15,1.7732361229059839,0.44330903072649597,24.38199668995728,0.0,0.0,0.0,0.0,7.105427357601002e-15,0.0,0.0,0.0,0.7498894398718527,0.0,-0.2545802153805301,0.0
0,spring_irrigation,春季灌溉日,55.0,18.5,0.25,54.651863345767715,25.289468063222227,11.95230259172726,0.0,0.0,0.0,0.004685680028856609,37.599192909030116,-2.2230481344642783e-15,0.0,12.191860953863202,4.26715133385212,5.486337429238441,3.0150466230914184,9.64814919389254,3.9841008639090867,11.95230259172726,0.0,0.0,0.0,16.012927237814946,31.737641110007576,0.0,10.154981440091245,33.15896137330043,0.0,3.7670536720421834,0.0,0.0,0.0,0.0,18.251160793230415,10.37177948814254,12.154262243466759,5.2435343874494835,2.2515083660373563,6.5,132.0,19.8,41.0,45.0,0.00014145139954033193,0.2932627215854361,1.0,37.16326707512205,18.96710104741667,5.378536166277267,50.884809673725535,37.60387858905897,37.60387858905897,-2.2230481344642783e-15,2.4383721907726406,0.6095930476931601,33.52761762312381,0.0,0.0,0.0,0.0,0.0,-3.552713678800501e-15,0.0,0.0,1.1639881187666492,0.0,-0.3119800535680053,0.0
0,spring_irrigation,春季灌溉日,55.0,18.75,0.25,54.75935365666705,25.478049940541315,11.627427262260992,0.0,0.0,0.0,0.0,35.03463290255854,0.0,0.0,15.517541293196484,5.431139452618769,6.982893581938418,3.0150466230914184,9.64814919389254,3.875809087420331,11.627427262260992,0.0,0.0,0.0,17.416995458421923,27.152634370472626,0.0,8.847007164710357,30.81422211242684,0.0,3.7674415535795696,0.0,0.0,0.0,0.0,18.529190125581085,10.196522791712972,12.03775620402727,5.191697962944294,2.210990509706667,6.5,132.0,19.8,41.0,45.0,0.0,0.2732599026689059,1.0,37.2363604865336,19.108537455405987,5.2323422680174465,50.991912103087486,35.03463290255854,35.03463290255854,0.0,3.103508258639297,0.7758770646598242,42.67323855629033,0.0,0.0,0.0,0.0,-7.105427357601002e-15,-3.552713678800501e-15,0.0,0.0,1.1639881187666488,0.0,-0.32487532946626807,0.0
0,spring_irrigation,春季灌溉日,55.0,19.0,0.25,48.10392785346929,25.774928130871384,11.28679738761977,0.0,0.0,0.0,0.0,34.1708911690162,0.0,0.0,13.121691101023277,4.592591885358146,5.9047609954604745,3.0150466230914184,9.64814919389254,3.7622657958732564,11.28679738761977,0.0,0.0,0.0,14.174579251050677,23.421124304267078,0.0,10.22201794151837,28.108810279918426,0.0,1.9431779670089353,0.0,0.0,0.0,0.0,18.706608596724895,9.995299302248357,11.921931069490492,5.14096670648026,2.1718418466392184,0.0,132.0,19.8,41.0,45.0,0.0,0.26652296945498266,1.0,32.710670940359115,19.331196098153537,5.079058824428897,46.16074988646035,34.1708911690162,34.1708911690162,0.0,2.6243382202046557,0.6560845550511639,36.08465052781401,0.0,0.0,0.0,0.0,-7.105427357601002e-15,0.0,0.0,0.0,-0.8385475672606226,0.0,-0.3406298746412233,0.0
0,spring_irrigation,春季灌溉日,55.0,19.25,0.25,47.740351596306816,25.971280214386358,10.863204841025007,0.0,0.0,0.0,0.0,31.768882988167963,0.0,0.0,13.121691101023275,4.592591885358146,5.904760995460474,3.0150466230914184,9.64814919389254,3.621068280341669,10.863204841025007,0.0,0.0,0.0,16.08114232427668,19.188073689031686,0.0,10.418370025033344,25.353079552401272,0.0,1.9338493019371175,0.0,0.0,0.0,0.0,18.77376640564398,9.770519064815232,11.807804087845888,5.0916406205124645,2.134245039963459,0.0,132.0,19.8,41.0,45.0,0.0,0.2477880072952801,1.0,32.46343908548864,19.47846016078977,4.888442178461253,45.8065022943697,31.768882988167963,31.768882988167963,0.0,2.6243382202046552,0.6560845550511638,36.08465052781401,0.0,0.0,0.0,0.0,0.0,0.0,0.0,0.0,0.0,0.0,-0.42359254659476164,0.0
0,spring_irrigation,春季灌溉日,55.0,19.5,0.25,47.15419669720043,26.09856931180329,10.645154490631745,0.0,0.0,0.0,0.0,31.26987304291681,0.0,0.0,13.121691101023277,4.592591885358146,5.9047609954604745,3.0150466230914184,9.64814919389254,3.5483848302105816,10.645154490631745,0.0,0.0,0.0,15.935905838870337,14.993454854065568,0.0,10.545659122450274,22.565229559348687,0.0,1.9192573833571407,0.0,0.0,0.0,0.0,18.725531143837703,9.525305712499879,11.696323022438598,5.0439813785173095,2.098350337462102,0.0,132.0,19.8,41.0,45.0,0.0,0.24389587548817937,1.0,32.0648537540963,19.573926983852466,4.790319520784285,45.23493931384329,31.26987304291681,31.26987304291681,0.0,2.6243382202046557,0.6560845550511639,36.08465052781401,0.0,0.0,0.0,0.0,7.105427357601002e-15,0.0,0.0,0.0,0.0,0.0,-0.2180503503932627,0.0
0,spring_irrigation,春季灌溉日,55.0,19.75,0.25,46.4126267441864,26.256526746864658,10.367153500364521,0.0,0.0,0.0,0.0,31.513690328598106,0.0,0.0,13.121691101023277,4.592591885358146,5.9047609954604745,3.0150466230914184,9.64814919389254,3.4557178334548406,10.367153500364521,0.0,0.0,0.0,14.877670816284795,11.0775286507216,0.0,10.703616557511644,19.737205745223854,0.0,1.8994381704916088,0.0,0.0,0.0,0.0,18.561662366072394,9.263354427642,11.5883472005044,4.998211352998994,2.0642760546006094,0.0,132.0,19.8,41.0,45.0,0.0,0.2457975790949953,1.0,31.560586186046752,19.692395060148492,4.665219075164035,44.51318857369479,31.513690328598106,31.513690328598106,0.0,2.6243382202046557,0.6560845550511639,36.08465052781401,0.0,0.0,0.0,0.0,-1.4210854715202004e-14,0.0,0.0,0.0,0.0,0.0,-0.27800099026722336,0.0
0,spring_irrigation,春季灌溉日,55.0,20.0,0.25,45.689172635068466,26.36464132940889,10.020864308714021,0.0,0.0,0.0,0.0,33.61831685771132,0.0,0.0,11.800385951709325,4.1301350830982635,5.310173678269196,3.0150466230914184,9.64814919389254,3.340288102904674,10.020864308714021,0.0,0.0,0.0,12.421391809551345,7.808187455986078,0.0,11.406318457247156,16.725674390444098,0.0,1.8746636107036305,0.0,0.0,0.0,0.0,18.286845325911493,8.988769722824829,11.484632387796797,4.95451345430169,2.0321096105102945,0.0,132.0,19.8,41.0,45.0,0.0,0.2622130512393566,1.0,31.068637391846558,19.773480997056666,4.50938893892131,43.81450902436484,33.61831685771132,33.61831685771132,0.0,2.360077190341865,0.5900192975854662,32.451061367200644,0.0,0.0,0.0,0.0,7.105427357601002e-15,0.0,0.0,0.0,-0.46245680225988295,0.0,-0.3462891916505004,0.0
0,spring_irrigation,春季灌溉日,55.0,20.25,0.25,44.69487566062338,26.41544258919033,9.595982531101228,0.0,0.0,0.0,0.0,39.4703306587292,0.0,0.0,8.474705612376043,2.966146964331615,3.8136175255692195,3.2417972135580273,10.373751083385688,3.1986608437004094,9.595982531101228,0.0,0.0,0.0,6.853429636342884,6.004262931786204,0.0,12.228073980235422,13.499397347923766,0.0,1.8454264584781188,0.0,0.0,0.0,0.0,17.910380481329142,8.705892839179185,11.38581979035809,4.91303171864422,2.0019090454130857,0.0,132.0,19.8,41.0,45.0,0.0,0.30785704945480413,1.0,30.3925154492239,19.811581941892747,4.318192138995553,42.849449202145266,39.4703306587292,39.4703306587292,0.0,1.6949411224752087,0.42373528061880217,23.305440434034118,0.0,0.0,0.0,0.0,0.0,-3.552713678800501e-15,0.0,0.0,-1.1639881187666483,0.7256018894931486,-0.4248817776127929,0.0
0,spring_irrigation,春季灌溉日,55.0,20.5,0.25,43.765703834025985,26.433786149460225,9.202103395209956,0.0,0.0,0.0,0.0,45.16331282391444,0.0,0.0,5.149025273042763,1.8021588455649669,2.3170613728692433,3.715203373861112,11.88865079635556,3.067367798403319,9.202103395209956,0.0,0.0,0.0,1.7703937961418659,5.538069614391755,0.0,12.228073980235422,10.274733443924697,0.0,1.812409540669144,0.0,0.0,0.0,0.0,17.445558856346633,8.419128573092484,11.292429282888031,4.87387256931688,1.9737049418543704,0.0,132.0,19.8,41.0,45.0,0.0,0.3522606473655082,1.0,29.76067860713767,19.82533961209517,4.140946527844481,41.95329429335684,45.16331282391444,45.16331282391444,0.0,1.0298050546085527,0.25745126365213816,14.159819500867599,0.0,0.0,0.0,0.0,0.0,0.0,0.0,0.0,-1.1639881187666483,1.5148997129698714,-0.39387913589127166,0.0
0,spring_irrigation,春季灌溉日,55.0,20.75,0.25,42.77260415266844,26.525363811084578,8.907766955056648,0.0,0.0,0.0,0.0,47.5396259565303,0.0,0.0,1.8233449337094805,0.6381707267983181,0.8205052201692662,4.212379313181703,13.47961380218145,2.969255651685549,8.907766955056648,0.0,0.0,0.0,0.0,5.5377927109110345,0.0,12.22524478873386,7.052426395956982,0.0,1.7764424342070795,0.0,0.0,0.0,0.0,16.908783082733667,8.13278070014042,11.204856773638964,4.837106663981148,1.9475026688481034,0.0,132.0,19.8,41.0,45.0,0.0,0.3707951956547821,1.0,29.085370823814543,19.894022858313434,4.008495129775492,40.996161718461366,47.5396259565303,47.5396259565303,0.0,0.36466898674189613,0.09116724668547403,5.014198567701071,0.0,0.0,0.0,0.0,7.105427357601002e-15,0.0,0.0,0.0,-1.1639881187666488,1.5909630058258912,-0.29433644015330884,0.0
0,spring_irrigation,春季灌溉日,55.0,21.0,0.25,41.70647768986648,26.426629567834848,8.590325930271833,0.0,0.0,0.0,0.0,50.76179057820759,0.0,0.0,-0.0,0.0,0.0,7.930320552799152,25.37702576895729,2.8634419767572776,8.590325930271833,0.0,0.0,0.0,0.0,5.537515821275489,0.0,1.049603798877559,6.772688656738594,0.0,1.7384496412153227,0.0,0.0,0.0,0.0,16.318516340837903,7.850903958749106,11.123375447485845,4.802771233561842,1.9232848674778156,0.0,132.0,19.8,41.0,45.0,0.0,0.3959271384769495,1.0,28.36040482910921,19.819972175876135,3.865646668622325,39.968028048651156,50.76179057820759,50.76179057820759,0.0,0.0,0.0,0.0,0.0,0.0,0.0,0.0,0.0,0.0,0.0,0.0,-0.6381707267983181,11.897411966775838,-0.31744102478481473,0.0
0,spring_irrigation,春季灌溉日,55.0,21.25,0.25,40.81773922804567,26.274026403192188,8.149650052174453,0.0,0.0011656762281160304,-0.0011656762281160304,0.0,52.93485357458778,0.0,0.0,0.0,0.0,0.0,11.09879362666982,35.516139605343426,2.716550017391484,8.149650052174453,0.0,0.0,-0.0,0.0,5.537238945484424,9.242113202151238,0.0,8.964304197921143,0.0,1.6993949737473124,0.0,0.0,0.0,0.0,15.694153966518048,7.577178916858728,11.048140488843012,4.7708728142498655,1.9010140983968118,0.0,132.0,19.8,41.0,45.0,0.0,0.4128763950750081,1.0,27.756062675071057,19.705519802394143,3.6673425234785038,39.11834425429836,52.93485357458778,52.93485357458778,0.0,0.0,0.0,0.0,0.0,0.0,0.0,0.0,-7.105427357601002e-15,0.0,0.0,-0.0011656762281160304,0.0,10.139113836386137,-0.4406758780973803,0.0
0,spring_irrigation,春季灌溉日,55.0,21.5,0.25,39.89563657487446,26.0990628874435,7.608293322078402,0.0,0.7365108924551258,-0.7365108924551258,0.0,52.60681192548537,0.0,0.0,0.0,0.0,0.0,11.09879362666982,35.516139605343426,2.536097774026134,7.608293322078402,0.0,0.0,-0.0,0.0,5.5369620835371505,9.417076717899928,0.0,11.196377766323415,0.0,1.6602269425401703,0.0,0.0,0.0,0.0,15.054914121920824,7.314814128735287,10.97919677912211,4.741390273451254,1.8806355757221045,0.0,132.0,19.8,41.0,45.0,0.0,0.41031776603629694,1.0,27.129032870914635,19.574297165582625,3.423731994935281,38.23540963233429,52.60681192548537,52.60681192548537,0.0,0.0,0.0,0.0,0.0,0.0,0.0,0.0,7.105427357601002e-15,0.0,0.0,-0.7353452162270098,0.0,0.0,-0.5413567300960507,0.0
0,spring_irrigation,春季灌溉日,55.0,21.75,0.25,39.029996347158004,25.820933754552147,7.366341367926599,0.0,0.9672210781036015,-0.9672210781036015,0.0,53.63292722985722,0.0,0.0,0.0,0.0,0.0,11.09879362666982,35.516139605343426,2.4554471226421994,7.366341367926599,0.0,0.0,0.08146905528359905,0.0,5.556034136062829,9.695205850791279,0.0,13.493390967003183,0.0,0.0,0.0,0.0,0.0,0.0,14.418835097385218,7.066477961279666,10.916488991715509,4.714278032830902,1.8620799176630443,0.0,132.0,19.8,41.0,45.0,0.0,0.418321165671726,1.0,26.540397516067443,19.36570031591411,3.3148536155669697,39.029996347158004,53.63292722985722,53.63292722985722,0.0,0.0,0.0,0.0,0.0,0.0,0.0,0.0,0.0,0.0,0.0,-0.23071018564847567,0.0,0.0,-0.24195195415180315,0.0
0,spring_irrigation,春季灌溉日,55.0,22.0,0.25,38.21590504594782,25.487398978201064,7.1981673717139785,0.0,0.9672210781036015,-0.9672210781036015,0.0,57.328762326643776,0.0,0.0,0.0,0.0,0.0,11.09879362666982,35.516139605343426,2.3993891239046596,7.1981673717139785,0.0,0.0,4.6474534520178725,0.0,6.65952652921027,10.028740627142362,0.0,15.868470170465992,0.0,0.0,0.0,0.0,0.0,0.0,13.80194934376679,6.83426048875156,10.859873471001105,4.6894693965312575,1.8452658514823517,0.0,62.0,9.299999999999999,41.0,45.0,0.0,0.4471475998358033,1.0,25.98681543124452,19.115549233650796,3.2391753172712905,38.21590504594782,57.328762326643776,57.328762326643776,0.0,0.0,0.0,0.0,0.0,0.0,0.0,0.0,7.105427357601002e-15,0.0,0.0,0.0,0.0,0.0,-0.1681739962126203,0.0
0,spring_irrigation,春季灌溉日,55.0,22.25,0.25,37.21801272490741,25.28825622300658,6.969587935684451,0.0,0.9672210781036015,-0.9672210781036015,0.0,58.130861006610004,0.0,0.0,0.0,0.0,0.0,11.09879362666982,35.516139605343426,2.3231959785614835,6.969587935684451,0.0,0.0,6.523637598367687,0.0,8.208557482496134,10.227883382336845,0.0,18.28965823868576,0.0,0.0,0.0,0.0,0.0,0.0,13.217681054339021,6.619664061218702,10.809131278498235,4.666879899763706,1.8301028186594543,0.0,62.0,9.299999999999999,41.0,45.0,0.0,0.45340373523839295,1.0,25.308248652937042,18.966192167254935,3.1363145710580027,37.21801272490741,58.130861006610004,58.130861006610004,0.0,0.0,0.0,0.0,0.0,0.0,0.0,0.0,0.0,0.0,0.0,0.0,0.0,0.0,-0.2285794360295279,0.0
0,spring_irrigation,春季灌溉日,55.0,22.5,0.25,36.44886626089837,25.168545133834595,6.64861681283527,0.0,0.9672210781036015,-0.9672210781036015,0.0,61.10112493871183,0.0,0.0,0.0,0.0,0.0,11.09879362666982,35.516139605343426,2.2162056042784233,6.64861681283527,0.0,0.0,10.370038368761612,0.0,10.671031167202893,10.347594471508831,0.0,20.738067096549763,0.0,0.0,0.0,0.0,0.0,0.0,12.676488354326455,6.423619654902873,10.763981815281351,4.646410601804602,1.8164934350259616,0.0,62.0,9.299999999999999,41.0,45.0,0.0,0.4765709262646141,1.0,24.785229057410895,18.876408850375945,2.9918775657758716,36.44886626089837,61.10112493871183,61.10112493871183,0.0,0.0,0.0,0.0,0.0,0.0,0.0,0.0,7.105427357601002e-15,0.0,0.0,0.0,0.0,0.0,-0.3209711228491807,0.0
0,spring_irrigation,春季灌溉日,55.0,22.75,0.25,35.50411936057812,24.957924683729487,6.472352187505799,0.0,0.9672210781036015,-0.9672210781036015,0.0,61.03337458334785,0.0,0.0,0.0,0.0,0.0,11.09879362666982,35.516139605343426,2.1574507291685996,6.472352187505799,0.0,0.0,11.305789788827703,0.0,13.355622690491112,10.558214921613938,0.0,23.235274106884802,0.0,0.0,0.0,0.0,0.0,0.0,12.185746221069031,6.24652498541183,10.724096480062967,4.6279512574984665,1.8043357698048252,0.0,62.0,9.299999999999999,41.0,45.0,0.0,0.47604249328334,1.0,24.142801165193127,18.718443512797116,2.91255848437761,35.50411936057812,61.03337458334785,61.03337458334785,0.0,0.0,0.0,0.0,0.0,0.0,0.0,0.0,7.105427357601002e-15,0.0,0.0,0.0,0.0,0.0,-0.17626462532947063,0.0
0,spring_irrigation,春季灌溉日,55.0,23.0,0.25,34.6135326901037,24.65652358942113,6.290096050146821,0.0,0.9672210781036015,-0.9672210781036015,0.0,61.38540583926995,0.0,0.0,0.0,0.0,0.0,11.09879362666982,35.516139605343426,2.096698683382274,6.290096050146821,0.0,0.0,12.609159761010552,0.0,16.349630352596595,10.859616015922295,0.0,25.802815273612907,0.0,0.0,0.0,0.0,0.0,0.0,11.74984496085514,6.08829964275534,10.689111891213214,4.611383312205518,1.793525416576284,0.0,62.0,9.299999999999999,41.0,45.0,0.0,0.4787882342476376,1.0,23.53720222927052,18.49239269206585,2.8305432225660696,34.6135326901037,61.38540583926995,61.38540583926995,0.0,0.0,0.0,0.0,0.0,0.0,0.0,0.0,7.105427357601002e-15,0.0,0.0,0.0,0.0,0.0,-0.18225613735897817,0.0
0,spring_irrigation,春季灌溉日,55.0,23.25,0.25,33.98524369654048,24.41406501489766,6.285903459107942,0.0,0.9672210781036015,-0.9672210781036015,0.0,63.8694237208151,0.0,0.0,0.0,0.0,0.0,11.09879362666982,35.516139605343426,2.095301153035981,6.285903459107942,0.0,0.0,15.722864166465214,0.0,20.082993110614453,11.102074590445767,0.0,28.426656581206974,0.0,0.0,0.0,0.0,0.0,0.0,11.370463387806682,5.948452188512579,10.658642282316265,4.596582676284135,1.7839573379262563,0.0,62.0,9.299999999999999,41.0,45.0,0.0,0.498162848116912,1.0,23.109965713647526,18.310548761173244,2.828656556598574,33.98524369654048,63.8694237208151,63.8694237208151,0.0,0.0,0.0,0.0,0.0,0.0,0.0,0.0,7.105427357601002e-15,0.0,0.0,0.0,0.0,0.0,-0.004192591038878923,0.0
0,spring_irrigation,春季灌溉日,55.0,23.5,0.25,33.41071052015944,24.105129312732334,6.111699549262237,0.0,0.9672210781036015,-0.9672210781036015,0.0,64.12747533249807,0.0,0.0,0.0,0.0,0.0,11.09879362666982,35.516139605343426,2.0372331830874124,6.111699549262237,0.0,0.0,16.613516924477793,0.0,24.02769923052239,11.411010292611092,0.0,31.122558197411518,0.0,0.0,0.0,0.0,0.0,0.0,11.046966763755245,5.826154207283012,10.632290768725326,4.583422246266781,1.7755274736669184,0.0,62.0,9.299999999999999,41.0,45.0,0.0,0.5001755753085503,1.0,22.71928315370842,18.07884698454925,2.7502647971680068,33.41071052015944,64.12747533249807,64.12747533249807,0.0,0.0,0.0,0.0,0.0,0.0,0.0,0.0,0.0,0.0,0.0,0.0,0.0,0.0,-0.17420390984570489,0.0
0,spring_irrigation,春季灌溉日,55.0,23.75,0.25,33.005069266607656,23.91004964584805,5.989884300746621,0.0,0.9672210781036015,-0.9672210781036015,0.0,62.471133427945254,0.0,0.0,0.0,0.0,0.0,11.09879362666982,35.516139605343426,1.9966281002488737,5.989884300746621,0.0,0.0,15.403421356315299,0.0,27.68481041768575,11.606089959495375,0.0,33.863443283692966,0.0,0.0,0.0,0.0,0.0,0.0,10.776877053697623,5.7203166688709155,10.60965927149968,4.57177415051892,1.7681341098679377,0.0,62.0,9.299999999999999,41.0,45.0,0.0,0.4872565922872817,1.0,22.443447101293206,17.93253723438604,2.6954479353359795,33.005069266607656,62.471133427945254,62.471133427945254,0.0,0.0,0.0,0.0,0.0,0.0,0.0,0.0,0.0,0.0,0.0,0.0,0.0,0.0,-0.12181524851561587,0.0
1,spring_pv_high,春秋光伏大发日,65.0,0.0,0.25,29.798345532579265,19.541953259841247,5.379931283537366,0.0,5.0,-5.0,0.0,54.39169535723071,0.0,0.0,0.0,0.0,0.0,9.87428838154487,31.597722820943588,1.7933104278457888,5.379931283537366,0.0,0.0,7.925751015260783,0.0,29.5657920432893,12.055769561102341,0.0,36.70975683281293,0.0,0.0,0.0,0.0,0.0,0.0,9.500218936363362,5.067937531720355,9.723455268155119,4.052756238808911,1.353025517839139,0.0,52.0,7.8,40.5,45.0,0.0,0.4242393354213855,1.0,17.28304040889597,13.679367281888872,2.1519725134149463,29.798345532579265,54.39169535723071,54.39169535723071,0.0,0.0,0.0,0.0,0.0,0.0,0.0,0.0,3.552713678800501e-15,0.0,0.0,-3.383527201590878,0.0,0.0,0.18862747431878013,0.0
1,spring_pv_high,春秋光伏大发日,65.0,0.25,0.25,29.62243780677029,19.661883394612826,5.448451473164208,0.0,5.0,-5.0,0.0,56.32013529364603,0.0,0.0,0.0,0.0,0.0,9.87428838154487,31.597722820943588,1.816150491054736,5.448451473164208,0.0,0.0,10.007258614276136,0.0,31.9410376745777,11.935839426330762,0.0,39.526163818150096,0.0,0.0,0.0,0.0,0.0,0.0,9.502444822878466,5.070478362042015,9.73528850149318,4.053423501558948,1.353728726067011,0.0,52.0,7.8,40.5,45.0,0.0,0.43928060360859117,1.0,17.181013927926767,13.763318376228977,2.179380589265683,29.62243780677029,56.32013529364603,56.32013529364603,0.0,0.0,0.0,0.0,0.0,0.0,0.0,0.0,-3.552713678800501e-15,0.0,0.0,0.0,0.0,0.0,0.0685201896268417,0.0
1,spring_pv_high,春秋光伏大发日,65.0,0.5,0.25,29.63839363633646,19.83503493552838,5.428108551626664,0.0,5.0,-5.0,0.0,58.065382612365944,0.0,0.0,0.0,0.0,0.0,6.198448417352618,19.83503493552838,1.8093695172088882,5.428108551626664,0.0,0.0,15.41917104146798,0.0,35.60149374504262,-0.0,0.0,39.50640073624102,0.0,0.0,0.0,0.0,0.0,0.0,9.508881693133121,5.073748351001649,9.748943149094858,4.054235724974795,1.3545774623079114,0.0,52.0,7.8,40.5,45.0,0.0,0.45289302289019134,1.0,17.190268309075144,13.884524454869865,2.171243420650666,29.63839363633646,58.065382612365944,58.065382612365944,0.0,0.0,0.0,0.0,0.0,0.0,0.0,0.0,-7.105427357601002e-15,0.0,0.0,0.0,0.0,-11.762687885415207,-0.020342921537543468,0.0
1,spring_pv_high,春秋光伏大发日,65.0,0.75,0.25,29.654461376017846,19.891539136828243,5.48164333431457,0.0,5.0,-5.0,0.0,59.677802441079365,0.0,0.0,0.0,0.0,0.0,8.24744758492673,26.391832271765537,1.8272144447715233,5.48164333431457,0.0,0.0,14.948679035363268,0.0,39.150024941254145,6.500293134937295,0.0,41.03046715542051,0.0,0.0,0.0,0.0,0.0,0.0,9.519609418996652,5.077929043113531,9.76462122504508,4.055220216493816,1.3555974807940787,0.0,52.0,7.8,40.5,45.0,0.0,0.4654694265499958,1.0,17.19958759809035,13.924077395779769,2.192657333725828,29.654461376017846,59.677802441079365,59.677802441079365,0.0,0.0,0.0,0.0,0.0,0.0,0.0,0.0,-7.105427357601002e-15,0.0,0.0,0.0,0.0,6.556797336237157,0.05353478268790557,0.0
1,spring_pv_high,春秋光伏大发日,65.0,1.0,0.25,30.026204843658974,19.967319392304894,5.450466446228451,0.0,5.0,-5.0,0.0,62.507470035750444,0.0,1.4694240134847263,0.0,0.0,0.0,8.24744758492673,26.391832271765537,1.8168221487428171,5.450466446228451,0.0,0.0,17.416995458421923,0.0,43.28460386138229,6.424512879460643,0.0,42.5357737307147,0.0,0.0,0.0,0.0,0.0,0.0,9.534753962849939,5.083238757545898,9.782532484419777,4.0564084472310755,1.356818109699834,0.0,52.0,7.8,40.5,45.0,0.0,0.49900108528541737,1.0,17.415198809322202,13.977123574613426,2.1801865784913805,30.026204843658974,63.97689404923517,62.507470035750444,1.4694240134847263,0.0,0.0,0.0,0.0,0.0,0.0,0.0,0.0,0.0,0.0,0.0,0.0,0.0,-0.031176888086118737,0.0
1,spring_pv_high,春秋光伏大发日,65.0,1.25,0.25,29.776662105489095,20.165178283570626,5.36406497021057,0.0,5.0,-5.0,0.0,62.22912680557461,0.0,2.4352220745080473,0.0,0.0,0.0,8.24744758492673,26.391832271765537,1.7880216567368565,5.36406497021057,0.0,0.0,17.416995458421923,0.0,47.418976052564425,6.2266539881949114,0.0,43.99333616604564,0.0,0.0,0.0,0.0,0.0,0.0,9.554518026242901,5.089937670030076,9.802891911014758,4.05783647311171,1.3582725403493057,0.0,52.0,7.8,40.5,45.0,0.0,0.5043630321535101,1.0,17.270464021183674,14.115624798499438,2.145625988084228,29.776662105489095,64.66434888008266,62.22912680557461,2.4352220745080473,0.0,0.0,0.0,0.0,0.0,0.0,0.0,3.552713678800501e-15,0.0,0.0,0.0,0.0,0.0,-0.0864014760178815,0.0
1,spring_pv_high,春秋光伏大发日,65.0,1.5,0.25,29.8304629710581,20.315446916725165,5.118328033529452,0.0,5.0,-5.0,0.0,54.9568773660633,0.0,10.25927382842361,0.0,0.0,0.0,8.24744758492673,26.391832271765537,1.7061093445098174,5.118328033529452,0.0,0.0,10.172857465568654,0.0,49.83265875183435,6.076385355040372,0.0,45.4144810197847,0.0,0.0,0.0,0.0,0.0,0.0,9.579221772437176,5.098332963615538,9.825916665404623,4.059545353579768,1.359998096884418,0.0,52.0,7.8,40.5,45.0,0.0,0.5086669290188194,1.0,17.301668523213696,14.220812841707614,2.047331213411781,29.8304629710581,65.21615119448691,54.9568773660633,10.25927382842361,0.0,0.0,0.0,0.0,0.0,0.0,0.0,0.0,0.0,0.0,0.0,0.0,0.0,-0.2457369366811175,0.0
1,spring_pv_high,春秋光伏大发日,65.0,1.75,0.25,29.602454197318046,20.451565465629624,4.987660249801298,0.0,5.0,-5.0,0.0,44.522946284898225,0.0,22.12411611031142,0.0,0.0,0.0,8.24744758492673,26.391832271765537,1.6625534166004325,4.987660249801298,0.0,0.0,0.010491086053015783,0.0,49.83265875183435,5.940266806135913,0.0,46.80258714573209,0.0,0.0,0.0,0.0,0.0,0.0,9.609354230021097,5.108783854822524,9.851822491723667,4.0615815564890285,1.3620364751853222,0.0,52.0,7.8,40.5,45.0,0.0,0.5198276184008048,1.0,17.169423434444465,14.316095825940735,1.9950640999205191,29.602454197318046,66.64706239520964,44.522946284898225,22.12411611031142,0.0,0.0,0.0,0.0,0.0,0.0,0.0,0.0,0.0,0.0,0.0,0.0,0.0,-0.13066778372815424,0.0
1,spring_pv_high,春秋光伏大发日,65.0,2.0,0.25,29.858918905869142,20.50700554234333,4.993452819673201,0.0,5.0,-5.0,0.0,44.78134185007329,0.0,21.800631225896154,0.0,0.0,0.0,8.24744758492673,26.391832271765537,1.6644842732244003,4.993452819673201,0.0,0.0,0.010491086053015783,0.0,49.83265875183435,5.884826729422208,0.0,48.176832200397,0.0,0.0,0.0,0.0,0.0,0.0,9.645634346059774,5.1217062515127605,9.880819600094178,4.063997335638185,1.3644339383478155,0.0,52.0,7.8,40.5,45.0,0.0,0.5193199407239806,1.0,17.318172965404102,14.354903879640329,1.9973811278692803,29.858918905869142,66.58197307596944,44.78134185007329,21.800631225896154,0.0,0.0,0.0,0.0,0.0,0.0,0.0,0.0,0.0,0.0,0.0,0.0,0.0,0.005792569871903019,0.0
1,spring_pv_high,春秋光伏大发日,65.0,2.25,0.25,29.870293301667072,20.686358716406385,5.15159190534776,0.0,5.0,-5.0,0.0,44.84542927442941,0.0,20.915848517556682,0.0,0.0,0.0,8.24744758492673,26.391832271765537,1.7171973017825868,5.15159190534776,0.0,0.0,0.010491086053015783,0.0,49.83265875183435,5.705473555359152,0.0,49.50779375369461,0.0,0.0,0.0,0.0,0.0,0.0,9.689078087851582,5.137576747598316,9.91310806276855,4.066851065259451,1.3672414546534162,0.0,52.0,7.8,40.5,45.0,0.0,0.5129187572423136,1.0,17.3247701149669,14.48045110148447,2.060636762139104,29.870293301667072,65.76127779198609,44.84542927442941,20.915848517556682,0.0,0.0,0.0,0.0,0.0,0.0,0.0,0.0,0.0,0.0,0.0,0.0,0.0,0.15813908567455925,0.0
1,spring_pv_high,春秋光伏大发日,65.0,2.5,0.25,29.87798945229198,20.73645329873803,5.1632740061378515,0.0,5.0,-5.0,0.0,44.85701945865101,0.0,23.410868679116092,0.0,0.0,0.0,8.24744758492673,26.391832271765537,1.7210913353792838,5.1632740061378515,0.0,0.0,0.010491086053015783,0.0,49.83265875183435,5.655378973027506,0.0,50.8261923629118,0.0,0.0,0.0,0.0,0.0,0.0,9.741064487366675,5.156935610440952,9.948872785334288,4.070207513686942,1.3705147627952512,0.0,52.0,7.8,40.5,45.0,0.0,0.5324695857331402,1.0,17.329233882329348,14.515517309116621,2.0653096024551405,29.87798945229198,68.2678881377671,44.85701945865101,23.410868679116092,0.0,0.0,0.0,0.0,0.0,0.0,0.0,-3.552713678800501e-15,0.0,0.0,0.0,0.0,0.0,0.011682100790091354,0.0
1,spring_pv_high,春秋光伏大发日,65.0,2.75,0.25,29.523468197378573,20.89560981511258,4.973820968204258,0.0,5.0,-5.0,0.0,47.68692869280472,0.0,19.170943459625853,0.0,0.0,0.0,8.24744758492673,26.391832271765537,1.6579403227347527,4.973820968204258,0.0,0.0,0.010491086053015783,0.0,49.83265875183435,5.4962224566529585,0.0,52.10613210018542,3.247581501711643,0.0,0.0,0.0,0.0,0.0,9.803389328156097,5.180388373043958,9.988278139102892,4.074138036514783,1.3743143482322386,0.0,52.0,7.8,40.5,45.0,0.0,0.5214718729274632,1.0,17.12361155447957,14.626926870578805,1.9895283872817033,32.77104969909021,66.85787215243057,47.68692869280472,19.170943459625853,0.0,0.0,0.0,0.0,0.0,0.0,0.0,7.105427357601002e-15,0.0,0.0,0.0,0.0,0.0,-0.18945303793359347,0.0
1,spring_pv_high,春秋光伏大发日,65.0,3.0,0.25,29.922657142587635,21.203693244718355,5.028478221438903,0.0,5.0,-5.0,0.0,44.85675522071369,0.0,19.2708452818706,0.0,0.0,0.0,8.24744758492673,26.391832271765537,1.676159407146301,5.028478221438903,0.0,0.0,0.010491086053015783,0.0,49.83265875183435,5.188139027047182,0.0,53.31226205305904,0.0,0.0,0.0,0.0,0.0,0.0,9.87829087866761,5.20860560909331,10.031462366223378,4.078720667913352,1.3787053140259415,0.0,52.0,7.8,40.5,45.0,0.0,0.5001765515986593,1.0,17.355141142700827,14.842585271302848,2.0113912885755614,29.922657142587635,64.12760050258429,44.85675522071369,19.2708452818706,0.0,0.0,0.0,0.0,0.0,0.0,0.0,3.552713678800501e-15,0.0,0.0,0.0,0.0,0.0,0.05465725323464543,0.0
1,spring_pv_high,春秋光伏大发日,65.0,3.25,0.25,30.153382889383227,21.586610362801665,4.995252533756631,0.0,5.0,-5.0,0.0,45.07640573828185,0.0,15.27232620198101,0.0,0.0,0.0,8.24744758492673,26.391832271765537,1.665084177918877,4.995252533756631,0.0,0.0,0.010491086053015783,0.0,49.83265875183435,4.805221908963873,0.0,54.42684612541143,0.0,0.0,0.0,0.0,0.0,0.0,9.968428645320948,5.242320449205757,10.078531894109629,4.084040087525135,1.3837571294618645,0.0,52.0,7.8,40.5,45.0,0.0,0.47070248065832615,1.0,17.48896207584227,15.110627253961164,1.9981010135026525,30.153382889383227,60.34873194026286,45.07640573828185,15.27232620198101,0.0,0.0,0.0,0.0,0.0,0.0,0.0,-3.552713678800501e-15,0.0,0.0,0.0,0.0,0.0,-0.03322568768227274,0.0
1,spring_pv_high,春秋光伏大发日,65.0,3.5,0.25,30.513432484015215,21.866825235288246,5.0895062287874895,0.0,5.0,-5.0,0.0,45.46787323125746,0.0,12.489505665735315,0.0,0.0,0.0,8.24744758492673,26.391832271765537,1.6965020762624965,5.0895062287874895,0.0,0.0,0.010491086053015783,0.0,49.83265875183435,4.525007036477291,0.0,55.47432187351208,0.0,0.0,0.0,0.0,0.0,0.0,10.076794839500437,5.2823233962566665,10.12955571927092,4.090187439636318,1.3895432402610668,0.0,52.0,7.8,40.5,45.0,0.0,0.45205062545925956,1.0,17.697790840728825,15.306777664701771,2.0358024915149957,30.513432484015215,57.95737889699277,45.46787323125746,12.489505665735315,0.0,0.0,0.0,0.0,0.0,0.0,0.0,-3.552713678800501e-15,0.0,0.0,0.0,0.0,0.0,0.09425369503085879,0.0
1,spring_pv_high,春秋光伏大发日,65.0,3.75,0.25,30.813141362497213,22.269536875220286,5.064459852350856,0.0,5.0,-5.0,0.0,45.75923331759391,0.0,10.260121152533188,0.0,0.0,0.0,8.24744758492673,26.391832271765537,1.688153284116952,5.064459852350856,0.0,0.0,0.010491086053015783,0.0,49.83265875183435,4.122295396545251,0.0,56.42562986925483,0.0,0.0,0.0,0.0,0.0,0.0,10.206540536793257,5.329454021185074,10.184560041285307,4.09725998124661,1.396140525333592,0.0,52.0,7.8,40.5,45.0,0.0,0.43693460104626786,1.0,17.871621990248382,15.588675812654198,2.0257839409403426,30.813141362497213,56.0193544701271,45.75923331759391,10.260121152533188,0.0,0.0,0.0,0.0,0.0,0.0,0.0,0.0,0.0,0.0,0.0,0.0,0.0,-0.025046376436633544,0.0
1,spring_pv_high,春秋光伏大发日,65.0,4.0,0.25,31.11571405902367,22.676287919003325,4.808758506925907,0.0,5.0,-5.0,0.0,45.97657223231205,0.0,10.25344651832696,0.0,0.0,0.0,8.24744758492673,26.391832271765537,1.6029195023086356,4.808758506925907,0.0,0.0,0.010491086053015783,0.0,49.83265875183435,3.715544352762212,0.0,57.27985883810123,0.0,0.0,0.0,0.0,0.0,0.0,10.360705557241307,5.384589172559755,10.243523344076204,4.1053605363654935,1.4036285868857876,0.0,52.0,7.8,40.5,45.0,0.0,0.4385777208970912,1.0,18.04711415423373,15.873401543302327,1.9235034027703628,31.11571405902367,56.23001875063901,45.97657223231205,10.25344651832696,0.0,0.0,0.0,0.0,0.0,0.0,0.0,-3.552713678800501e-15,0.0,0.0,0.0,0.0,0.0,-0.25570134542494927,0.0
1,spring_pv_high,春秋光伏大发日,65.0,4.25,0.25,31.390120394028607,23.202441680173493,4.796542092848473,0.0,5.0,-5.0,0.0,46.24690642929118,0.0,9.757826948128873,0.0,0.0,0.0,8.24744758492673,26.391832271765537,1.5988473642828245,4.796542092848473,0.0,0.0,0.010491086053015783,0.0,49.83265875183435,3.189390591592044,0.0,58.00869917418529,0.0,0.0,0.0,0.0,0.0,0.0,10.541853468087291,5.4486274169256035,10.3063721324418,4.114596735467028,1.4120888633255155,0.0,52.0,7.8,40.5,45.0,0.0,0.4368205607941222,1.0,18.20626982853659,16.241709176121443,1.9186168371393895,31.390120394028607,56.00473337742005,46.24690642929118,9.757826948128873,0.0,0.0,0.0,0.0,0.0,0.0,0.0,0.0,0.0,0.0,0.0,0.0,0.0,-0.012216414077433235,0.0
1,spring_pv_high,春秋光伏大发日,65.0,4.5,0.25,32.29014211119918,23.655343376241618,5.057048239826798,0.0,5.0,-5.0,0.0,47.23376352878786,0.0,9.027272132465818,0.0,0.0,0.0,8.24744758492673,26.391832271765537,1.6856827466089328,5.057048239826798,0.0,0.0,0.010491086053015783,0.0,49.83265875183435,2.7364888955239195,0.0,58.62961093728513,0.0,0.0,0.0,0.0,0.0,0.0,10.751630268070047,5.5224695447061904,10.372977535590909,4.125080021640103,1.421603557846405,0.0,52.0,7.8,40.5,45.0,0.0,0.43881964373953186,1.0,18.728282424495525,16.558740363369132,2.0228192959307196,32.29014211119918,56.26103566125368,47.23376352878786,9.027272132465818,0.0,0.0,0.0,0.0,0.0,0.0,0.0,0.0,0.0,0.0,0.0,0.0,0.0,0.26050614697832497,0.0
1,spring_pv_high,春秋光伏大发日,65.0,4.75,0.25,32.831834426303274,24.386604718042708,4.985713436142568,0.0,5.0,-5.0,0.0,47.75167757599721,0.0,6.974397083804952,0.0,0.0,0.0,8.24744758492673,26.391832271765537,1.6619044787141892,4.985713436142568,0.0,0.0,0.010491086053015783,0.0,49.83265875183435,2.005227553722829,0.0,59.07653767582566,0.0,0.0,0.0,0.0,0.0,0.0,10.990285309754762,5.606995128624353,10.443152985028012,4.136924408655721,1.4322543798204426,0.0,52.0,7.8,40.5,45.0,0.0,0.42684739630586244,1.0,19.042463967255898,17.070623302629894,1.9942853744570272,32.831834426303274,54.726074659802165,47.75167757599721,6.974397083804952,0.0,0.0,0.0,0.0,0.0,0.0,0.0,0.0,0.0,0.0,0.0,0.0,0.0,-0.07133480368423051,0.0
1,spring_pv_high,春秋光伏大发日,65.0,5.0,0.25,33.345221138903916,24.872194877986782,5.200093781672735,0.0,5.0,-5.0,0.0,48.33652440377457,0.0,4.562115610063444,0.0,0.0,0.0,8.24744758492673,26.391832271765537,1.7333645938909117,5.200093781672735,0.0,0.0,0.010491086053015783,0.0,49.83265875183435,1.5196373937787548,0.0,59.40791328801021,0.0,0.0,0.0,0.0,0.0,0.0,11.256212475679963,5.703035306456419,10.516653160483537,4.150244980984967,1.4441211011601014,0.0,52.0,7.8,40.5,45.0,0.0,0.41259393987950777,1.0,19.34022826056427,17.410536414590748,2.080037512669094,33.345221138903916,52.89864001383801,48.33652440377457,4.562115610063444,0.0,0.0,0.0,0.0,0.0,0.0,0.0,-7.105427357601002e-15,0.0,0.0,0.0,0.0,0.0,0.21438034553016738,0.0
1,spring_pv_high,春秋光伏大发日,65.0,5.25,0.25,33.978152810989286,25.4081532132568,5.118834492888878,0.0,5.0,-5.0,0.0,48.94236964626533,0.0,1.7995908136462617,0.0,0.0,0.0,8.24744758492673,26.391832271765537,1.7062781642962925,5.118834492888878,0.0,0.0,0.010491086053015783,0.0,49.83265875183435,0.9836790585087378,0.0,59.61183310776204,0.0,0.0,0.0,0.0,0.0,0.0,11.545584118471266,5.811342173203165,10.59317437397653,4.16515613174862,1.4572799355623827,0.0,52.0,7.8,40.5,45.0,0.0,0.3957724693468191,1.0,19.707328630373784,17.78570724927976,2.0475337971555514,33.978152810989286,50.74196045991159,48.94236964626533,1.7995908136462617,0.0,0.0,0.0,0.0,0.0,0.0,0.0,0.0,0.0,0.0,0.0,0.0,0.0,-0.08125928878385746,0.0
1,spring_pv_high,春秋光伏大发日,65.0,5.5,0.25,34.52265981531216,25.86931595027903,5.185197313984593,0.0,5.0,-5.0,0.0,49.508997590953435,0.0,2.1872683915363638,0.0,0.0,0.0,8.24744758492673,26.391832271765537,1.7283991046615308,5.185197313984593,0.0,0.0,0.010491086053015783,0.0,49.83265875183435,0.5225163214865063,0.0,59.70612481756122,0.0,0.0,0.0,0.0,0.0,0.0,11.852155150066524,5.932555402500435,10.672356528178739,4.181769541624142,1.4718017549129516,0.0,52.0,7.8,40.5,45.0,0.0,0.40321577366062217,1.0,20.023142692881052,18.10852116519532,2.074078925593837,34.52265981531216,51.6962659824898,49.508997590953435,2.1872683915363638,0.0,0.0,0.0,0.0,0.0,0.0,0.0,-7.105427357601002e-15,0.0,0.0,0.0,0.0,0.0,0.06636282109571479,0.0
1,spring_pv_high,春秋光伏大发日,65.0,5.75,0.25,35.27636851909649,26.3512702830412,5.383866258616608,0.0,5.0,-5.0,0.0,50.316253654805415,0.0,2.5639876674917303,0.0,0.0,0.0,8.234771963450374,26.3512702830412,1.7946220862055362,5.383866258616608,0.0,0.0,0.010491086053015783,0.0,49.83265875183435,-0.0,0.0,59.67627175515245,0.0,0.0,0.0,0.0,0.0,0.0,12.16730618735039,6.067166963647962,10.75378674113151,4.2001919097873355,1.4877501639627224,0.0,52.0,7.8,40.5,45.0,0.0,0.4124504354599331,1.0,20.460293741075965,18.44588919812884,2.1535465034466434,35.27636851909649,52.880241322297145,50.316253654805415,2.5639876674917303,0.0,0.0,0.0,0.0,0.0,0.0,0.0,0.0,0.0,0.0,0.0,0.0,-0.04056198872433825,0.1986689446320158,0.0
1,spring_pv_high,春秋光伏大发日,65.0,6.0,0.25,36.1134474605214,26.833501450383768,5.240701732829628,0.0,5.0,-5.0,0.0,51.105611087634664,0.5029127011652614,4.78815140851858,0.0,0.0,0.0,8.234771963450374,26.3512702830412,1.7469005776098758,5.240701732829628,0.0,0.0,0.010491086053015783,0.0,49.83265875183435,-0.0,0.48223116734256877,59.519530680500516,0.0,0.0,0.0,0.0,0.0,0.0,12.480371241640048,6.2154850468066645,10.83700467568252,4.220522456878132,1.5051794615043776,0.0,52.0,7.8,40.5,45.0,0.01518193837145717,0.43595502033595923,1.0,20.94579952710241,18.783451015268636,2.096280693131851,36.1134474605214,56.39667519731851,51.105611087634664,5.291064109683841,0.0,0.0,0.0,0.0,-0.0,0.0,0.0,0.0,0.0,0.0,0.0,0.0,0.0,-0.1431645257869807,0.0
1,spring_pv_high,春秋光伏大发日,65.0,6.25,0.25,36.52585563862813,27.04985878952314,5.233237960695846,0.0,5.0,-5.0,0.0,51.51553134169681,1.1400319869076236,6.494205192969538,0.0,0.0,0.0,8.234771963450374,26.3512702830412,1.7444126535652822,5.233237960695846,0.0,0.0,0.010491086053015783,0.0,49.83265875183435,0.0,0.6985885064819399,59.305931834507135,0.0,0.0,0.0,0.0,0.0,0.0,12.779258579997563,6.377598540351202,10.921509549960508,4.242850229547812,1.524132523446342,0.0,52.0,7.8,40.5,45.0,0.034415307719647126,0.45245899973891723,1.0,21.184996270404312,18.934901152666196,2.0932951842783387,36.52585563862813,59.14976852157397,51.51553134169681,7.634237179877162,0.0,0.0,0.0,0.0,0.0,0.0,0.0,7.105427357601002e-15,0.0,0.0,0.0,0.0,0.0,-0.0074637721337813545,0.0
1,spring_pv_high,春秋光伏大发日,65.0,6.5,0.25,36.888604665057606,27.278753825507973,5.489105750568411,0.0,5.0,-5.0,0.0,51.96356963141714,2.156631142064743,7.637028429178336,0.0,0.0,0.0,8.234771963450374,26.3512702830412,1.829701916856137,5.489105750568411,0.0,0.0,0.010491086053015783,0.0,49.83265875183435,0.0,0.9274835424667742,59.03220425215127,0.0,0.0,0.0,0.0,0.0,0.0,13.051327998648972,6.553343605176861,11.006768736589185,4.267251246106128,1.5446386501468987,0.0,52.0,7.8,40.5,45.0,0.06510442272173392,0.4648672549344028,1.0,21.39539070573341,19.09512767785558,2.1956423002273646,36.888604665057606,61.75722920266021,51.96356963141714,9.79365957124308,0.0,0.0,0.0,0.0,0.0,0.0,0.0,7.105427357601002e-15,0.0,0.0,0.0,0.0,0.0,0.255867789872565,0.0
1,spring_pv_high,春秋光伏大发日,65.0,6.75,0.25,37.397343832512796,27.29324692395853,5.57457618310691,0.0,5.0,-5.0,0.0,52.50079894305183,3.47415491096989,6.412075777910658,0.0,0.0,0.0,8.234771963450374,26.3512702830412,1.8581920610356366,5.57457618310691,0.0,0.0,0.010491086053015783,0.0,49.83265875183435,0.0,0.941976640917332,58.75479956031011,0.0,0.0,0.0,0.0,0.0,0.0,13.284441604876148,6.74227404434419,11.092227785540269,4.293785532824879,1.5667114268450237,0.0,52.0,7.8,40.5,45.0,0.10487785579690079,0.4595032137762172,1.0,21.69045942285742,19.10527284677097,2.229830473242764,37.397343832512796,62.38702963193238,52.50079894305183,9.886230688880548,0.0,0.0,0.0,0.0,0.0,0.0,0.0,7.105427357601002e-15,0.0,0.0,0.0,0.0,0.0,0.08547043253849829,0.0
1,spring_pv_high,春秋光伏大发日,65.0,7.0,0.25,37.919286613141296,27.2980747598589,5.728009700976196,0.0,5.0,-5.0,0.0,57.2450077570823,4.910004592296829,0.6790084358283295,0.0,0.0,0.0,8.234771963450374,26.3512702830412,1.9093365669920654,5.728009700976196,0.0,0.0,0.010491086053015783,0.0,49.83265875183435,0.0,0.9468044768177002,58.4762630876832,4.171121527445543,0.0,0.0,0.0,0.0,0.0,13.468067510786257,6.943637256476603,11.177321631472363,4.322494110205658,1.590346651703709,0.0,88.0,13.2,40.5,45.0,0.14822331380993808,0.45179040611300253,1.0,21.99318623562195,19.10865233190123,2.2912038803904786,42.09040814058684,62.83402078520746,57.2450077570823,5.589013028125159,0.0,0.0,0.0,0.0,0.0,0.0,0.0,7.105427357601002e-15,0.0,0.0,0.0,0.0,0.0,0.15343351786928672,0.0
1,spring_pv_high,春秋光伏大发日,65.0,7.25,0.25,38.45892031814856,27.31417850559472,5.845944006820536,0.0,5.0,-5.0,0.0,53.65283136992546,6.743781732211776,3.672677246334814,0.0,0.0,0.0,8.234771963450374,26.3512702830412,1.9486480022735122,5.845944006820536,0.0,0.0,0.010491086053015783,0.0,49.83265875183435,0.0,0.9629082225535228,58.193628055467386,0.0,0.0,0.0,0.0,0.0,0.0,13.59429520170714,7.156357572873413,11.261486674500208,4.353395997583033,1.6155203905569986,0.0,88.0,13.2,40.5,45.0,0.20358141365643043,0.44712222184525374,1.0,22.306173784526163,19.119924953916303,2.338377602728215,38.45892031814856,64.06929034847205,53.65283136992546,10.41645897854659,0.0,0.0,0.0,0.0,0.0,0.0,0.0,0.0,0.0,0.0,0.0,0.0,0.0,0.11793430584434006,0.0
1,spring_pv_high,春秋光伏大发日,65.0,7.5,0.25,38.89112062129007,27.196834767911067,5.87569242614442,0.0,5.0,-5.0,0.0,54.0949478128416,8.577026444738447,4.341068901754802,0.0,0.0,0.0,8.234771963450374,26.3512702830412,1.95856414204814,5.87569242614442,0.0,0.0,0.010491086053015783,0.0,49.83265875183435,0.0,0.8455644848698682,57.942014271737065,0.0,0.0,0.0,0.0,0.0,0.0,13.658623587448364,7.379028698983344,11.344173357344252,4.386485312385193,1.6421872206225148,0.0,88.0,13.2,40.5,45.0,0.2589234405746047,0.4557838606216144,1.0,22.556849960348238,19.037784337537747,2.350276970457768,38.89112062129007,67.01304315933486,54.0949478128416,12.91809534649325,0.0,0.0,0.0,0.0,0.0,0.0,0.0,7.105427357601002e-15,0.0,0.0,0.0,0.0,0.0,0.029748419323883724,0.0
1,spring_pv_high,春秋光伏大发日,65.0,7.75,0.25,39.270576610929105,27.019198631646677,6.085840174118394,0.0,5.0,-5.0,0.0,54.544453051805284,10.525356385669932,4.557420640414982,0.0,0.0,0.0,8.234771963450374,26.3512702830412,2.0286133913727977,6.085840174118394,0.0,0.0,0.010491086053015783,0.0,49.83265875183435,0.0,0.6679283486054786,57.737272646547126,0.0,0.0,0.0,0.0,0.0,0.0,13.660409260018008,7.609916801999435,11.424858805679627,4.421728546779798,1.6702787269279247,0.0,88.0,13.2,40.5,45.0,0.31773966259872605,0.4609773505435145,1.0,22.77693443433888,18.913439042152675,2.4343360696473577,39.270576610929105,69.6272300778902,54.544453051805284,15.082777026084914,0.0,0.0,0.0,0.0,0.0,0.0,0.0,-7.105427357601002e-15,0.0,0.0,0.0,0.0,0.0,0.2101477479739735,0.0
1,spring_pv_high,春秋光伏大发日,65.0,8.0,0.25,39.545697219435255,26.707651800441553,6.141129734762045,0.0,5.0,-5.0,0.0,54.83800351385933,12.489415553469046,7.149098941145567,0.0,0.0,0.0,8.234771963450374,26.3512702830412,2.047043244920682,6.141129734762045,0.0,0.0,0.010491086053015783,0.0,49.83265875183435,0.0,0.3563815174003544,57.61461940038166,0.0,0.0,0.0,0.0,0.0,0.0,13.602909519055903,7.8469755038663545,11.50305905619715,4.459062108871521,1.6997023147611279,0.0,88.0,13.2,40.5,45.0,0.3770307188284296,0.4834812920886956,1.0,22.936504387272446,18.695356260309087,2.456451893904818,39.545697219435255,74.47651800847395,54.83800351385933,19.63851449461461,0.0,0.0,0.0,0.0,0.0,0.0,0.0,7.105427357601002e-15,0.0,0.0,0.0,0.0,0.0,0.05528956064365165,0.0
1,spring_pv_high,春秋光伏大发日,65.0,8.25,0.25,39.59854954169342,26.39373535277379,6.127408697490748,0.0,5.0,-5.0,0.0,54.88628215702706,14.26349391119856,8.255107775078372,0.0,0.0,0.0,8.234771963450374,26.3512702830412,2.0424695658302494,6.127408697490748,0.0,0.0,0.010491086053015783,0.0,49.83265875183435,0.0,0.042465069732589455,57.574637072330795,0.0,0.0,0.0,0.0,0.0,0.0,13.492913996621395,8.087873654403555,11.578340372153589,4.498390217699095,1.73034039890087,0.0,88.0,13.2,40.5,45.0,0.4305866306810808,0.4924843972310188,1.0,22.967158734182185,18.475614746941652,2.4509634789962993,39.59854954169342,77.40488384330399,54.88628215702706,22.51860168627693,0.0,0.0,0.0,0.0,0.0,0.0,0.0,0.0,0.0,0.0,0.0,0.0,0.0,-0.013721037271297476,0.0
1,spring_pv_high,春秋光伏大发日,65.0,8.5,0.25,39.77192177337943,26.049113738382438,6.370574548443926,0.0,5.0,-5.0,0.0,55.04628575215827,16.333300276198155,7.235577070779435,0.0,0.0,0.0,8.140348043244511,26.049113738382438,2.1235248494813086,6.370574548443926,0.0,0.0,0.010491086053015783,0.0,49.83265875183435,-0.0,0.0,57.54584975379464,0.0,0.0,0.0,0.0,0.0,0.0,13.34001915329857,8.330036280025796,11.650329142310213,4.5395832406655785,1.762050025594453,0.0,88.0,13.2,40.5,45.0,0.4930699853497224,0.48578033685608313,1.0,23.06771462856007,18.234379616867706,2.5482298193775708,39.77192177337943,78.61516309913586,55.04628575215827,23.56887734697759,0.0,0.0,0.0,0.0,0.0,0.0,0.0,7.105427357601002e-15,0.0,0.0,0.0,0.0,-0.30215654465876085,0.24316585095317844,0.0
1,spring_pv_high,春秋光伏大发日,65.0,8.75,0.25,39.86606660637979,25.695070116641,6.634113755849034,0.0,5.0,-5.0,0.0,55.117638355832796,18.273134349013436,3.8382079860711897,0.0,0.0,0.0,8.02970941145031,25.695070116641,2.211371251949678,6.634113755849034,0.0,0.0,0.010491086053015783,0.0,49.83265875183435,-0.0,0.0,57.51707682891775,0.0,0.0,0.0,0.0,0.0,0.0,13.155650199075557,8.570698543390879,11.718719878712585,4.582476558461218,1.7946629761784745,0.0,88.0,13.2,40.5,45.0,0.5516297339424642,0.45983837986711534,1.0,23.122318631700278,17.986549081648697,2.653645502339614,39.86606660637979,77.22898069091742,55.117638355832796,22.111342335084625,0.0,0.0,0.0,0.0,0.0,0.0,0.0,0.0,0.0,0.0,0.0,0.0,-0.35404362174143955,0.26353920740510794,0.0
1,spring_pv_high,春秋光伏大发日,65.0,9.0,0.25,40.3420785686594,25.292078389179377,6.802322248934734,0.0,5.0,-5.0,0.0,55.52378490097588,20.13399305627597,3.6486952545615736,0.0,0.0,0.0,7.903774496618555,25.292078389179377,2.2674407496449116,6.802322248934734,0.0,0.0,0.010491086053015783,0.0,49.83265875183435,-0.0,0.0,57.4883182905033,0.0,0.0,0.0,0.0,0.0,0.0,12.951966098975827,8.806971927995292,11.783280873367175,4.626870035832234,1.8279863919318105,0.0,88.0,13.2,40.5,45.0,0.6078053726690064,0.4615280603325257,1.0,23.39840556982245,17.70445487242556,2.720928899573894,40.3420785686594,79.30647321181343,55.52378490097588,23.782688310837543,0.0,0.0,0.0,0.0,0.0,0.0,0.0,0.0,0.0,0.0,0.0,0.0,-0.4029917274616217,0.16820849308570018,0.0
1,spring_pv_high,春秋光伏大发日,65.0,9.25,0.25,40.487097004246415,24.610206575701255,7.1210284658290295,0.0,5.0,-5.0,0.23864245452346466,55.726956766106326,21.979588869824603,0.0,0.0,0.0,0.0,7.690689554906642,24.610206575701255,2.373676155276343,7.1210284658290295,0.0,0.0,0.010491086053015783,0.0,49.83265875183435,-0.0,0.0,57.45957413135806,0.4036454201473785,0.0,0.0,0.0,0.0,0.0,12.740790512928916,9.035921204601232,11.84385714395662,4.672528166649864,1.8618039483468047,0.0,88.0,13.2,40.5,45.0,0.6707243979073552,0.4346539843672362,1.0,23.48251626246292,17.227144602990876,2.848411386331612,40.89074242439379,77.9451880904544,55.96559922062979,21.979588869824603,0.0,0.0,0.0,0.0,0.0,0.0,0.0,0.0,0.0,0.0,0.0,0.0,-0.6818718134781214,0.3187062168942951,0.0
1,spring_pv_high,春秋光伏大发日,65.0,9.5,0.25,40.6377398323615,23.960421068617855,7.543924246188372,0.0,5.0,-5.0,3.7980979159639077,51.8524060017898,20.540337111677047,0.0,0.0,0.0,0.0,7.487631583943079,23.960421068617855,2.5146414153961243,7.543924246188372,0.0,0.0,0.010491086053015783,0.0,49.83265875183435,-0.0,0.0,57.43084434429238,0.0,0.0,0.0,0.0,0.0,0.0,12.532695168220984,9.254650073448314,11.900370393378092,4.719180948704535,1.8958775937413699,0.0,88.0,13.2,40.5,45.0,0.7347291484013189,0.40443362020108137,1.0,23.569889102769668,16.772294748032497,3.017569698475349,40.6377398323615,76.19084102943076,55.65050391775371,20.540337111677047,0.0,0.0,0.0,0.0,0.0,0.0,0.0,-7.105427357601002e-15,0.0,0.0,0.0,0.0,-0.6497855070834007,0.42289578035934294,0.0
1,spring_pv_high,春秋光伏大发日,65.0,9.75,0.25,40.81253314317153,23.466098125432197,7.883240423833289,0.0,5.0,-5.0,4.2759114511669765,51.508015250199556,21.75251397515922,0.0,0.0,0.0,0.0,7.3331556641975615,23.466098125432197,2.6277468079444297,7.883240423833289,0.0,0.0,0.010491086053015783,0.0,49.83265875183435,-0.0,0.0,57.40212892212025,0.0,0.0,0.0,0.0,0.0,0.0,12.336327327419582,9.46039274106737,11.952815824678584,4.766525527685526,1.9299498523426757,0.0,88.0,13.2,40.5,45.0,0.7857466113163437,0.4017474729387035,1.0,23.671269223039484,16.426268687802537,3.153296169533316,40.81253314317153,77.53644067652576,55.78392670136653,21.75251397515922,0.0,0.0,0.0,0.0,0.0,0.0,0.0,-7.105427357601002e-15,0.0,0.0,0.0,0.0,-0.49432294318565795,0.3393161776449167,0.0
1,spring_pv_high,春秋光伏大发日,65.0,10.0,0.25,41.14193562187248,22.785871791541137,8.340895270804666,0.0,5.0,-5.0,3.6520070183602655,52.401303048023394,24.018298970367876,0.0,0.0,0.0,0.0,7.120584934856605,22.785871791541137,2.7802984236015553,8.340895270804666,0.0,0.0,0.010491086053015783,0.0,49.83265875183435,-0.0,0.0,57.373427857659195,0.0,0.0,0.0,0.0,0.0,0.0,12.158027912243698,9.650608118913876,12.001255787964505,4.814228631237918,1.9637466760713134,0.0,88.0,13.2,40.5,45.0,0.8353117335610661,0.40871485682331776,1.0,23.862322660686036,15.950110254078794,3.3363581083218663,41.14193562187248,80.07160903675154,56.05331006638366,24.018298970367876,0.0,0.0,0.0,0.0,0.0,0.0,0.0,7.105427357601002e-15,0.0,0.0,0.0,0.0,-0.6802263338910599,0.4576548469713764,0.0
1,spring_pv_high,春秋光伏大发日,65.0,10.25,0.25,41.30287415809154,22.21824555030448,8.475050426883792,0.0,5.0,-5.0,5.914242393109149,50.167341394466824,23.01182148659312,0.0,0.0,0.0,0.0,6.94320173447015,22.21824555030448,2.825016808961264,8.475050426883792,0.0,0.0,0.010491086053015783,0.0,49.83265875183435,-0.0,0.0,57.344741143730374,0.0,0.0,0.0,0.0,0.0,0.0,12.001740737359546,9.82307285927829,12.045810383678015,4.861929793279746,1.9969808127382582,0.0,88.0,13.2,40.5,45.0,0.8732205771159546,0.39129060848839786,1.0,23.95566701169309,15.552771885213135,3.390020170753517,41.30287415809154,79.0934052741691,56.08158378757597,23.01182148659312,0.0,0.0,0.0,0.0,0.0,0.0,0.0,0.0,0.0,0.0,0.0,0.0,-0.5676262412366562,0.13415515607912631,0.0
1,spring_pv_high,春秋光伏大发日,65.0,10.5,0.25,41.210242195536644,21.594583796127868,8.813659598849675,0.0,5.0,-5.0,11.588477443411485,48.851576448927055,18.38477211600293,0.0,0.0,0.0,0.0,6.748307436289958,21.594583796127868,2.9378865329498915,8.813659598849675,0.0,0.0,0.010491086053015783,0.0,49.83265875183435,-0.0,0.0,57.31606877315851,4.533126641509031,0.0,0.0,0.0,0.0,0.0,11.869174393883432,9.975969107156478,12.08664530054321,4.909245346499839,2.029355641790107,0.0,88.0,13.2,40.5,45.0,0.9048330387142111,0.3810280262614524,1.0,23.90194047341125,15.116208657289507,3.5254638395398703,45.74336883704567,78.82482600834147,60.44005389233854,18.38477211600293,0.0,0.0,0.0,0.0,0.0,0.0,0.0,7.105427357601002e-15,0.0,0.0,0.0,0.0,-0.623661754176613,0.33860917196588325,0.0
1,spring_pv_high,春秋光伏大发日,65.0,10.75,0.25,41.09213015787122,21.151209053125676,9.084607930919217,0.0,5.0,-5.0,8.471176671908431,47.26940004475731,22.160616089286492,0.0,0.0,0.0,0.0,6.609752829101773,21.151209053125676,3.028202643639739,9.084607930919217,0.0,0.0,0.010491086053015783,0.0,49.83265875183435,-0.0,0.0,57.287410738771946,0.0,0.0,0.0,0.0,0.0,0.0,11.760152149854967,10.107962677153388,12.123957318725815,4.955773137833561,2.060569412694709,0.0,88.0,13.2,40.5,45.0,0.9247131536550511,0.36868751247867804,1.0,23.833435491565304,14.805846337187972,3.633843172367687,41.09213015787122,77.90119280595223,55.74057671666574,22.160616089286492,0.0,0.0,0.0,0.0,0.0,0.0,0.0,0.0,0.0,0.0,0.0,0.0,-0.4433747430021917,0.2709483320695423,0.0
1,spring_pv_high,春秋光伏大发日,65.0,11.0,0.25,41.07864563162975,20.494659310537234,9.34499632524354,0.0,5.0,-5.0,9.745927886800779,45.862788640506054,21.095143310136738,0.0,0.0,0.0,0.0,6.404581034542885,20.494659310537234,3.11499877508118,9.34499632524354,0.0,0.0,0.010491086053015783,0.0,49.83265875183435,-0.0,0.0,57.25876703340257,0.0,0.0,0.0,0.0,0.0,0.0,11.673073972410148,10.21826738940797,12.157958050873024,5.001097898506149,2.090319806158798,0.0,70.0,10.5,40.5,45.0,0.9310308551299935,0.3577163544109535,1.0,23.82561446634525,14.346261517376062,3.7379985300974163,41.07864563162975,76.70385983744357,55.60871652730683,21.095143310136738,0.0,0.0,0.0,0.0,0.0,0.0,0.0,0.0,0.0,0.0,0.0,0.0,-0.6565497425884423,0.26038839432432326,0.0
1,spring_pv_high,春秋光伏大发日,65.0,11.25,0.25,41.07701219784917,20.07427048493835,9.58479357778302,0.0,5.0,-5.0,14.157341112739154,41.398302890300606,16.825223083449032,0.0,0.0,0.0,0.0,6.2732095265432335,20.07427048493835,3.1949311925943404,9.58479357778302,0.0,0.0,0.010491086053015783,0.0,49.83265875183435,-0.0,0.0,57.230137649885876,0.0,0.0,0.0,0.0,0.0,0.0,11.60541736547349,10.306691538646861,12.188856617033077,5.044797177772593,2.118308725210633,0.0,70.0,10.5,40.5,45.0,0.935302248534135,0.3228946696808485,1.0,23.82466707475252,14.051989339456844,3.8339174311132087,41.07701219784917,72.38086708648879,55.55564400303976,16.825223083449032,0.0,0.0,0.0,0.0,0.0,0.0,0.0,0.0,0.0,0.0,0.0,0.0,-0.42038882559888435,0.23979725253948025,0.0
1,spring_pv_high,春秋光伏大发日,65.0,11.5,0.25,41.08188373858308,19.847181273789793,10.046813754980764,0.0,5.0,-5.0,17.97586505538972,37.73865721411653,13.622557355874402,0.0,0.0,0.0,0.0,6.2732095265432335,20.07427048493835,3.3489379183269214,10.046813754980764,0.0,0.0,0.010491086053015783,0.0,49.83265875183435,0.22708921114855585,0.0,57.25545626870873,0.0,0.0,0.0,0.0,0.0,0.0,11.554216717750688,10.3736629379624,12.216842045625805,5.086447728622318,2.144247212326136,0.0,70.0,10.5,40.5,45.0,0.9538937882689129,0.2943505024261743,1.0,23.827492568378187,13.893026891652855,4.018725501992306,41.08188373858308,69.33707962538065,55.71452226950625,13.622557355874402,0.0,0.0,0.0,0.0,0.0,0.0,0.0,-7.105427357601002e-15,0.0,0.0,0.0,0.0,0.0,0.46202017719774346,0.0
1,spring_pv_high,春秋光伏大发日,65.0,11.75,0.25,41.117705699908406,19.64270071888845,10.23034148764629,0.0,5.0,-5.0,20.72178676746421,35.08973337425587,11.07890832864636,0.0,0.0,0.0,0.0,6.2732095265432335,20.07427048493835,3.41011382921543,10.23034148764629,0.0,0.0,0.010491086053015783,0.0,49.83265875183435,0.4315697660499005,0.0,57.32932636001123,0.0,0.0,0.0,0.0,0.0,0.0,11.516479644398181,10.42022967566152,12.242066254139559,5.125632215294886,2.1678603807249632,0.0,70.0,10.5,40.5,45.0,0.96,0.27368967025273927,1.0,23.848269305946875,13.749890503221913,4.092136595058516,41.117705699908406,66.89042847036644,55.81152014172008,11.07890832864636,0.0,0.0,0.0,0.0,0.0,0.0,0.0,-7.105427357601002e-15,0.0,0.0,0.0,0.0,0.0,0.18352773266552624,0.0
1,spring_pv_high,春秋光伏大发日,65.0,12.0,0.25,41.228181333686564,19.232339403381584,10.548001301694034,0.0,5.0,-5.0,20.717107357076884,35.31077502310394,11.083587739033685,0.0,0.0,0.0,0.0,6.2732095265432335,20.07427048493835,3.5160004338980113,10.548001301694034,0.0,0.0,0.010491086053015783,0.0,49.83265875183435,0.8419310815567655,0.0,57.50062032870097,0.0,0.0,0.0,0.0,0.0,0.0,11.48951876265225,10.448034639572482,12.264628483989851,5.16194609725659,2.188892243123575,0.0,70.0,10.5,40.5,45.0,0.96,0.2754137305452502,1.0,23.912345173538206,13.462637582367108,4.219200520677614,41.228181333686564,67.11147011921452,56.02788238018083,11.083587739033685,0.0,0.0,0.0,0.0,0.0,0.0,0.0,0.0,0.0,0.0,0.0,0.0,0.0,0.3176598140477438,0.0
1,spring_pv_high,春秋光伏大发日,65.0,12.25,0.25,41.61126782107768,19.067756124675387,10.768649324310116,0.0,5.0,-5.0,29.413871027473352,31.647886641289166,2.3868240686372175,0.0,0.0,0.0,0.0,6.2732095265432335,20.07427048493835,3.5895497747700387,10.768649324310116,0.0,0.0,0.010491086053015783,0.0,49.83265875183435,1.0065143602629618,0.0,57.710917179099084,4.577239460318545,0.0,0.0,0.0,0.0,0.0,11.471194757913173,10.459262975369443,12.284562039866902,5.195004533014949,2.207110319905659,0.0,70.0,10.5,40.5,45.0,0.96,0.24684427113388369,1.0,24.134535336225053,13.347429287272771,4.307459729724047,46.18850728139623,63.448581737399735,61.06175766876252,2.3868240686372175,0.0,0.0,0.0,0.0,0.0,0.0,0.0,0.0,0.0,0.0,0.0,0.0,0.0,0.22064802261608207,0.0
1,spring_pv_high,春秋光伏大发日,65.0,12.5,0.25,41.349607095528455,18.957801750075557,11.096446725351873,0.0,5.0,-5.0,24.543460882945812,31.788662400296186,7.257234213164757,0.0,0.0,0.0,0.0,6.2732095265432335,20.07427048493835,3.698815575117291,11.096446725351873,0.0,0.0,0.010491086053015783,0.0,49.83265875183435,1.1164687348627922,0.0,57.94722304503946,0.0,0.0,0.0,0.0,0.0,0.0,11.460079156963252,10.456562916567417,12.301824113189218,5.224449140373006,2.22230991102871,0.0,70.0,10.5,40.5,45.0,0.96,0.24794228093211365,1.0,23.9827721154065,13.27046122505289,4.43857869014075,41.349607095528455,63.589357496406755,56.332123283242,7.257234213164757,0.0,0.0,0.0,0.0,0.0,0.0,0.0,0.0,0.0,0.0,0.0,0.0,0.0,0.3277974010417566,0.0
1,spring_pv_high,春秋光伏大发日,65.0,12.75,0.25,41.52339583647409,18.754280044739915,11.416246118179732,0.0,5.0,-5.0,21.50232560490663,35.110186216890284,10.298369491203939,0.0,0.0,0.0,0.0,6.2732095265432335,20.07427048493835,3.805415372726577,11.416246118179732,0.0,0.0,0.010491086053015783,0.0,49.83265875183435,1.3199904401984348,0.0,58.23174716306408,0.0,0.0,0.0,0.0,0.0,0.0,11.455552072000078,10.44294180235949,12.316289352936181,5.249954447867922,2.23431792206211,0.0,70.0,10.5,40.5,45.0,0.96,0.27384919645080524,1.0,24.08356958515497,13.12799603131794,4.566498447271893,41.52339583647409,66.91088131300086,56.612511821796915,10.298369491203939,0.0,0.0,0.0,0.0,0.0,0.0,0.0,0.0,0.0,0.0,0.0,0.0,0.0,0.31979939282785885,0.0
1,spring_pv_high,春秋光伏大发日,65.0,13.0,0.25,41.417378163631994,18.713143020237812,11.666940286074706,0.0,5.0,-5.0,22.018559734150443,34.571499137436035,9.782135361960126,0.0,0.0,0.0,0.0,6.2732095265432335,20.07427048493835,3.888980095358235,11.666940286074706,0.0,0.0,0.010491086053015783,0.0,49.83265875183435,1.3611274647005374,0.0,58.525899062348934,0.0,0.0,0.0,0.0,0.0,0.0,11.45785166596817,10.4216405203031,12.327747688970407,5.271233875440194,2.242996144434219,0.0,70.0,10.5,40.5,45.0,0.96,0.26964759458701304,1.0,24.022079334906554,13.099200114166468,4.666776114429882,41.417378163631994,66.37219423354661,56.59005887158648,9.782135361960126,0.0,0.0,0.0,0.0,0.0,0.0,0.0,0.0,0.0,0.0,0.0,0.0,0.0,0.2506941678949737,0.0
1,spring_pv_high,春秋光伏大发日,65.0,13.25,0.25,41.442678250622954,18.924598326216618,11.870305797567255,0.0,5.0,-5.0,25.06184766271989,36.17999440725692,6.738847433390678,0.0,0.0,0.0,0.0,6.2732095265432335,20.07427048493835,3.956768599189085,11.870305797567255,0.0,0.0,0.010491086053015783,0.0,49.83265875183435,1.1496721587217316,0.0,58.76968325051417,4.558694607568525,0.0,0.0,0.0,0.0,0.0,11.46808937080792,10.395990997050918,12.335906719603361,5.288045090886954,2.248243902996728,0.0,70.0,10.5,40.5,45.0,0.96,0.2821933878338591,1.0,24.036753385361312,13.247218828351631,4.748122319026902,46.00137285819148,67.98068950336749,61.24184206997681,6.738847433390678,0.0,0.0,0.0,0.0,0.0,0.0,0.0,0.0,0.0,0.0,0.0,0.0,0.0,0.20336551149254944,0.0
1,spring_pv_high,春秋光伏大发日,65.0,13.5,0.25,41.56983275411132,18.960288595797156,12.154617797975794,0.0,5.0,-5.0,22.571464597580594,38.90628963807115,9.229230498529976,0.0,0.0,0.0,0.0,6.2732095265432335,20.07427048493835,4.051539265991932,12.154617797975794,0.0,0.0,0.010491086053015783,0.0,49.83265875183435,1.1139818891411934,0.0,59.00486910755996,4.572681602952245,0.0,0.0,0.0,0.0,0.0,11.488239496517552,10.369262626112807,12.340398755791206,5.300194602207907,2.25,0.0,70.0,10.5,40.5,45.0,0.96,0.30345769425576524,1.0,24.11050299738456,13.272202017058008,4.861847119190318,46.14251435706356,70.70698473418172,61.477754235651744,9.229230498529976,0.0,0.0,0.0,0.0,0.0,0.0,0.0,0.0,0.0,0.0,0.0,0.0,0.0,0.2843120004085389,0.0
1,spring_pv_high,春秋光伏大发日,65.0,13.75,0.25,41.4494237429173,18.897673099617368,12.430440611754564,0.0,5.0,-5.0,16.64813413772707,40.228470421704664,14.179732047960549,0.0,0.0,0.0,0.0,6.2732095265432335,20.07427048493835,4.143480203918188,12.430440611754564,0.0,0.0,0.010491086053015783,0.0,49.83265875183435,1.1765973853209815,0.0,59.254808552019924,0.0,0.0,0.0,0.0,0.0,0.0,11.521105365026626,10.344504576926367,12.340792380275223,5.3075414641954195,2.248243902996728,0.0,70.0,10.5,40.5,45.0,0.9306322219944099,0.3137703181457106,1.0,24.04066577089203,13.228371169732156,4.972176244701826,41.4494237429173,71.05633660739228,56.87660455943173,14.179732047960549,0.0,0.0,0.0,0.0,0.0,0.0,0.0,0.0,0.0,0.0,0.0,0.0,0.0,0.2758228137787704,0.0
1,spring_pv_high,春秋光伏大发日,65.0,14.0,0.25,41.4473917371749,18.80784489396605,12.556518925015279,0.0,5.0,-5.0,17.130293072772865,39.786305585336706,12.342749411414339,0.0,0.0,0.0,0.0,6.2732095265432335,20.07427048493835,4.185506308338426,12.556518925015279,0.0,0.0,0.010491086053015783,0.0,49.83265875183435,1.2664255909723003,0.0,59.52595722559984,0.0,0.0,0.0,0.0,0.0,0.0,11.57025787064239,10.324391685615216,12.336608143998623,5.3100000000000005,2.242996144434219,0.0,70.0,10.5,40.5,45.0,0.8897327778310188,0.31032156158286683,1.0,24.03948720756144,13.165491425776233,5.022607570006112,41.4473917371749,69.25934806952391,56.91659865810957,12.342749411414339,0.0,0.0,0.0,0.0,0.0,0.0,0.0,0.0,0.0,0.0,0.0,0.0,0.0,0.12607831326071484,0.0
1,spring_pv_high,春秋光伏大发日,65.0,14.25,0.25,41.60287832036118,19.02836123863508,12.644585525964162,0.0,5.0,-5.0,15.620385451809419,41.48105532313606,12.268600997118252,0.0,0.0,0.0,0.0,6.2732095265432335,20.07427048493835,4.214861841988054,12.644585525964162,0.0,0.0,0.010491086053015783,0.0,49.83265875183435,1.0459092463032675,0.0,59.74459769298408,0.0,0.0,0.0,0.0,0.0,0.0,11.639937509240193,10.311082004305131,12.327337797756144,5.3075414641954195,2.23431792206211,0.0,70.0,10.5,40.5,45.0,0.8419132635325675,0.32354011448414144,1.0,24.12966942580948,13.319852867044556,5.057834210385665,41.60287832036118,69.37004177206373,57.10144077494548,12.268600997118252,0.0,0.0,0.0,0.0,0.0,0.0,0.0,0.0,0.0,0.0,0.0,0.0,0.0,0.08806660094888308,0.0
1,spring_pv_high,春秋光伏大发日,65.0,14.5,0.25,41.74184654711476,19.020690842318928,12.68909282000814,0.0,5.0,-5.0,16.31851242896098,40.93673233741941,10.060094674876282,0.0,0.0,0.0,0.0,6.2732095265432335,20.07427048493835,4.22969760666938,12.68909282000814,0.0,0.0,0.010491086053015783,0.0,49.83265875183435,1.0535796426194217,0.0,59.9649505592597,0.0,0.0,0.0,0.0,0.0,0.0,11.734908234526412,10.306094018101705,12.31246625763645,5.300194602207907,2.22230991102871,0.0,70.0,10.5,40.5,45.0,0.7963179025851228,0.3192945541978078,1.0,24.21027099732656,13.314483589623249,5.075637128003256,41.74184654711476,67.31533944125667,57.255244766380386,10.060094674876282,0.0,0.0,0.0,0.0,0.0,0.0,0.0,-7.105427357601002e-15,0.0,0.0,0.0,0.0,0.0,0.04450729404397791,0.0
1,spring_pv_high,春秋光伏大发日,65.0,14.75,0.25,41.95800967922456,19.111226285262777,12.635505421784023,0.0,5.0,-5.0,20.562483423765592,41.50644307336459,4.704915325675746,0.0,0.0,0.0,0.0,6.2732095265432335,20.07427048493835,4.211835140594674,12.635505421784023,0.0,0.0,0.010491086053015783,0.0,49.83265875183435,0.9630441996755721,0.0,60.16369108140303,4.615381064714701,0.0,0.0,0.0,0.0,0.0,11.860251513668128,10.310210985468498,12.291495340727618,5.288045090886954,2.207110319905659,0.0,70.0,10.5,40.5,45.0,0.7627727232424688,0.32373813151990505,1.0,24.33564561395024,13.377858399683943,5.054202168713609,46.573390743939264,66.77384182280593,62.068926497130185,4.704915325675746,0.0,0.0,0.0,0.0,0.0,0.0,0.0,0.0,0.0,0.0,0.0,0.0,0.0,-0.05358739822411707,0.0
1,spring_pv_high,春秋光伏大发日,65.0,15.0,0.25,42.2767827023315,19.195916105032122,12.492658378006396,0.0,5.0,-5.0,13.995467388697463,43.72923538556575,9.868215467272421,0.0,0.0,0.0,0.0,6.2732095265432335,20.07427048493835,4.164219459335466,12.492658378006396,0.0,0.0,0.010491086053015783,0.0,49.83265875183435,0.8783543799062272,0.0,60.342218401090065,0.0,0.0,0.0,0.0,0.0,0.0,12.021091919431237,10.323418807514855,12.263968193188704,5.271233875440194,2.188892243123575,0.0,70.0,10.5,40.5,45.0,0.7203973206401083,0.34107526225493046,1.0,24.520533967352268,13.437141273522485,4.997063351202559,42.2767827023315,67.59291824153564,57.724702774263214,9.868215467272421,0.0,0.0,0.0,0.0,0.0,0.0,0.0,0.0,0.0,0.0,0.0,0.0,0.0,-0.14284704377762658,0.0
1,spring_pv_high,春秋光伏大发日,65.0,15.25,0.25,42.483068676283715,19.366286518898228,12.397087088940218,0.0,5.0,-5.0,13.251192376055783,44.64793927580425,9.034263590745436,0.0,0.0,0.0,0.0,6.2732095265432335,20.07427048493835,4.132362362980072,12.397087088940218,0.0,0.0,0.010491086053015783,0.0,49.83265875183435,0.7079839660401213,0.0,60.480193483824046,0.0,0.0,0.0,0.0,0.0,0.0,12.222251483073219,10.344882308555073,12.229493273888721,5.249954447867922,2.1678603807249632,0.0,70.0,10.5,40.5,45.0,0.6727537767168429,0.3482408842360811,1.0,24.640179832244552,13.55640056322876,4.958834835576088,42.483068676283715,66.93339524260547,57.89913165186003,9.034263590745436,0.0,0.0,0.0,0.0,0.0,0.0,0.0,-7.105427357601002e-15,0.0,0.0,0.0,0.0,0.0,-0.09557128906617862,0.0
1,spring_pv_high,春秋光伏大发日,65.0,15.5,0.25,42.65441816896328,19.200105690658322,12.11608875726942,0.0,5.0,-5.0,11.779637186766458,46.19717784721622,9.14942578491559,0.0,0.0,0.0,0.0,6.2732095265432335,20.07427048493835,4.03869625242314,12.11608875726942,0.0,0.0,0.010491086053015783,0.0,49.83265875183435,0.874164794280027,0.0,60.65756752572365,0.0,0.0,0.0,0.0,0.0,0.0,12.467838495154503,10.37296287606332,12.187766757851255,5.224449140373006,2.144247212326136,0.0,70.0,10.5,40.5,45.0,0.6318069586872689,0.3603244925448193,1.0,24.7395625379987,13.440073983460826,4.846435502907768,42.65441816896328,67.12624081889827,57.976815033982675,9.14942578491559,0.0,0.0,0.0,0.0,0.0,0.0,0.0,7.105427357601002e-15,0.0,0.0,0.0,0.0,0.0,-0.2809983316707978,0.0
1,spring_pv_high,春秋光伏大发日,65.0,15.75,0.25,42.97223331225628,19.27662310600654,11.999006695720421,0.0,5.0,-5.0,17.216298230209546,45.76625025756465,1.9178667787672197,0.0,0.0,0.0,0.0,6.2732095265432335,20.07427048493835,3.9996688985734736,11.999006695720421,0.0,0.0,0.010491086053015783,0.0,49.83265875183435,0.7976473789318099,0.0,60.81667999445709,4.72694566434819,0.0,0.0,0.0,0.0,0.0,12.760786775364307,10.405278162018043,12.13859228554382,5.195004533014949,2.118308725210633,0.0,70.0,10.5,40.5,45.0,0.5776225441960329,0.35696338322384985,1.0,24.92389532110864,13.493636174204577,4.799602678288169,47.69917897660447,64.90041526654142,62.982548487774196,1.9178667787672197,0.0,0.0,0.0,0.0,0.0,0.0,0.0,0.0,0.0,0.0,0.0,0.0,0.0,-0.1170820615489987,0.0
1,spring_pv_high,春秋光伏大发日,65.0,16.0,0.25,42.86418157257016,19.530011349021354,11.944631145097398,0.0,5.0,-5.0,13.315611510312394,44.81381438988648,3.7728075286977933,0.0,0.0,0.0,0.0,6.2732095265432335,20.07427048493835,3.981543715032466,11.944631145097398,0.0,0.0,0.010491086053015783,0.0,49.83265875183435,0.5442591359169953,0.0,60.91553319924016,0.0,0.0,0.0,0.0,0.0,0.0,13.102372558262552,10.438802122036277,12.081897103671443,5.16194609725659,2.090319806158798,0.0,132.0,19.8,40.5,45.0,0.5158655251990452,0.34953466167212194,1.0,24.861225312090692,13.671007944314947,4.77785245803896,42.86418157257016,61.902233428896665,58.129425900198875,3.7728075286977933,0.0,0.0,0.0,0.0,0.0,0.0,0.0,0.0,0.0,0.0,0.0,0.0,0.0,-0.05437555062302302,0.0
1,spring_pv_high,春秋光伏大发日,65.0,16.25,0.25,42.786899669789925,19.783228472278147,11.801936410048093,0.0,5.0,-5.0,14.843976810044069,43.16060227569147,0.4621200972753101,0.0,0.0,0.0,0.0,6.2732095265432335,20.07427048493835,3.933978803349364,11.801936410048093,0.0,0.0,0.010491086053015783,0.0,49.83265875183435,0.2910420126602027,0.0,60.95419791064734,0.0,0.0,0.0,0.0,0.0,0.0,13.491746644052201,10.47000122147232,12.017743814006176,5.125632215294886,2.060569412694709,0.0,132.0,19.8,40.5,45.0,0.46206075013824954,0.3366400901014007,1.0,24.816401808478155,13.848259930594702,4.720774564019237,42.786899669789925,58.466699183010846,58.004579085735536,0.4621200972753101,0.0,0.0,0.0,0.0,0.0,0.0,0.0,0.0,0.0,0.0,0.0,0.0,0.0,-0.14269473504930552,0.0
1,spring_pv_high,春秋光伏大发日,65.0,16.5,0.25,43.15211293394466,20.047059225407544,11.789364902062168,0.0,5.0,-5.0,13.289466850301018,43.57043060755554,1.7763568394002505e-15,0.0,0.0,0.0,0.0,6.264706007939857,20.047059225407544,3.9297883006873895,11.789364902062168,0.0,0.0,0.010491086053015783,0.0,49.83265875183435,-0.0,0.0,60.923720811692014,0.0,1.497200870768367,0.0,0.0,0.0,0.0,13.925527703046567,10.495000340844964,11.946337159128955,5.086447728622318,2.029355641790107,0.0,132.0,19.8,40.5,45.0,0.4011826828857383,0.3398366313749346,1.0,25.0282255016879,14.03294145778528,4.715745960824868,41.65491206317629,56.859897457856555,56.859897457856555,1.7763568394002505e-15,0.0,0.0,0.0,0.0,0.0,0.0,0.0,0.0,0.0,0.0,0.0,0.0,-0.027211259530805165,-0.012571507985924768,0.0
1,spring_pv_high,春秋光伏大发日,65.0,16.75,0.25,43.23585387015884,20.38828707568821,11.602737155443412,0.0,1.6894177001862687,-1.6894177001862687,11.190584907195507,42.18226416884661,-3.552713678800501e-15,0.0,0.0,0.0,0.0,6.264706007939857,20.047059225407544,3.8675790518144706,11.602737155443412,0.0,0.0,0.0,0.0,49.83016711889676,0.0,0.34122785028066716,60.803462148580735,0.0,1.6847075540573258,0.0,0.0,0.0,0.0,14.397506928634565,10.509769939102156,11.868025515433374,5.044797177772593,1.9969808127382582,0.0,132.0,19.8,40.5,45.0,0.33782159410162127,0.32900933865047904,1.0,25.076795244692125,14.271800952981748,4.641094862177365,41.551146316101516,53.372849076042115,53.372849076042115,-3.552713678800501e-15,0.0,0.0,0.0,0.0,0.0,0.0,0.0,0.0,0.0,0.0,3.3105822998137313,0.0,0.0,-0.1866277466187558,0.0
1,spring_pv_high,春秋光伏大发日,65.0,17.0,0.25,43.34695756602861,20.533525570432563,11.519575633182594,0.0,0.7173626134704536,-0.7173626134704536,9.265399430011776,43.2259351419059,-1.7763568394002505e-15,0.0,0.0,0.0,0.0,6.264706007939857,20.047059225407544,3.839858544394198,11.519575633182594,0.0,0.0,0.02098164755173122,0.0,49.83265875183435,0.0,0.4864663450250184,60.64504295828934,0.0,1.6985318074671722,0.0,0.0,0.0,0.0,14.898513159071957,10.510324540288602,11.783297020266714,5.001097898506149,1.9637466760713134,0.0,132.0,19.8,40.5,45.0,0.2797040575977596,0.3371496673734815,1.0,25.14123538829659,14.373467899302792,4.607830253273038,41.64842575856144,52.491334571917676,52.491334571917676,-1.7763568394002505e-15,0.0,0.0,0.0,0.0,0.0,0.0,0.0,0.0,0.0,0.0,0.9720550867158151,0.0,0.0,-0.08316152226081819,0.0
1,spring_pv_high,春秋光伏大发日,65.0,17.25,0.25,43.95525781255485,20.919299357821917,11.447702551838294,0.0,-0.0,0.0,7.4293372108409415,41.634919057330855,-2.6645352591003757e-15,0.0,0.0,0.0,0.0,3.287893451310621,10.521259044193988,3.8159008506127647,11.447702551838294,0.0,0.0,0.0,0.2818880867464184,49.755986043437176,0.0,10.398040313627929,57.87839403848706,0.0,1.7129077595600162,0.0,0.0,0.0,0.0,15.416480191966146,10.492921725600386,11.692770516810707,4.955773137833561,1.9299498523426757,0.0,132.0,19.8,40.5,45.0,0.22427697573439553,0.32474020666570597,1.0,25.49404953128181,14.64350955047534,4.579081020735318,42.24235005299483,49.064256268171796,49.064256268171796,-2.6645352591003757e-15,0.0,0.0,0.0,0.0,0.0,-0.0,0.0,0.0,0.0,0.0,0.7173626134704536,0.0,-9.525800181213556,-0.07187308134430026,0.0
1,spring_pv_high,春秋光伏大发日,65.0,17.5,0.25,44.02369138811645,21.15560386600965,11.278167004847795,0.0,0.0,0.0,5.662891051330419,39.45753957045156,2.6645352591003757e-15,0.0,0.0,0.0,0.0,3.287893451310621,10.521259044193988,3.7593890016159315,11.278167004847795,0.0,0.0,0.0,4.223338604860407,48.642093348119104,0.0,10.634344821815661,55.05094304625317,0.0,1.7272046144006128,0.0,0.0,0.0,0.0,15.936744118943711,10.45425062437041,11.597181742609804,4.909245346499839,1.8958775937413699,0.0,132.0,19.8,40.5,45.0,0.17095146482952533,0.3077572827026449,1.0,25.533741005107537,14.808922706206753,4.511266801939118,42.296486773715834,45.12043062178198,45.12043062178198,2.6645352591003757e-15,0.0,0.0,0.0,0.0,0.0,0.0,0.0,0.0,0.0,0.0,0.0,0.0,0.0,-0.1695355469904989,0.0
1,spring_pv_high,春秋光伏大发日,65.0,17.75,0.25,44.82784978296186,21.48987970114262,10.951577321405527,0.0,-0.0,0.0,4.044955103125808,36.18428214255118,-2.6645352591003757e-15,0.0,0.0,0.0,0.0,3.287893451310621,10.521259044193988,3.650525773801842,10.951577321405527,0.0,0.0,0.0,9.796346532891695,46.06167531374336,0.0,10.968620656948632,52.1369384544804,0.0,1.7406852295056392,0.0,0.0,0.0,0.0,16.442578872192897,10.391599437493046,11.497365402116138,4.861929793279746,1.8618039483468047,0.0,132.0,19.8,40.5,45.0,0.1221091830623447,0.28222683091666345,1.0,26.00015287411788,15.042915790799833,4.380630928562211,43.087164553456226,40.22923724567699,40.22923724567699,-2.6645352591003757e-15,0.0,0.0,0.0,0.0,0.0,-0.0,0.0,-7.105427357601002e-15,0.0,0.0,0.0,0.0,0.0,-0.32658968344226835,0.0
1,spring_pv_high,春秋光伏大发日,65.0,18.0,0.25,45.28668973166888,21.85895230497842,10.630839281428127,0.0,0.0,0.0,2.613194175152479,34.327610717285275,2.220446049250313e-15,0.0,0.0,0.0,0.0,3.287893451310621,10.521259044193988,3.5436130938093755,10.630839281428127,0.0,0.0,0.0,13.424848671112704,42.526517316526956,0.0,11.337693260784432,49.127266495573046,0.0,1.75254271323842,0.0,0.0,0.0,0.0,16.915954538842875,10.302992770659113,11.394233938885682,4.814228631237918,1.8279863919318105,0.0,132.0,19.8,40.5,45.0,0.07888715641480454,0.2677453361521144,1.0,26.26628004436795,15.301266613484893,4.252335712571251,43.53414701843046,36.940804892437754,36.940804892437754,2.220446049250313e-15,0.0,0.0,0.0,0.0,0.0,0.0,0.0,0.0,0.0,0.0,0.0,0.0,0.0,-0.3207380399773996,0.0
1,spring_pv_high,春秋光伏大发日,65.0,18.25,0.25,45.53343037579929,22.158859103240726,10.419818095393607,0.0,-0.0,0.0,1.5656990290296946,33.07982717277902,-2.220446049250313e-15,0.0,0.0,0.0,0.0,3.287893451310621,10.521259044193988,3.4732726984645357,10.419818095393607,0.0,0.0,0.0,15.887124026965003,38.34356887830192,0.0,11.637600059046738,46.04017653099717,0.0,1.7619462968007324,0.0,0.0,0.0,0.0,17.338477955326876,10.18729142041573,11.28875395054272,4.766525527685526,1.7946629761784745,0.0,132.0,19.8,40.5,45.0,0.04726535263854468,0.25801298899517466,1.0,26.409389617963587,15.511201372268507,4.167927238157443,43.77148407899856,34.645526201808714,34.645526201808714,-2.220446049250313e-15,0.0,0.0,0.0,0.0,0.0,-0.0,0.0,0.0,0.0,0.0,0.0,0.0,0.0,-0.21102118603451991,0.0
1,spring_pv_high,春秋光伏大发日,65.0,18.5,0.25,45.711987533569825,22.415934502040987,10.254754845699205,0.0,0.0,0.0,0.6847859285775115,34.042874391578145,-2.9976021664879227e-15,0.0,0.0,0.0,0.0,3.287893451310621,10.521259044193988,3.418251615233068,10.254754845699205,0.0,0.0,0.0,15.922378972038514,34.151551970374186,0.0,11.894675457846999,42.88697869066667,0.0,1.7680933079193464,0.0,0.0,0.0,0.0,17.692451789356014,10.044249609569619,11.181921263989418,4.719180948704535,1.762050025594453,0.0,132.0,19.8,40.5,45.0,0.020672330886088455,0.2655244759859629,1.0,26.5129527694705,15.69115415142869,4.101901938279682,43.94389422565048,34.72766032015566,34.72766032015566,-2.9976021664879227e-15,0.0,0.0,0.0,0.0,0.0,0.0,0.0,0.0,0.0,0.0,0.0,0.0,0.0,-0.165063249694402,0.0
1,spring_pv_high,春秋光伏大发日,65.0,18.75,0.25,45.547749592265276,22.505775991080522,9.910175107673723,0.0,0.0,0.0,0.0,34.87198248238759,0.0,0.0,0.0,0.0,0.0,3.287893451310621,10.521259044193988,3.303391702557908,9.910175107673723,0.0,0.0,0.0,15.496789110961279,30.071741995154277,0.0,11.984516946886535,39.711714952140674,0.0,1.7702631527849375,0.0,0.0,0.0,0.0,17.961970019695947,9.874527335132564,11.074735707705088,4.672528166649864,1.73034039890087,0.0,132.0,19.8,40.5,45.0,0.0,0.27199127690340724,1.0,26.417694763513857,15.754043193756365,3.9640700430694893,43.77748643948034,34.87198248238759,34.87198248238759,0.0,0.0,0.0,0.0,0.0,0.0,0.0,0.0,-7.105427357601002e-15,0.0,0.0,0.0,0.0,0.0,-0.34457973802548203,0.0
1,spring_pv_high,春秋光伏大发日,65.0,19.0,0.25,45.25353307561767,22.74981426184424,9.582742876507307,0.0,0.0,0.0,0.0,34.61847612851554,0.0,0.0,0.0,0.0,0.0,3.2880438380027552,10.521740281608817,3.194247625502436,9.582742876507307,0.0,0.0,0.0,15.349479723992863,26.03090163858271,0.0,12.228073980235422,36.4739448893395,0.0,1.7678686866144553,0.0,0.0,0.0,0.0,18.133957313151683,9.679658271651041,10.968176583931253,4.626870035832234,1.6997023147611279,0.0,132.0,19.8,40.5,45.0,0.0,0.27001400139497833,1.0,26.247049183858245,15.924869983290966,3.833097150602923,43.48566438900321,34.61847612851554,34.61847612851554,0.0,0.0,0.0,0.0,0.0,0.0,0.0,0.0,0.0,0.0,0.0,0.0,0.0,0.00048123741482974935,-0.32743223116641573,0.0
1,spring_pv_high,春秋光伏大发日,65.0,19.25,0.25,45.01774304338215,22.93305638284955,9.345044691472514,0.0,0.0,0.0,0.0,35.971095625549694,0.0,0.0,0.0,0.0,0.0,3.345307000816915,10.704982402614128,3.1150148971575047,9.345044691472514,0.0,0.0,0.0,13.746468994405637,22.412108252867718,0.0,12.228073980235422,33.23779371156972,0.0,1.760500321401239,0.0,0.0,0.0,0.0,18.199059270777326,9.461976357505279,10.863179760818218,4.582476558461218,1.6702787269279247,0.0,132.0,19.8,40.5,45.0,0.0,0.2805640383579923,1.0,26.110290965161642,16.053139467994683,3.738017876589006,43.25724272198091,35.971095625549694,35.971095625549694,0.0,0.0,0.0,0.0,0.0,0.0,0.0,0.0,0.0,0.0,0.0,0.0,0.0,0.18324212100531057,-0.23769818503479279,0.0
1,spring_pv_high,春秋光伏大发日,65.0,19.5,0.25,44.401123567781816,22.908350098935852,9.053661724056887,0.0,0.0,0.0,0.0,35.842957581511904,0.0,0.0,0.0,0.0,0.0,3.345307000816915,10.704982402614128,3.017887241352296,9.053661724056887,0.0,0.0,0.0,13.173401509916294,18.944303039582362,0.0,12.203367696321724,30.00976226305033,0.0,1.7479587185228311,0.0,0.0,0.0,0.0,18.15230059861818,9.224506584736725,10.76061718064351,4.5395832406655785,1.6421872206225148,0.0,132.0,19.8,40.5,45.0,0.0,0.2795645990449178,1.0,25.75265166931345,16.035845069255096,3.621464689622755,42.653164849258985,35.842957581511904,35.842957581511904,0.0,0.0,0.0,0.0,0.0,0.0,0.0,0.0,0.0,0.0,0.0,0.0,0.0,0.0,-0.2913829674156272,0.0
1,spring_pv_high,春秋光伏大发日,65.0,19.75,0.25,43.83169479004332,22.863767062003575,8.902877736919688,0.0,0.0,0.0,0.0,34.79442962128846,0.0,0.0,0.0,0.0,0.0,3.345307000816915,10.704982402614128,2.9676259123065627,8.902877736919688,0.0,0.0,0.0,13.619925174853739,15.359164988942558,0.0,12.158784659389447,26.795077208395266,0.0,1.7302729070245988,0.0,0.0,0.0,0.0,17.99344821200895,8.970827445716463,10.661279424464048,4.498390217699095,1.6155203905569986,0.0,132.0,19.8,40.5,45.0,0.0,0.2713863872408101,1.0,25.422382978225126,16.004636943402502,3.5611510947678755,42.10142188301872,34.79442962128846,34.79442962128846,0.0,0.0,0.0,0.0,0.0,0.0,0.0,0.0,-7.105427357601002e-15,0.0,0.0,0.0,0.0,0.0,-0.1507839871371992,0.0
1,spring_pv_high,春秋光伏大发日,65.0,20.0,0.25,43.31704431946042,22.97516435651289,8.537885519851102,0.0,0.0,0.0,0.0,35.11697733031236,0.0,0.0,0.0,0.0,0.0,3.3584657425867093,10.74709037627747,2.8459618399503674,8.537885519851102,0.0,0.0,0.0,12.69679252439471,12.017135840062922,0.0,12.228073980235422,23.56376546446596,0.0,1.7077020472904296,0.0,0.0,0.0,0.0,17.727043938383588,8.704913836840888,10.565861796773053,4.459062108871521,1.590346651703709,0.0,132.0,19.8,40.5,45.0,0.0,0.2739021651517444,1.0,25.123885705287044,16.082615049559024,3.415154207940441,41.60934227216999,35.11697733031236,35.11697733031236,0.0,0.0,0.0,0.0,0.0,0.0,0.0,0.0,0.0,0.0,0.0,0.0,0.0,0.042107973663341625,-0.3649922170685862,0.0
1,spring_pv_high,春秋光伏大发日,65.0,20.25,0.25,42.777556608913734,22.84849538284535,8.052552988176036,0.0,0.0,0.0,0.0,35.763380057517914,0.0,0.0,0.0,0.0,0.0,3.3584657425867093,10.74709037627747,2.684184329392012,8.052552988176036,0.0,0.0,0.0,11.376105964537906,9.022822887339892,0.0,12.10140500656788,20.367403316847444,0.0,1.6807206588366332,0.0,0.0,0.0,0.0,17.362103527819066,8.430969907415633,10.474954207129443,4.421728546779798,1.5667114268450237,0.0,132.0,19.8,40.5,45.0,0.0,0.2789439176031653,1.0,24.810982833169962,15.993946767991744,3.2210211952704144,41.0968359500771,35.763380057517914,35.763380057517914,0.0,0.0,0.0,0.0,0.0,0.0,0.0,0.0,0.0,0.0,0.0,0.0,0.0,0.0,-0.4853325316750663,0.0
1,spring_pv_high,春秋光伏大发日,65.0,20.5,0.25,42.054407591003375,22.863878513292622,7.741706313837647,0.0,0.0,0.0,0.0,37.29588788766082,0.0,0.0,0.0,0.0,0.0,3.3584657425867093,10.74709037627747,2.5805687712792156,7.741706313837647,0.0,0.0,0.0,9.047565465883103,6.641433465699971,0.0,12.116788137015153,17.16859115807977,0.0,1.6499887513253841,0.0,0.0,0.0,0.0,16.911511136254386,8.153261354994827,10.38903494025699,4.386485312385193,1.5446386501468987,0.0,132.0,19.8,40.5,45.0,0.0,0.29089703101722375,1.0,24.391556402781955,16.004714959304835,3.096682525535059,40.404418839677994,37.29588788766082,37.29588788766082,0.0,0.0,0.0,0.0,0.0,0.0,0.0,0.0,0.0,0.0,0.0,0.0,0.0,0.0,-0.3108466743383884,0.0
1,spring_pv_high,春秋光伏大发日,65.0,20.75,0.25,41.13690586193721,22.820583170275214,7.569632123650508,0.0,0.0,0.0,0.0,41.306006728601105,0.0,0.0,0.0,0.0,0.0,3.3584657425867093,10.74709037627747,2.5232107078835027,7.569632123650508,0.0,0.0,0.0,4.096265846172081,5.5631366976656125,0.0,12.073492793997744,13.982771916711853,0.0,1.6163097376342332,0.0,0.0,0.0,0.0,16.391167274078555,7.875956046451777,10.308468231747847,4.353395997583033,1.524132523446342,0.0,132.0,19.8,40.5,45.0,0.0,0.32217478658023585,1.0,23.859405399923578,15.974408219192648,3.0278528494602033,39.520596124302976,41.306006728601105,41.306006728601105,0.0,0.0,0.0,0.0,0.0,0.0,0.0,0.0,0.0,0.0,0.0,0.0,0.0,0.0,-0.1720741901871392,0.0
1,spring_pv_high,春秋光伏大发日,65.0,21.0,0.25,40.14490443218903,22.741682023853315,7.1956861512372114,0.0,-0.0,0.0,0.0,44.223997670464676,0.0,0.0,0.0,0.0,0.0,3.3584657425867093,10.74709037627747,2.3985620504124037,7.1956861512372114,0.0,0.0,0.0,0.09735446231595546,5.537238945484424,0.0,11.994591647575845,10.819309044549328,0.0,1.5805800924075082,0.0,0.0,0.0,0.0,15.818969922240825,7.6029806758412395,10.233505411686977,4.322494110205658,1.5051794615043776,0.0,132.0,19.8,40.5,45.0,0.0,0.3449342635520684,1.0,23.284044570669636,15.91917741669732,2.8782744604948847,38.56432433978152,44.223997670464676,44.223997670464676,0.0,0.0,0.0,0.0,0.0,0.0,-0.0,0.0,0.0,0.0,0.0,0.0,0.0,0.0,-0.3739459724132965,0.0
1,spring_pv_high,春秋光伏大发日,65.0,21.25,0.25,39.32049835324054,22.561451648264917,6.926698013259415,0.0,-0.0,0.0,0.0,47.0509120300479,0.0,0.0,0.0,0.0,0.0,6.965249666597934,22.28879893311339,2.308899337753138,6.926698013259415,0.0,0.0,-0.0,0.0,5.5369620835371505,0.0,0.27265271515152634,10.742148675513494,0.0,1.5437353275437116,0.0,0.0,0.0,0.0,15.213720681828718,7.3378995826421365,10.164289249735571,4.293785532824879,1.4877501639627224,0.0,132.0,19.8,40.5,45.0,0.0,0.36698336978650625,1.0,22.80588904487951,15.793016153785441,2.7706792053037663,37.77676302569682,47.0509120300479,47.0509120300479,0.0,0.0,0.0,0.0,0.0,0.0,-0.0,0.0,0.0,0.0,0.0,0.0,0.0,11.541708556835921,-0.2689881379777965,0.0
1,spring_pv_high,春秋光伏大发日,65.0,21.5,0.25,38.30495025926642,22.46747362127699,6.550451797108444,0.0,0.7064660593966821,-0.7064660593966821,0.0,49.56365737319336,0.0,0.0,0.0,0.0,0.0,9.87428838154487,31.597722820943588,2.1834839323694815,6.550451797108444,0.0,0.0,0.0011656762281120336,0.0,5.5369620835371505,9.130249199666597,0.0,12.905211786096551,0.0,1.5066969356122086,0.0,0.0,0.0,0.0,14.594049403902838,7.083819998354173,10.100861036792342,4.267251246106128,1.4718017549129516,0.0,132.0,19.8,40.5,45.0,0.0,0.38658204946468067,1.0,22.216871150374523,15.727231534893892,2.6201807188433777,36.79825332365421,49.56365737319336,49.56365737319336,0.0,0.0,0.0,0.0,0.0,0.0,0.0,0.0,0.0,0.0,0.0,-0.7064660593966821,0.0,9.308923887830197,-0.376246216150971,0.0
1,spring_pv_high,春秋光伏大发日,65.0,21.75,0.25,37.016088202055215,22.4950040229599,6.3627665467232495,0.0,1.616472798409122,-1.616472798409122,0.0,53.23880335543488,0.0,0.0,0.0,0.0,0.0,9.87428838154487,31.597722820943588,2.1209221822410833,6.3627665467232495,0.0,0.0,2.611031791184592,0.0,6.156805285839314,9.102718797983687,0.0,15.06065489472463,0.0,0.0,0.0,0.0,0.0,0.0,13.977442186240772,6.843326025660309,10.043169872378268,4.242850229547812,1.4572799355623827,0.0,132.0,19.8,40.5,45.0,0.0,0.4152471145788066,1.0,21.469331157192023,15.74650281607193,2.5451066186893,37.016088202055215,53.23880335543488,53.23880335543488,0.0,0.0,0.0,0.0,0.0,0.0,0.0,0.0,0.0,0.0,0.0,-0.91000673901244,0.0,0.0,-0.18768525038519446,0.0
1,spring_pv_high,春秋光伏大发日,65.0,22.0,0.25,35.85034175536703,22.46427929356563,6.2078619101445565,0.0,1.616472798409122,-1.616472798409122,0.0,53.85142035524196,0.0,0.0,0.0,0.0,0.0,9.87428838154487,31.597722820943588,2.0692873033815187,6.2078619101445565,0.0,0.0,4.441030116539414,0.0,7.211242098253133,9.133443527377956,0.0,17.222317405029536,0.0,0.0,0.0,0.0,0.0,0.0,13.379440690386174,6.618441736475195,9.991083593321017,4.220522456878132,1.4441211011601014,0.0,62.0,9.299999999999999,40.5,45.0,0.0,0.4200253482256725,1.0,20.793198218112877,15.724995505495942,2.4831447640578226,35.85034175536703,53.85142035524196,53.85142035524196,0.0,0.0,0.0,0.0,0.0,0.0,0.0,0.0,0.0,0.0,0.0,0.0,0.0,0.0,-0.15490463657869302,0.0
1,spring_pv_high,春秋光伏大发日,65.0,22.25,0.25,35.09900649841005,22.314714763072757,5.9584296784024655,0.0,1.616472798409122,-1.616472798409122,0.0,56.10185926177449,0.0,0.0,0.0,0.0,0.0,9.87428838154487,31.597722820943588,1.9861432261341552,5.9584296784024655,0.0,0.0,7.525948357276297,0.0,8.998294271001342,9.28300805787083,0.0,19.418420660071344,0.0,0.0,0.0,0.0,0.0,0.0,12.813058164920479,6.410622038232849,9.944400776218377,4.2001919097873355,1.4322543798204426,0.0,62.0,9.299999999999999,40.5,45.0,0.0,0.4375781143206324,1.0,20.357423769077826,15.62030033415093,2.3833718713609864,35.09900649841005,56.10185926177449,56.10185926177449,0.0,0.0,0.0,0.0,0.0,0.0,0.0,0.0,0.0,0.0,0.0,0.0,0.0,0.0,-0.24943223174209095,0.0
1,spring_pv_high,春秋光伏大发日,65.0,22.5,0.25,34.156853808856276,21.984569609509474,5.666981960841434,0.0,1.616472798409122,-1.616472798409122,0.0,57.17208385114698,0.0,0.0,0.0,0.0,0.0,9.87428838154487,31.597722820943588,1.8889939869471446,5.666981960841434,0.0,0.0,9.635474875389567,0.0,11.286269639192813,9.613153211434113,0.0,21.69183533745691,0.0,0.0,0.0,0.0,0.0,0.0,12.288432588377686,6.22076850790594,9.902863270058843,4.181769541624142,1.421603557846405,0.0,62.0,9.299999999999999,40.5,45.0,0.0,0.4459255534942976,1.0,19.81097520913664,15.38919872665663,2.2667927843365736,34.156853808856276,57.17208385114698,57.17208385114698,0.0,0.0,0.0,0.0,0.0,0.0,0.0,0.0,0.0,0.0,0.0,0.0,0.0,0.0,-0.2914477175610317,0.0
1,spring_pv_high,春秋光伏大发日,65.0,22.75,0.25,33.42482299693989,21.654013287723757,5.5893277254313665,0.0,1.616472798409122,-1.616472798409122,0.0,61.073628598080255,0.0,0.0,0.0,0.0,0.0,9.87428838154487,31.597722820943588,1.8631092418104556,5.5893277254313665,0.0,0.0,14.294935179375917,0.0,14.680752430812634,9.943709533219831,0.0,24.042620433927894,0.0,0.0,0.0,0.0,0.0,0.0,11.812713173485285,6.049266301661984,9.86616876165793,4.16515613174862,1.4120888633255155,0.0,62.0,9.299999999999999,40.5,45.0,0.0,0.4763564628396474,1.0,19.386397338225134,15.157809301406628,2.2357310901725467,33.42482299693989,61.073628598080255,61.073628598080255,0.0,0.0,0.0,0.0,0.0,0.0,0.0,0.0,0.0,0.0,0.0,0.0,0.0,0.0,-0.07765423541006733,0.0
1,spring_pv_high,春秋光伏大发日,65.0,23.0,0.25,32.903918115340105,21.48438527761335,5.416218343674238,0.0,1.616472798409122,-1.616472798409122,0.0,60.19980538666275,0.0,0.0,0.0,0.0,0.0,9.87428838154487,31.597722820943588,1.8054061145580793,5.416218343674238,0.0,0.0,13.999719976810573,0.0,18.004951887683603,10.113337543330239,0.0,26.432516790251864,0.0,0.0,0.0,0.0,0.0,0.0,11.390155829400392,5.8960375487735925,9.833982939916158,4.150244980984967,1.4036285868857876,0.0,62.0,9.299999999999999,40.5,45.0,0.0,0.46954089704319973,1.0,19.08427250689726,15.039069694329344,2.1664873374696954,32.903918115340105,60.19980538666275,60.19980538666275,0.0,0.0,0.0,0.0,0.0,0.0,0.0,0.0,0.0,0.0,0.0,0.0,0.0,0.0,-0.1731093817571283,0.0
1,spring_pv_high,春秋光伏大发日,65.0,23.25,0.25,32.30713711034196,21.273630505394426,5.382796528169334,0.0,1.616472798409122,-1.616472798409122,0.0,59.09119608149205,0.0,0.0,0.0,0.0,0.0,9.87428838154487,31.597722820943588,1.794265509389778,5.382796528169334,0.0,0.0,13.499032281806313,0.0,21.210071807018217,10.324092315549162,0.0,28.871272456799662,0.0,0.0,0.0,0.0,0.0,0.0,11.022387977975864,5.760606329927972,9.805950899730965,4.136924408655721,1.396140525333592,0.0,62.0,9.299999999999999,40.5,45.0,0.0,0.4608940682988727,1.0,18.73813952399834,14.891541353776097,2.153118611267734,32.30713711034196,59.09119608149205,59.09119608149205,0.0,0.0,0.0,0.0,0.0,0.0,0.0,0.0,0.0,0.0,0.0,0.0,0.0,0.0,-0.033421815504904195,0.0
1,spring_pv_high,春秋光伏大发日,65.0,23.5,0.25,31.847358403976834,21.119640766876586,5.202394312626389,0.0,1.616472798409122,-1.616472798409122,0.0,58.64886002506846,0.0,0.0,0.0,0.0,0.0,9.87428838154487,31.597722820943588,1.7341314375421295,5.202394312626389,0.0,0.0,13.576609003595498,0.0,24.433455941781798,10.478082054067002,0.0,31.345381308412225,0.0,0.0,0.0,0.0,0.0,0.0,10.708794311803555,5.642170390210917,9.781707507227301,4.125080021640103,1.3895432402610668,0.0,62.0,9.299999999999999,40.5,45.0,0.0,0.4574439762696101,1.0,18.471467874306562,14.78374853681361,2.0809577250505558,31.847358403976834,58.64886002506846,58.64886002506846,0.0,0.0,0.0,0.0,0.0,0.0,0.0,0.0,3.552713678800501e-15,0.0,0.0,0.0,0.0,0.0,-0.18040221554294522,0.0
1,spring_pv_high,春秋光伏大发日,65.0,23.75,0.25,31.38983055101397,20.92936633279645,5.191303809218586,0.0,1.616472798409122,-1.616472798409122,0.0,58.306083802255735,0.0,0.0,0.0,0.0,0.0,9.87428838154487,31.597722820943588,1.730434603072862,5.191303809218586,0.0,0.0,13.695057468214907,0.0,27.68481041768575,10.668356488147136,0.0,33.863443283692966,0.0,0.0,0.0,0.0,0.0,0.0,10.446972654094635,5.539675089853939,9.760886529779706,4.114596735467028,1.3837571294618645,0.0,62.0,9.299999999999999,40.5,45.0,0.0,0.45477042186007666,1.0,18.2061017195881,14.650556432957515,2.0765215236874344,31.38983055101397,58.306083802255735,58.306083802255735,0.0,0.0,0.0,0.0,0.0,0.0,0.0,0.0,7.105427357601002e-15,0.0,0.0,0.0,0.0,0.0,-0.01109050340780282,0.0
2,summer_commercial,夏季商业制冷日,75.0,0.0,0.25,35.865503588695105,11.220387926486076,16.638799066707236,0.0,5.0,-5.0,0.0,54.19910764450126,0.0,0.0,0.0,0.0,0.0,5.147055387915987,16.47057724133116,5.546266355569078,16.638799066707236,0.0,0.0,2.6402823123210872,0.0,28.310493226341123,5.250189314845084,0.0,35.093431524326824,0.0,0.0,0.0,0.0,0.0,0.0,10.800248896076246,7.161216077430938,10.88604231108671,5.628828109456821,1.5033616864879322,0.0,52.0,7.8,40.0,45.0,0.0,0.4227372075189169,1.0,22.236612224990964,6.171213359567342,11.314383365360921,35.865503588695105,54.19910764450126,54.19910764450126,0.0,0.0,0.0,0.0,0.0,0.0,0.0,0.0,7.105427357601002e-15,0.0,0.0,-5.0,0.0,11.22966528886807,-0.7340492883750187,0.0
2,summer_commercial,夏季商业制冷日,75.0,0.25,0.25,36.02019559821904,11.171278798554416,16.629109557471594,0.0,5.0,-5.0,0.0,56.32368257837457,0.0,0.0,0.0,0.0,0.0,5.147055387915987,16.47057724133116,5.543036519157198,16.629109557471594,0.0,0.0,4.613395073082348,0.0,29.404759031536855,5.299298442776744,0.0,36.334468188724216,0.0,0.0,0.0,0.0,0.0,0.0,10.802779377588152,7.164806381146325,10.899290387541278,5.629754863276316,1.5041430289633455,0.0,52.0,7.8,40.0,45.0,0.0,0.439308271393276,1.0,22.332521270895803,6.144203339204929,11.307794499080684,36.02019559821904,56.32368257837457,56.32368257837457,0.0,0.0,0.0,0.0,0.0,0.0,0.0,0.0,7.105427357601002e-15,0.0,0.0,0.0,0.0,0.0,-0.009689509235641935,0.0
2,summer_commercial,夏季商业制冷日,75.0,0.5,0.25,36.093070397866406,11.247698741288202,16.631033983968724,0.0,5.0,-5.0,0.0,57.62720369999721,0.0,0.0,0.0,0.0,0.0,5.147055387915987,16.47057724133116,5.543677994656242,16.631033983968724,0.0,0.0,5.843399919558575,0.0,30.79109627448044,5.222878500042958,0.0,37.55673459839006,0.0,0.0,0.0,0.0,0.0,0.0,10.810097082719759,7.1694270177197215,10.914577656051852,5.630882951353882,1.5050860692310126,0.0,52.0,7.8,40.0,45.0,0.0,0.4494753553702127,1.0,22.377703646677173,6.186234307708512,11.309103109098732,36.093070397866406,57.62720369999721,57.62720369999721,0.0,0.0,0.0,0.0,0.0,0.0,0.0,0.0,0.0,0.0,0.0,0.0,0.0,0.0,0.001924426497129872,0.0
2,summer_commercial,夏季商业制冷日,75.0,0.75,0.25,36.281524590115566,11.294681826558856,16.57059784324003,0.0,5.0,-5.0,0.0,58.554309502077665,0.0,0.0,0.0,0.0,0.0,5.147055387915987,16.47057724133116,5.523532614413344,16.57059784324003,0.0,0.0,6.60219690963277,0.0,32.3575784857045,5.175895414772304,0.0,38.76723139209929,0.0,0.0,0.0,0.0,0.0,0.0,10.822292813175142,7.175334517443033,10.932130284561339,5.632250300685855,1.5062194231045318,0.0,52.0,7.8,40.0,45.0,0.0,0.4567065098094471,1.0,22.494545245871652,6.212075004607371,11.268006533403222,36.281524590115566,58.554309502077665,58.554309502077665,0.0,0.0,0.0,0.0,0.0,0.0,0.0,0.0,0.0,0.0,0.0,0.0,0.0,0.0,-0.060436140728693744,0.0
2,summer_commercial,夏季商业制冷日,75.0,1.0,0.25,36.34087771781594,11.4888246922635,16.377699418518763,0.0,5.0,-5.0,0.0,60.77455384108409,0.0,0.0,0.0,0.0,0.0,5.147055387915987,16.47057724133116,5.459233139506254,16.377699418518763,0.0,0.0,8.82738759584591,0.0,34.45246516079362,4.981752549067661,0.0,39.93101400680681,0.0,0.0,0.0,0.0,0.0,0.0,10.839509768292562,7.182837374793116,10.952183107556923,5.633900621154272,1.50757567744426,0.0,52.0,7.8,40.0,45.0,0.0,0.47402376709784244,1.0,22.531344185045885,6.318853580744925,11.13683560459276,36.34087771781594,60.77455384108409,60.77455384108409,0.0,0.0,0.0,0.0,0.0,0.0,0.0,0.0,0.0,0.0,0.0,0.0,0.0,0.0,-0.1928984247212675,0.0
2,summer_commercial,夏季商业制冷日,75.0,1.25,0.25,36.461930413902955,11.666950240636492,16.54075321169434,0.0,5.0,-5.0,0.0,59.47759969679477,0.0,0.0,0.0,0.0,0.0,5.147055387915987,16.47057724133116,5.513584403898114,16.54075321169434,0.0,0.0,7.355029491077712,0.0,36.19756204166654,4.803627000694668,0.0,41.051909912468396,0.0,0.0,0.0,0.0,0.0,0.0,10.861978387728772,7.192303229390324,10.974976813418696,5.63588399043293,1.5091917114992284,0.0,52.0,7.8,40.0,45.0,0.0,0.4639079036258249,1.0,22.60639685661983,6.416822632350071,11.247712183952153,36.461930413902955,59.47759969679477,59.47759969679477,0.0,0.0,0.0,0.0,0.0,0.0,0.0,0.0,0.0,0.0,0.0,0.0,0.0,0.0,0.16305379317557822,0.0
2,summer_commercial,夏季商业制冷日,75.0,1.5,0.25,37.01408122538998,11.791761052945454,16.492383206622936,0.0,5.0,-5.0,0.0,58.3809690992551,0.0,0.0,0.0,0.0,0.0,5.147055387915987,16.47057724133116,5.497461068874312,16.492383206622936,0.0,0.0,5.722371417074815,0.0,37.55481537511972,4.6788161883857065,0.0,42.14260280225377,0.0,0.0,0.0,0.0,0.0,0.0,10.890062646560159,7.2041661442393465,11.000754527572566,5.638257435527455,1.5111089965382423,0.0,52.0,7.8,40.0,45.0,0.0,0.45535450530191807,1.0,22.948730359741788,6.48546857912,11.214820580503597,37.01408122538998,58.3809690992551,58.3809690992551,0.0,0.0,0.0,0.0,0.0,0.0,0.0,0.0,7.105427357601002e-15,0.0,0.0,0.0,0.0,0.0,-0.048370005071404876,0.0
2,summer_commercial,夏季商业制冷日,75.0,1.75,0.25,37.04041919399874,11.76808767657235,16.345263570896506,0.0,5.0,-5.0,0.0,60.32340143849734,0.0,0.0,0.0,0.0,0.0,5.147055387915987,16.47057724133116,5.448421190298835,16.345263570896506,0.0,0.0,7.68750566628378,0.0,39.378720230093364,4.70248956475881,0.0,43.23837277248286,0.0,0.0,0.0,0.0,0.0,0.0,10.924318493076617,7.218933707901392,11.02975778964715,5.64108549512365,1.5133738613170247,0.0,52.0,7.8,40.0,45.0,0.0,0.47050491014385115,1.0,22.96505990027922,6.472448222114793,11.114779228209626,37.04041919399874,60.32340143849734,60.32340143849734,0.0,0.0,0.0,0.0,0.0,0.0,0.0,0.0,0.0,0.0,0.0,0.0,0.0,0.0,-0.14711963572642972,0.0
2,summer_commercial,夏季商业制冷日,75.0,2.0,0.25,37.014211316948355,11.918898110101388,16.351009808762004,0.0,5.0,-5.0,0.0,61.78350400622284,0.0,0.0,0.0,0.0,0.0,5.147055387915987,16.47057724133116,5.450336602920668,16.351009808762004,0.0,0.0,9.171900698437828,0.0,41.55507770996085,4.551679131229772,0.0,44.297777379763694,0.0,0.0,0.0,0.0,0.0,0.0,10.965563256573219,7.237193616268031,11.0622219435837,5.644440743941924,1.5160377092753505,0.0,52.0,7.8,40.0,45.0,0.0,0.48189328366136425,1.0,22.94881101650798,6.555393960555764,11.118686669958164,37.014211316948355,61.78350400622284,61.78350400622284,0.0,0.0,0.0,0.0,0.0,0.0,0.0,0.0,7.105427357601002e-15,0.0,0.0,0.0,0.0,0.0,0.005746237865498216,0.0
2,summer_commercial,夏季商业制冷日,75.0,2.25,0.25,37.127357823621246,11.987340638138239,16.326667418239587,0.0,5.0,-5.0,0.0,60.97716611285257,0.0,0.0,0.0,0.0,0.0,5.147055387915987,16.47057724133116,5.442222472746529,16.326667418239587,0.0,0.0,8.26053042856881,0.0,43.51487593286045,4.483236603192921,0.0,45.34039718433213,0.0,0.0,0.0,0.0,0.0,0.0,11.014951931452327,7.2596193172584895,11.098370983316965,5.648404257304794,1.519157171837129,0.0,52.0,7.8,40.0,45.0,0.0,0.4756040836325402,1.0,23.018961850645173,6.593037350976032,11.10213384440292,37.127357823621246,60.97716611285257,60.97716611285257,0.0,0.0,0.0,0.0,0.0,0.0,0.0,0.0,0.0,0.0,0.0,0.0,0.0,0.0,-0.024342390522416935,0.0
2,summer_commercial,夏季商业制冷日,75.0,2.5,0.25,37.12914801713229,12.369516564489809,16.478550767362194,0.0,5.0,-5.0,0.0,61.37352536972677,0.0,0.0,0.0,0.0,0.0,5.147055387915987,16.47057724133116,5.492850255787398,16.478550767362194,0.0,0.0,8.6044717088911,0.0,45.55626221992544,4.101060676841351,0.0,46.291728896489786,0.0,0.0,0.0,0.0,0.0,0.0,11.074052259322116,7.286974232144823,11.138411922711214,5.6530659912318635,1.5227941808836123,0.0,52.0,7.8,40.0,45.0,0.0,0.47869557005560626,1.0,23.020071770622017,6.803234110469395,11.205414521806292,37.12914801713229,61.37352536972677,61.37352536972677,0.0,0.0,0.0,0.0,0.0,0.0,0.0,0.0,0.0,0.0,0.0,0.0,0.0,0.0,0.15188334912260615,0.0
2,summer_commercial,夏季商业制冷日,75.0,2.75,0.25,37.18164696463521,12.503533517936813,16.524209777081396,0.0,5.0,-5.0,0.0,60.91190164424376,0.0,0.0,0.0,0.0,0.0,5.147055387915987,16.47057724133116,5.508069925693799,16.524209777081396,0.0,0.0,8.075129365998766,0.0,47.47182763123916,3.9670437233943474,0.0,47.2107559163477,0.0,0.0,0.0,0.0,0.0,0.0,11.144905762535354,7.320114005388202,11.182528786169541,5.658525050714976,1.5270159424802652,0.0,52.0,7.8,40.0,45.0,0.0,0.4750950398418037,1.0,23.052621118073834,6.876943434865248,11.23646264841535,37.18164696463521,60.91190164424376,60.91190164424376,0.0,0.0,0.0,0.0,0.0,0.0,0.0,0.0,0.0,0.0,0.0,0.0,0.0,0.0,0.045659009719202004,0.0
2,summer_commercial,夏季商业制冷日,75.0,3.0,0.25,37.17125658961716,12.77959201574239,16.56084334238649,0.0,5.0,-5.0,0.0,57.89087865655697,0.0,0.0,0.0,0.0,0.0,5.147055387915987,16.47057724133116,5.520281114128831,16.56084334238649,0.0,0.0,2.403195858499746,0.0,48.04021305625128,3.6909852255887703,0.0,48.063759529466864,2.6490897063952517,0.0,0.0,0.0,0.0,0.0,11.230056998906337,7.359986186762286,11.230876344793565,5.664889816546321,1.5318947933621572,0.0,52.0,7.8,40.0,45.0,0.0,0.451531943009254,1.0,23.04617908556264,7.028775608658315,11.261373472822815,39.82034629601241,57.89087865655697,57.89087865655697,0.0,0.0,0.0,0.0,0.0,0.0,0.0,0.0,0.0,0.0,0.0,0.0,0.0,0.0,0.03663356530509532,0.0
2,summer_commercial,夏季商业制冷日,75.0,3.25,0.25,37.081572814466334,12.895517871970299,16.565771014784925,0.0,5.0,-5.0,0.0,56.09257410400127,0.0,0.0,0.0,0.0,0.0,5.147055387915987,16.47057724133116,5.521923671594975,16.565771014784925,0.0,0.0,0.0,0.0,48.03781104559847,3.5750593693608614,0.0,48.88880424992534,3.342022230023975,0.0,0.0,0.0,0.0,0.0,11.332529407312236,7.407626721703788,11.283573751014043,5.672277899340465,1.5375079216242937,0.0,52.0,7.8,40.0,45.0,0.0,0.4375056928022899,1.0,22.990575144969128,7.0925348295836645,11.26472429005375,40.42359504449031,56.09257410400127,56.09257410400127,0.0,0.0,0.0,0.0,0.0,0.0,0.0,0.0,0.0,0.0,0.0,0.0,0.0,0.0,0.004927672398434169,0.0
2,summer_commercial,夏季商业制冷日,75.0,3.5,0.25,37.465375661051674,13.076176956206515,16.772333381990045,0.0,5.0,-5.0,0.0,55.30356129683193,0.0,0.0,0.0,0.0,0.0,5.147055387915987,16.47057724133116,5.590777793996682,16.772333381990045,0.0,0.0,0.0,0.0,48.03540915504619,3.394400285124645,0.0,49.670529915517484,2.1003524538675897,0.0,0.0,0.0,0.0,0.0,11.455724659642602,7.46415262514529,11.340698250922879,5.6808158883837745,1.5439369336234074,0.0,52.0,7.8,40.0,45.0,0.0,0.431351623385,1.0,23.22853290985204,7.191897325913584,11.405186699753232,39.56572811491927,55.30356129683193,55.30356129683193,0.0,0.0,0.0,0.0,0.0,0.0,0.0,0.0,0.0,0.0,0.0,0.0,0.0,0.0,0.20656236720511956,0.0
2,summer_commercial,夏季商业制冷日,75.0,3.75,0.25,37.797320452704,13.429527620437453,16.775673475802186,0.0,5.0,-5.0,0.0,55.880399046740564,0.0,0.0,0.0,0.0,0.0,5.147055387915987,16.47057724133116,5.5918911586007285,16.775673475802186,0.0,0.0,0.0,0.0,48.03300738458844,3.0410496208937072,0.0,50.36794393552198,2.344132047519846,0.0,0.0,0.0,0.0,0.0,11.603225031301811,7.530750247326735,11.402279176656377,5.690638862842514,1.5512672503706577,0.0,52.0,7.8,40.0,45.0,0.0,0.43585078933413923,1.0,23.43433868067648,7.386240191240599,11.407457963545488,40.14145250022385,55.880399046740564,55.880399046740564,0.0,0.0,0.0,0.0,0.0,0.0,0.0,0.0,0.0,0.0,0.0,0.0,0.0,0.0,0.003340093812141731,0.0
2,summer_commercial,夏季商业制冷日,75.0,4.0,0.25,38.17832442722829,13.773288520730473,16.90334585843214,0.0,5.0,-5.0,0.0,55.468504270946106,0.0,0.0,0.0,0.0,0.0,5.147055387915987,16.47057724133116,5.6344486194773795,16.90334585843214,0.0,0.0,0.0,0.0,48.03060573421921,2.697288720600687,0.0,50.983366034696886,1.5086758363244464,0.0,0.0,0.0,0.0,0.0,11.778486317705907,7.608658613399654,11.468292439563575,5.701889633840963,1.5595873187619862,0.0,52.0,7.8,40.0,45.0,0.0,0.4326381304015775,1.0,23.67056114488154,7.575308686401761,11.494275183733855,39.68700026355273,55.468504270946106,55.468504270946106,0.0,0.0,0.0,0.0,0.0,0.0,0.0,0.0,0.0,0.0,0.0,0.0,0.0,0.0,0.12767238262995306,0.0
2,summer_commercial,夏季商业制冷日,75.0,4.25,0.25,38.696330599019674,14.151625820957449,16.964254421476586,0.0,5.0,-5.0,0.0,57.023402000640814,0.0,0.0,0.0,0.0,0.0,5.147055387915987,16.47057724133116,5.654751473825528,16.964254421476586,0.0,0.0,0.0,0.0,48.028204203932496,2.318951420373711,0.0,51.508625314018296,2.5252645398796254,0.0,0.0,0.0,0.0,0.0,11.984422890036079,7.699147436960092,11.538655756972883,5.71471768814865,1.5689876259172395,0.0,52.0,7.8,40.0,45.0,0.0,0.44476587849182364,1.0,23.9917249713922,7.7833942015265976,11.53569300660408,41.2215951388993,57.023402000640814,57.023402000640814,0.0,0.0,0.0,0.0,0.0,0.0,0.0,0.0,0.0,0.0,0.0,0.0,0.0,0.0,0.06090856304444614,0.0
2,summer_commercial,夏季商业制冷日,75.0,4.5,0.25,39.24134556168487,14.392006598741446,16.994594638306424,0.0,5.0,-5.0,0.0,56.259471394801814,0.0,0.0,0.0,0.0,0.0,5.147055387915987,16.47057724133116,5.664864879435474,16.994594638306424,0.0,0.0,0.0,0.0,48.0258027937223,2.078570642589714,0.0,51.976531528976345,1.206205565765483,0.0,0.0,0.0,0.0,0.0,12.222905988963843,7.803489574041356,11.613224849628951,5.729277807833476,1.5795595087182277,0.0,52.0,7.8,40.0,45.0,0.0,0.4388074429181454,1.0,24.329634248244616,7.915603629307796,11.55632435404837,40.44755112745035,56.259471394801814,56.259471394801814,0.0,0.0,0.0,0.0,0.0,0.0,0.0,0.0,-7.105427357601002e-15,0.0,0.0,0.0,0.0,0.0,0.03034021682983834,0.0
2,summer_commercial,夏季商业制冷日,75.0,4.75,0.25,39.7755964783478,14.48422779373599,16.93935321321941,0.0,5.0,-5.0,0.0,56.11427214895417,0.0,0.0,0.0,0.0,0.0,5.147055387915987,16.47057724133116,5.646451071073137,16.93935321321941,0.0,0.0,0.0,0.0,48.02340150358261,1.9863494475951704,0.0,52.42230125701572,0.545169211617246,0.0,0.0,0.0,0.0,0.0,12.494219088984362,7.922927899143108,11.691790841933535,5.745728345355169,1.5913937553560473,0.0,52.0,7.8,40.0,45.0,0.0,0.43767493121470386,1.0,24.660869816575637,7.966325286554795,11.5187601849892,40.32076568996504,56.11427214895417,56.11427214895417,0.0,0.0,0.0,0.0,0.0,0.0,0.0,0.0,7.105427357601002e-15,0.0,0.0,0.0,0.0,0.0,-0.05524142508701502,0.0
2,summer_commercial,夏季商业制冷日,75.0,5.0,0.25,40.458281756771235,14.87298593377298,17.05797451882058,0.0,5.0,-5.0,0.0,55.259070252308625,0.0,0.0,0.0,0.0,0.0,5.147055387915987,16.47057724133116,5.685991506273527,17.05797451882058,0.0,0.0,0.0,1.0322583986521217,47.749353386493716,1.5975913075581794,0.0,52.77551804193228,0.0,0.0,0.0,0.0,0.0,0.0,12.796536288141432,8.058636846079724,11.774079081845699,5.764229140256898,1.6045790012890015,0.0,52.0,7.8,40.0,45.0,0.0,0.4310046062340029,1.0,25.084134689198166,8.18014226357514,11.599422672797994,40.458281756771235,55.259070252308625,55.259070252308625,0.0,0.0,0.0,0.0,0.0,0.0,0.0,0.0,7.105427357601002e-15,0.0,0.0,0.0,0.0,0.0,0.11862130560117023,0.0
2,summer_commercial,夏季商业制冷日,75.0,5.25,0.25,40.96733862628496,15.093037944886138,16.956185508524374,0.0,5.0,-5.0,0.3419669341850735,53.6659927504271,-2.4980018054066022e-15,0.0,0.0,0.0,0.0,5.147055387915987,16.47057724133116,5.652061836174791,16.956185508524374,0.0,0.0,0.0,2.758496165763571,47.021045875202404,1.377539296445022,0.0,53.07629586581701,0.0,0.0,0.0,0.0,0.0,0.0,13.125506155735758,8.211679157787081,11.859749570865027,5.784939071873083,1.6191999284026473,0.0,52.0,7.8,40.0,45.0,0.010323304438015882,0.41857906707339765,1.0,25.399749948296677,8.301170869687377,11.530206145796575,40.96733862628496,54.007959684612175,54.007959684612175,-2.4980018054066022e-15,0.0,0.0,0.0,0.0,0.0,0.0,0.0,7.105427357601002e-15,0.0,0.0,0.0,0.0,0.0,-0.10178901029620491,0.0
2,summer_commercial,夏季商业制冷日,75.0,5.5,0.25,41.54480663816084,15.40790683205418,17.155678341017296,0.0,5.0,-5.0,0.8636970111164715,52.40978209908357,1.4432899320127035e-15,0.0,0.0,0.0,0.0,5.147055387915987,16.47057724133116,5.718559447005766,17.155678341017296,0.0,0.0,0.0,4.136942362882554,45.930025780044815,1.0626704092769792,0.0,53.30214194008739,0.0,0.0,0.0,0.0,0.0,0.0,13.474029012707208,8.382958720924528,11.948399156547936,5.808013252255753,1.6353352832366128,0.0,52.0,7.8,40.0,45.0,0.026073302113865562,0.40878099094477044,1.0,25.757780115659724,8.4743487576298,11.665861271891762,41.54480663816084,53.27347911020004,53.27347911020004,1.4432899320127035e-15,0.0,0.0,0.0,0.0,0.0,0.0,0.0,0.0,0.0,0.0,0.0,0.0,0.0,0.19949283249292193,0.0
2,summer_commercial,夏季商业制冷日,75.0,5.75,0.25,41.9815292131206,15.608296127515088,17.15385348395107,0.0,5.0,-5.0,1.7037880241484444,52.55653012943078,-1.5543122344752192e-15,0.0,0.0,0.0,0.0,5.147055387915987,16.47057724133116,5.717951161317024,17.15385348395107,0.0,0.0,0.0,3.586217608774387,44.983987802762556,0.8622811138160724,0.0,53.48028263364866,0.0,0.0,0.0,0.0,0.0,0.0,13.832305981408865,8.573170709502556,12.039565590614624,5.833599874704633,1.6530557377363582,0.0,52.0,7.8,40.0,45.0,0.05143398589996714,0.409925582714893,1.0,26.02854811213477,8.584562870133299,11.664620369086729,41.9815292131206,54.26031815357923,54.26031815357923,-1.5543122344752192e-15,0.0,0.0,0.0,0.0,0.0,0.0,0.0,0.0,0.0,0.0,0.0,0.0,0.0,-0.0018248570662251495,0.0
2,summer_commercial,夏季商业制冷日,75.0,6.0,0.25,42.462030920587246,15.746394332433168,17.26194542093495,0.0,5.0,-5.0,2.6281504812031287,52.47869380275137,2.220446049250313e-15,0.0,0.0,0.0,0.0,5.147055387915987,16.47057724133116,5.753981806978317,17.26194542093495,0.0,0.0,0.0,3.2562238315270484,44.12483759507583,0.7241829088979923,0.0,53.62553593319512,0.0,0.0,0.0,0.0,0.0,0.0,14.188211516811846,8.782750609618112,12.132733495601082,5.861836745664072,1.6724216238937528,0.0,52.0,7.8,40.0,45.0,0.07933865767178114,0.40931848210357286,1.0,26.326459170764092,8.660516882838243,11.738122886235766,42.462030920587246,55.1068442839545,55.1068442839545,2.220446049250313e-15,0.0,0.0,0.0,0.0,0.0,0.0,0.0,7.105427357601002e-15,0.0,0.0,0.0,0.0,0.0,0.10809193698387887,0.0
2,summer_commercial,夏季商业制冷日,75.0,6.25,0.25,43.20969859500142,15.915448782266502,17.52325152738938,0.0,5.0,-5.0,3.592747832148362,51.47885437478467,2.6645352591003757e-15,0.0,0.0,0.0,0.0,5.147055387915987,16.47057724133116,5.841083842463127,17.52325152738938,0.0,0.0,0.0,4.126235618447506,43.036779874657256,0.5551284590646581,0.0,53.730566174256374,0.0,0.0,0.0,0.0,0.0,0.0,14.527999227786704,9.011824024409306,12.227342213542741,5.892847541038627,1.6934805816070466,0.0,52.0,7.8,40.0,45.0,0.10845794120029374,0.4015200266286544,1.0,26.79001312890088,8.753496830246577,11.91581103862478,43.20969859500142,55.07160220693303,55.07160220693303,2.6645352591003757e-15,0.0,0.0,0.0,0.0,0.0,0.0,0.0,0.0,0.0,0.0,0.0,0.0,0.0,0.2613061064544304,0.0
2,summer_commercial,夏季商业制冷日,75.0,6.5,0.25,44.119424428031124,16.004595975669435,17.70452059712296,0.0,5.0,-5.0,4.561254739043569,54.15924075678994,-1.7763568394002505e-15,0.0,0.0,0.0,0.0,5.147055387915987,16.47057724133116,5.9015068657076535,17.70452059712296,0.0,0.0,0.0,1.447491185821253,42.65370930255267,0.4659812656617248,0.0,53.81437144176391,0.0,0.0,0.0,0.0,0.0,0.0,14.837299198464097,9.260159442097738,12.322795433355283,5.926737841814067,1.7162651668298874,0.0,52.0,7.8,40.0,45.0,0.13769524647960857,0.4224262574402903,1.0,27.354043145379297,8.80252778661819,12.039074006043615,44.119424428031124,58.72049549583351,58.72049549583351,-1.7763568394002505e-15,0.0,0.0,0.0,0.0,0.0,0.0,0.0,7.105427357601002e-15,0.0,0.0,0.0,0.0,0.0,0.18126906973358103,0.0
2,summer_commercial,夏季商业制冷日,75.0,6.75,0.25,44.653121011777735,16.084910951957507,17.971156002941537,0.0,5.0,-5.0,5.69339648902438,54.892030677833006,2.6645352591003757e-15,0.0,0.0,0.0,0.0,5.147055387915987,16.47057724133116,5.990385334313846,17.971156002941537,0.0,0.0,0.0,0.20513456715017853,42.59759383625855,0.38566628937365266,0.0,53.879059999769275,0.0,0.0,0.0,0.0,0.0,0.0,15.102312561332887,9.527126367008094,12.418472412072257,5.963591017812332,1.7407904742722486,0.0,52.0,7.8,40.0,45.0,0.1718723635739614,0.4281418047690696,1.0,27.684935027302195,8.84670102357663,12.220386082000246,44.653121011777735,60.585427166857386,60.585427166857386,2.6645352591003757e-15,0.0,0.0,0.0,0.0,0.0,0.0,0.0,7.105427357601002e-15,0.0,0.0,0.0,0.0,0.0,0.26663540581857603,0.0
2,summer_commercial,夏季商业制冷日,75.0,7.0,0.25,45.254240751301325,16.245549593812953,18.377467511599388,0.0,5.0,-5.0,7.0696990866843095,53.825389847724075,-1.7763568394002505e-15,0.0,0.0,0.0,0.0,5.147055387915987,16.47057724133116,6.125822503866463,18.377467511599388,0.0,0.0,0.0,0.6320297086753932,42.42914034902058,0.22502764751820692,0.0,53.90556453605497,0.0,0.0,0.0,0.0,0.0,0.0,15.311066222788588,9.811661340673462,12.513740522191886,6.003464041952302,1.7670518352263433,0.0,88.0,13.2,40.0,45.0,0.2134202130709721,0.4198223178708078,1.0,28.05762926580682,8.935052276597125,12.496677907887586,45.254240751301325,60.895088934408385,60.895088934408385,-1.7763568394002505e-15,0.0,0.0,0.0,0.0,0.0,0.0,0.0,1.4210854715202004e-14,0.0,0.0,0.0,0.0,0.0,0.4063115086578506,0.0
2,summer_commercial,夏季商业制冷日,75.0,7.25,0.25,45.875426078845,16.038703674726076,18.721698392102986,0.0,5.0,-5.0,8.923284804243394,54.863758157166394,0.0,0.0,0.0,0.0,0.0,5.147055387915987,16.47057724133116,6.240566130700995,18.721698392102986,0.0,0.0,0.0,0.0,42.427018892003126,0.43187356660508414,0.0,53.98118172585565,1.523995363947801,0.0,0.0,0.0,0.0,0.0,15.454567176677592,10.11224439645156,12.607968776886102,6.046383329976434,1.795022656174443,0.0,88.0,13.2,40.0,45.0,0.2693762946433639,0.4279212873665596,1.0,28.4427641688839,8.821287021099343,12.730754906630033,47.3994214427928,63.78704296140979,63.78704296140979,0.0,0.0,0.0,0.0,0.0,0.0,0.0,0.0,0.0,0.0,0.0,0.0,0.0,0.0,0.3442308805035985,0.0
2,summer_commercial,夏季商业制冷日,75.0,7.5,0.25,46.54060149859507,15.897597652725262,19.126199776372072,0.0,5.0,-5.0,10.745440752162182,56.71189831247855,-7.105427357601002e-15,0.0,0.0,0.0,0.0,5.147055387915987,16.47057724133116,6.375399925457358,19.126199776372072,0.0,0.0,0.0,0.0,42.42489754105853,0.5729795886058984,0.0,54.09027378728663,4.3942822526723155,0.0,0.0,0.0,0.0,0.0,15.527698394151825,10.426888378998203,12.70054191093976,6.0923407116461,1.8246524673583497,0.0,88.0,13.2,40.0,45.0,0.3243835737206057,0.4423362407175398,1.0,28.855172929128944,8.743678708998894,13.00581584793301,50.93488375126739,67.45733906464073,67.45733906464073,-7.105427357601002e-15,0.0,0.0,0.0,0.0,0.0,0.0,0.0,0.0,0.0,0.0,0.0,0.0,0.0,0.40450138426908566,0.0
2,summer_commercial,夏季商业制冷日,75.0,7.75,0.25,47.207013927180846,15.693760856905353,19.453004619395852,0.0,5.0,-5.0,12.55776289265561,58.664273875285566,-3.552713678800501e-15,0.0,0.0,0.0,0.0,5.147055387915987,16.47057724133116,6.48433487313195,19.453004619395852,0.0,0.0,2.190861047722496,0.0,42.94310579501557,0.7768163844258069,0.0,54.24772254169412,5.1927715319898935,0.0,0.0,0.0,0.0,0.0,15.52972842191521,10.753143307173115,12.790874532445669,6.141289648305275,1.8558652521421384,0.0,88.0,13.2,40.0,45.0,0.37909398962866825,0.4575641997987618,1.0,29.268348634852124,8.631568471297944,13.22804314118918,52.39978545917074,71.22203676794118,71.22203676794118,-3.552713678800501e-15,0.0,0.0,0.0,0.0,0.0,0.0,0.0,1.4210854715202004e-14,0.0,0.0,0.0,0.0,0.0,0.32680484302377977,0.0
2,summer_commercial,夏季商业制冷日,75.0,8.0,0.25,47.75255949210258,15.614153863925724,19.957239709903103,0.0,5.0,-5.0,14.244858444009488,57.887544239551225,0.0,0.0,0.0,0.0,0.0,5.147055387915987,16.47057724133116,6.652413236634367,19.957239709903103,0.0,0.0,2.327593022776501,0.0,43.49376198263524,0.8564233774054362,0.0,54.423999232557065,5.252781544131284,0.0,0.0,0.0,0.0,0.0,15.464360295347765,11.088117559811154,12.878424812916375,6.1931418178771125,1.8885581275123642,0.0,88.0,13.2,40.0,45.0,0.4300240628363389,0.4515059355306261,1.0,29.6065868851036,8.587784625159149,13.57092300273411,53.00534103623386,72.13240268356071,72.13240268356071,0.0,0.0,0.0,0.0,0.0,0.0,0.0,0.0,7.105427357601002e-15,0.0,0.0,0.0,0.0,0.0,0.504235090507251,0.0
2,summer_commercial,夏季商业制冷日,75.0,8.25,0.25,48.049387784677215,15.284407566268262,20.368964492182595,0.0,5.0,-5.0,15.82124701156912,58.10652486792497,5.329070518200751e-15,0.0,0.0,0.0,0.0,5.147055387915987,16.47057724133116,6.789654830727532,20.368964492182595,0.0,0.0,3.6562412198588667,0.0,44.35994458425259,1.1861696750628976,0.0,54.67850253076823,5.2854326563144935,0.0,0.0,0.0,0.0,0.0,15.339312754053797,11.42851712035285,12.962707155780647,6.247764191248742,1.922600443223189,0.0,88.0,13.2,40.0,45.0,0.47761211147123633,0.45321392046548226,1.0,29.790620426499874,8.406424161447545,13.850895854684167,53.334820440991706,73.92777187949409,73.92777187949409,5.329070518200751e-15,0.0,0.0,0.0,0.0,0.0,0.0,0.0,0.0,0.0,0.0,0.0,0.0,0.0,0.4117247822794923,0.0
2,summer_commercial,夏季商业制冷日,75.0,8.5,0.25,48.771845029594516,14.986813281834818,20.93300320956981,0.0,5.0,-5.0,17.377644400049526,56.61581724663417,-3.552713678800501e-15,0.0,0.0,0.0,0.0,5.147055387915987,16.47057724133116,6.97766773652327,20.93300320956981,0.0,0.0,2.731990539394527,0.0,45.00657434012958,1.4837639594963417,0.0,55.00355721988323,5.364902953255397,0.0,0.0,0.0,0.0,0.0,15.165495458486799,11.770703439166885,13.043303278890782,6.304976723146637,1.9578333617716144,0.0,88.0,13.2,40.0,45.0,0.5245966660045718,0.4415868364702059,1.0,30.2385439183486,8.24274730500915,14.234442182507474,54.13674798284991,73.9934616466837,73.9934616466837,-3.552713678800501e-15,0.0,0.0,0.0,0.0,0.0,0.0,0.0,0.0,0.0,0.0,0.0,0.0,0.0,0.5640387173872163,0.0
2,summer_commercial,夏季商业制冷日,75.0,8.75,0.25,49.185275447655094,14.542516434469343,21.479433997782195,0.0,5.0,-5.0,18.888963022570685,55.4753832507542,3.552713678800501e-15,0.0,0.0,0.0,0.0,5.147055387915987,16.47057724133116,7.159811332594065,21.479433997782195,0.0,0.0,2.4618238059176782,0.0,45.58900716531803,1.9280608068618168,0.0,55.43396988290297,5.41038029924206,0.0,0.0,0.0,0.0,0.0,14.95589706842274,12.110769680878416,13.119871168558655,6.364550775640581,1.9940699735316383,0.0,88.0,13.2,40.0,45.0,0.5702203818773035,0.432691784434661,1.0,30.494870777546158,7.9983840389581395,14.606015118491893,54.59565574689715,74.36434627332488,74.36434627332488,3.552713678800501e-15,0.0,0.0,0.0,0.0,0.0,0.0,0.0,7.105427357601002e-15,0.0,0.0,0.0,0.0,0.0,0.5464307882123833,0.0
2,summer_commercial,夏季商业制冷日,75.0,9.0,0.25,49.36759073834346,14.102070477307992,22.247311591427316,0.0,5.0,-5.0,20.688513129391872,55.50227886031053,0.0,0.0,0.0,0.0,0.0,5.147055387915987,16.47057724133116,7.415770530475772,22.247311591427316,0.0,0.0,3.8299403517494106,0.0,46.49633854850025,2.3685067640231683,0.0,55.96877325441702,5.430434981217781,0.0,0.0,0.0,0.0,0.0,14.724340407256731,12.444634246080303,13.19215141257412,6.426208383100325,2.031095991035345,0.0,88.0,13.2,40.0,45.0,0.6245452353852895,0.4329015623327205,1.0,30.607906257772946,7.756138762519396,15.128171882170577,54.79802571956124,76.1907919897024,76.1907919897024,0.0,0.0,0.0,0.0,0.0,0.0,0.0,0.0,0.0,0.0,0.0,0.0,0.0,0.0,0.767877593645121,0.0
2,summer_commercial,夏季商业制冷日,75.0,9.25,0.25,49.69931503189781,13.60441986448528,23.047841659378015,0.0,5.0,-5.0,22.441601587550316,54.66706949601987,3.552713678800501e-15,0.0,0.0,0.0,0.0,5.147055387915987,16.47057724133116,7.682613886459339,23.047841659378015,0.0,0.0,4.11276212378829,0.0,47.47079473597254,2.86615737684588,0.0,56.621501244790714,5.46692465350876,0.0,0.0,0.0,0.0,0.0,14.48426710943498,12.76814952824087,13.259970498125346,6.489622453680367,2.068671053718672,0.0,88.0,13.2,40.0,45.0,0.6774675037428118,0.4263871732643664,1.0,30.813575319776643,7.482430925466905,15.672532328377052,55.16623968540657,77.10867108357019,77.10867108357019,3.552713678800501e-15,0.0,0.0,0.0,0.0,0.0,0.0,0.0,7.105427357601002e-15,0.0,0.0,0.0,0.0,0.0,0.8005300679506995,0.0
2,summer_commercial,夏季商业制冷日,75.0,9.5,0.25,49.68907840377054,13.360984094100578,23.929460312803695,0.0,5.0,-5.0,24.05147019090782,53.1622275990439,-3.552713678800501e-15,0.0,0.0,0.0,0.0,5.147055387915987,16.47057724133116,7.976486770934565,23.929460312803695,0.0,0.0,3.9352786029158686,0.0,48.403049864428255,3.1095931472305818,0.0,57.33171886663558,5.465798624414759,0.0,0.0,0.0,0.0,0.0,14.247695559661754,13.077222929872617,13.323240766499385,6.554417984311854,2.106530659712633,0.0,88.0,13.2,40.0,45.0,0.7260662483473668,0.4146498460475108,1.0,30.807228610337734,7.348541251755319,16.272033012706512,55.1548770281853,77.21369778995172,77.21369778995172,-3.552713678800501e-15,0.0,0.0,0.0,0.0,0.0,0.0,0.0,7.105427357601002e-15,0.0,0.0,0.0,0.0,0.0,0.8816186534256794,0.0
2,summer_commercial,夏季商业制冷日,75.0,9.75,0.25,49.720512275599596,13.096972547931145,24.908012804837902,0.0,5.0,-5.0,25.414986452477095,52.221919416763185,0.0,0.0,0.0,0.0,0.0,5.147055387915987,16.47057724133116,8.302670934945967,24.908012804837902,0.0,0.0,3.997410920462773,0.0,49.35001480554494,3.373604693400015,0.0,58.10428412188477,5.4692563503159555,0.0,0.0,0.0,0.0,0.0,14.024456330119106,13.367946264551717,13.381956847194502,6.620174344007675,2.144388724825195,0.0,88.0,13.2,40.0,45.0,0.767228103682617,0.4073157168992634,1.0,30.82671761087175,7.203334901362131,16.937448707289775,55.18976862591555,77.63690586924028,77.63690586924028,0.0,0.0,0.0,0.0,0.0,0.0,0.0,0.0,1.4210854715202004e-14,0.0,0.0,0.0,0.0,0.0,0.9785524920342077,0.0
2,summer_commercial,夏季商业制冷日,75.0,10.0,0.25,50.041212534289585,12.762151819109977,26.041514122471142,0.0,5.0,-5.0,26.911025597022594,49.50485492525443,0.01043349963755702,0.0,0.0,0.0,0.0,5.147055387915987,16.47057724133116,8.68050470749038,26.041514122471142,0.0,0.0,2.0425745138092117,0.0,49.83265875183435,3.7084254222211825,0.0,58.955983017601355,5.504533378771854,0.0,0.0,0.0,0.0,0.0,13.821758047603364,13.63672886368265,13.43618854522113,6.686428654497108,2.181940751190348,0.0,88.0,13.2,40.0,45.0,0.8127055290673412,0.3861234075475475,1.0,31.025551771259543,7.019183500510488,17.708229603280376,55.54574591306144,76.42631402191458,76.41588052227702,0.01043349963755702,0.0,0.0,0.0,0.0,0.0,0.0,0.0,7.105427357601002e-15,0.0,0.0,0.0,0.0,0.0,1.1335013176332396,0.0
2,summer_commercial,夏季商业制冷日,75.0,10.25,0.25,50.13303177625218,12.306771711800968,27.037327789359132,0.0,5.0,-5.0,27.765749231574652,44.73744181470288,3.552713678800501e-15,0.0,0.0,0.0,0.0,5.147055387915987,16.47057724133116,9.012442596453043,27.037327789359132,0.0,0.0,0.010491086053015783,0.0,49.83265875183435,4.163805529530192,0.0,59.91540883935604,3.20017019960331,0.0,0.0,0.0,0.0,0.0,13.644084206682432,13.88042904028454,13.486070320856909,6.752680268444092,2.2188675697091758,0.0,88.0,13.2,40.0,45.0,0.8381929760262303,0.3489389778948925,1.0,31.082479701276352,6.768724441490533,18.38538289676421,53.33320197585549,72.50319104627754,72.50319104627754,3.552713678800501e-15,0.0,0.0,0.0,0.0,0.0,0.0,0.0,0.0,0.0,0.0,0.0,0.0,0.0,0.9958136668879902,0.0
2,summer_commercial,夏季商业制冷日,75.0,10.5,0.25,50.27061884379118,11.970590817284956,28.079718378474887,0.0,5.0,-5.0,28.70093536135304,42.8849672720962,-3.552713678800501e-15,0.0,0.0,0.0,0.0,5.147055387915987,16.47057724133116,9.359906126158295,28.079718378474887,0.0,0.0,0.010491086053015783,0.0,49.83265875183435,4.499986424046204,0.0,60.95419791064734,1.7978311895307577,0.0,0.0,0.0,0.0,0.0,13.493377205678009,14.096478086199372,13.531787673434247,6.81839631458311,2.2548396019890076,0.0,88.0,13.2,40.0,45.0,0.866424393040038,0.33449021758913344,1.0,31.16778368315053,6.5838249495067265,19.094208497362924,52.06845003332194,71.58590263344924,71.58590263344924,-3.552713678800501e-15,0.0,0.0,0.0,0.0,0.0,0.0,0.0,0.0,0.0,0.0,0.0,0.0,0.0,1.0423905891157546,0.0
2,summer_commercial,夏季商业制冷日,75.0,10.75,0.25,50.59294747941569,11.633793077091635,28.874237700082155,0.0,4.924470745409356,-4.924470745409356,28.996687222090074,39.781037239353495,7.105427357601002e-15,0.0,0.0,0.0,0.0,3.6355603365911358,11.633793077091635,9.624745900027385,28.874237700082155,0.0,0.0,0.0,0.0,49.83016711889676,0.0,0.0,60.923720811692014,0.0,0.0,0.0,0.0,0.0,0.0,13.369436128256174,14.282990739455872,13.573560911182161,6.883018246991057,2.289521569660788,0.0,88.0,13.2,40.0,45.0,0.8753525559449516,0.310280470023135,1.0,31.36762743723773,6.3985861924003995,19.634481636055867,50.59294747941569,68.77772446144357,68.77772446144357,7.105427357601002e-15,0.0,0.0,0.0,0.0,0.0,0.0,0.0,7.105427357601002e-15,0.0,0.0,0.07552925459064408,0.0,-4.836784164239525,0.7945193216072681,0.0
2,summer_commercial,夏季商业制冷日,75.0,11.0,0.25,50.605848819241466,11.521492570774793,29.943436375487707,0.0,2.9072225466173167,-2.9072225466173167,29.112651310937267,37.98203194178454,-7.105427357601002e-15,0.0,0.0,0.0,0.0,3.6004664283671226,11.521492570774793,9.981145458495902,29.943436375487707,0.0,0.0,0.0,0.0,49.827675610540815,0.0,0.0,60.89325895128617,0.0,0.0,0.0,0.0,0.0,0.0,13.270441989687328,14.438856093728655,13.611626948260016,6.945969303480762,2.3225775623986644,0.0,70.0,10.5,40.0,45.0,0.878853282106969,0.2962487542097623,1.0,31.375626267929707,6.336820913926137,20.361536735331644,50.605848819241466,67.09468325272181,67.09468325272181,-7.105427357601002e-15,0.0,0.0,0.0,0.0,0.0,0.0,0.0,0.0,0.0,0.0,2.017248198792039,0.0,-0.11230050631684207,1.069198675405552,0.0
2,summer_commercial,夏季商业制冷日,75.0,11.25,0.25,50.869173103926286,11.490510305037311,30.963896116667943,0.0,1.39348436691246,-1.39348436691246,28.988283148111435,37.18645749860745,-3.552713678800501e-15,0.0,0.0,0.0,0.0,3.59078447032416,11.490510305037311,10.32129870555598,30.963896116667943,0.0,0.0,0.0,0.0,49.825184226760285,0.0,0.0,60.86281232181053,0.0,0.0,0.0,0.0,0.0,0.0,13.193527110222497,14.563803261131435,13.646219908200074,7.006662746906379,2.3536763613451477,0.0,70.0,10.5,40.0,45.0,0.8750988535967759,0.2900435059483323,1.0,31.5388873244343,6.319780667770522,21.055449359334204,50.869173103926286,66.17474064671889,66.17474064671889,-3.552713678800501e-15,0.0,0.0,0.0,0.0,0.0,0.0,0.0,0.0,0.0,0.0,1.5137381797048568,0.0,-0.03098226573748164,1.020459741180236,0.0
2,summer_commercial,夏季商业制冷日,75.0,11.5,0.25,51.080979902603616,11.352779780902049,31.980578637777782,0.0,1.0122762961517233,-1.0122762961517233,29.35932868460897,35.846910156633356,-3.552713678800501e-15,0.0,0.0,0.0,0.0,3.5772421820756617,11.447174982642117,10.660192879259261,31.980578637777782,0.0,0.0,0.0,1.1244524188479323,49.526784436273175,0.09439520174006866,0.0,60.8547997760629,0.0,0.0,0.0,0.0,0.0,0.0,13.135320058074466,14.658436760164262,13.677551420646282,7.064510734197663,2.3824969025845952,0.0,70.0,10.5,40.0,45.0,0.8862999834450728,0.2795954279762779,1.0,31.670207539614243,6.244028879496128,21.746793473688893,51.080979902603616,65.20623884124232,65.20623884124232,-3.552713678800501e-15,0.0,0.0,0.0,0.0,0.0,0.0,0.0,-7.105427357601002e-15,0.0,0.0,0.3812080707607366,0.0,-0.043335322395194,1.0166825211098391,0.0
2,summer_commercial,夏季商业制冷日,75.0,11.75,0.25,51.068239978988586,11.243287687643889,32.91078383966839,0.0,1.0122762961517233,-1.0122762961517233,30.03209296061567,36.20747941810254,7.105427357601002e-15,0.0,0.0,0.0,0.0,3.577242182075662,11.44717498264212,10.970261279889463,32.91078383966839,0.0,0.0,0.0,0.38844735838722744,49.42208510800208,0.20388729499823022,0.0,60.87279560873695,0.0,0.0,0.0,0.0,0.0,0.0,13.092418964157934,14.724237585173887,13.705791567134506,7.1189336323540084,2.40873375636107,0.0,70.0,10.5,40.0,45.0,0.9066094044503211,0.2824077628898049,1.0,31.662308786972922,6.183808228204139,22.379333010974506,51.068239978988586,66.23957237871821,66.23957237871821,7.105427357601002e-15,0.0,0.0,0.0,0.0,0.0,0.0,0.0,-7.105427357601002e-15,0.0,0.0,0.0,0.0,1.7763568394002505e-15,0.9302052018906082,0.0
2,summer_commercial,夏季商业制冷日,75.0,12.0,0.25,51.01000747541365,11.156144487812417,33.85539198067387,0.0,1.0122762961517233,-1.0122762961517233,31.28780144056047,37.33599095472697,7.105427357601002e-15,0.0,0.0,0.0,0.0,3.577242182075662,11.44717498264212,11.285130660224624,33.85539198067387,0.0,0.0,1.7391357814217774,0.0,49.83265875183435,0.2910304948297018,0.0,60.91147895345465,0.0,0.0,0.0,0.0,0.0,0.0,13.061768698594138,14.76352720809155,13.73105145490168,7.169369579523042,2.432102492359528,0.0,70.0,10.5,40.0,45.0,0.9445167563840984,0.2912098232258277,1.0,31.626204634756462,6.13587946829683,23.021666546858235,51.01000747541365,68.62379239528744,68.62379239528744,7.105427357601002e-15,0.0,0.0,0.0,0.0,0.0,0.0,0.0,-7.105427357601002e-15,0.0,0.0,0.0,0.0,0.0,0.9446081410054816,0.0
2,summer_commercial,夏季商业制冷日,75.0,12.25,0.25,51.121408256776874,11.139070996665634,34.903083162608816,0.0,0.18053361145754332,-0.18053361145754332,31.800695096110566,34.72334109445547,3.552713678800501e-15,0.0,0.0,0.0,0.0,3.577242182075662,11.44717498264212,11.63436105420294,34.903083162608816,0.0,0.0,0.010491086053015783,0.0,49.83265875183435,0.30810398597648536,0.0,60.95419791064734,0.0,0.0,0.0,0.0,0.0,0.0,13.040937198469715,14.779393334761169,13.753368370720553,7.215284073631873,2.4523447998951764,0.0,70.0,10.5,40.0,45.0,0.96,0.2708319174971914,1.0,31.695273119201662,6.126489048166099,23.734096550573998,51.121408256776874,66.52403619056604,66.52403619056604,3.552713678800501e-15,0.0,0.0,0.0,0.0,0.0,0.0,0.0,-1.4210854715202004e-14,0.0,0.0,0.83174268469418,0.0,0.0,1.047691181934944,0.0
2,summer_commercial,夏季商业制冷日,75.0,12.5,0.25,51.16906218792246,11.07626837383098,35.80113644181478,0.0,-0.0,0.0,31.800695096110566,34.01042617234575,3.552713678800501e-15,0.0,0.0,0.0,0.0,3.501435312816027,11.204593001011288,11.933712147271594,35.80113644181478,0.0,0.0,0.0,0.0,49.83016711889676,0.12832462718030888,0.0,60.95419791064734,0.0,0.7930883795537578,0.0,0.0,0.0,0.0,13.02830051528454,14.775578034280047,13.772694387592276,7.256179361629174,2.469233234476344,0.0,70.0,10.5,40.0,45.0,0.96,0.26527138935440364,1.0,31.724818556511924,6.091947605607039,24.344772780434056,50.3759738083687,65.81112126845632,65.81112126845632,3.552713678800501e-15,0.0,0.0,0.0,0.0,0.0,-0.0,0.0,0.0,0.0,0.0,0.18053361145754332,0.0,-0.24258198163083122,0.8980532792059677,0.0
2,summer_commercial,夏季商业制冷日,75.0,12.75,0.25,51.228920904474386,11.115772703188515,36.55587703435101,0.0,0.0,0.0,31.800695096110573,34.28141291242619,-3.552713678800501e-15,0.0,0.0,0.0,0.0,3.501435312816027,11.204593001011288,12.18529234478367,36.55587703435101,0.0,0.0,0.0,0.0,49.827675610540815,0.08882029782277279,0.0,60.94481563242492,0.0,0.8335405535373179,0.0,0.0,0.0,0.0,13.0231539344843,14.756330807681888,13.788889166874203,7.291603399816559,2.4825754689579003,0.0,70.0,10.5,40.0,45.0,0.96,0.26738500676906013,1.0,31.76193096077412,6.113674986753684,24.857996383358692,50.39538035093707,66.08210800853676,66.08210800853676,-3.552713678800501e-15,0.0,0.0,0.0,0.0,0.0,0.0,0.0,0.0,0.0,0.0,0.0,0.0,0.0,0.7547405925362298,0.0
2,summer_commercial,夏季商业制冷日,75.0,13.0,0.25,51.232607628436554,11.044371383757314,37.32280056423927,0.0,-0.0,0.0,31.800695096110566,32.954754650102466,3.552713678800501e-15,0.0,0.0,0.0,0.0,3.501085839721622,11.20347468710919,12.440933521413092,37.32280056423927,0.0,0.0,0.0,0.44075062474474125,49.70919722024851,0.15910330335187695,0.0,60.95213025915478,0.0,1.9784266186134878,0.0,0.0,0.0,0.0,13.025768209732236,14.726231169993511,13.801717521347303,7.321158160333602,2.4922179382602434,0.0,75.60000000000001,11.340000000000002,40.0,45.0,0.96,0.257037459853248,1.0,31.764216729630665,6.074404261066523,25.379504383682708,49.254181009823064,64.75544974621303,64.75544974621303,3.552713678800501e-15,0.0,0.0,0.0,0.0,0.0,-0.0,0.0,-1.4210854715202004e-14,0.0,0.0,0.0,0.0,-0.0011183139020971566,0.7669235298882597,0.0
2,summer_commercial,夏季商业制冷日,75.0,13.25,0.25,51.141742033102055,11.080683611587913,37.96758504404042,0.0,0.0,0.0,31.68347131967333,34.1551441979358,0.0,0.0,0.0,0.0,0.0,3.5010858397216227,11.203474687109193,12.655861681346806,37.96758504404042,0.0,0.0,0.0,0.0,49.7067117603875,0.12279107552127932,0.0,60.95081707446152,0.0,1.4600740365613563,0.0,0.0,0.0,0.0,13.037406863655322,14.689987278441514,13.81085208825159,7.344507070676325,2.4980487811074754,0.0,75.60000000000001,11.340000000000002,40.0,45.0,0.9564612463645955,0.26640014768040526,1.0,31.707880060523273,6.094375986373353,25.81795782994749,49.681667996540696,65.83861551760913,65.83861551760913,0.0,0.0,0.0,0.0,0.0,0.0,0.0,0.0,0.0,0.0,0.0,0.0,0.0,1.7763568394002505e-15,0.644784479801146,0.0
2,summer_commercial,夏季商业制冷日,75.0,13.5,0.25,51.14503529313214,11.060922077749035,38.6012487409388,0.0,-0.0,0.0,30.595847777244728,37.18299952814682,-3.552713678800501e-15,0.0,0.0,0.0,0.0,3.5010858397216227,11.203474687109193,12.867082913646266,38.6012487409388,0.0,0.0,0.26564325889152496,0.0,49.76731669878622,0.14255260936015723,0.0,60.95419791064734,0.0,0.0,0.0,0.0,0.0,0.0,13.060314374988376,14.65221892820288,13.815881215722763,7.361381391955426,2.5,0.0,75.60000000000001,11.340000000000002,40.0,45.0,0.9236280457827892,0.2900165347888476,1.0,31.709921881741927,6.08350714276197,26.248849143838385,51.14503529313214,67.77884730539155,67.77884730539155,-3.552713678800501e-15,0.0,0.0,0.0,0.0,0.0,-0.0,0.0,-7.105427357601002e-15,0.0,0.0,0.0,0.0,0.0,0.6336636968983811,0.0
2,summer_commercial,夏季商业制冷日,75.0,13.75,0.25,51.22922409954255,11.121007910055688,39.15069452824788,0.0,0.0,0.0,29.48523068215834,37.778646740586176,3.552713678800501e-15,0.0,0.0,0.0,0.0,3.4753149718924026,11.121007910055688,13.05023150941596,39.15069452824788,0.0,0.0,0.0,0.0,49.764828332951275,-0.0,0.0,60.923720811692014,0.0,0.4908931581063958,0.0,0.0,0.0,0.0,13.097677678135534,14.617234728265517,13.816321904003782,7.371585366938083,2.4980487811074754,0.0,75.60000000000001,11.340000000000002,40.0,45.0,0.8901007153876329,0.29466240905129193,1.0,31.76211894171638,6.116554350530629,26.622472279208562,50.73833094143615,67.26387742274451,67.26387742274451,3.552713678800501e-15,0.0,0.0,0.0,0.0,0.0,0.0,0.0,0.0,0.0,0.0,0.0,0.0,-0.08246677705350436,0.5494457873090823,0.0
2,summer_commercial,夏季商业制冷日,75.0,14.0,0.25,51.004275707191,11.127488672644729,39.450073028655225,0.0,-0.0,0.0,28.321455737896834,39.479821247299235,-3.552713678800501e-15,0.0,0.0,0.0,0.0,3.5125156394605908,11.240050046273891,13.150024342885075,39.450073028655225,0.0,0.0,0.29607856968305823,0.0,49.83265875183435,0.11256137362916263,0.0,60.9199922775231,0.0,0.1616172740236551,0.0,0.0,0.0,0.0,13.153556316098719,14.588814338369328,13.811637378607154,7.375,2.4922179382602434,0.0,75.60000000000001,11.340000000000002,40.0,45.0,0.8549686548111427,0.30793107327335334,1.0,31.62265093845842,6.120118769954601,26.826049659485555,50.842658433167344,67.80127698519607,67.80127698519607,-3.552713678800501e-15,0.0,0.0,0.0,0.0,0.0,-0.0,0.0,0.0,0.0,0.0,0.0,0.0,0.11904213621820325,0.29937850040734304,0.0
2,summer_commercial,夏季商业制冷日,75.0,14.25,0.25,51.00437638575586,10.967773712534942,39.96305621293722,0.0,0.0,0.0,27.070763468357676,39.74715856430918,-3.552713678800501e-15,0.0,-0.0,0.0,0.0,3.5125156394605908,11.240050046273891,13.321018737645739,39.96305621293722,0.0,0.0,-0.0,0.0,49.83016711889676,0.27227633373894605,0.0,60.95419791064734,0.0,1.0199887301953339,0.0,0.0,0.0,0.0,13.232771063136221,14.570007179996383,13.8012586214009,7.371585366938083,2.4825754689579003,0.0,75.60000000000001,11.340000000000002,40.0,45.0,0.8172127323343273,0.3100162262540934,1.0,31.622713359168635,6.032275541894219,27.17487822479731,49.984387655560525,66.81792203266686,66.81792203266686,-3.552713678800501e-15,0.0,0.0,0.0,0.0,0.0,0.0,0.0,7.105427357601002e-15,3.552713678800501e-15,0.0,0.0,0.0,0.0,0.5129831842819925,0.0
2,summer_commercial,夏季商业制冷日,75.0,14.5,0.25,51.24070902115697,10.899268140117057,40.275144732147915,-0.0,0.0,-0.0,25.821700513159556,39.74881053628337,7.105427357601002e-15,0.0,-0.0,0.0,0.0,3.326588945698028,10.64508462623369,13.425048244049306,40.275144732147915,0.0,0.0,0.0,0.4269705231005294,49.71531494656699,0.0,0.25418351388336724,60.85683041330165,0.0,1.9948646383608417,0.0,0.0,0.0,0.0,13.340737782408976,14.562958938621975,13.784608962353852,7.361381391955426,2.469233234476344,0.0,75.60000000000001,11.340000000000002,40.0,45.0,0.779505995630423,0.31002911115293436,1.0,31.76923959311732,5.9945974770643815,27.387098417860585,49.24584438279612,65.57051104944293,65.57051104944293,7.105427357601002e-15,0.0,0.0,0.0,0.0,0.0,0.0,0.0,7.105427357601002e-15,0.0,0.0,-0.0,0.0,-0.5949654200402019,0.3120885192106968,0.0
2,summer_commercial,夏季商业制冷日,75.0,14.75,0.25,51.350269573359746,10.989821757256346,40.49110796183874,0.0,0.0,0.0,24.810754791972165,41.36621513691545,0.0,0.0,-0.0,0.0,0.0,3.326588945698027,10.645084626233688,13.497035987279581,40.49110796183874,0.0,0.0,-0.0,0.0,49.71282918081966,0.0,0.34473713102265613,60.73568170045746,0.0,1.9969245774497426,0.0,0.0,0.0,0.0,13.483233299749033,14.568776392509832,13.761130653205921,7.344507070676325,2.4523447998951764,0.0,75.60000000000001,11.340000000000002,40.0,45.0,0.7489875466026028,0.32264439457760197,1.0,31.837167135483043,6.044401966490991,27.533953414050348,49.35334499591001,66.17696992888762,66.17696992888762,0.0,0.0,0.0,0.0,0.0,0.0,0.0,0.0,0.0,-1.7763568394002505e-15,0.0,0.0,0.0,-1.7763568394002505e-15,0.21596322969082848,0.0
2,summer_commercial,夏季商业制冷日,75.0,15.0,0.25,51.6608290046007,10.988240004362082,40.54736610456817,-0.0,0.0,-0.0,23.84386936548117,41.4184250239405,3.552713678800501e-15,0.0,2.2777966270301118,0.797228819460539,1.0250084821635503,2.882527102885941,9.224086729235012,13.515788701522723,40.54736610456817,0.0,0.0,0.0,0.0,49.71034353936062,0.0,0.7391447929635202,60.51080207198526,0.0,1.9996216001271545,0.0,0.0,0.0,0.0,13.666083445248145,14.58743961931447,13.730312216287354,7.321158160333602,2.432102492359528,0.0,75.60000000000001,11.340000000000002,40.0,45.0,0.7197991906051617,0.3230516164453607,1.0,32.029713982852435,6.043532002399146,27.572208951106358,49.661207404473544,65.26229438942167,65.26229438942167,3.552713678800501e-15,0.4555593254060224,0.1138898313515056,8.54173735136292,0.0,0.0,0.0,0.0,0.0,0.0,0.0,-0.0,0.797228819460539,-1.420997896998676,0.0562581427294262,0.0
2,summer_commercial,夏季商业制冷日,75.0,15.25,0.25,51.77015813913848,11.006956197238067,40.63287614069128,0.0,0.0,0.0,22.709543889143823,39.83575193209854,-3.552713678800501e-15,0.0,5.6034769663633925,1.9612169382271873,2.5215646348635268,1.1953655629105937,3.8251698013139004,13.544292046897093,40.63287614069128,0.0,0.0,0.0,0.0,49.70785802218366,0.0,4.660221761060639,59.25417252330173,0.0,2.003302989476615,0.0,0.0,0.0,0.0,13.894770107072713,14.617768479479995,13.69171529576672,7.291603399816559,2.40873375636107,0.0,75.60000000000001,11.340000000000002,40.0,45.0,0.6855561511372275,0.31070722864383055,1.0,32.097498046265855,6.053825908480937,27.630355775670072,49.766855149661865,62.54529582124236,62.54529582124236,-3.552713678800501e-15,1.1206953932726786,0.28017384831816966,21.013038623862723,0.0,0.0,0.0,0.0,-7.105427357601002e-15,0.0,0.0,0.0,1.1639881187666483,-5.398916927921111,0.08551003612311092,0.0
2,summer_commercial,夏季商业制冷日,75.0,15.5,0.25,51.8980907915262,11.128702117957866,40.62399645932565,-0.0,0.0,-0.0,21.281657146709243,39.9368490552587,3.552713678800501e-15,0.0,8.929157305696673,3.1252050569938357,4.018120787563503,0.9125774683333824,2.920247898666824,13.54133215310855,40.62399645932565,0.0,0.0,0.0,0.0,49.70537262928255,0.0,4.19033343172754,58.12182611290126,0.0,2.008289154006352,0.0,0.0,0.0,0.0,14.17396376291249,14.657447542263387,13.644999739768254,7.256179361629174,2.3824969025845952,0.0,75.60000000000001,11.340000000000002,40.0,45.0,0.64245107847783,0.31149575667298635,1.0,32.176816290746245,6.120786164876827,27.624317592341445,49.88980163751985,61.21850620196794,61.21850620196794,3.552713678800501e-15,1.7858314611393347,0.44645786528483367,33.48433989636253,0.0,0.0,0.0,0.0,-7.105427357601002e-15,0.0,0.0,-0.0,1.1639881187666483,-0.9049219026470765,-0.008879681365627334,0.0
2,summer_commercial,夏季商业制冷日,75.0,15.75,0.25,52.344486134562885,11.181365873324886,40.38406661503656,-0.0,0.0,-0.0,19.909830499404627,39.93035530352456,0.0,0.0,12.254837645029957,4.289193175760484,5.514676940263481,0.5814917742266573,1.8607736775253034,13.46135553834552,40.38406661503656,0.0,0.0,0.0,0.24310864944146504,49.638911400271745,0.0,3.8059152555361013,57.0912085536511,0.0,2.0148458190039227,0.0,0.0,0.0,0.0,14.506999702519424,14.703110446329843,13.589945710989277,7.215284073631873,2.3536763613451477,0.0,75.60000000000001,11.340000000000002,40.0,45.0,0.6010383490569091,0.31144510730635067,1.0,32.45358140342899,6.149751230328688,27.461165298224863,50.32964031555896,59.840185802929184,59.840185802929184,0.0,2.4509675290059914,0.6127418822514978,45.955641168862336,0.0,0.0,0.0,0.0,0.0,0.0,0.0,0.0,1.1639881187666488,-1.0594742211415205,-0.2399298442890938,0.0
2,summer_commercial,夏季商业制冷日,75.0,16.0,0.25,52.765706435304715,11.276704159861866,40.0062572936096,0.0,0.0,0.0,18.201046102745643,40.69034817804553,3.552713678800501e-15,0.0,15.580517984363238,5.453181294527133,7.011233092963457,0.5814917742266573,1.8607736775253034,13.335419097869867,40.0062572936096,0.0,0.0,0.0,0.3148869811545323,49.55356445966107,0.0,2.404697389373106,56.42984784690767,0.0,2.023154750928396,0.0,0.0,0.0,0.0,14.89532880307743,14.750481259399088,13.52647175737129,7.169369579523042,2.3225775623986644,0.0,142.56,21.384,40.0,45.0,0.5494535325667419,0.3173728297259995,1.0,32.714737989888924,6.202187287924027,27.20425495965453,50.742551684376316,58.891394280791175,58.891394280791175,3.552713678800501e-15,3.116103596872648,0.779025899218162,58.42694244136215,0.0,0.0,0.0,0.0,-1.4210854715202004e-14,-1.7763568394002505e-15,0.0,0.0,1.1639881187666488,0.0,-0.3778093214269589,0.0
2,summer_commercial,夏季商业制冷日,75.0,16.25,0.25,52.955293327944005,11.327469044052089,39.6369094271417,0.0,0.0,0.0,16.4480075899573,40.98675632135548,0.0,0.0,18.42440810872968,6.4485428380553875,8.290983648928355,0.5814917742266573,1.8607736775253034,13.212303142380568,39.6369094271417,0.0,0.0,0.0,0.8324962938365724,49.33200880937583,0.0,1.1757117175984302,56.09223510256358,0.0,2.0332852013464953,0.0,0.0,0.0,0.0,15.33798565850145,14.7945669433848,13.454647965680827,7.1189336323540084,2.289521569660788,0.0,142.56,21.384,40.0,45.0,0.49653277196102036,0.31968472665999687,1.0,32.832281863325285,6.230107974228649,26.95309841045636,50.92200812659751,57.43476391131278,57.43476391131278,0.0,3.684881621745936,0.921220405436484,69.0915304077363,0.0,0.0,0.0,0.0,0.0,0.0,0.0,0.0,0.9953615435282543,0.0,-0.36934786646789775,0.0
2,summer_commercial,夏季商业制冷日,75.0,16.5,0.25,53.41617768111408,11.574566252436629,39.04072214358024,0.0,0.0,0.0,14.802667672254806,44.25451776125272,3.552713678800501e-15,0.0,18.42440810872968,6.4485428380553875,8.290983648928355,0.5814917742266573,1.8607736775253034,13.01357404786008,39.04072214358024,0.0,0.0,0.5396534963654366,0.0,49.45770991432213,0.0,1.4228089259829702,55.68976558343783,0.0,2.0451687280033353,0.0,0.0,0.0,0.0,15.83112623083189,14.82989178597658,13.374703558590024,7.064510734197663,2.2548396019890076,0.0,142.56,21.384,40.0,45.0,0.4468632186314273,0.3451723113449876,1.0,33.11803016229073,6.366011438840147,26.547691057634566,51.371008953110746,59.05718543350753,59.05718543350753,3.552713678800501e-15,3.684881621745936,0.921220405436484,69.0915304077363,0.0,0.0,0.0,0.0,-7.105427357601002e-15,0.0,0.0,0.0,0.0,0.0,-0.5961872835614628,0.0
2,summer_commercial,夏季商业制冷日,75.0,16.75,0.25,53.45934131836809,11.648313479153636,38.46374617875871,0.0,0.0,0.0,13.086712256284144,45.69340240607606,-3.552713678800501e-15,0.0,21.75008844806296,7.612530956822035,9.787539801628332,0.5814917742266573,1.8607736775253034,12.821248726252904,38.46374617875871,0.0,0.0,1.5891440968754997,0.0,49.83265875183435,0.0,-0.0,55.661920700646114,0.0,2.0585802965409083,0.0,0.0,0.0,0.0,16.367692087289825,14.850761870470437,13.287028566191712,7.006662746906379,2.2188675697091758,0.0,142.56,21.384,40.0,45.0,0.39506192327127276,0.35639519126183394,1.0,33.144791617388215,6.406572413534501,26.155347401555925,51.40076102182718,58.780114662360205,58.780114662360205,-3.552713678800501e-15,4.350017689612592,1.087504422403148,81.5628316802361,0.0,-0.0,0.0,0.0,0.0,0.0,0.0,0.0,1.1639881187666479,0.0,-0.5769759648215285,0.0
2,summer_commercial,夏季商业制冷日,75.0,17.0,0.25,53.772453865951086,11.784462441075263,37.845616030602606,-0.0,0.0,-0.0,11.201080574262804,44.828373876042306,3.552713678800501e-15,0.0,24.392806659122016,8.537482330692704,10.976762996604908,0.2524060763969871,0.8076994444703587,12.615205343534202,37.845616030602606,0.0,0.0,-0.0,0.0,49.83016711889676,-0.0,0.0,55.63408974029579,0.0,2.0731285048844654,0.0,0.0,0.0,0.0,16.937257065050225,14.851545546059981,13.192169490081211,6.945969303480762,2.181940751190348,0.0,142.56,21.384,40.0,45.0,0.33813843750250167,0.34964822141116403,1.0,33.338921396889674,6.4814543425913955,25.735018900809774,51.69932536106662,56.02945445030511,56.02945445030511,3.552713678800501e-15,4.878561331824404,1.219640332956101,91.47302497170757,0.0,0.0,0.0,0.0,7.105427357601002e-15,3.552713678800501e-15,0.0,-0.0,0.9249513738706687,-1.0530742330549447,-0.618130148156105,0.0
2,summer_commercial,夏季商业制冷日,75.0,17.25,0.25,54.07835057107072,12.10647842745467,36.9691959034743,-0.0,0.0,-0.0,9.511721324016968,40.38666700575057,0.0,0.0,27.718486998455294,9.701470449459352,12.473319149304883,0.0,0.0,12.3230653011581,36.9691959034743,0.0,0.0,0.0,4.713299743035348,48.58733357289994,0.3668407218502132,0.0,55.69339736686508,0.0,2.0882573499665904,0.0,0.0,0.0,0.0,17.526103797182568,14.826954612261414,13.090819165559813,6.883018246991057,2.144388724825195,0.0,142.56,21.384,40.0,45.0,0.2871400277088,0.3150042052904445,1.0,33.52857735406385,6.658563135100069,25.139053214362526,51.99009322110413,49.898388329767535,49.898388329767535,0.0,5.543697399691059,1.3859243499227647,103.94432624420735,0.0,0.0,0.0,0.0,-7.105427357601002e-15,0.0,0.0,0.0,1.1639881187666479,-0.8076994444703587,-0.8764201271283056,0.0
2,summer_commercial,夏季商业制冷日,75.0,17.5,0.25,54.53987271808462,12.46905699244602,36.454344937776746,-0.0,0.0,-0.0,8.026308773896325,39.84221785499822,1.7763568394002505e-15,0.0,29.561603016295837,10.346561055703543,13.302721357333127,0.0,0.0,12.15144831259225,36.454344937776746,0.0,0.0,0.0,6.372972182819517,46.90780626337405,0.833664364887106,0.0,55.863545954842344,0.0,2.1032611632592584,0.0,0.0,0.0,0.0,18.11756173522022,14.772310664871231,12.98380129879141,6.81839631458311,2.106530659712633,0.0,142.56,21.384,40.0,45.0,0.24229836485187006,0.31075766095368645,1.0,33.81472108521246,6.857981345845312,24.78895455768819,52.43661155482536,47.86852662889454,47.86852662889454,1.7763568394002505e-15,5.912320603259168,1.478080150814792,110.8560113111094,0.0,0.0,0.0,0.0,-1.4210854715202004e-14,0.0,0.0,0.0,0.6450906062441906,0.0,-0.5148509656975548,0.0
2,summer_commercial,夏季商业制冷日,75.0,17.75,0.25,54.739033588603505,12.469601751167566,35.70192047493701,-0.0,0.0,-0.0,6.518102827720121,36.824673781288645,-2.6645352591003757e-15,0.0,29.561603016295837,10.346561055703543,13.302721357333127,0.0,0.0,11.900640158312337,35.70192047493701,0.0,0.0,0.0,10.83302286126991,44.05466538325301,0.8331196061655604,0.0,56.03348008832925,0.0,2.1173132209336165,0.0,0.0,0.0,0.0,18.692615981019294,14.683781813848869,12.872050395847415,6.752680268444092,2.068671053718672,0.0,142.56,21.384,40.0,45.0,0.19676861451297745,0.28722169863393304,1.0,33.93820082493417,6.858280963142162,24.27730592295717,52.62172036766989,43.342776609008766,43.342776609008766,-2.6645352591003757e-15,5.912320603259168,1.478080150814792,110.8560113111094,0.0,0.0,0.0,0.0,0.0,0.0,0.0,0.0,0.0,0.0,-0.7524244628397341,0.0
2,summer_commercial,夏季商业制冷日,75.0,18.0,0.25,55.1655999862857,12.673607309310976,34.928965392106136,-0.0,0.0,-0.0,5.0392058791270955,32.91442427131524,-3.552713678800501e-15,0.0,29.561603016295837,10.346561055703543,13.302721357333127,0.0,0.0,11.642988464035378,34.928965392106136,0.0,0.0,0.0,16.378890058725474,39.74222842400346,0.6291140480221511,0.0,56.15487793469036,0.0,2.1295071854497154,0.0,0.0,0.0,0.0,19.230769370474007,14.558576741148748,12.756587996795925,6.686428654497108,2.031095991035345,0.0,142.56,21.384,40.0,45.0,0.15212364476126441,0.2567228946796197,1.0,34.202671991497134,6.970484020121037,23.751696466632175,53.03609280083598,37.953630150442336,37.953630150442336,-3.552713678800501e-15,5.912320603259168,1.478080150814792,110.8560113111094,0.0,0.0,0.0,0.0,0.0,0.0,0.0,0.0,0.0,0.0,-0.772955082830876,0.0
2,summer_commercial,夏季商业制冷日,75.0,18.25,0.25,55.216282738494115,12.865727949393609,34.2872863033267,-0.0,0.0,-0.0,3.794170628413518,33.208927393997335,2.220446049250313e-15,0.0,29.561603016295837,10.346561055703543,13.302721357333127,0.0,0.0,11.429095434442234,34.2872863033267,0.0,0.0,0.0,17.156809989265696,35.22529131540708,0.4369934079395179,0.0,56.23058643010866,0.0,2.138909105556249,0.0,0.0,0.0,0.0,19.71111178079266,14.395085702761358,12.638496270716306,6.620174344007675,1.9940699735316383,0.0,142.56,21.384,40.0,45.0,0.11453849647841405,0.25901993300919557,1.0,34.234095297866354,7.076150372166485,23.31535468626216,53.077373632937864,37.00309802241085,37.00309802241085,2.220446049250313e-15,5.912320603259168,1.478080150814792,110.8560113111094,0.0,0.0,0.0,0.0,0.0,0.0,0.0,0.0,0.0,0.0,-0.6416790887794335,0.0
2,summer_commercial,夏季商业制冷日,75.0,18.5,0.25,55.569380553951916,13.021024527077918,33.49392254448041,3.1598909003937763,0.0,3.1598909003937763,2.663302822698263,33.2053129592173,-2.220446049250313e-15,0.0,29.561603016295837,10.346561055703543,13.302721357333127,0.0,0.0,11.164640848160138,33.49392254448041,0.0,0.0,0.0,15.214337293888924,31.219757078765266,0.28169683025520875,0.0,56.26937413407923,0.0,2.144616370210234,0.0,0.0,0.0,0.0,20.113524139478418,14.192961404826635,12.518890110770762,6.554417984311854,1.9578333617716144,0.0,142.56,21.384,40.0,45.0,0.08039983723824451,0.25899174147372434,1.0,34.45301594345019,7.161563489892855,22.775867330246683,53.42476418374168,35.868615781915565,35.868615781915565,-2.220446049250313e-15,7.650260598475745,1.9125651496189362,143.4423862214202,0.0,0.0,0.0,0.0,-1.4210854715202004e-14,0.0,0.0,3.1598909003937763,0.0,0.0,-0.7933637588462901,0.0
2,summer_commercial,夏季商业制冷日,75.0,18.75,0.25,55.525793590897216,13.15677550470421,32.39122654813685,3.1598909003937763,0.0,3.1598909003937763,1.6079195385338494,31.88625919887224,3.1086244689504383e-15,0.0,29.561603016295837,10.346561055703543,13.302721357333127,0.0,0.0,10.797075516045616,32.39122654813685,0.0,0.0,0.0,17.176419448624358,26.698085709694393,0.14594585262891613,0.0,56.27590158701156,0.0,2.1458189648150614,0.0,0.0,0.0,0.0,20.41992381186487,13.953136451817752,12.398888890148088,6.489622453680367,1.922600443223189,0.0,142.56,21.384,40.0,45.0,0.04853990619787713,0.24870350745199368,1.0,34.425992026356276,7.236226527587316,22.02603405273306,53.37997462608215,33.49417873740609,33.49417873740609,3.1086244689504383e-15,7.650260598475745,1.9125651496189362,143.4423862214202,0.0,0.0,0.0,0.0,0.0,0.0,0.0,0.0,0.0,0.0,-1.102695996343563,0.0
2,summer_commercial,夏季商业制冷日,75.0,19.0,0.25,55.592724608090464,13.306991077217631,31.454021104684823,3.1598909003937763,0.0,3.1598909003937763,0.7636495415203015,32.24844357425648,3.4416913763379853e-15,0.0,29.561603016295837,10.346561055703543,13.302721357333127,0.0,0.0,10.484673701561608,31.454021104684823,0.0,0.0,0.0,17.416995458421923,22.113330947929455,0.0,0.004269719884504752,56.246640025722144,0.0,2.1418577793560445,0.0,0.0,0.0,0.0,20.6154462086356,13.677777992550384,12.279589001575207,6.426208383100325,1.8885581275123642,0.0,142.56,21.384,40.0,45.0,0.023053067162332436,0.251528439782267,1.0,34.46748925701609,7.318845092469698,21.388734351185683,53.45086682873442,33.01209311577678,33.01209311577678,3.4416913763379853e-15,7.650260598475745,1.9125651496189362,143.4423862214202,0.0,0.0,0.0,0.0,0.0,0.0,0.0,0.0,0.0,0.0,-0.9372054434520258,0.0
2,summer_commercial,夏季商业制冷日,75.0,19.25,0.25,55.06839191887619,13.415604069940352,30.37107439469256,-0.0,0.0,-0.0,0.23414675707718402,35.14972626539448,-6.661338147750939e-16,0.0,29.561603016295837,10.346561055703543,13.302721357333127,0.0,0.0,10.12369146489752,30.37107439469256,0.0,0.0,0.0,17.329374624376072,17.551863538125197,0.0,0.1128827126072256,56.18881072870739,0.0,2.1322746812224294,0.0,0.0,0.0,0.0,20.68945685519949,13.370183983431371,12.162038210481265,6.364550775640581,1.8558652521421384,0.0,142.56,21.384,40.0,45.0,0.007068426841449392,0.27415759727908934,1.0,34.142402989703236,7.378582238467194,20.652330588390942,52.93611723765376,35.38387302247166,35.38387302247166,-6.661338147750939e-16,5.912320603259168,1.478080150814792,110.8560113111094,0.0,0.0,0.0,0.0,0.0,0.0,0.0,-3.1598909003937763,0.0,0.0,-1.0829467099922638,0.0
2,summer_commercial,夏季商业制冷日,75.0,19.5,0.25,54.550416841908564,13.479772269296195,29.488671828947314,2.477186893130362,0.0,2.477186893130362,0.0,35.61502778203229,0.0,0.0,29.561603016295837,10.346561055703543,13.302721357333127,0.0,0.0,9.829557276315771,29.488671828947314,0.0,0.0,0.0,13.8243487550609,13.912999430458576,0.0,0.1770509119630681,56.1141239780896,0.0,2.116849632297238,0.0,0.0,0.0,0.0,20.636299627902776,13.034628869736677,12.047212713111756,6.304976723146637,1.8246524673583497,0.0,142.56,21.384,40.0,45.0,0.0,0.27778681318957943,1.0,33.82125844198331,7.4138747481129075,20.052296843684175,52.433567209611326,35.61502778203229,35.61502778203229,0.0,7.274773394480867,1.8186933486202168,136.40200114651626,0.0,0.0,0.0,0.0,0.0,0.0,0.0,2.477186893130362,0.0,0.0,-0.8824025657452452,0.0
2,summer_commercial,夏季商业制冷日,75.0,19.75,0.25,53.760625281618196,13.397320108085005,28.44780544891916,2.477186893130362,0.0,2.477186893130362,0.0,37.015330512739645,0.0,0.0,29.561603016295837,10.346561055703543,13.302721357333127,0.0,0.0,9.482601816306387,28.44780544891916,0.0,0.0,0.0,11.30852737797559,10.936375523125058,0.0,0.09459875075187796,56.061172508007964,0.0,2.095621258375442,0.0,0.0,0.0,0.0,20.455709546283863,12.676169216773264,11.935997616519531,6.247764191248742,1.795022656174443,0.0,142.56,21.384,40.0,45.0,0.0,0.2887087654464889,1.0,33.331587674603284,7.368526059446753,19.34450770526503,51.66500402324275,37.015330512739645,37.015330512739645,0.0,7.274773394480867,1.8186933486202168,136.40200114651626,0.0,0.0,0.0,0.0,7.105427357601002e-15,0.0,0.0,0.0,0.0,0.0,-1.040866380028156,0.0
2,summer_commercial,夏季商业制冷日,75.0,20.0,0.25,53.11496147888345,13.54180905981207,27.257124727536993,2.477186893130362,0.0,2.477186893130362,0.0,39.35642248079888,0.0,0.0,29.561603016295837,10.346561055703543,13.302721357333127,0.0,0.0,9.08570824251233,27.257124727536993,0.0,0.0,0.0,7.951610445726782,8.84329963968396,0.0,0.23908770247894395,55.97022410531215,0.0,2.0688888460362205,0.0,0.0,0.0,0.0,20.1528499510045,12.30042172597082,11.8291713594307,6.1931418178771125,1.7670518352263433,0.0,142.56,21.384,40.0,45.0,0.0,0.30696859894067985,1.0,32.93127611690774,7.447994982896639,18.534844814725158,51.04607263284723,39.35642248079888,39.35642248079888,0.0,7.274773394480867,1.8186933486202168,136.40200114651626,0.0,0.0,0.0,0.0,7.105427357601002e-15,0.0,0.0,0.0,0.0,0.0,-1.190680721382165,0.0
2,summer_commercial,夏季商业制冷日,75.0,20.25,0.25,52.062546468431954,13.51560578908219,26.23487097498494,2.477186893130362,0.0,2.477186893130362,0.0,39.30773060874691,0.0,0.0,29.561603016295837,10.346561055703543,13.302721357333127,0.0,0.0,8.744956991661647,26.23487097498494,0.0,0.0,0.0,6.6388293430290055,7.095797121273288,0.0,0.2128844317490639,55.88621677437816,0.0,2.037195559483774,0.0,0.0,0.0,0.0,19.737970326362728,11.913327043087309,11.727394384068832,6.141289648305275,1.7407904742722486,0.0,142.56,21.384,40.0,45.0,0.0,0.3065888165620634,1.0,32.27877881042781,7.433583183995205,17.83971226298976,50.02535090894818,39.30773060874691,39.30773060874691,0.0,7.274773394480867,1.8186933486202168,136.40200114651626,0.0,0.0,0.0,0.0,0.0,0.0,0.0,0.0,0.0,0.0,-1.0222537525520536,0.0
2,summer_commercial,夏季商业制冷日,75.0,20.5,0.25,50.82901701181001,13.460176854362299,25.255447055758715,2.477186893130362,0.0,2.477186893130362,0.0,40.42328904178805,0.0,0.0,29.561603016295837,10.346561055703543,13.302721357333127,0.0,0.0,8.418482351919572,25.255447055758715,0.0,0.0,0.0,3.9991678615146675,6.043029736281789,0.0,0.15745549702917216,55.81683800887804,0.0,2.001294511592951,0.0,0.0,0.0,0.0,19.22571792332078,11.520912784231822,11.631202161374672,6.0923407116461,1.7162651668298874,0.0,142.56,21.384,40.0,45.0,0.0,0.31528984647386926,1.0,31.513990547322205,7.4030972698992645,17.17370399791593,48.82772250021706,40.42328904178805,40.42328904178805,0.0,7.274773394480867,1.8186933486202168,136.40200114651626,0.0,0.0,0.0,0.0,0.0,0.0,0.0,0.0,0.0,0.0,-0.9794239192262246,0.0
2,summer_commercial,夏季商业制冷日,75.0,20.75,0.25,49.45549319240351,13.22240632147879,24.45254418186268,2.477186893130362,0.0,2.477186893130362,0.0,40.89963551494477,0.0,0.0,29.561603016295837,10.346561055703543,13.302721357333127,0.0,0.0,8.150848060620893,24.45254418186268,0.0,0.0,0.0,1.9208568293800887,5.537238945484424,0.08031503585433697,0.0,55.80800441088901,0.0,1.9621009598656425,0.0,0.0,0.0,0.0,18.634169111584043,11.129068326507944,11.541002476848133,6.046383329976434,1.6934805816070466,0.0,142.56,21.384,40.0,45.0,0.0,0.3190052098188631,1.0,30.662405779290175,7.272323476813335,16.627730043666624,47.493392232537865,40.89963551494477,40.89963551494477,0.0,7.274773394480867,1.8186933486202168,136.40200114651626,0.0,0.0,0.0,0.0,0.0,0.0,0.0,0.0,0.0,0.0,-0.8029028738960342,0.0
2,summer_commercial,夏季商业制冷日,75.0,21.0,0.25,48.3733118913656,13.259257136546545,23.480688864802286,1.651249057465332,0.0,1.651249057465332,0.0,42.281762935654264,0.0,0.0,29.561603016295837,10.346561055703543,13.302721357333127,0.0,0.0,7.826896288267428,23.480688864802286,0.0,0.0,0.0,0.0,5.5369620835371505,0.043464220786582075,0.0,55.790423161120394,0.0,1.9206351308098937,0.0,0.0,0.0,0.0,17.983671069494836,10.743342259340881,11.457076710910421,6.003464041952302,1.6724216238937528,0.0,142.56,21.384,40.0,45.0,0.0,0.3297853999669814,1.0,29.991453372646674,7.2925914251006,15.966868428065556,46.45267676055571,42.281762935654264,42.281762935654264,0.0,6.820507584865101,1.7051268962162753,127.88451721622064,0.0,0.0,0.0,0.0,0.0,0.0,0.0,-0.8259378356650302,0.0,0.0,-0.9718553170603954,0.0
2,summer_commercial,夏季商业制冷日,75.0,21.25,0.25,46.9607812340069,13.189798585477929,22.47340536193337,0.0,0.0,0.0,0.0,44.756540232698505,0.0,0.0,26.23592267696256,9.182572936936895,11.806165204633151,0.0,0.0,7.491135120644457,22.47340536193337,0.0,0.0,1.365157682354857,0.0,5.860910184992252,0.0,1.3836333808447776,55.39841390194911,0.0,1.8779608673708146,0.0,0.0,0.0,0.0,17.295598248815807,10.368771149385628,11.379584703508304,5.963591017812332,1.6530557377363582,0.0,142.56,21.384,40.0,45.0,0.0,0.34908793997641707,1.0,29.115684365084277,7.254389222012861,15.281915646114692,45.082820366636085,44.756540232698505,44.756540232698505,0.0,5.247184535392512,1.311796133848128,98.38471003860961,0.0,0.0,0.0,0.0,0.0,0.0,0.0,-1.651249057465332,-1.1639881187666479,0.0,-1.0072835028689155,0.0
2,summer_commercial,夏季商业制冷日,75.0,21.5,0.25,45.8594007487002,13.088807041543781,21.68862710037906,0.0,0.0,0.0,0.0,46.40319239778906,0.0,0.0,22.910242337629278,8.018584818170247,10.309609051933176,0.0,0.0,7.229542366793019,21.68862710037906,0.0,0.0,3.167959484898738,0.0,6.613007517146452,0.0,2.779197989610605,54.63934680299534,0.0,1.8351253844326503,0.0,0.0,0.0,0.0,16.59112984864744,10.009745649848288,11.308572682495774,5.926737841814067,1.6353352832366128,0.0,142.56,21.384,40.0,45.0,0.0,0.3619313458603511,1.0,28.432828464194127,7.19884387284908,14.748266428257761,44.02427536426755,46.40319239778906,46.40319239778906,0.0,4.582048467525856,1.145512116881464,85.9134087661098,0.0,0.0,0.0,0.0,0.0,0.0,0.0,0.0,-1.1639881187666479,0.0,-0.7847782615543117,0.0
2,summer_commercial,夏季商业制冷日,75.0,21.75,0.25,44.545305898747124,12.987132114102279,21.01726803391011,0.0,0.0,0.0,0.0,47.76746967446314,0.0,0.0,19.584561998295996,6.854596699403598,8.813052899233199,0.0,-0.0,7.00575601130337,21.01726803391011,0.0,0.0,4.864109395913364,0.0,7.767902848300019,0.0,4.17407921486908,53.51358523094409,0.0,1.7931049320971137,0.0,0.0,0.0,0.0,15.890144801200037,9.669917210172176,11.243983661466974,5.892847541038627,1.6191999284026473,0.0,142.56,21.384,40.0,45.0,0.0,0.37257231009920094,1.0,27.618089657223216,7.142922662756254,14.291742263058875,42.75220096665001,47.76746967446314,47.76746967446314,0.0,3.9169123996591995,0.9792280999147999,73.44210749361,0.0,0.0,0.0,0.0,0.0,0.0,0.0,0.0,-1.1639881187666488,-0.0,-0.6713590664689484,0.0
2,summer_commercial,夏季商业制冷日,75.0,22.0,0.25,43.3858820548181,13.01126488701425,20.219708333342655,-0.0,0.0,-0.0,0.0,49.69300167784366,0.0,0.0,16.258881658962714,5.690608580636949,7.316496746533222,0.0,-0.0,6.739902777780885,20.219708333342655,0.0,0.0,7.010585631678447,0.0,9.432528540681236,0.0,5.694768140481028,51.98820524346519,0.0,1.7527602057968177,0.0,0.0,0.0,0.0,15.210311521702177,9.35214593197582,11.18566967513114,5.861836745664072,1.6045790012890015,0.0,62.0,9.299999999999999,40.0,45.0,0.0,0.3875908972581718,1.0,26.89924687398722,7.156195687857838,13.749401666673007,41.63312184902128,49.69300167784366,49.69300167784366,0.0,3.251776331792543,0.8129440829481358,60.97080622111019,0.0,0.0,0.0,0.0,0.0,0.0,0.0,-0.0,-1.1639881187666488,0.0,-0.7975597005674544,0.0
2,summer_commercial,夏季商业制冷日,75.0,22.25,0.25,42.67109106518706,12.826988749963471,19.642394466539482,-0.0,0.0,-0.0,0.0,51.646437006487254,0.0,0.0,12.93320131962943,4.5266204618703005,5.819940593833244,0.0,-0.0,6.547464822179827,19.642394466539482,0.0,0.0,8.669305642872686,0.0,11.491017004436465,0.0,7.007048156130227,50.118251099756556,0.0,1.714804061882019,0.0,0.0,0.0,0.0,14.566424019067494,9.05848766272033,11.133405216853182,5.833599874704633,1.5913937553560473,0.0,62.0,9.299999999999999,40.0,45.0,0.0,0.40282712220335076,1.0,26.45607646041598,7.05484381247991,13.356828237246848,40.95628700330504,51.646437006487254,51.646437006487254,0.0,2.5866402639258865,0.6466600659814716,48.49950494861037,0.0,0.0,0.0,0.0,0.0,0.0,0.0,0.0,-1.1639881187666488,0.0,-0.5773138668031734,0.0
2,summer_commercial,夏季商业制冷日,75.0,22.5,0.25,41.49483564353291,12.807773111616655,19.07503283232107,-0.0,0.0,-0.0,0.0,50.83942496746054,0.0,0.0,9.60752098029615,3.362632343103652,4.323384441133268,0.0,-0.0,6.358344277440357,19.07503283232107,0.0,0.0,8.028660070138674,0.0,13.397249220244177,0.0,8.484388670483387,47.86045811355316,0.0,1.6797826805477558,0.0,0.0,0.0,0.0,13.970007574155687,8.790216369867089,11.086901269739792,5.808013252255753,1.5795595087182277,0.0,62.0,9.299999999999999,40.0,45.0,0.0,0.3965326640353313,1.0,25.726798098990404,7.04427521138916,12.971022325978328,39.815052962985156,50.83942496746054,50.83942496746054,0.0,1.9215041960592298,0.48037604901480746,36.02820367611056,0.0,0.0,0.0,0.0,0.0,0.0,0.0,0.0,-1.1639881187666483,0.0,-0.5673616342184111,0.0
2,summer_commercial,夏季商业制冷日,75.0,22.75,0.25,40.749062834562096,12.663105552076336,18.56684666963737,0.0,0.0,0.0,0.0,53.15601428465242,0.0,0.0,6.281840640962866,2.198644224337003,2.8268282884332896,0.0,-0.0,6.188948889879124,18.56684666963737,0.0,0.0,10.064716731488822,0.0,15.786949581511761,0.0,9.836277263643048,45.24803386774821,0.0,1.6480699469406157,0.0,0.0,0.0,0.0,13.429189713014853,8.547876295826716,11.045819374464855,5.784939071873083,1.5689876259172395,0.0,62.0,9.299999999999999,40.0,45.0,0.0,0.41460138401022933,1.0,25.2644189574285,6.964708053641986,12.625455735353414,39.10099288762148,53.15601428465242,53.15601428465242,0.0,1.2563681281925732,0.3140920320481433,23.556902403610746,0.0,0.0,0.0,0.0,0.0,1.7763568394002505e-15,0.0,0.0,-1.1639881187666492,0.0,-0.5081861626836996,0.0
2,summer_commercial,夏季商业制冷日,75.0,23.0,0.25,40.24450424549429,12.758183560000928,18.245016293093904,-0.0,0.0,-0.0,0.0,54.59483679147572,0.0,0.0,2.9561603016295845,1.0346561055703545,1.3302721357333132,0.0,-0.0,6.081672097697968,18.245016293093904,0.0,0.0,10.92319020468035,0.0,18.38041790764427,0.0,11.427911424267615,42.21806473916497,0.0,1.619873650826534,0.0,0.0,0.0,0.0,12.948808732370972,8.331357405875728,11.00978524794961,5.764229140256898,1.5595873187619862,0.0,62.0,9.299999999999999,40.0,45.0,0.0,0.42582377926882653,1.0,24.95159263220646,7.017000958000511,12.406611079303856,38.62463059466776,54.59483679147572,54.59483679147572,0.0,0.5912320603259169,0.14780801508147923,11.085601131110941,0.0,0.0,0.0,0.0,0.0,0.0,0.0,-0.0,-1.1639881187666485,0.0,-0.3218303765434669,0.0
2,summer_commercial,夏季商业制冷日,75.0,23.25,0.25,39.407492563021385,12.542501013254464,17.86376078659694,-0.0,0.0,-0.0,0.0,56.11196137556076,0.0,0.0,0.0,0.0,0.0,0.09825844781845061,0.31442703301904196,5.954586928865647,17.86376078659694,0.0,0.0,12.24687468006009,0.0,21.28813162326316,0.0,12.228073980235422,38.979041501470284,0.0,1.595251244204809,0.0,0.0,0.0,0.0,12.530714753909406,8.139987205333004,10.978401550785753,5.745728345355169,1.5512672503706577,0.0,62.0,9.299999999999999,40.0,45.0,0.0,0.4376569078572356,1.0,24.432645389073258,6.898375557289956,12.147357334885921,37.812241318816575,56.11196137556076,56.11196137556076,0.0,0.0,0.0,0.0,0.0,0.0,0.0,0.0,0.0,0.0,0.0,0.0,-1.0346561055703545,0.31442703301904196,-0.38125550649696294,0.0
2,summer_commercial,夏季商业制冷日,75.0,23.5,0.25,38.786301546958256,12.46944052425853,17.564879916204664,-0.0,0.0,-0.0,0.0,56.761690683011274,0.0,0.0,0.0,0.0,0.0,0.09825844781845061,0.31442703301904196,5.8549599720682215,17.564879916204664,0.0,0.0,13.596303114671622,0.0,24.516189206416502,0.0,12.155013491239488,35.76086421986705,0.0,1.5741323985052746,0.0,0.0,0.0,0.0,12.174208270260884,7.972632073124122,10.951259491787086,5.729277807833476,1.5439369336234074,0.0,62.0,9.299999999999999,40.0,45.0,0.0,0.44272460666283936,1.0,24.04750695911412,6.858192288342193,11.944118343019172,37.21216914845298,56.761690683011274,56.761690683011274,0.0,0.0,0.0,0.0,0.0,0.0,0.0,0.0,0.0,0.0,0.0,0.0,0.0,0.0,-0.29888087039227784,0.0
2,summer_commercial,夏季商业制冷日,75.0,23.75,0.25,38.35750319100279,12.383165867906888,17.372848355082255,-0.0,0.0,-0.0,0.0,57.57661645789471,0.0,0.0,0.0,0.0,0.0,1.637784985144716,5.240911952463091,5.790949451694085,17.372848355082255,0.0,0.0,13.34672429780871,0.0,27.68481041768575,0.0,7.1422539154437965,33.863443283692966,0.0,1.5563454677555901,0.0,0.0,0.0,0.0,11.876558385707586,7.827801757402305,10.92794904964467,5.71471768814865,1.5375079216242937,0.0,62.0,9.299999999999999,40.0,45.0,0.0,0.44908078965885895,1.0,23.78165197842173,6.810741227348789,11.813536881455933,36.8011577232472,57.57661645789471,57.57661645789471,0.0,0.0,0.0,0.0,0.0,0.0,0.0,0.0,-7.105427357601002e-15,0.0,0.0,0.0,0.0,4.926484919444049,-0.19203156112240904,0.0
3,autumn_processing,秋季农产品加工日,60.0,0.0,0.25,40.25132509561056,25.739171306944982,7.376727240491255,0.0,0.0,0.0,0.0,56.7687977386363,0.0,0.0,0.0839398169101049,0.02937893591853671,0.0377729176095472,9.757529583297234,31.22409466655115,2.458909080163752,7.376727240491255,0.0,0.0,0.0,0.09723284503386043,27.65783858636648,5.522696277215714,0.0,35.158151927889854,4.427645760517161,0.0,0.0,0.0,0.0,0.0,10.000230459329856,5.508627751869952,11.625870429315905,5.1785218607002745,8.00707135563148,0.0,52.0,7.8,42.5,45.0,0.0,0.44278003962067164,1.0,28.175927566927392,18.532203341000386,4.5735708891045785,44.67897085612772,56.7687977386363,56.7687977386363,0.0,0.01678796338202098,0.004196990845505245,0.2518194507303147,0.0,0.0,0.0,0.0,-7.105427357601002e-15,0.0,0.0,0.0,-1.1639881187666485,0.0,-0.5199689854176333,0.0
3,autumn_processing,秋季农产品加工日,60.0,0.25,0.25,40.286179239393846,25.82779585896685,7.204733015291426,0.0,0.0,0.0,0.0,59.97312695667307,0.0,0.0,0.0,0.0,0.0,10.876213848043783,34.803884313740106,2.4015776717638087,7.204733015291426,0.0,0.0,1.9776764811383103,0.0,28.126153858707493,8.976088454773254,0.0,37.27239385993454,4.431479716333323,0.0,0.0,0.0,0.0,0.0,10.002573497766807,5.511389523958711,11.640018860480977,5.17937447421421,8.009844404749426,0.0,52.0,7.8,42.5,45.0,0.0,0.46777287150434504,1.0,28.20032546757569,18.596013018456134,4.466934469480684,44.71765895572717,59.97312695667307,59.97312695667307,0.0,0.0,0.0,0.0,0.0,0.0,0.0,0.0,0.0,0.0,0.0,0.0,-0.02937893591853671,3.5797896471889565,-0.1719942251998292,0.0
3,autumn_processing,秋季农产品加工日,60.0,0.5,0.25,40.15470166797393,26.138112780262137,7.110948828281458,0.0,0.0,0.0,0.0,61.91195457832063,0.0,0.0,0.0,0.0,0.0,10.876213848043783,34.803884313740106,2.3703162760938192,7.110948828281458,0.0,0.0,4.093705602731966,0.0,29.0970026316634,8.665771533477969,0.0,39.31187840220559,4.417017183477133,0.0,0.0,0.0,0.0,0.0,10.009349150666443,5.514943859784401,11.656345069569939,5.1804123152455706,8.013596124629373,0.0,52.0,7.8,42.5,45.0,0.0,0.48289516060201415,1.0,28.10829116758175,18.819441201788738,4.408788273534504,44.57171885145107,61.91195457832063,61.91195457832063,0.0,0.0,0.0,0.0,0.0,0.0,0.0,0.0,0.0,0.0,0.0,0.0,0.0,0.0,-0.09378418700996782,0.0
3,autumn_processing,秋季农产品加工日,60.0,0.75,0.25,40.22019066795745,26.248700448591936,7.00107201112822,0.0,0.0,0.0,0.0,64.2731565599142,0.0,0.0,0.0,0.0,0.0,10.876213848043783,34.803884313740106,2.333690670376073,7.00107201112822,0.0,0.0,6.418840400061569,0.0,30.62002237654644,8.55518386514817,0.0,41.32407863097718,4.42422097347532,0.0,0.0,0.0,0.0,0.0,10.020641493680687,5.519488090340794,11.675090595162596,5.181670276630986,8.018628585602091,0.0,52.0,7.8,42.5,45.0,0.0,0.5013118463274343,1.0,28.154133467570215,18.899064322986195,4.340664646899496,44.644411641432775,64.2731565599142,64.2731565599142,0.0,0.0,0.0,0.0,0.0,0.0,0.0,0.0,0.0,0.0,0.0,0.0,0.0,0.0,-0.10987681715323827,0.0
3,autumn_processing,秋季农产品加工日,60.0,1.0,0.25,40.03926823105838,26.42301102720145,7.079814400484969,0.0,0.0,0.0,0.0,65.19954335851206,0.0,0.0,0.0,0.0,0.0,10.876213848043783,34.803884313740106,2.3599381334949894,7.079814400484969,0.0,0.0,7.5198036404984805,0.0,32.404444740046,8.380873286538655,0.0,43.293873997214625,4.404319505416422,0.0,0.0,0.0,0.0,0.0,10.036583118789409,5.525259519071628,11.696506231371472,5.18318857146193,8.025321177756105,0.0,52.0,7.8,42.5,45.0,0.0,0.5085373927495327,1.0,28.027487761740865,19.024567939585044,4.38948492830068,44.443587736474804,65.19954335851206,65.19954335851206,0.0,0.0,0.0,0.0,0.0,0.0,0.0,0.0,0.0,0.0,0.0,0.0,0.0,0.0,0.07874238935674871,0.0
3,autumn_processing,秋季农产品加工日,60.0,1.25,0.25,40.167200905626935,26.69087009384371,7.12150396499166,0.0,0.0,0.0,0.0,66.28006496883073,0.0,0.0,0.0,0.0,0.0,10.876213848043783,34.803884313740106,2.37383465499722,7.12150396499166,0.0,0.0,8.444423460543831,0.0,34.408375089688164,8.113014219896396,0.0,45.19906793744141,4.418392099618963,0.0,0.0,0.0,0.0,0.0,10.05738739604516,5.532540945684865,11.720849024039383,5.1850132711982955,8.03414502534278,0.0,52.0,7.8,42.5,45.0,0.0,0.516965145678714,1.0,28.117040633938853,19.21742646756747,4.415332458294829,44.5855930052459,66.28006496883073,66.28006496883073,0.0,0.0,0.0,0.0,0.0,0.0,0.0,0.0,0.0,0.0,0.0,0.0,0.0,0.0,0.041689564506691035,0.0
3,autumn_processing,秋季农产品加工日,60.0,1.5,0.25,40.212386441395445,26.88239179584925,7.069825991963142,0.0,0.0,0.0,0.0,65.93464428340471,0.0,0.0,0.0,0.0,0.0,10.876213848043783,34.803884313740106,2.3566086639877137,7.069825991963142,0.0,0.0,8.066072821424271,0.0,36.32234696602194,7.921492517890854,0.0,47.057822876471775,4.423362508553499,0.0,0.0,0.0,0.0,0.0,10.083391339407553,5.541666264799497,11.748378621679441,5.187196840685258,8.045678388943415,0.0,52.0,7.8,42.5,45.0,0.0,0.5142709652332711,1.0,28.14867050897681,19.35532209301146,4.383292115017148,44.63574894994895,65.93464428340471,65.93464428340471,0.0,0.0,0.0,0.0,0.0,0.0,0.0,0.0,-7.105427357601002e-15,0.0,0.0,0.0,0.0,0.0,-0.051677973028517954,0.0
3,autumn_processing,秋季农产品加工日,60.0,1.75,0.25,40.14254346709747,27.227651066596387,7.280883717017881,0.0,0.0,0.0,0.0,65.76370961366239,0.0,0.0,0.0,0.0,0.0,10.876213848043783,34.803884313740106,2.4269612390059603,7.280883717017881,0.0,0.0,7.902311278134448,0.0,38.19732977723057,7.576233247143719,0.0,48.83364936123017,4.415679781380722,0.0,0.0,0.0,0.0,0.0,10.115109715811682,5.553025929154917,11.77935297923482,5.189798655513758,8.060622557272982,0.0,52.0,7.8,42.5,45.0,0.0,0.5129377247410289,1.0,28.099780426968227,19.6039087679494,4.514147904551086,44.55822324847819,65.76370961366239,65.76370961366239,0.0,0.0,0.0,0.0,0.0,0.0,0.0,0.0,0.0,0.0,0.0,0.0,0.0,0.0,0.2110577250547392,0.0
3,autumn_processing,秋季农产品加工日,60.0,2.0,0.25,40.26073255550269,27.344178287265287,7.416257874785805,0.0,0.0,0.0,0.0,67.97960109258733,0.0,0.0,0.0,0.0,0.0,10.876213848043783,34.803884313740106,2.472085958261935,7.416257874785805,0.0,0.0,9.94188814967363,0.0,40.5566183462892,7.459706026474819,0.0,50.58091271783733,4.428680581105296,0.0,0.0,0.0,0.0,0.0,10.153299311641868,5.5670720125138695,11.814023434895214,5.1928854844265695,8.079817524807646,0.0,52.0,7.8,42.5,45.0,0.0,0.5302210309923032,1.0,28.18251278885188,19.687808366831007,4.598079882367199,44.68941313660799,67.97960109258733,67.97960109258733,0.0,0.0,0.0,0.0,0.0,0.0,0.0,0.0,-7.105427357601002e-15,0.0,0.0,0.0,0.0,0.0,0.13537415776792372,0.0
3,autumn_processing,秋季农产品加工日,60.0,2.25,0.25,40.516851518153466,27.76776867744947,7.4061378530442825,0.0,0.0,0.0,0.0,66.68137616093682,0.0,0.0,0.0,0.0,0.0,10.876213848043783,34.803884313740106,2.4687126176814274,7.4061378530442825,0.0,0.0,8.36274451006126,0.0,42.540742336511435,7.036115636290635,0.0,52.22669972509744,4.4568536669968815,0.0,0.0,0.0,0.0,0.0,10.199029566159561,5.5843225517373,11.852629205484138,5.196531916720409,8.104256526605523,0.0,52.0,7.8,42.5,45.0,0.0,0.5200952557500783,1.0,28.361796062707423,19.992793447763617,4.591805468887455,44.97370518515035,66.68137616093682,66.68137616093682,0.0,0.0,0.0,0.0,0.0,0.0,0.0,0.0,0.0,0.0,0.0,0.0,0.0,0.0,-0.010120021741522045,0.0
3,autumn_processing,秋季农产品加工日,60.0,2.5,0.25,40.704863829952316,28.287081694513958,7.504529201906868,0.0,0.0,0.0,0.0,66.79860248909594,0.0,0.0,0.0,0.0,0.0,10.876213848043783,34.803884313740106,2.501509733968956,7.504529201906868,0.0,0.0,8.238480055836124,0.0,44.49525431265569,6.516802619226148,0.0,53.7483269973011,4.477535021294755,0.0,0.0,0.0,0.0,0.0,10.253752091964921,5.605364793957556,11.89539137376926,5.200820711933314,8.135098269852099,0.0,52.0,7.8,42.5,45.0,0.0,0.5210095868667219,1.0,28.49340468096662,20.36669882005005,4.652808105182258,45.18239885124707,66.79860248909594,66.79860248909594,0.0,0.0,0.0,0.0,0.0,0.0,0.0,0.0,7.105427357601002e-15,0.0,0.0,0.0,0.0,0.0,0.09839134886258538,0.0
3,autumn_processing,秋季农产品加工日,60.0,2.75,0.25,41.09399573921054,28.4450880457768,7.416108746507095,0.0,0.0,0.0,0.0,65.3532245844908,0.0,0.0,0.0,0.0,0.0,10.876213848043783,34.803884313740106,2.4720362488356984,7.416108746507095,0.0,0.0,6.390639217087614,0.0,46.01080636399836,6.3587962679633065,0.0,55.231666947443735,4.52033953131316,0.0,0.0,0.0,0.0,0.0,10.319357187532734,5.630856927221694,11.942506470666501,5.205843046657778,8.173675479634962,0.0,52.0,7.8,42.5,45.0,0.0,0.5097360614203245,1.0,28.765797017447376,20.480463392959294,4.597987422834398,45.6143352705237,65.3532245844908,65.3532245844908,0.0,0.0,0.0,0.0,0.0,0.0,0.0,0.0,7.105427357601002e-15,0.0,0.0,0.0,0.0,0.0,-0.08842045539977317,0.0
3,autumn_processing,秋季农产品加工日,60.0,3.0,0.25,41.290383384030164,28.979428624131092,7.388968779751464,0.0,0.0,0.0,0.0,65.47998717611537,0.0,0.0,0.0,0.0,0.0,10.876213848043783,34.803884313740106,2.4629895932504877,7.388968779751464,0.0,0.0,6.3084581785476175,0.0,47.50676464108522,5.824455689609014,0.0,56.587359340252156,4.541942172243318,0.0,0.0,0.0,0.0,0.0,10.398200924913274,5.661527835970989,11.994139785701867,5.211698631222615,8.22149818566607,0.0,52.0,7.8,42.5,45.0,0.0,0.5107247726063594,1.0,28.903268368821113,20.865188609374385,4.581160643445908,45.83232555627348,65.47998717611537,65.47998717611537,0.0,0.0,0.0,0.0,0.0,0.0,0.0,0.0,0.0,0.0,0.0,0.0,0.0,0.0,-0.02713996675563113,0.0
3,autumn_processing,秋季农产品加工日,60.0,3.25,0.25,41.6146826601934,29.44830302452554,7.2669716861916,0.0,0.0,0.0,0.0,62.71654419227715,0.0,0.0,0.0,0.0,0.0,10.876213848043783,34.803884313740106,2.4223238953972,7.2669716861916,0.0,0.0,3.225708696021492,0.0,48.270495118158266,5.355581289214566,0.0,57.83101621677049,4.577615092621274,0.0,0.0,0.0,0.0,0.0,10.493082784548367,5.698174401310606,12.050418569044123,5.218495667393227,8.28025004248385,0.0,52.0,7.8,42.5,45.0,0.0,0.489170724562101,1.0,29.13027786213538,21.202778177658388,4.5055224454387925,46.192297752814675,62.71654419227715,62.71654419227715,0.0,0.0,0.0,0.0,0.0,0.0,0.0,0.0,0.0,0.0,0.0,0.0,0.0,0.0,-0.12199709355986332,0.0
3,autumn_processing,秋季农产品加工日,60.0,3.5,0.25,42.37552056986903,29.818001242454663,7.0802665896187715,0.0,0.0,0.0,0.0,64.9433602350345,0.0,0.0,0.0,0.0,0.0,10.876213848043783,34.803884313740106,2.3600888632062573,7.0802665896187715,0.0,0.0,4.670229691229835,0.0,49.37726114506944,4.985883071285443,0.0,58.986247938092404,4.661307262685593,0.0,0.0,0.0,0.0,0.0,10.607152462632039,5.7416558654963765,12.111425316519579,5.226350617313072,8.35177592606901,0.0,52.0,7.8,42.5,45.0,0.0,0.5065392392200924,1.0,29.66286439890832,21.468960894567356,4.389765285563638,47.03682783255462,64.9433602350345,64.9433602350345,0.0,0.0,0.0,0.0,0.0,0.0,0.0,0.0,7.105427357601002e-15,0.0,0.0,0.0,0.0,0.0,-0.18670509657282874,0.0
3,autumn_processing,秋季农产品加工日,60.0,3.75,0.25,42.89005095406277,30.47826221400652,7.087099751107872,0.0,0.0,0.0,0.0,61.67578878549362,0.0,0.0,0.0,0.0,0.0,10.876213848043783,34.803884313740106,2.362366583702624,7.087099751107872,0.0,0.0,0.8292517947375404,0.0,49.57173958326236,4.325622099733586,0.0,59.98409006281011,4.717905604946905,0.0,0.0,0.0,0.0,0.0,10.743726880835009,5.79288480563595,12.177191353710693,5.235387753815113,8.438059113425217,0.0,52.0,7.8,42.5,45.0,0.0,0.4810531364043831,1.0,30.02303566784394,21.944348794084693,4.394001845686881,47.60795655900968,61.67578878549362,61.67578878549362,0.0,0.0,0.0,0.0,0.0,0.0,0.0,0.0,0.0,0.0,0.0,0.0,0.0,0.0,0.006833161489100625,0.0
3,autumn_processing,秋季农产品加工日,60.0,4.0,0.25,43.294417626426245,31.194204322100596,7.219476916957848,0.0,0.0,0.0,0.0,62.44855290029758,0.0,0.0,0.0,0.0,0.0,10.876213848043783,34.803884313740106,2.4064923056526157,7.219476916957848,0.0,0.0,1.1090431812680448,0.0,49.83265875183435,3.60967999163951,0.0,60.811397015793105,4.762385938906887,0.0,0.0,0.0,0.0,0.0,10.906005849727691,5.852814317999734,12.247690954873722,5.245738463133685,8.541186555136457,0.0,52.0,7.8,42.5,45.0,0.0,0.48708047076763056,1.0,30.30609233849837,22.45982711191243,4.476075688513865,48.056803565333134,62.44855290029758,62.44855290029758,0.0,0.0,0.0,0.0,0.0,0.0,0.0,0.0,7.105427357601002e-15,0.0,0.0,0.0,0.0,0.0,0.1323771658499755,0.0
3,autumn_processing,秋季农产品加工日,60.0,4.25,0.25,43.6206545023238,31.935840709349335,7.171264641661804,-0.0,0.0,-0.0,0.0,59.82850070688938,0.0,0.0,0.0,0.0,0.0,10.207853633990249,32.6651316287688,2.3904215472206016,7.171264641661804,0.0,0.0,0.0,0.0,49.83016711889676,0.7292909194194621,0.0,60.95419791064734,3.6095710233547185,0.0,0.0,0.0,0.0,0.0,11.096687861144517,5.922421105353917,12.322836245310848,5.257540273096758,8.663301115661433,0.0,52.0,7.8,42.5,45.0,0.0,0.4666448290028244,1.0,30.53445815162666,22.99380531073152,4.446184077830319,47.23022552567852,59.82850070688938,59.82850070688938,0.0,0.0,0.0,0.0,0.0,0.0,0.0,0.0,7.105427357601002e-15,0.0,0.0,-0.0,0.0,-2.1387526849713083,-0.04821227529604322,0.0
3,autumn_processing,秋季农产品加工日,60.0,4.5,0.25,44.301383954825916,32.6651316287688,7.3227598215163425,-0.0,0.0,-0.0,0.0,58.69655214985,0.0,0.0,0.0,0.0,0.0,10.207853633990249,32.6651316287688,2.4409199405054474,7.3227598215163425,0.0,0.0,0.0,0.0,49.827675610540815,-0.0,0.0,60.923720811692014,1.7463946205283918,0.0,0.0,0.0,0.0,0.0,11.317505545336891,6.0026842877241195,12.402473140380435,5.270935583206797,8.806540194919112,0.0,52.0,7.8,42.5,45.0,0.0,0.45781596091155347,1.0,31.010968768378138,23.518894772713534,4.540111089340132,46.04777857535431,58.69655214985,58.69655214985,0.0,0.0,0.0,0.0,0.0,0.0,0.0,0.0,0.0,0.0,0.0,0.0,0.0,0.0,0.1514951798545381,0.0
3,autumn_processing,秋季农产品加工日,60.0,4.75,0.25,45.03182268060108,33.27399026637964,7.251455606895371,3.1017665396565093,0.0,3.1017665396565093,0.0,56.59501133588687,0.0,0.0,0.0,0.0,0.0,10.385321334101887,33.23302826912604,2.417151868965124,7.251455606895371,0.0,0.0,0.0,0.0,49.825184226760285,0.0,0.0409619972536035,60.8824794783247,1.8624819918752937,0.0,0.0,0.0,0.0,0.0,11.568721378689224,6.094559922417775,12.486378569055232,5.286070077726755,8.972960858114199,0.0,52.0,7.8,42.5,45.0,0.0,0.4414245564439942,1.0,31.522275876420753,23.957272991793342,4.4959024762751305,46.89430467247637,56.59501133588687,56.59501133588687,0.0,1.7059715968110802,0.42649289920277006,25.589573952166205,0.0,0.0,0.0,0.0,0.0,0.0,0.0,3.1017665396565093,0.0,0.5678966403572403,-0.07130421462097125,0.0
3,autumn_processing,秋季农产品加工日,60.0,5.0,0.25,45.73082683047458,34.03904428061916,7.394615637970809,3.1017665396565093,0.0,3.1017665396565093,0.0,55.28376288939055,0.0,0.0,0.5585446138657245,0.19549061485300356,0.251345076239576,10.385321334101887,33.23302826912604,2.464871879323603,7.394615637970809,0.0,0.0,0.0,0.0,49.822692967548946,0.0,0.5546709352535473,60.706072202992495,0.0,0.0,0.0,0.0,0.0,0.0,11.848644711242066,6.198951420061325,12.574259213621621,5.3030908090363456,9.164452473978255,0.0,52.0,7.8,42.5,45.0,0.0,0.4311972015902725,1.0,32.011578781332204,24.508111882045792,4.584661695541901,45.73082683047458,55.28376288939055,55.28376288939055,0.0,1.8176805195842252,0.4544201298960563,27.265207793763377,0.0,0.0,0.0,0.0,0.0,0.0,0.0,0.0,0.19549061485300356,0.0,0.1431600310754373,0.0
3,autumn_processing,秋季农产品加工日,60.0,5.25,0.25,46.33970310913793,34.51639330500807,7.594325764203005,3.1017665396565093,0.0,3.1017665396565093,0.0,53.72063688449142,0.0,0.0,2.851922301960078,0.9981728056860272,1.283365035882035,10.385321334101887,33.23302826912604,2.5314419214010018,7.594325764203005,0.0,0.0,0.0,1.4358901348068644,49.44233600795139,-0.0,0.0,60.675719166891,0.0,0.0,0.0,0.0,0.0,0.0,12.153246440496071,6.316676275220832,12.665751968884981,5.322143946123236,9.382638862291229,0.0,52.0,7.8,42.5,45.0,0.0,0.41900527535699444,1.0,32.43779217639655,24.851803179605813,4.708481973805863,46.33970310913793,53.72063688449142,53.72063688449142,0.0,2.276356057203096,0.569089014300774,34.14534085804644,0.0,0.0,0.0,0.0,-7.105427357601002e-15,0.0,0.0,0.0,0.8026821908330236,0.0,0.19971012623219675,0.0
3,autumn_processing,秋季农产品加工日,60.0,5.5,0.25,46.98929966924219,35.013368224323614,7.743209399521452,3.1017665396565093,0.0,3.1017665396565093,0.0,55.4692154094855,0.0,0.0,3.9563110115501683,1.3847088540425587,1.7803399551975758,10.385321334101887,33.23302826912604,2.581069799840484,7.743209399521452,0.0,0.0,0.0,0.0,49.43986389115099,0.0,0.0,60.64538130730756,0.0,0.0,0.0,0.0,0.0,0.0,12.47595278954371,6.448429785326559,12.760426283691972,5.343372192075292,9.628773028753082,0.0,52.0,7.8,42.5,45.0,0.0,0.43264367707445406,1.0,32.89250976846953,25.209625121513,4.8007898277033,46.98929966924219,55.4692154094855,55.4692154094855,0.0,2.4972337991211138,0.6243084497802784,37.45850698681671,0.0,0.0,0.0,0.0,0.0,0.0,0.0,0.0,0.38653604835653155,0.0,0.1488836353184464,0.0
3,autumn_processing,秋季农产品加工日,60.0,5.75,0.25,48.04998557022712,35.60633392348908,7.843901840631677,-0.0,0.0,-0.0,0.0,56.55506799193377,0.0,0.0,4.764103279901335,1.6674361479654674,2.143846475955601,10.385321334101887,33.23302826912604,2.6146339468772255,7.843901840631677,0.0,0.0,0.0,2.827436711307,48.69332960550722,0.0,0.2294591784074429,60.554674622336165,0.0,0.0,0.0,0.0,0.0,0.0,12.807690723526726,6.59474669961735,12.857788494831153,5.366911884728261,9.903628650216993,0.0,52.0,7.8,42.5,45.0,0.0,0.44111301002901526,1.0,33.63498989915898,25.636560424912137,4.86321914119164,48.04998557022712,56.55506799193377,56.55506799193377,0.0,0.9528206559802671,0.23820516399506678,14.292309839704007,0.0,0.0,0.0,0.0,0.0,0.0,0.0,-3.1017665396565093,0.28272729392290863,0.0,0.10069244111022524,0.0
3,autumn_processing,秋季农产品加工日,60.0,6.0,0.25,49.10555412417282,35.974619242186954,7.987009589530832,-0.0,0.0,-0.0,0.0,57.31628473624307,0.0,0.0,4.764103279901335,1.6674361479654674,2.143846475955601,10.385321334101887,33.23302826912604,2.6623365298436106,7.987009589530832,0.0,0.0,0.0,3.169491103909776,47.8568183327349,0.0,0.5977444971053147,60.36709610157624,0.0,0.0,0.0,0.0,0.0,0.0,13.137232885936893,6.755962007398548,12.957288199185621,5.392889806010945,10.207393482115103,0.0,52.0,7.8,42.5,45.0,0.0,0.4470502782755083,1.0,34.37388788692097,25.901725854374607,4.951945945509116,49.10555412417282,57.31628473624307,57.31628473624307,0.0,0.9528206559802671,0.23820516399506678,14.292309839704007,0.0,0.0,0.0,0.0,-7.105427357601002e-15,0.0,0.0,0.0,0.0,0.0,0.14310774889915479,0.0
3,autumn_processing,秋季农产品加工日,60.0,6.25,0.25,49.865704639347776,36.43789078977127,8.055764251951304,-0.0,0.0,-0.0,0.0,59.85671364657279,0.0,0.0,4.764103279901335,1.6674361479654674,2.143846475955601,10.385321334101887,33.23302826912604,2.6852547506504347,8.055764251951304,0.0,0.0,0.0,1.4121309295618356,47.482812089301994,0.0,1.0610160446896302,60.05769780492292,0.0,0.0,0.0,0.0,0.0,0.0,13.45185113683954,6.932172326468697,13.058326635822345,5.421419737755537,10.539570698547848,0.0,52.0,7.8,42.5,45.0,0.0,0.46686488169106966,1.0,34.90599324754344,26.23528136863531,4.994573836209809,49.865704639347776,59.85671364657279,59.85671364657279,0.0,0.9528206559802671,0.23820516399506678,14.292309839704007,0.0,0.0,0.0,0.0,-7.105427357601002e-15,0.0,0.0,0.0,0.0,0.0,0.06875466242047246,0.0
3,autumn_processing,秋季农产品加工日,60.0,6.5,0.25,50.7806169395265,36.781448984083376,8.339856561284941,-0.0,0.0,-0.0,0.7776264272358446,59.8620148475256,-2.9976021664879227e-15,0.0,4.764103279901335,1.6674361479654674,2.143846475955601,10.385321334101887,33.23302826912604,2.7799521870949806,8.339856561284941,0.0,0.0,0.0,1.6388130379964547,47.04917135975109,0.0,1.4045742390017395,59.658044156283154,0.0,0.0,0.0,0.0,0.0,0.0,13.738239998577866,7.123199570844414,13.160266967660982,5.452598814468941,10.898894746609848,0.0,52.0,7.8,42.5,45.0,0.02347500165924714,0.4669062295099671,1.0,35.54643185766855,26.48264326854003,5.170711067996663,50.7806169395265,60.639641274761445,60.639641274761445,-2.9976021664879227e-15,0.9528206559802671,0.23820516399506678,14.292309839704007,0.0,0.0,0.0,0.0,0.0,0.0,0.0,0.0,0.0,0.0,0.28409230933363716,0.0
3,autumn_processing,秋季农产品加工日,60.0,6.75,0.25,51.53480924251538,36.841856993949975,8.454760765092413,-0.0,0.0,-0.0,1.9799822808165644,60.59982892106811,1.3322676295501878e-15,0.0,3.3256803393332817,1.1639881187666485,1.4965561526999769,10.385321334101887,33.23302826912604,2.8182535883641378,8.454760765092413,0.0,0.0,0.0,0.9945848443300804,46.78508604741203,-0.0,2.1122725721239632,59.0723539310145,-0.0,0.0,0.0,0.0,0.0,0.0,13.983622741974894,7.32855874385238,13.262446265319886,5.486503736387345,11.283268507968318,0.0,52.0,7.8,42.5,45.0,0.05977174347413497,0.47266096376063627,1.0,36.07436646976076,26.52613703564398,5.241951674357296,51.53480924251538,62.579811201884674,62.579811201884674,1.3322676295501878e-15,0.6651360678666564,0.1662840169666641,9.977041017999845,0.0,-0.0,0.0,0.0,-7.105427357601002e-15,0.0,0.0,0.0,-0.5034480291988188,0.0,0.11490420380747146,0.0
3,autumn_processing,秋季农产品加工日,60.0,7.0,0.25,52.48587254139533,36.8157978309267,8.565670224709441,-0.0,0.0,-0.0,2.9151478221935747,63.81906573476712,-6.661338147750939e-15,0.0,-0.0,0.0,0.0,11.29892153106594,36.15654889941101,2.8552234082364802,8.565670224709441,0.0,0.0,0.0,0.0,46.78274679310966,0.0,0.6592489315156911,58.869331193123806,0.0941960762629428,0.0,0.0,0.0,0.0,0.0,14.176913169248692,7.547431800518047,13.364188907195219,5.523186918596117,11.689728335149224,0.0,88.0,13.2,42.5,45.0,0.08800253896488272,0.4977700705358155,1.0,36.74011077897673,26.50737443826722,5.310715539319854,52.58006861765827,66.7342135569607,66.7342135569607,-6.661338147750939e-15,0.0,0.0,0.0,0.0,0.0,0.0,0.0,0.0,0.0,0.0,0.0,-1.1639881187666485,2.923520630284969,0.11090945961702836,0.0
3,autumn_processing,秋季农产品加工日,60.0,7.25,0.25,53.36438495163477,36.7734085654248,8.655167742898694,0.0,0.0,0.0,4.468849904021184,64.07536158049368,-8.881784197001252e-16,0.0,-0.0,0.0,0.0,11.29892153106594,36.15654889941101,2.885055914299565,8.655167742898694,0.0,0.0,0.0,0.0,46.780407655770006,0.0,0.616859666013795,58.67756503647098,0.995849087514582,0.0,0.0,0.0,0.0,0.0,14.309784422849622,7.77864953573197,13.464821023858946,5.5626726635783195,12.114442814527765,0.0,88.0,13.2,42.5,45.0,0.134905727528737,0.4997691032658707,1.0,37.355069466144336,26.476854167105856,5.3662040005971905,54.36023403914935,68.54421148451486,68.54421148451486,-8.881784197001252e-16,0.0,0.0,0.0,0.0,0.0,0.0,0.0,7.105427357601002e-15,0.0,0.0,0.0,0.0,0.0,0.089497518189253,0.0
3,autumn_processing,秋季农产品加工日,60.0,7.5,0.25,54.184680999460376,36.72403018099382,8.763111612857832,0.0,0.0,0.0,5.992455307843386,64.85068632013353,-8.881784197001252e-16,0.0,0.0,0.0,0.0,11.29892153106594,36.15654889941101,2.9210372042859443,8.763111612857832,0.0,0.0,0.0,0.0,46.778068635387214,0.0,0.5674812815828147,58.49888907458885,2.4385018931646663,0.0,0.0,0.0,0.0,0.0,14.377498513103541,8.020683368460157,13.563685535955084,5.604953454714412,12.55274988299242,0.0,88.0,13.2,42.5,45.0,0.1809003569935567,0.5058164097548538,1.0,37.929276699622264,26.44130173031555,5.433129199971856,56.62318289262504,70.84314162797692,70.84314162797692,-8.881784197001252e-16,0.0,0.0,0.0,0.0,0.0,0.0,0.0,-7.105427357601002e-15,0.0,0.0,0.0,0.0,0.0,0.10794386995913818,0.0
3,autumn_processing,秋季农产品加工日,60.0,7.75,0.25,55.02788294460726,36.553289414686134,9.05483155692934,0.0,0.0,0.0,7.645920681106716,67.51404854172694,-6.217248937900877e-15,0.0,0.0,0.0,0.0,11.29892153106594,36.15654889941101,3.018277185643113,9.05483155692934,0.0,0.0,0.0,0.0,46.775729731955444,0.0,0.3967405152751269,58.365234231294956,5.8148875615173345,0.0,0.0,0.0,0.0,0.0,14.37937816844001,8.271648697825473,13.660157267660423,5.649986476440852,12.999235210996195,0.0,88.0,13.2,42.5,45.0,0.23081520173312756,0.5265898570882067,1.0,38.519518061225085,26.318368378574014,5.61399556529619,60.842770506124594,75.15996922283365,75.15996922283365,-6.217248937900877e-15,0.0,0.0,0.0,0.0,0.0,0.0,0.0,0.0,0.0,0.0,0.0,0.0,0.0,0.2917199440715077,0.0
3,autumn_processing,秋季农产品加工日,60.0,8.0,0.25,55.91970904048285,36.197104504365846,9.295002183067389,0.0,0.0,0.0,9.569118445987073,67.36801629037544,7.105427357601002e-15,0.0,0.0,0.0,0.0,11.29892153106594,36.15654889941101,3.098334061022463,9.295002183067389,0.0,0.0,0.46900210933814535,0.0,46.88477894643665,0.0,0.04055560495483945,58.32537908655962,6.151167994453114,0.0,0.0,0.0,0.0,0.0,14.318852125322003,8.529321199854733,13.753657567192246,5.6976904724469435,13.447852625355692,0.0,88.0,13.2,42.5,45.0,0.28887273313944467,0.5254508481851644,1.0,39.14379632833799,26.061915243143407,5.762901353501781,62.07087703493596,76.93713473636251,76.93713473636251,7.105427357601002e-15,0.0,0.0,0.0,0.0,0.0,0.0,0.0,-7.105427357601002e-15,0.0,0.0,0.0,0.0,0.0,0.24017062613804896,0.0
3,autumn_processing,秋季农产品加工日,60.0,8.25,0.25,56.54852866058588,35.82672673974123,9.429884674658174,0.0,0.0,0.0,11.541227548346043,64.69989914072175,-1.7763568394002505e-15,0.0,0.0,0.0,0.0,11.195852106169134,35.82672673974123,3.1432948915527246,9.429884674658174,0.0,0.0,0.0,0.0,46.882434707489324,-0.0,0.0,58.29621639701635,5.353451030760056,0.0,0.0,0.0,0.0,0.0,14.203067364864626,8.791167015656038,13.843667836270596,5.747943055948842,13.892084888583007,0.0,88.0,13.2,42.5,45.0,0.3484068009496844,0.504640313801904,1.0,39.58397006241012,25.795243252613687,5.846528498288068,61.901979691345936,76.2411266890678,76.2411266890678,-1.7763568394002505e-15,0.0,0.0,0.0,0.0,0.0,0.0,0.0,-7.105427357601002e-15,0.0,0.0,0.0,0.0,-0.32982215966977435,0.13488249159078514,0.0
3,autumn_processing,秋季农产品加工日,60.0,8.5,0.25,57.51536888643013,35.088728913119205,9.780518694949578,0.0,0.0,0.0,13.533417936948425,65.51320354424668,-5.329070518200751e-15,0.0,0.0,0.0,0.0,11.195852106169134,35.82672673974123,3.260172898316526,9.780518694949578,0.0,0.0,0.7485370127720046,0.0,47.057868126287296,0.7379978266220277,0.0,58.442342772640586,6.326690577507314,0.0,0.0,0.0,0.0,0.0,14.042125424524812,9.054387260897604,13.92974136580569,5.800578585294906,14.325140525004464,0.0,88.0,13.2,42.5,45.0,0.4085470830183048,0.5109838505749461,1.0,40.26075822050109,25.263884817445827,6.0639215908687385,63.842059463937446,79.0466214811951,79.0466214811951,-5.329070518200751e-15,0.0,0.0,0.0,0.0,0.0,0.0,0.0,0.0,0.0,0.0,0.0,0.0,0.0,0.35063402029140356,0.0
3,autumn_processing,秋季农产品加工日,60.0,8.75,0.25,58.1135344998756,34.44935653960746,10.000568977900345,0.0,0.0,0.0,15.450062013501167,64.97040191869344,-5.329070518200751e-15,0.0,0.0,0.0,0.0,11.195852106169134,35.82672673974123,3.333522992633448,10.000568977900345,0.0,0.0,1.3850655385301067,0.0,47.38446829828189,1.3773702001337753,0.0,58.74024702378605,6.392488794986316,0.0,0.0,0.0,0.0,0.0,13.848052841132166,9.315976677598782,14.0115128984607,5.855386713589334,14.740179765374604,0.0,88.0,13.2,42.5,45.0,0.4664067715543479,0.5067501564534824,1.0,40.67947414991291,24.803536708517367,6.200352766298214,64.50602329486192,80.42046393219461,80.42046393219461,-5.329070518200751e-15,0.0,0.0,0.0,0.0,0.0,0.0,0.0,1.4210854715202004e-14,0.0,0.0,0.0,0.0,0.0,0.22005028295076734,0.0
3,autumn_processing,秋季农产品加工日,60.0,9.0,0.25,58.70388513492658,33.70837398314009,10.326676090229228,0.0,0.0,0.0,17.309604409021944,63.04805229750798,0.0,0.0,0.0,0.0,0.0,11.195852106169134,35.82672673974123,3.4422253634097424,10.326676090229228,0.0,0.0,0.558266737182536,0.0,47.51468742494782,2.1183527566011406,0.0,59.21398567996694,6.457427364841924,0.0,0.0,0.0,0.0,0.0,13.633648525237714,9.572795573907925,14.08870539206945,5.912111712452298,15.130560267112676,0.0,88.0,13.2,42.5,45.0,0.5225426734365143,0.4917563909460269,1.0,41.0927195944486,24.270029267860867,6.402539175942121,65.1613124997685,80.35765670652992,80.35765670652992,0.0,0.0,0.0,0.0,0.0,0.0,0.0,0.0,0.0,0.0,0.0,0.0,0.0,0.0,0.32610711232888256,0.0
3,autumn_processing,秋季农产品加工日,60.0,9.25,0.25,59.21372365958034,33.01653383112346,10.634953875913395,0.0,0.0,0.0,18.875606225690397,63.22722320709939,3.552713678800501e-15,0.0,0.0,0.0,0.0,11.195852106169134,35.82672673974123,3.544984625304465,10.634953875913395,0.0,0.0,3.5012025627705503,0.0,48.34384729923458,2.810192908617772,0.0,59.85179950292369,4.647066478965294,0.0,0.0,0.0,0.0,0.0,13.411358434662016,9.821653483262208,14.161133541687265,5.970452657385938,15.490091255046035,0.0,88.0,13.2,42.5,45.0,0.5698171666341674,0.49315387170320285,1.0,41.44960656170623,23.77190435840889,6.593671403066304,63.86079013854563,82.10282943278979,82.10282943278979,3.552713678800501e-15,0.0,0.0,0.0,0.0,0.0,0.0,0.0,7.105427357601002e-15,0.0,0.0,0.0,0.0,0.0,0.30827778568416697,0.0
3,autumn_processing,秋季农产品加工日,60.0,9.5,0.25,59.61771299847755,32.33467521118347,10.91320355998919,0.0,0.0,0.0,20.228303587035562,60.5018534900906,-7.105427357601002e-15,0.0,0.0,0.0,0.0,11.195852106169134,35.82672673974123,3.6377345199963966,10.91320355998919,0.0,0.0,6.278857452483077,0.0,49.83265875183435,3.4920515285577594,0.0,60.651235841204695,0.0,0.0,0.0,0.0,0.0,0.0,13.192310703390511,10.059402253748166,14.228703731212935,6.030064545566906,15.813283301116714,0.0,88.0,13.2,42.5,45.0,0.6106524207997335,0.4718967840186272,1.0,41.73239909893428,23.2809661520521,6.766186207193298,59.61771299847755,80.73015707712617,80.73015707712617,-7.105427357601002e-15,0.0,0.0,0.0,0.0,0.0,0.0,0.0,0.0,0.0,0.0,0.0,0.0,0.0,0.27824968407579576,0.0
3,autumn_processing,秋季农产品加工日,60.0,9.75,0.25,59.7865340103739,31.689073924284084,11.389133926839033,0.0,0.0,0.0,21.60229468624776,56.521425230600485,7.105427357601002e-15,0.0,0.0,0.0,0.0,9.902835601338776,31.689073924284084,3.796377975613011,11.389133926839033,0.0,0.0,-0.0,0.0,49.83016711889676,-0.0,0.0,60.620910223284106,4.637972329522558,0.0,0.0,0.0,0.0,0.0,12.985607713073245,10.283035588116705,14.291410225159177,6.090560396487061,16.095580272170423,0.0,88.0,13.2,42.5,45.0,0.6521304907367975,0.44085060631800693,1.0,41.850573807261725,22.81613322548454,7.0612630346402,64.42450633989645,78.12371991684824,78.12371991684824,7.105427357601002e-15,0.0,0.0,0.0,0.0,0.0,0.0,0.0,0.0,0.0,0.0,0.0,0.0,-4.137652815457148,0.4759303668498429,0.0
3,autumn_processing,秋季农产品加工日,60.0,10.0,0.25,60.18836202417772,31.147037410133137,11.796144076127606,0.0,0.0,0.0,22.944455626113665,55.464472732526986,-7.105427357601002e-15,0.0,0.0,0.0,0.0,9.902835601338776,31.689073924284084,3.9320480253758685,11.796144076127606,0.0,0.0,-0.0,0.0,49.827675610540815,0.5420365141509471,0.0,60.71933344028332,4.385682707748291,0.0,0.0,0.0,0.0,0.0,12.797924118151261,10.489791433602038,14.349327572566256,6.151514362137339,16.33356012623964,0.0,88.0,13.2,42.5,45.0,0.6926476712065051,0.4326066855795616,1.0,42.1318534169244,22.425866935295858,7.313609327199115,64.57404473192601,78.40892835864065,78.40892835864065,-7.105427357601002e-15,0.0,0.0,0.0,0.0,0.0,0.0,0.0,0.0,0.0,0.0,0.0,0.0,0.0,0.40701014928857226,0.0
3,autumn_processing,秋季农产品加工日,60.0,10.25,0.25,60.28974194685266,30.5723407155087,12.169355927104997,0.0,0.0,0.0,24.090983238798685,51.95124736787287,0.0,0.0,0.0,0.0,0.0,9.902835601338776,31.689073924284084,4.056451975701665,12.169355927104997,0.0,0.0,-0.0,0.0,49.825184226760285,1.1167332087753827,0.0,60.95419791064734,1.793201082778455,0.0,0.0,0.0,0.0,0.0,12.633411302483733,10.677253107911184,14.402599371788932,6.212465846968564,16.52509227337895,0.0,88.0,13.2,42.5,45.0,0.7272590690030345,0.4052045539839653,1.0,42.20281936279686,22.012085315166264,7.545000674805098,62.08294302963111,76.04223060667155,76.04223060667155,0.0,0.0,0.0,0.0,0.0,0.0,0.0,0.0,0.0,0.0,0.0,0.0,0.0,0.0,0.3732118509773912,0.0
3,autumn_processing,秋季农产品加工日,60.0,10.5,0.25,60.74778092571421,29.906003616422062,12.707700940278887,0.0,0.0,0.0,25.00759755306266,46.38924613074753,3.552713678800501e-15,0.0,3.3256803393332817,1.1639881187666485,1.4965561526999769,8.877952332413152,28.409447463722085,4.235900313426296,12.707700940278887,0.0,0.0,0.0,0.5257493105081056,49.684337885836285,0.0,0.0,60.923720811692014,0.0,0.775052458468717,0.0,0.0,0.0,0.0,12.493867783035192,10.843444681691825,14.451423728910362,6.27292460941646,16.66944111382777,0.0,88.0,13.2,42.5,45.0,0.7549298396900891,0.36182256905127297,1.0,42.52344664799995,21.532322603823882,7.87877458297291,59.972728467245496,71.39684368381019,71.39684368381019,3.552713678800501e-15,0.6651360678666564,0.1662840169666641,9.977041017999845,0.0,0.0,0.0,0.0,7.105427357601002e-15,0.0,0.0,0.0,1.1639881187666485,-3.2796264605619996,0.53834501317389,0.0
3,autumn_processing,秋季农产品加工日,60.0,10.75,0.25,60.89639326335992,29.49585872455815,13.278090155040111,-0.0,0.0,-0.0,25.919331849817993,46.038634524558134,7.105427357601002e-15,0.0,5.2624974106257465,1.8418740937190112,2.368123834781586,8.477417153055177,27.127734889776566,4.426030051680037,13.278090155040111,0.0,0.0,0.0,0.0,49.681853668942,0.0,0.0,60.89325895128617,0.0,0.0,0.0,0.0,0.0,0.0,12.379107526163123,10.986915953427594,14.496035924563476,6.332376787231772,16.767308032419162,0.0,88.0,13.2,42.5,45.0,0.7824532923139965,0.3590879009401963,1.0,42.62747528435194,21.237018281681866,8.232415896124868,60.89639326335992,71.95796637437613,71.95796637437613,7.105427357601002e-15,1.0524994821251494,0.26312487053128736,15.787492231877241,0.0,0.0,0.0,0.0,1.4210854715202004e-14,0.0,0.0,-0.0,0.6778859749523627,-1.2817125739455193,0.5703892147612244,0.0
3,autumn_processing,秋季农产品加工日,60.0,11.0,0.25,61.04505141979494,29.039630662994732,13.84896457615775,-0.0,0.0,-0.0,26.195904487919485,44.77680055645566,-3.552713678800501e-15,0.0,7.670934997180246,2.684827249013086,3.4519207487311108,7.996159348207381,25.58770991426362,4.616321525385916,13.84896457615775,0.0,0.0,0.0,0.0,49.67936957625855,0.0,0.0,60.86281232181053,0.0,0.0,0.0,0.0,0.0,0.0,12.287446286747524,11.106812379791272,14.53668897386992,6.3902917592023005,16.820807408580215,0.0,70.0,10.5,42.5,45.0,0.7908024724742093,0.3492459645834771,1.0,42.731535993856454,20.908534077356205,8.586358037217805,61.04505141979494,70.97270504437515,70.97270504437515,-3.552713678800501e-15,1.5341869994360493,0.3835467498590123,23.01280499154074,0.0,0.0,0.0,0.0,-7.105427357601002e-15,0.0,0.0,0.0,0.8429531552940748,-1.5400249755129458,0.5708744211176384,0.0
3,autumn_processing,秋季农产品加工日,60.0,11.25,0.25,61.22302719347305,28.684003877443896,14.378919348648834,-0.0,0.0,-0.0,26.249055370932908,40.32319105288582,0.0,0.0,9.194249427680019,3.2179872996880063,4.1374122424560085,7.670809885933714,24.546591634987887,4.792973116216278,14.378919348648834,0.0,0.0,0.0,0.0,49.67688560777974,0.0,0.0,60.83238091564963,0.0,3.896576472116308,0.0,0.0,0.0,0.0,12.21622880576157,11.202925585485719,14.573632911669982,6.446129727153869,16.83337588813057,0.0,70.0,10.5,42.5,45.0,0.7924069923609186,0.31450911140006804,1.0,42.856119035431135,20.652482791759603,8.914929996162277,57.32645072135674,66.57224642381873,66.57224642381873,0.0,1.8388498855360038,0.45971247138400095,27.582748283040058,0.0,0.0,0.0,0.0,-7.105427357601002e-15,0.0,0.0,0.0,0.5331600506749203,-1.0411182792757323,0.5299547724910845,0.0
3,autumn_processing,秋季农产品加工日,60.0,11.5,0.25,61.49399299082298,28.35613266813845,14.839398452003866,-0.0,0.0,-0.0,26.679964568143433,39.36982114070035,-3.552713678800501e-15,0.0,9.194249427680019,3.2179872996880063,4.1374122424560085,7.5683501330257625,24.21872042568244,4.9464661506679555,14.839398452003866,0.0,0.0,0.0,0.32726636947956855,49.58827903468893,0.0,0.0,60.80196472519181,0.0,4.41376989650534,0.0,0.0,0.0,0.0,12.162333387105987,11.27572058474174,14.607093750204768,6.499349875461849,16.80961801163677,0.0,70.0,10.5,42.5,45.0,0.8054152875592426,0.3070731045740271,1.0,43.04579509357608,20.416415521059683,9.200427040242397,57.080223094317645,66.04978570884379,66.04978570884379,-3.552713678800501e-15,1.8388498855360038,0.45971247138400095,27.582748283040058,0.0,0.0,0.0,0.0,0.0,0.0,0.0,0.0,0.0,-0.3278712093054459,0.4604791033550324,0.0
3,autumn_processing,秋季农产品加工日,60.0,11.75,0.25,61.63136876649377,27.93109568227861,15.341261196373637,-0.0,0.0,-0.0,27.54443020103026,40.59497712462005,3.552713678800501e-15,0.0,9.194249427680019,3.2179872996880063,4.1374122424560085,7.435526074944563,23.7936834398226,5.113753732124546,15.341261196373637,0.0,0.0,0.0,0.0,49.5857996207372,-0.0,0.0,60.771563742829215,0.0,2.8232539482245604,0.0,0.0,0.0,0.0,12.122610151998087,11.326336603979913,14.637253129949473,6.549418941765688,16.755095042051778,0.0,70.0,10.5,42.5,45.0,0.8315117928420112,0.31662896336813123,1.0,43.14195813654564,20.1103888912406,9.511581941751654,58.80811481826921,68.13940732565031,68.13940732565031,3.552713678800501e-15,1.8388498855360038,0.45971247138400095,27.582748283040058,0.0,0.0,0.0,0.0,0.0,0.0,0.0,0.0,0.0,-0.4250369858598404,0.5018627443697703,0.0
3,autumn_processing,秋季农产品加工日,60.0,12.0,0.25,61.799569365607255,27.71618225239565,15.798871263785063,-0.0,0.0,-0.0,28.64395264104848,38.41956501581367,3.552713678800501e-15,0.0,9.194249427680019,3.2179872996880063,4.1374122424560085,7.435526074944563,23.7936834398226,5.2662904212616874,15.798871263785063,0.0,0.0,0.0,0.0,49.58332033075616,0.2149134298829587,0.0,60.79221990055501,0.0,4.219880905263352,0.0,0.0,0.0,0.0,12.094230276476052,11.356559390839653,14.6642297091183,6.595820013161198,16.676067223061896,0.0,70.0,10.5,42.5,45.0,0.8647041975749061,0.29966138437934786,1.0,43.25969855592508,19.955651221724867,9.79530018354674,57.5796884603439,67.06351765686215,67.06351765686215,3.552713678800501e-15,1.8388498855360038,0.45971247138400095,27.582748283040058,0.0,0.0,0.0,0.0,0.0,0.0,0.0,0.0,0.0,0.0,0.4576100674114265,0.0
3,autumn_processing,秋季农产品加工日,60.0,12.25,0.25,61.53046582502351,27.43753932500396,16.0952960163682,0.0,0.0,0.0,29.47056718352399,39.647453026831705,3.552713678800501e-15,0.0,8.097457522625243,2.834110132918835,3.6438558851813596,7.435526074944563,23.7936834398226,5.365098672122733,16.0952960163682,0.0,0.0,0.0,0.0,49.580841164739624,-0.0,0.0,60.76182379060474,0.0,2.378960228816279,0.0,0.0,0.0,0.0,12.07494185043492,11.368764103662437,14.688063308536513,6.638061347741322,16.57920249465755,0.0,70.0,10.5,42.5,45.0,0.8896580534066155,0.30923855218676627,1.0,43.07132607751645,19.75502831400285,9.979083530148284,59.15150559620723,69.1180202103557,69.1180202103557,3.552713678800501e-15,1.6194915045250486,0.40487287613126216,24.29237256787573,0.0,0.0,0.0,0.0,7.105427357601002e-15,0.0,0.0,0.0,-0.3838771667691714,0.0,0.2964247525831354,0.0
3,autumn_processing,秋季农产品加工日,60.0,12.5,0.25,61.24459274966937,27.0640240366584,16.480860041226393,0.0,0.0,0.0,30.019777247534407,41.906048863156386,7.105427357601002e-15,0.0,6.422607793329359,2.2479127276652755,2.8901735069982117,7.435526074944563,23.7936834398226,5.493620013742131,16.480860041226393,0.0,0.0,0.0,0.0,49.57836212268139,0.0,0.3801670898375846,60.631398907699555,0.0,0.0,0.0,0.0,0.0,0.0,12.063241217856055,11.365829257138497,14.708702744030587,6.675685012698839,16.471266702574443,0.0,70.0,10.5,42.5,45.0,0.9062376174650907,0.3268549399513832,1.0,42.87121492476856,19.486097306394047,10.218133225560363,61.24459274966937,71.92582611069079,71.92582611069079,7.105427357601002e-15,1.2845215586658718,0.32113038966646795,19.267823379988076,0.0,0.0,0.0,0.0,7.105427357601002e-15,0.0,0.0,0.0,-0.5861974052535595,0.0,0.3855640248581942,0.0
3,autumn_processing,秋季农产品加工日,60.0,12.75,0.25,61.03271847158909,26.92547128215119,16.830292478266216,-0.0,0.0,-0.0,30.159298753716918,42.3682909887897,7.105427357601002e-15,0.0,6.422607793329359,2.2479127276652755,2.8901735069982117,7.435526074944563,23.7936834398226,5.610097492755405,16.830292478266216,0.0,0.0,0.6971604308828399,0.0,49.741458806909925,0.0,0.24161433533037524,60.53750048842193,0.0,0.0,0.0,0.0,0.0,0.0,12.05847586526324,11.351023698216837,14.725998139380218,6.708275127831233,16.358811429651563,0.0,70.0,10.5,42.5,45.0,0.9104494953982744,0.33046029350571726,1.0,42.72290293011236,19.386339323148857,10.434781336525054,61.03271847158909,72.52758974250662,72.52758974250662,7.105427357601002e-15,1.2845215586658718,0.32113038966646795,19.267823379988076,0.0,0.0,0.0,0.0,-7.105427357601002e-15,0.0,0.0,-0.0,0.0,0.0,0.3494324370398232,0.0
3,autumn_processing,秋季农产品加工日,60.0,13.0,0.25,60.91351263309616,26.683856946820814,17.102180239712993,-0.0,0.0,-0.0,29.561478291734332,42.42466657440116,0.0,0.0,6.422607793329359,2.2479127276652755,2.8901735069982117,7.435526074944563,23.7936834398226,5.700726746570997,17.102180239712993,0.0,0.0,-0.0,0.0,49.73897173396958,0.0,0.0,60.507231738177715,0.1842921391890484,0.0,0.0,0.0,0.0,0.0,12.06089649049281,11.32787013076424,14.739698323768964,6.735465507506913,16.247875683138307,0.0,70.0,10.5,42.5,45.0,0.8924024797035299,0.33090000660560714,1.0,42.63945884316731,19.212377001710987,10.603351748622055,61.09780477228521,71.98614486613549,71.98614486613549,0.0,1.2845215586658718,0.32113038966646795,19.267823379988076,0.0,0.0,0.0,0.0,0.0,0.0,0.0,0.0,0.0,0.0,0.2718877614467772,0.0
3,autumn_processing,秋季农产品加工日,60.0,13.25,0.25,60.80180807462059,26.455219309968513,17.410669218619745,-0.0,0.0,-0.0,28.428712747572007,42.95371659493796,0.0,0.0,7.8276974292836226,2.7396941002492676,3.52246384317763,7.435526074944563,23.7936834398226,5.803556406206582,17.410669218619745,0.0,0.0,-0.0,0.0,49.73648478538288,0.8609279730317185,0.0,60.68144851590367,0.08123288698750031,0.0,0.0,0.0,0.0,0.0,12.071673021903075,11.29999021418578,14.749453686482282,6.756946505022219,16.143716796579398,0.0,70.0,10.5,42.5,45.0,0.8582065314983338,0.3350264422249258,1.0,42.56126565223441,19.047757903177327,10.794614915544242,60.88304096160809,71.38242934250997,71.38242934250997,0.0,1.5655394858567246,0.39138487146418116,23.48309228785087,0.0,0.0,0.0,0.0,0.0,0.0,0.0,0.0,0.4917813725839921,0.0,0.30848897890675175,0.0
3,autumn_processing,秋季农产品加工日,60.0,13.5,0.25,60.42152452399234,26.425839463173173,17.591775359876635,-0.0,0.0,-0.0,27.156221822527392,41.91517668593777,-7.105427357601002e-15,0.0,11.153377768616904,3.9036822190159164,5.019019995877607,6.689631083529864,21.406819467295566,5.863925119958878,17.591775359876635,0.0,0.0,0.0,0.0,49.73399796114361,0.0,0.0,60.65110779164572,0.0,0.0,0.0,0.0,0.0,0.0,12.092883680544793,11.270937637079138,14.754824599315574,6.772470880598991,16.05058412054993,0.0,70.0,10.5,42.5,45.0,0.8197925507865649,0.3269261343027486,1.0,42.29506716679464,19.026604413484684,10.906900723123513,60.42152452399234,69.07139850846517,69.07139850846517,-7.105427357601002e-15,2.230675553723381,0.5576688884308453,33.46013330585072,0.0,0.0,0.0,0.0,7.105427357601002e-15,0.0,0.0,0.0,1.1639881187666488,-2.386863972527035,0.1811061412568904,0.0
3,autumn_processing,秋季农产品加工日,60.0,13.75,0.25,60.07787617709376,26.346696726653764,17.818404235270098,-0.0,0.0,-0.0,26.096991761492824,40.235162337053644,0.0,0.0,14.479058107950184,5.067670337782564,6.515576148577583,6.197225180648807,19.83112057807618,5.939468078423366,17.818404235270098,0.0,0.0,0.0,0.0,49.73151126124555,0.0,0.0,60.6207822377499,0.0,0.814744999836905,0.0,0.0,0.0,0.0,12.127479331606976,11.244026714050397,14.755295237285592,6.781858537583036,15.971546516323137,0.0,70.0,10.5,42.5,45.0,0.7878164931714737,0.3138225131306564,1.0,42.05451332396563,18.96962164319071,11.04741062586746,59.26313117725686,66.33215409854647,66.33215409854647,0.0,2.895811621590037,0.7239529053975092,43.437174323850556,0.0,0.0,0.0,0.0,0.0,0.0,0.0,0.0,1.1639881187666479,-1.5756988892193853,0.22662887539346244,0.0
3,autumn_processing,秋季农产品加工日,60.0,14.0,0.25,60.12101975676653,26.414186490915217,18.0296655774416,-0.0,0.0,-0.0,24.690123498850028,41.435846016820165,0.0,0.0,17.720468421597165,6.202163947559007,7.974210789718724,6.197225180648807,19.83112057807618,6.009888525813867,18.0296655774416,0.0,0.0,0.0,0.0,49.72902468568249,1.3911448768796895,0.0,60.92086875488995,0.0,0.0,0.0,0.0,0.0,0.0,12.179218811202517,11.222164875668714,14.750292346085311,6.785,15.908381512161348,0.0,70.0,10.5,42.5,45.0,0.7453459267874618,0.3231874951009736,1.0,42.084713829736565,19.018214273458955,11.178392658013793,60.12101975676653,66.12596951567019,66.12596951567019,0.0,3.5440936843194333,0.8860234210798583,53.1614052647915,0.0,0.0,0.0,0.0,0.0,0.0,0.0,0.0,1.1344936097764426,0.0,0.21126134217150394,0.0
3,autumn_processing,秋季农产品加工日,60.0,14.25,0.25,60.49065014340375,26.469550234890807,18.18430826826034,-0.0,0.0,-0.0,23.179408363715126,41.08916397074027,0.0,0.0,21.046148760930446,7.366152066325656,9.4707669424187,5.312119778897532,16.998783292472105,6.061436089420114,18.18430826826034,0.0,0.0,0.0,0.0,49.726538234448206,0.0,0.0,60.89040832051251,0.0,0.22948161094033814,0.0,0.0,0.0,0.0,12.252565799200204,11.207697830766447,14.739208236447563,6.781858537583036,15.86153044817739,0.0,70.0,10.5,42.5,45.0,0.699740429003645,0.3204834764108868,1.0,42.34345510038262,19.05807616912138,11.274271126321413,60.26116853246341,64.2685723344554,64.2685723344554,0.0,4.209229752186089,1.0523074380465223,63.138446282791335,0.0,0.0,0.0,0.0,7.105427357601002e-15,-3.552713678800501e-15,0.0,0.0,1.1639881187666488,-2.8323372856040763,0.15464269081873994,0.0
3,autumn_processing,秋季农产品加工日,60.0,14.5,0.25,60.650277754614756,26.355033875856755,18.319971821680674,-0.0,0.0,-0.0,21.933284659266654,41.82289049303939,3.552713678800501e-15,0.0,23.123821225881287,8.09333742905845,10.405719551646579,5.092577552856179,16.296248169139773,6.106657273893558,18.319971821680674,0.0,0.0,0.0,0.0,49.724051907536484,0.34693384492959467,0.0,60.94235990452304,0.0,0.0,0.0,0.0,0.0,0.0,12.352534983712014,11.202276106632288,14.721427047174016,6.772470880598991,15.830120253786582,0.0,70.0,10.5,42.5,45.0,0.6621224224583465,0.32620632895587265,1.0,42.45519442823033,18.97562439061686,11.358382529442018,60.650277754614756,63.75617515230604,63.75617515230604,3.552713678800501e-15,4.624764245176258,1.1561910612940645,69.37146367764387,0.0,0.0,0.0,0.0,-7.105427357601002e-15,0.0,0.0,0.0,0.7271853627327935,-0.702535123332332,0.13566355342033276,0.0
3,autumn_processing,秋季农产品加工日,60.0,14.75,0.25,60.6083724864594,26.56871995822424,18.452402025000218,-0.0,0.0,-0.0,20.722320766129513,42.74111421836648,0.0,0.0,23.123821225881283,8.09333742905845,10.405719551646577,5.092577552856179,16.296248169139773,6.150800675000073,18.452402025000218,0.0,0.0,0.0,0.0,49.721565704941106,0.13324776256211024,0.0,60.94353506817929,0.0,0.2949783007612119,0.0,0.0,0.0,0.0,12.4844752775454,11.20675107116141,14.696353124783023,6.756946505022219,15.81204890213321,0.0,70.0,10.5,42.5,45.0,0.6255658209784675,0.3333682057909753,1.0,42.42586074052158,19.12947836992145,11.440489255500134,60.313394185698186,63.46343498449599,63.46343498449599,0.0,4.624764245176257,1.1561910612940642,69.37146367764386,0.0,0.0,0.0,0.0,0.0,0.0,0.0,0.0,0.0,0.0,0.1324302033195437,0.0
3,autumn_processing,秋季农产品加工日,60.0,15.0,0.25,60.656006334601166,26.744681025394918,18.389569677552107,-0.0,0.0,-0.0,19.399000539834432,44.864330373236896,0.0,0.0,23.123821225881287,8.09333742905845,10.405719551646579,5.092577552856179,16.296248169139773,6.129856559184035,18.389569677552107,0.0,0.0,0.4782278954883985,0.0,49.83265875183435,0.0,0.04271330460856859,60.90182295732716,0.0,0.0,0.0,0.0,0.0,0.0,12.653780967822355,11.221107399472668,14.663440230986495,6.735465507506913,15.804128282568962,0.0,70.0,10.5,42.5,45.0,0.5856174043352521,0.3499286715860249,1.0,42.459204434220815,19.256170338284342,11.401533200082307,60.656006334601166,64.26333091307133,64.26333091307133,0.0,4.624764245176258,1.1561910612940645,69.37146367764387,0.0,0.0,0.0,0.0,-7.105427357601002e-15,0.0,0.0,0.0,0.0,0.0,-0.06283234744811139,0.0
3,autumn_processing,秋季农产品加工日,60.0,15.25,0.25,60.94601587747242,26.809949930018565,18.470880425216865,-0.0,0.0,-0.0,17.73992130668126,44.82791550174315,0.0,0.0,26.3413801782844,9.21948306239954,11.85362108022798,4.673852765559559,14.956328849790589,6.1569601417389554,18.470880425216865,0.0,0.0,0.010491086053015783,0.0,49.83265875183435,0.0,0.0,60.87137204584851,0.0,0.0,0.0,0.0,0.0,0.0,12.865527876919177,11.244437291907689,14.622220218779994,6.708275127831233,15.802275409518089,0.0,70.0,10.5,42.5,45.0,0.5355330882845051,0.3496446462255264,1.0,42.66221111423069,19.303163949613367,11.451945863634457,60.94601587747242,62.56783680842441,62.56783680842441,0.0,5.26827603565688,1.31706900891422,79.0241405348532,0.0,0.0,0.0,0.0,-7.105427357601002e-15,3.552713678800501e-15,0.0,0.0,1.1261456333410909,-1.3399193193491836,0.08131074766475876,0.0
3,autumn_processing,秋季农产品加工日,60.0,15.5,0.25,61.29456939552761,27.097111087172564,18.481594316004234,-0.0,0.0,-0.0,16.35455516953712,43.90569290255689,0.0,0.0,29.561603016295837,10.346561055703543,13.302721357333127,4.459775146919226,14.271280470141523,6.160531438668078,18.481594316004234,0.0,0.0,0.0,0.0,49.83016711889676,0.4768907403020856,0.0,60.95419791064734,0.0,1.3080668533173478,0.0,0.0,0.0,0.0,13.124040521215267,11.274959647894914,14.572329819169981,6.675685012698839,15.80174068810127,0.0,70.0,10.5,42.5,45.0,0.49371162848185335,0.34245157934243375,1.0,42.90619857686932,19.509919982764245,11.458588475922625,59.98650254221026,60.260248072094015,60.260248072094015,0.0,5.912320603259168,1.478080150814792,88.68480904888753,0.0,0.0,0.0,0.0,-7.105427357601002e-15,0.0,0.0,0.0,1.1270779933040025,-0.6850483796490661,0.010713890787368285,0.0
3,autumn_processing,秋季农产品加工日,60.0,15.75,0.25,61.43203823040127,27.44567720029434,18.329880491127007,-0.0,0.0,-0.0,14.467231049003857,44.66070591379965,-1.7763568394002505e-15,0.0,29.561603016295837,10.346561055703543,13.302721357333127,4.459775146919226,14.271280470141523,6.109960163709002,18.329880491127007,0.0,0.0,0.02098164755173122,0.0,49.83265875183435,0.12832462718030888,0.0,60.95419791064734,0.0,2.5482571700741814,0.0,0.0,0.0,0.0,13.43240713196243,11.310084958715263,14.513534254454568,6.638061347741322,15.797360481274225,0.0,70.0,10.5,42.5,45.0,0.43673705134647695,0.34834046028318105,1.0,43.00242676128089,19.760887584211925,11.364525904498745,58.88378106032709,59.12793696280351,59.12793696280351,-1.7763568394002505e-15,5.912320603259168,1.478080150814792,88.68480904888753,0.0,0.0,0.0,0.0,-7.105427357601002e-15,0.0,0.0,0.0,0.0,0.0,-0.15171382487722695,0.0
3,autumn_processing,秋季农产品加工日,60.0,16.0,0.25,61.36490709570474,27.688731261576052,18.18277178684102,0.8166147775304449,0.0,0.8166147775304449,12.744001532562507,43.65624415526965,1.7763568394002505e-15,0.0,29.561603016295837,10.346561055703543,13.302721357333127,4.459775146919226,14.271280470141523,6.060923928947006,18.18277178684102,0.0,0.0,0.0,0.0,49.83016711889676,0.0,0.11472943410140246,60.89352885534954,0.0,4.322184650504826,0.0,0.0,0.0,0.0,13.791971113960582,11.346524045691606,14.445746536998465,6.595820013161198,15.783820517930295,0.0,132.0,19.8,42.5,45.0,0.3847161653003093,0.34050595198009836,1.0,42.955434966993316,19.935886508334757,11.273318507841433,57.042722445199914,56.400245687832154,56.400245687832154,1.7763568394002505e-15,6.361458730900913,1.5903646827252282,95.4218809635137,0.0,0.0,0.0,0.0,0.0,0.0,0.0,0.8166147775304449,0.0,0.0,-0.1471087042859871,0.0
3,autumn_processing,秋季农产品加工日,60.0,16.25,0.25,61.48479579732286,27.8775503216642,17.958872002325084,-0.0,0.0,-0.0,10.914499379754282,45.17647804087763,0.0,0.0,29.561603016295837,10.346561055703543,13.302721357333127,3.298539227370426,10.555325527585364,5.986290667441694,17.958872002325084,0.0,0.0,0.0,0.0,49.827675610540815,0.0,4.0195034367457065,59.80531802862036,0.0,4.332087215799517,0.0,0.0,0.0,0.0,14.201838572686528,11.380436110296,14.369041516746515,6.549418941765688,15.755916745296158,0.0,132.0,19.8,42.5,45.0,0.3294871188474628,0.35236333221212796,1.0,43.039357058126,20.071836231598223,11.134500641441551,57.15270858152334,56.090977420631916,56.090977420631916,0.0,5.912320603259168,1.478080150814792,88.68480904888753,0.0,0.0,0.0,0.0,0.0,-3.552713678800501e-15,0.0,-0.8166147775304449,0.0,-3.7159549425561593,-0.22389978451593606,0.0
3,autumn_processing,秋季农产品加工日,60.0,16.5,0.25,61.90777729103759,27.988681620712555,17.81170424531607,-0.0,0.0,-0.0,9.33373254161124,45.08705066593096,0.0,0.0,29.561603016295837,10.346561055703543,13.302721357333127,1.2627609022818547,4.040834887301935,5.93723474843869,17.81170424531607,0.0,0.0,0.0,0.0,49.825184226760285,0.0,10.645125376077493,56.97406658642777,0.0,4.3404286785123904,0.0,0.0,0.0,0.0,14.65845021373323,11.40760906613583,14.283663994610707,6.499349875461849,15.708801015390595,0.0,132.0,19.8,42.5,45.0,0.2817668988953233,0.3516658248101857,1.0,43.33544410372631,20.15185076691304,11.043256632095963,57.5673486125252,54.4207832075422,54.4207832075422,0.0,5.912320603259168,1.478080150814792,88.68480904888753,0.0,0.0,0.0,0.0,0.0,0.0,0.0,0.0,0.0,-6.514490640283428,-0.14716775700901508,0.0
3,autumn_processing,秋季农产品加工日,60.0,16.75,0.25,62.343128236865276,28.53781676863784,17.61752773884561,3.223082506074099,0.0,3.223082506074099,7.562070339342604,44.01637292784819,8.881784197001252e-16,0.0,29.561603016295837,10.346561055703543,13.302721357333127,1.2786245109278755,4.091598434969202,5.8725092462818695,17.61752773884561,0.0,0.0,0.0,0.0,49.822692967548946,0.0,11.14349697633551,54.01308034883574,0.0,4.3461751651065885,0.0,0.0,0.0,0.0,15.15527045119428,11.423662977284952,14.190030507583382,6.446129727153869,15.638200418268948,0.0,132.0,19.8,42.5,45.0,0.22828392599056097,0.34331485120894967,1.0,43.640189765805694,20.547228073419245,10.922867198084278,57.99695307175869,51.57844326719079,51.57844326719079,8.881784197001252e-16,7.685015981599923,1.9212539953999808,115.27523972399885,0.0,0.0,0.0,0.0,-7.105427357601002e-15,0.0,0.0,3.223082506074099,0.0,0.050763547667266984,-0.19417650647045903,0.0
3,autumn_processing,秋季农产品加工日,60.0,17.0,0.25,62.706582214504685,28.853632511575512,17.429738080965915,3.223082506074097,0.0,3.223082506074097,6.164133486182514,40.46097022225971,1.7763568394002505e-15,0.0,29.561603016295837,10.346561055703543,13.302721357333127,1.2786245109278755,4.091598434969202,5.809912693655305,17.429738080965915,0.0,0.0,0.0,5.252096683226563,48.43807112678831,0.0,11.459312719273182,50.97046519832627,0.0,4.348275465641432,0.0,0.0,0.0,0.0,15.68264543060206,11.424265804661523,14.088724698144985,6.3902917592023005,15.54060101670585,0.0,132.0,19.8,42.5,45.0,0.18608298116914343,0.3155837486744938,1.0,43.894607550153275,20.774615408334366,10.806437610198868,58.35830674886326,46.625103708442225,46.625103708442225,1.7763568394002505e-15,7.685015981599921,1.9212539953999803,115.27523972399882,0.0,0.0,0.0,0.0,0.0,0.0,0.0,-1.7763568394002505e-15,0.0,0.0,-0.18778965787969426,0.0
3,autumn_processing,秋季农产品加工日,60.0,17.25,0.25,62.85101806904184,29.188903466091226,17.24190508392664,3.223082506074097,0.0,3.223082506074097,4.713392910182918,40.22307914529788,-2.6645352591003757e-15,0.0,29.561603016295837,10.346561055703543,13.302721357333127,1.2786245109278755,4.091598434969202,5.747301694642213,17.24190508392664,0.0,0.0,0.0,7.025139718131884,46.58692824477621,0.0,11.794583673788896,47.84114215683531,0.0,4.3456889392216125,0.0,0.0,0.0,0.0,16.227873886280154,11.40534970173955,13.980486487491063,6.332376787231772,15.413389057998849,0.0,132.0,19.8,42.5,45.0,0.1422879965390762,0.3137282677645841,1.0,43.99571264832929,21.016010495585682,10.689981152034516,58.50532912982023,44.9364720554808,44.9364720554808,-2.6645352591003757e-15,7.685015981599921,1.9212539953999803,115.27523972399882,0.0,0.0,0.0,0.0,1.4210854715202004e-14,0.0,0.0,0.0,0.0,0.0,-0.18783299703927625,0.0
3,autumn_processing,秋季农产品加工日,60.0,17.5,0.25,63.08395080248071,29.709322930197487,17.202389783665307,3.223082506074097,0.0,3.223082506074097,3.3916695666242447,36.57079003193408,-2.220446049250313e-15,0.0,29.561603016295837,10.346561055703543,13.302721357333127,1.3057898726965433,4.178527592628939,5.734129927888436,17.202389783665307,0.0,0.0,0.0,12.2543503318245,43.359769863673314,0.0,12.228073980235422,44.599307380431796,0.0,4.3374171109052115,0.0,0.0,0.0,0.0,16.775520125203908,11.363315896054793,13.86619556181607,6.27292460941646,15.254945286194673,0.0,132.0,19.8,42.5,45.0,0.1023877866228623,0.2852414795509816,1.0,44.158765561736494,21.39071250974219,10.665481665872491,58.74653369157549,39.962459598558326,39.962459598558326,-2.220446049250313e-15,7.685015981599921,1.9212539953999803,115.27523972399882,0.0,0.0,0.0,0.0,-1.4210854715202004e-14,0.0,0.0,0.0,0.0,0.08692915765973641,-0.03951530026133199,0.0
3,autumn_processing,秋季农产品加工日,60.0,17.75,0.25,63.62565924921076,30.199337659003135,16.842157268906853,3.223082506074097,0.0,3.223082506074097,2.2898229033050725,35.632534356961905,-1.3322676295501878e-15,0.0,29.561603016295837,10.346561055703543,13.302721357333127,1.4589194754483081,4.668542321434586,5.614052422968951,16.842157268906853,0.0,0.0,0.0,14.884091228512865,39.44073576241359,0.0,12.228073980235422,41.35909352141647,0.0,4.322539097070541,0.0,0.0,0.0,0.0,17.30797776020305,11.295216779883745,13.746849937312774,6.212465846968564,15.064690596800894,0.0,132.0,19.8,42.5,45.0,0.06912521819190443,0.2779233593601826,1.0,44.537961474447535,21.743523114482254,10.442137506722249,59.303120152140224,37.92235726026698,37.92235726026698,-1.3322676295501878e-15,7.685015981599921,1.9212539953999803,115.27523972399882,0.0,0.0,0.0,0.0,-1.4210854715202004e-14,0.0,0.0,0.0,0.0,0.49001472880564734,-0.3602325147584544,0.0
3,autumn_processing,秋季农产品加工日,60.0,18.0,0.25,63.806520783453614,30.27231067317494,16.564975177407693,3.223082506074097,0.0,3.223082506074097,1.2089563232081346,35.57147890678398,4.440892098500626e-16,0.0,29.561603016295837,10.346561055703543,13.302721357333127,1.481723542376997,4.74151533560639,5.521658392469231,16.564975177407693,0.0,0.0,0.0,16.159573719281074,35.18624432581466,0.0,12.228073980235422,38.12049976933066,0.0,4.300250207249018,0.0,0.0,0.0,0.0,17.80626793562408,11.198905185499036,13.623540579102446,6.151514362137339,14.843083816729632,0.0,132.0,19.8,42.5,45.0,0.03649599691994652,0.27744714468371,1.0,44.66456454841753,21.796063684685954,10.27028460999277,59.5062705762046,36.780435229992115,36.780435229992115,4.440892098500626e-16,7.685015981599921,1.9212539953999803,115.27523972399882,0.0,0.0,0.0,0.0,0.0,0.0,0.0,0.0,0.0,0.07297301417180435,-0.27718209149916007,0.0
3,autumn_processing,秋季农产品加工日,60.0,18.25,0.25,63.664093485945266,30.619400539939324,16.057948737060233,3.223082506074097,0.0,3.223082506074097,0.37152878049187166,37.63516699307273,-3.2751579226442118e-15,0.0,29.561603016295837,10.346561055703543,13.302721357333127,1.5901891257408673,5.0886052023707755,5.352649579020078,16.057948737060233,0.0,0.0,0.0,14.760690686848402,31.300092727585632,0.0,12.228073980235422,34.88352531412088,0.0,4.269902168515568,0.0,0.0,0.0,0.0,18.25102942665987,11.073142848277968,13.497423201735861,6.090560396487061,14.591574720022926,0.0,132.0,19.8,42.5,45.0,0.01121571802736527,0.29354330893257424,1.0,44.56486544016168,22.04596838875631,9.955928216977345,59.3941913174297,38.0066957735646,38.0066957735646,-3.2751579226442118e-15,7.685015981599921,1.9212539953999803,115.27523972399882,0.0,0.0,0.0,0.0,0.0,0.0,0.0,0.0,0.0,0.34708986676438514,-0.5070264403474596,0.0
3,autumn_processing,秋季农产品加工日,60.0,18.5,0.25,63.406902976414294,30.950984082447228,15.542233558686712,3.223082506074097,0.0,3.223082506074097,0.0,37.94968262964214,0.0,0.0,29.561603016295837,10.346561055703543,13.302721357333127,1.6938089827745872,5.420188744878679,5.1807445195622375,15.542233558686712,0.0,0.0,0.0,14.531087738308468,27.474557265499655,0.0,12.228073980235422,31.64816934613871,0.0,4.2310425490228765,0.0,0.0,0.0,0.0,18.623633462480015,10.917662619097412,13.369688467813436,6.030064545566906,14.312517391282487,0.0,132.0,19.8,42.5,45.0,0.0,0.29599643902461326,1.0,44.384832083490004,22.284708539362004,9.636184806385762,59.17586042739142,37.94968262964214,37.94968262964214,0.0,7.685015981599921,1.9212539953999803,115.27523972399882,0.0,0.0,0.0,0.0,7.105427357601002e-15,0.0,0.0,0.0,0.0,0.3315835425079037,-0.5157151783735205,0.0
3,autumn_processing,秋季农产品加工日,60.0,18.75,0.25,63.04350557708084,31.09653584881757,15.094936303782896,3.223082506074097,0.0,3.223082506074097,0.0,38.1735181634098,0.0,0.0,29.561603016295837,10.346561055703543,13.302721357333127,1.7392939097653193,5.565740511249022,5.0316454345942985,15.094936303782896,0.0,0.0,0.0,13.887832919640932,23.818490664046664,0.0,12.228073980235422,28.414431056140536,0.0,4.18345027661209,0.0,0.0,0.0,0.0,18.90733686283784,10.733181886013655,13.241531824429998,5.970452657385938,14.009050636577143,0.0,132.0,19.8,42.5,45.0,0.0,0.2977422908033749,1.0,44.130453903956585,22.38950581114865,9.358860508345396,58.86005530046875,38.1735181634098,38.1735181634098,0.0,7.685015981599921,1.9212539953999803,115.27523972399882,0.0,0.0,0.0,0.0,7.105427357601002e-15,0.0,0.0,0.0,0.0,0.1455517663703425,-0.4472972549038161,0.0
3,autumn_processing,秋季农产品加工日,60.0,19.0,0.25,62.41133560490654,31.202570507993176,14.696600772432303,3.223082506074097,0.0,3.223082506074097,0.0,36.83616786675185,0.0,0.0,29.561603016295837,10.346561055703543,13.302721357333127,1.772429740757696,5.6717751704246275,4.898866924144101,14.696600772432303,0.0,0.0,0.0,14.549657043271658,19.988442622863026,0.0,12.228073980235422,25.182309635287357,0.0,4.127163798007185,0.0,0.0,0.0,0.0,19.088376119107036,10.521367686577218,13.114124176439542,5.912111712452298,13.684953258653099,0.0,132.0,19.8,42.5,45.0,0.0,0.28731134914300727,1.0,43.687934923434575,22.465850765755086,9.111892478908027,58.28417180689935,36.83616786675185,36.83616786675185,0.0,7.685015981599921,1.9212539953999803,115.27523972399882,0.0,0.0,0.0,0.0,-7.105427357601002e-15,0.0,0.0,0.0,0.0,0.10603465917560584,-0.3983355313505932,0.0
3,autumn_processing,秋季农产品加工日,60.0,19.25,0.25,61.71961620538754,31.44587585060932,14.037161751158239,3.223082506074097,0.0,3.223082506074097,0.0,38.68751269962805,0.0,0.0,29.561603016295837,10.346561055703543,13.302721357333127,1.8484626603252408,5.91508051304077,4.679053917052746,14.037161751158239,0.0,0.0,0.0,11.92747801692548,16.84863319627781,0.0,12.228073980235422,21.951804275144607,0.0,4.062498504434358,0.0,0.0,0.0,0.0,19.156904495555082,10.284756910331824,12.988584496630478,5.855386713589334,13.344482633477131,0.0,132.0,19.8,42.5,45.0,0.0,0.3017512980428682,1.0,43.203731343771274,22.64103061243871,8.703040285718108,57.65711770095318,38.68751269962805,38.68751269962805,0.0,7.685015981599921,1.9212539953999803,115.27523972399882,0.0,0.0,0.0,0.0,7.105427357601002e-15,0.0,0.0,0.0,0.0,0.2433053426161429,-0.6594390212740642,0.0
3,autumn_processing,秋季农产品加工日,60.0,19.5,0.25,60.77789656815891,31.54666140791552,13.684293736874926,3.223082506074097,0.0,3.223082506074097,0.0,35.00342453203812,0.0,0.0,29.561603016295837,10.346561055703543,13.302721357333127,1.8799581469834281,6.01586607034697,4.561431245624975,13.684293736874926,0.0,0.0,0.0,14.656167267118018,12.990904641692204,0.0,12.228073980235422,18.722914167681925,0.0,3.990050599833529,0.0,0.0,0.0,0.0,19.107684840650716,10.026637592105136,12.865955324682458,5.800578585294906,12.99220515314225,0.0,132.0,19.8,42.5,45.0,0.0,0.2730164864951276,1.0,42.54452759771123,22.713596213699173,8.484262116862453,56.78784596832538,35.00342453203812,35.00342453203812,0.0,7.685015981599921,1.9212539953999803,115.27523972399882,0.0,0.0,0.0,0.0,7.105427357601002e-15,0.0,0.0,0.0,0.0,0.10078555730619954,-0.35286801428331316,0.0
3,autumn_processing,秋季农产品加工日,60.0,19.75,0.25,59.72958650284708,31.466193422445063,13.200199669999215,3.223082506074097,0.0,3.223082506074097,0.0,36.031334265843185,0.0,0.0,29.561603016295837,10.346561055703543,13.302721357333127,1.8799581469834281,6.01586607034697,4.400066556666405,13.200199669999215,0.0,0.0,0.0,12.497947803653009,9.701321463919854,0.0,12.147605994764966,15.516814290923092,0.0,3.910685575223068,0.0,0.0,0.0,0.0,18.940471802114686,9.750899397517895,12.74718192055484,5.747943055948842,12.632826768908181,0.0,132.0,19.8,42.5,45.0,0.0,0.2810338821559647,1.0,41.810710551992955,22.655659264160445,8.184123795399513,55.81890092762401,36.031334265843185,36.031334265843185,0.0,7.685015981599921,1.9212539953999803,115.27523972399882,0.0,0.0,0.0,0.0,-7.105427357601002e-15,0.0,0.0,0.0,0.0,0.0,-0.484094066875711,0.0
3,autumn_processing,秋季农产品加工日,60.0,20.0,0.25,58.41812663367307,31.360679913643548,12.920146024656015,3.223082506074097,0.0,3.223082506074097,0.0,37.74174793911906,0.0,0.0,29.561603016295837,10.346561055703543,13.302721357333127,1.8799581469834281,6.01586607034697,4.306715341552005,12.920146024656015,0.0,0.0,0.0,9.467897847791193,7.209284332638449,0.0,12.042092485963451,12.340084176945144,0.0,3.8255107735206093,0.0,0.0,0.0,0.0,18.660046250930094,9.4618628661314,12.633095626576477,5.6976904724469435,12.271031134891508,0.0,132.0,19.8,42.5,45.0,0.0,0.29437460917836195,1.0,40.89268864357115,22.579689537823352,8.01049053528673,54.592615860152456,37.74174793911906,37.74174793911906,0.0,7.685015981599921,1.9212539953999803,115.27523972399882,0.0,0.0,0.0,0.0,7.105427357601002e-15,0.0,0.0,0.0,0.0,0.0,-0.2800536453431999,0.0
3,autumn_processing,秋季农产品加工日,60.0,20.25,0.25,57.020753886255584,31.46959973235632,12.65490761387436,3.223082506074097,0.0,3.223082506074097,0.0,40.86478653760874,0.0,0.0,29.561603016295837,10.346561055703543,13.302721357333127,1.8799581469834281,6.01586607034697,4.21830253795812,12.65490761387436,0.0,0.0,0.0,4.9487514492144635,5.906620855470637,0.0,12.151012304676222,9.136279317836614,0.0,3.7358330225962955,0.0,0.0,0.0,0.0,18.27589845033586,9.164097725451775,12.524401769393899,5.649986476440852,11.911331793925557,0.0,132.0,19.8,42.5,45.0,0.0,0.31873339797538125,1.0,39.914527720378906,22.65811180729655,7.846042720602104,53.28492086365929,40.86478653760874,40.86478653760874,0.0,7.685015981599921,1.9212539953999803,115.27523972399882,0.0,0.0,0.0,0.0,7.105427357601002e-15,0.0,0.0,0.0,0.0,0.0,-0.2652384107816541,0.0
3,autumn_processing,秋季农产品加工日,60.0,20.5,0.25,55.64312296369843,31.35902608438265,12.254415803414975,3.223082506074097,0.0,3.223082506074097,0.0,43.9589832889627,0.0,0.0,29.561603016295837,10.346561055703543,13.302721357333127,2.845279278531746,9.104893691301587,4.084805267804992,12.254415803414975,0.0,0.0,0.0,1.4014768719790214,5.537515821275489,0.0,8.951411035747935,6.776076695086137,0.0,3.6431037873158054,0.0,0.0,0.0,0.0,17.80159066974146,8.862240603255247,12.421672211176835,5.604953454714412,11.557943551461126,0.0,132.0,19.8,42.5,45.0,0.0,0.3428672287897375,1.0,38.9501860745889,22.578498780755506,7.597737798117285,52.00001917638262,43.9589832889627,43.9589832889627,0.0,7.685015981599921,1.9212539953999803,115.27523972399882,0.0,0.0,0.0,0.0,0.0,0.0,0.0,0.0,0.0,3.0890276209546172,-0.40049181045938553,0.0
3,autumn_processing,秋季农产品加工日,60.0,20.75,0.25,54.11689211112902,31.21317794160201,11.77034536040638,0.859621969019928,0.0,0.859621969019928,0.0,48.88231967405847,0.0,0.0,29.561603016295837,10.346561055703543,13.302721357333127,5.597017682584025,17.910456584268882,3.9234484534687932,11.77034536040638,0.0,0.0,-0.0,0.0,5.537238945484424,-0.0,0.0,6.772688656738594,0.0,3.5488555483999016,0.0,0.0,0.0,0.0,17.25386028850374,8.560821789621496,12.32534245100286,5.5626726635783195,11.21467674636287,0.0,132.0,19.8,42.5,45.0,0.0,0.3812678144370701,1.0,37.88182447779031,22.473488117953444,7.297614123451955,50.56803656272912,48.88231967405847,48.88231967405847,0.0,6.385112686220129,1.5962781715550323,95.77669029330194,0.0,0.0,0.0,0.0,0.0,0.0,0.0,-2.363460537054169,0.0,8.805562892967295,-0.48407044300859603,0.0
3,autumn_processing,秋季农产品加工日,60.0,21.0,0.25,52.81915754491815,31.23096428517906,11.304578539286203,0.0,0.0,0.0,0.0,50.747670656078824,0.0,0.0,29.561603016295837,10.346561055703543,13.302721357333127,7.961515310916531,25.4768489949329,3.768192846428734,11.304578539286203,0.0,0.0,-0.0,0.0,5.5369620835371505,7.548606067086968,0.0,8.562096253343379,0.0,3.454633990481041,0.0,0.0,0.0,0.0,16.65154728656929,8.264109430262216,12.235712992234431,5.523186918596117,10.884856644005794,0.0,132.0,19.8,42.5,45.0,0.0,0.3958170072089174,1.0,36.9734102814427,22.48629428532892,7.008838694357445,49.364523554437106,50.747670656078824,50.747670656078824,0.0,5.912320603259168,1.478080150814792,88.68480904888753,0.0,0.0,0.0,0.0,0.0,0.0,0.0,-0.859621969019928,0.0,7.566392410664019,-0.46576682112017664,0.0
3,autumn_processing,秋季农产品加工日,60.0,21.25,0.25,51.48128773732707,30.890339513638587,10.87566428985179,0.0,0.0,0.0,0.0,54.17833294123505,0.0,0.0,29.561603016295837,10.346561055703543,13.302721357333127,9.08200948582787,29.062430354649187,3.6252214299505963,10.87566428985179,0.0,0.0,0.5528337311439926,0.0,5.667983246579672,11.474812198343727,0.0,11.283083102323342,0.0,0.21645838731094846,0.0,0.0,0.0,0.0,16.0144428229776,7.975977807219714,12.152954537727314,5.486503736387345,10.571268735731614,0.0,132.0,19.8,42.5,45.0,0.0,0.4225751709019417,1.0,36.03690141612895,22.241044449819782,6.7429118597081095,51.26482935001612,54.17833294123505,54.17833294123505,0.0,5.912320603259168,1.478080150814792,88.68480904888753,0.0,0.0,0.0,0.0,7.105427357601002e-15,0.0,0.0,0.0,0.0,3.5855813597162864,-0.42891424943441336,0.0
3,autumn_processing,秋季农产品加工日,60.0,21.5,0.25,50.21961497650711,30.461085267856397,10.466266104738244,0.0,0.0,0.0,0.0,54.57393261738545,0.0,0.0,29.561603016295837,10.346561055703543,13.302721357333127,9.08200948582787,29.062430354649187,3.4887553682460815,10.466266104738244,0.0,0.0,5.402236856780167,0.0,6.950731100902633,11.904066444125917,0.0,14.104657341252086,0.0,3.272123014272231,0.0,0.0,0.0,0.0,15.362157267266147,7.699804346037144,12.077116457034323,5.452598814468941,10.276129406514727,0.0,132.0,19.8,42.5,45.0,0.0,0.42566073281724337,1.0,35.15373048355497,21.931981392856606,6.489084984937711,46.94749196223488,54.57393261738545,54.57393261738545,0.0,5.912320603259168,1.478080150814792,88.68480904888753,0.0,0.0,0.0,0.0,7.105427357601002e-15,0.0,0.0,0.0,0.0,0.0,-0.4093981851135453,0.0
3,autumn_processing,秋季农产品加工日,60.0,21.75,0.25,49.284320212465374,30.137077731746885,9.937158342500794,0.0,0.0,0.0,0.0,53.852112394704875,0.0,0.0,29.561603016295837,10.346561055703543,13.302721357333127,9.08200948582787,29.062430354649187,3.3123861141669315,9.937158342500794,0.0,0.0,5.706377310810563,0.0,8.305648175665096,12.22807398023543,0.0,17.001772582887376,0.0,3.186419672862323,0.0,0.0,0.0,0.0,14.713097038148181,7.438397853978596,12.008137890887062,5.421419737755537,10.001080291245833,0.0,132.0,19.8,42.5,45.0,0.0,0.42003074593133144,1.0,34.49902414872576,21.698695966857755,6.161038172350493,46.09790053960305,53.852112394704875,53.852112394704875,0.0,5.912320603259168,1.478080150814792,88.68480904888753,0.0,0.0,0.0,0.0,0.0,0.0,0.0,0.0,0.0,0.0,-0.5291077622374498,0.0
3,autumn_processing,秋季农产品加工日,60.0,22.0,0.25,48.01779228115547,29.961951564466577,9.583109247330976,-0.0,0.0,-0.0,0.0,54.86402818098783,0.0,0.0,26.689382531576353,9.341283886051723,12.01022213920936,9.431188564216452,30.17980340549265,3.1943697491103253,9.583109247330976,0.0,0.0,6.667786008413364,0.0,9.888832070254487,12.22807398023543,0.0,19.89743926690185,0.0,3.1058245358560552,0.0,0.0,0.0,0.0,14.083621779353868,7.1939584092121684,11.945860818101217,5.392889806010945,9.74720372315027,0.0,62.0,9.299999999999999,42.5,45.0,0.0,0.4279233934734901,1.0,33.61245459680883,21.572605126415937,5.941527733345205,44.911967745299414,54.86402818098783,54.86402818098783,0.0,5.337876506315271,1.3344691265788178,80.06814759472907,0.0,0.0,0.0,0.0,7.105427357601002e-15,3.552713678800501e-15,0.0,-0.0,-1.0052771696518192,1.1173730508434616,-0.35404909516981853,0.0
3,autumn_processing,秋季农产品加工日,60.0,22.25,0.25,46.90923024576306,29.555392647543258,9.177543577574472,-0.0,0.0,-0.0,0.0,56.255276443143764,0.0,0.0,23.363702192243075,8.177295767285075,10.513665986509384,9.757529583297234,31.22409466655115,3.059181192524824,9.177543577574472,0.0,0.0,7.7377421792623,0.0,11.72605139622577,12.182368005517276,0.0,22.780802948578753,0.0,3.0311109904185862,0.0,0.0,0.0,0.0,13.487429647284715,6.968067432861792,11.890044406348059,5.366911884728261,9.515056010483105,0.0,62.0,9.299999999999999,42.5,45.0,0.0,0.4387747235206005,1.0,32.83646117203414,21.279882706231145,5.690077018096172,43.87811925534447,56.255276443143764,56.255276443143764,0.0,4.672740438448615,1.1681851096121538,70.09110657672923,0.0,0.0,0.0,0.0,1.4210854715202004e-14,0.0,0.0,0.0,-1.1639881187666479,1.0442912610585005,-0.40556566975650377,0.0
3,autumn_processing,秋季农产品加工日,60.0,22.5,0.25,46.26854932679874,29.262406317535852,8.75381887185192,3.223082506074097,0.0,3.223082506074097,0.0,55.94669822661138,0.0,0.0,20.038021852909793,7.013307648518427,9.017109833809407,9.757529583297234,31.22409466655115,2.9179396239506397,8.75381887185192,0.0,0.0,10.201882796073097,0.0,14.148412257723319,10.978798182824704,0.0,25.376877115525332,0.0,2.9628129489158055,0.0,0.0,0.0,0.0,12.935192198292302,6.761704899897761,11.840379996809487,5.343372192075292,9.304714866400865,0.0,62.0,9.299999999999999,42.5,45.0,0.0,0.4363679035704698,1.0,32.38798452875912,21.068932548625813,5.42736770054819,43.30573637788294,55.94669822661138,55.94669822661138,0.0,5.780299748922712,1.445074937230678,86.70449623384067,0.0,0.0,0.0,0.0,0.0,-3.552713678800501e-15,0.0,3.223082506074097,-1.1639881187666488,0.0,-0.4237247057225524,0.0
3,autumn_processing,秋季农产品加工日,60.0,22.75,0.25,45.286342930668326,29.05495573800322,8.684253248850139,3.223082506074097,0.0,3.223082506074097,0.0,57.44901626966849,0.0,0.0,16.712341513576515,5.84931952975178,7.520553681109432,9.757529583297234,31.22409466655115,2.8947510829500462,8.684253248850139,0.0,0.0,11.484024415409031,0.0,16.87516063577008,9.689692609657362,0.0,27.665490671761194,0.0,2.9012297068302715,0.0,0.0,0.0,0.0,12.434434919458196,6.575289458328243,11.796506128069264,5.322143946123236,9.115837151792075,0.0,62.0,9.299999999999999,42.5,45.0,0.0,0.44808554546400153,1.0,31.700440051467826,20.91956813136232,5.384237014287086,42.385113223838054,57.44901626966849,57.44901626966849,0.0,5.115163681056057,1.2787909202640142,76.72745521584085,0.0,0.0,0.0,0.0,0.0,-3.552713678800501e-15,0.0,0.0,-1.163988118766647,0.0,-0.06956562300178071,0.0
3,autumn_processing,秋季农产品加工日,60.0,23.0,0.25,44.34584270469493,28.776010747724094,8.330919709702119,3.223082506074097,0.0,3.223082506074097,0.0,58.44393985613312,0.0,0.0,13.386661174243232,4.685331410985131,6.0239975284094545,9.757529583297234,31.22409466655115,2.776973236567373,8.330919709702119,0.0,0.0,12.318451198104224,0.0,19.799949037288044,8.47208144723651,0.0,29.663777270143985,0.0,2.8464429494714167,0.0,0.0,0.0,0.0,11.989637715158308,6.408736466058253,11.758023080334537,5.3030908090363456,8.947723147939667,0.0,62.0,9.299999999999999,42.5,45.0,0.0,0.4558456588111709,1.0,31.042089893286448,20.71872773836135,5.165170220015313,41.499399755223514,58.44393985613312,58.44393985613312,0.0,4.4500276131894,1.11250690329735,66.750414197841,0.0,0.0,0.0,0.0,0.0,0.0,0.0,0.0,-1.1639881187666488,0.0,-0.3533335391480197,0.0
3,autumn_processing,秋季农产品加工日,60.0,23.25,0.25,43.56874234700598,28.448525632719974,8.168272206499948,3.223082506074097,0.0,3.223082506074097,0.0,60.787753650509096,0.0,0.0,10.06098083490995,3.521343292218482,4.527441375709477,9.757529583297234,31.22409466655115,2.7227574021666494,8.168272206499948,0.0,0.0,14.281493296446289,0.0,23.190813697742175,7.303010409540653,0.0,31.38341035377482,0.0,2.7983431801144802,0.0,0.0,0.0,0.0,11.602513661027226,6.261528619486926,11.724506510547892,5.286070077726755,8.799383820755047,0.0,62.0,9.299999999999999,42.5,45.0,0.0,0.4741267217555594,1.0,30.498119642904182,20.48293845555838,5.064328768029967,40.7703991668915,60.787753650509096,60.787753650509096,0.0,3.7848915453227434,0.9462228863306859,56.77337317984115,0.0,0.0,0.0,0.0,1.4210854715202004e-14,-3.552713678800501e-15,0.0,0.0,-1.1639881187666488,0.0,-0.16264750320217125,0.0
3,autumn_processing,秋季农产品加工日,60.0,23.5,0.25,42.814224853956866,28.2847806880716,8.077975633935292,-0.0,0.0,-0.0,0.0,60.153016117781505,0.0,0.0,6.735300495576668,2.357355173451834,3.0308852230095007,9.757529583297234,31.22409466655115,2.6926585446450972,8.077975633935292,0.0,0.0,10.002620759924767,0.0,25.56527658753941,5.970199201489051,0.0,32.78564095895158,0.0,2.7566624505906274,0.0,0.0,0.0,0.0,11.272415065056373,6.13279390240317,11.69551984559786,5.270935583206797,8.669607929738786,0.0,62.0,9.299999999999999,42.5,45.0,0.0,0.46917595441354526,1.0,29.969957397769804,20.36504209541155,5.008344893039881,40.05756240336624,60.153016117781505,60.153016117781505,0.0,1.3470600991153336,0.3367650247788334,20.205901486730006,0.0,0.0,0.0,0.0,0.0,0.0,0.0,-3.223082506074097,-1.1639881187666483,0.0,-0.09029657256465562,0.0
3,autumn_processing,秋季农产品加工日,60.0,23.75,0.25,42.50323366435175,28.151286283299164,7.896696225908888,-0.0,0.0,-0.0,0.0,59.90835316289248,0.0,0.0,3.409620156243387,1.1933670546851853,1.5343290703095243,9.757529583297234,31.22409466655115,2.6322320753029627,7.896696225908888,0.0,0.0,8.92973513252932,0.0,27.68481041768575,4.607137453561509,0.0,33.863443283692966,0.0,2.721010237903595,0.0,0.0,0.0,0.0,10.996813320099616,6.0213859672325425,11.670625198649649,5.257540273096758,8.557026328483346,0.0,62.0,9.299999999999999,42.5,45.0,0.0,0.46726765483393756,1.0,29.75226356504622,20.268926123975398,4.895951660063511,39.782223426448155,59.90835316289248,59.90835316289248,0.0,0.6819240312486774,0.17048100781216935,10.228860468730161,0.0,0.0,0.0,0.0,-7.105427357601002e-15,-3.552713678800501e-15,0.0,0.0,-1.1639881187666485,0.0,-0.18127940802640374,0.0
4,winter_heating,冬季采暖日,80.0,0.0,0.25,34.47491881844127,46.32566071261451,2.4688575889905713,0.0,5.0,-5.0,0.0,59.584932703689624,0.0,0.0,0.0,0.0,0.0,17.65750648405755,56.50402074898416,0.8229525296635237,2.4688575889905713,0.0,0.0,1.6295548715272794,0.0,28.070445459152594,10.178360036369654,0.0,36.26387207068891,0.0,0.0,0.0,0.0,0.0,0.0,11.80027194200923,5.949317972019548,10.991732042262308,4.14281748856022,1.5033616864879322,0.0,52.0,7.8,46.0,45.0,0.0,0.46474506972654656,1.0,26.89043667838419,42.619607855605345,0.7406572766971714,34.47491881844127,59.584932703689624,59.584932703689624,0.0,0.0,0.0,0.0,0.0,0.0,0.0,0.0,0.0,0.0,0.0,-5.0,0.0,-2.983039084895026,-0.03019169542650335,0.0
4,winter_heating,冬季采暖日,80.0,0.25,0.25,34.698747814229726,46.559036183703384,2.565527348121853,0.0,5.0,-5.0,0.0,62.436356801761505,0.0,0.0,0.0,0.0,0.0,17.65750648405755,56.50402074898416,0.8551757827072843,2.565527348121853,0.0,0.0,4.224926720766948,0.0,29.07246203306178,9.944984565280777,0.0,38.607673968907775,0.0,0.0,0.0,0.0,0.0,0.0,11.803036727364832,5.952300685875409,11.005108740818377,4.143499579371369,1.5041430289633455,0.0,52.0,7.8,46.0,45.0,0.0,0.4869853447616531,1.0,27.065023295099188,42.83431328900711,0.7696582044365559,34.698747814229726,62.436356801761505,62.436356801761505,0.0,0.0,0.0,0.0,0.0,0.0,0.0,0.0,0.0,0.0,0.0,0.0,0.0,0.0,0.09666975913128173,0.0
4,winter_heating,冬季采暖日,80.0,0.5,0.25,34.58584715125811,46.90246477661515,2.597345027428337,0.0,5.0,-5.0,0.0,65.44332500145502,0.0,0.0,0.0,0.0,0.0,17.65750648405755,56.50402074898416,0.8657816758094458,2.597345027428337,0.0,0.0,7.3341896903299215,0.0,30.812878461413483,9.601555972369013,0.0,40.86873967536096,0.0,0.0,0.0,0.0,0.0,0.0,11.811031997786403,5.956139368567153,11.02054442941158,4.144329852196457,1.5050860692310126,0.0,52.0,7.8,46.0,45.0,0.0,0.5104388183534012,1.0,26.976960777981326,43.15026759448594,0.7792035082285012,34.58584715125811,65.44332500145502,65.44332500145502,0.0,0.0,0.0,0.0,0.0,0.0,0.0,0.0,0.0,0.0,0.0,0.0,0.0,0.0,0.03181767930648416,0.0
4,winter_heating,冬季采暖日,80.0,0.75,0.25,34.4206429175955,47.27639939973859,2.5386675702172274,0.0,5.0,-5.0,0.0,71.9760087725709,0.0,0.0,0.0,0.0,0.0,17.65750648405755,56.50402074898416,0.8462225234057424,2.5386675702172274,0.0,0.0,14.051636847512114,0.0,34.14860156877454,9.227621349245574,0.0,43.03986537596911,0.0,0.0,0.0,0.0,0.0,0.0,11.82435696254321,5.961047137568058,11.03826747179009,4.145336221304789,1.5062194231045318,0.0,52.0,7.8,46.0,45.0,0.0,0.561391843505022,1.0,26.84810147572449,43.494287447759504,0.7616002710651683,34.4206429175955,71.9760087725709,71.9760087725709,0.0,0.0,0.0,0.0,0.0,0.0,0.0,0.0,0.0,0.0,0.0,0.0,0.0,0.0,-0.05867745721110973,0.0
4,winter_heating,冬季采暖日,80.0,1.0,0.25,34.35067792554186,47.52958083339371,2.6570410615668694,0.0,5.0,-5.0,0.0,73.83685385127902,0.0,0.0,0.0,0.0,0.0,17.65750648405755,56.50402074898416,0.8856803538556232,2.6570410615668694,0.0,0.0,15.942989087823989,0.0,37.933354047054294,8.974439915590452,0.0,45.149774923233856,0.0,0.0,0.0,0.0,0.0,0.0,11.843168080171502,5.967280280597358,11.058514982387573,4.146550857169545,1.50757567744426,0.0,52.0,7.8,46.0,45.0,0.0,0.5759058915472538,1.0,26.79352878192265,43.727214366722215,0.7971123184700608,34.35067792554186,73.83685385127902,73.83685385127902,0.0,0.0,0.0,0.0,0.0,0.0,0.0,0.0,-7.105427357601002e-15,0.0,0.0,0.0,0.0,0.0,0.11837349134964192,0.0
4,winter_heating,冬季采暖日,80.0,1.25,0.25,34.505096388015545,47.963040054860464,2.547195414795819,0.0,5.0,-5.0,0.0,76.82349964625615,0.0,0.0,0.0,0.0,0.0,17.65750648405755,56.50402074898416,0.849065138265273,2.547195414795819,0.0,0.0,15.259794479205855,0.0,41.55565856816333,8.540980694123697,0.0,47.15568295062662,3.5520371567119295,0.0,0.0,0.0,0.0,0.0,11.867717127333288,5.975144221339654,11.081529986364508,4.148010616958637,1.5091917114992284,0.0,52.0,7.8,46.0,45.0,0.0,0.5992008563185943,1.0,26.913975182652127,44.12599685047163,0.7641586244387456,38.05713354472748,76.82349964625615,76.82349964625615,0.0,0.0,0.0,0.0,0.0,0.0,0.0,0.0,0.0,0.0,0.0,0.0,0.0,0.0,-0.10984564677105046,0.0
4,winter_heating,冬季采暖日,80.0,1.5,0.25,34.27958520063453,48.30898898601336,2.5251238873028687,0.0,5.0,-5.0,0.0,77.69047209378924,0.0,0.0,0.0,0.0,0.0,17.65750648405755,56.50402074898416,0.8417079624342896,2.5251238873028687,0.0,0.0,16.140918074593074,0.0,45.38704882795078,8.1950317629708,0.0,49.07842515285687,3.7707543720697982,0.0,0.0,0.0,0.0,0.0,11.898401780500912,5.984999565983458,11.107557969587834,4.149757472548207,1.5111089965382423,0.0,52.0,7.8,46.0,45.0,0.0,0.605962988157921,1.0,26.738076456494934,44.44426986713229,0.7575371661908606,38.050339572704324,77.69047209378924,77.69047209378924,0.0,0.0,0.0,0.0,0.0,0.0,0.0,0.0,0.0,0.0,0.0,0.0,0.0,0.0,-0.02207152749295016,0.0
4,winter_heating,冬季采暖日,80.0,1.75,0.25,34.45489502407934,48.57765160434517,2.426954150607698,0.0,5.0,-5.0,0.0,77.62867248370499,0.0,0.0,0.0,0.0,0.0,17.65750648405755,56.50402074898416,0.8089847168692327,2.426954150607698,0.0,0.0,15.917247806050135,0.0,49.16512582944629,7.92636914463899,0.0,50.93639861213221,3.7900384526487274,0.0,0.0,0.0,0.0,0.0,11.935829464657784,5.997268003487311,11.136842816731102,4.151838924411007,1.5133738613170247,0.0,52.0,7.8,46.0,45.0,0.0,0.6054809692515558,1.0,26.87481811878189,44.69143947599756,0.7280862451823095,38.24493347672807,77.62867248370499,77.62867248370499,0.0,0.0,0.0,0.0,0.0,0.0,0.0,0.0,0.0,0.0,0.0,0.0,0.0,0.0,-0.0981697366951706,0.0
4,winter_heating,冬季采暖日,80.0,2.0,0.25,34.42675247506539,49.15772345349021,2.444647077793212,0.0,5.0,-5.0,0.0,64.50709957982151,0.0,11.053188627345861,0.0,0.0,0.0,17.65750648405755,56.50402074898416,0.814882359264404,2.444647077793212,0.0,0.0,2.8210154891769736,0.0,49.83265875183435,7.346297295493947,0.0,52.65567602050596,3.786942772257193,0.0,0.0,0.0,0.0,0.0,11.980893187737404,6.012437773514979,11.169622156628202,4.154308387541256,1.5160377092753505,0.0,52.0,7.8,46.0,45.0,0.0,0.5893481760905552,1.0,26.852866930551006,45.225105577210996,0.7333941233379636,38.21369524732258,75.56028820716737,64.50709957982151,11.053188627345861,0.0,0.0,0.0,0.0,0.0,0.0,0.0,7.105427357601002e-15,0.0,0.0,0.0,0.0,0.0,0.017692927185513962,0.0
4,winter_heating,冬季采暖日,80.0,2.25,0.25,34.52588597872573,49.64576662855635,2.404757105361467,0.0,5.0,-5.0,0.0,61.793316708283285,0.0,13.618450395246029,0.0,0.0,0.0,17.65750648405755,56.50402074898416,0.8015857017871557,2.404757105361467,0.0,0.0,0.010491086053015783,0.0,49.83265875183435,6.858254120427809,0.0,54.25818353609731,3.7978474576598305,0.0,0.0,0.0,0.0,0.0,12.034854888068281,6.031068355876284,11.206122157912276,4.157225533376328,1.519157171837129,0.0,52.0,7.8,46.0,45.0,0.0,0.5881897548666967,1.0,26.93019106340607,45.67410529827185,0.7214271316084401,38.32373343638556,75.41176710352931,61.793316708283285,13.618450395246029,0.0,0.0,0.0,0.0,0.0,0.0,0.0,7.105427357601002e-15,0.0,0.0,0.0,0.0,0.0,-0.03988997243174497,0.0
4,winter_heating,冬季采暖日,80.0,2.5,0.25,34.7290448625068,50.12697540542935,2.5479203426725103,0.0,5.0,-5.0,0.0,62.06654414838395,0.0,13.23158314197682,0.0,0.0,0.0,17.65750648405755,56.50402074898416,0.8493067808908368,2.5479203426725103,0.0,0.0,0.010491086053015783,0.0,49.83265875183435,6.377045343554812,0.0,55.74560271342354,3.820194934875748,0.0,0.0,0.0,0.0,0.0,12.099427468518607,6.053793977474161,11.246551844290934,4.160656569546652,1.5227941808836123,0.0,52.0,7.8,46.0,45.0,0.0,0.5873033975193223,1.0,27.088654992755302,46.116817372995,0.764376102801753,38.54923979738255,75.29812729036077,62.06654414838395,13.23158314197682,0.0,0.0,0.0,0.0,0.0,0.0,0.0,0.0,0.0,0.0,0.0,0.0,0.0,0.1431632373110432,0.0
4,winter_heating,冬季采暖日,80.0,2.75,0.25,34.70885352591989,50.699532558397834,2.508734448409157,0.0,5.0,-5.0,0.0,62.03106980001803,0.0,10.642955749353732,0.0,0.0,0.0,17.657506484057546,56.50402074898415,0.8362448161363857,2.508734448409157,0.0,0.0,0.010491086053015783,0.0,49.83265875183435,5.804488190586319,0.0,57.09629585733108,3.817973887851188,0.0,0.0,0.0,0.0,0.0,12.176841481288626,6.081325481399429,11.291097026811965,4.164674437326223,1.5270159424802652,0.0,52.0,7.8,46.0,45.0,0.0,0.5668361704662996,1.0,27.072905750217515,46.64356995372601,0.752620334522747,38.52682741377108,72.67402554937176,62.03106980001803,10.642955749353732,0.0,0.0,0.0,0.0,0.0,0.0,0.0,7.105427357601002e-15,0.0,0.0,0.0,0.0,-7.105427357601002e-15,-0.039185894263353394,0.0
4,winter_heating,冬季采暖日,80.0,3.0,0.25,35.12771510927401,51.17313942925682,2.477359551337696,0.0,5.0,-5.0,0.0,62.48554785851728,0.0,7.965097305583313,0.0,0.0,0.0,17.657506484057546,56.50402074898415,0.8257865171125652,2.477359551337696,0.0,0.0,0.010491086053015783,0.0,49.83265875183435,5.330881319727332,0.0,58.33383202283766,3.864048662020141,0.0,0.0,0.0,0.0,0.0,12.269877091397662,6.114450062848668,11.339913979209037,4.169358904978092,1.5318947933621572,0.0,52.0,7.8,46.0,45.0,0.0,0.5494944529331103,1.0,27.399617785233726,47.07928827491628,0.7432078654013087,38.991763771294146,70.45064516410059,62.48554785851728,7.965097305583313,0.0,0.0,0.0,0.0,0.0,0.0,0.0,7.105427357601002e-15,0.0,0.0,0.0,0.0,0.0,-0.03137489707146113,0.0
4,winter_heating,冬季采暖日,80.0,3.25,0.25,35.42830137178927,52.15582571728036,2.475770384769521,0.0,5.0,-5.0,0.0,62.818668887719824,0.0,4.988951670245513,0.0,0.0,0.0,17.657506484057546,56.50402074898415,0.8252567949231736,2.475770384769521,0.0,0.0,0.010491086053015783,0.0,49.83265875183435,4.348195031703796,0.0,59.3373614268559,3.8971131508968195,0.0,0.0,0.0,0.0,0.0,12.381837685767072,6.1540283534154545,11.393123010732625,4.174796533914582,1.5375079216242937,0.0,52.0,7.8,46.0,45.0,0.0,0.5288796330595075,1.0,27.634075069995628,47.98335965989793,0.7427311154308562,39.32541452268609,67.80762055796534,62.818668887719824,4.988951670245513,0.0,0.0,0.0,0.0,0.0,0.0,0.0,7.105427357601002e-15,0.0,0.0,0.0,0.0,0.0,-0.0015891665681748712,0.0
4,winter_heating,冬季采暖日,80.0,3.5,0.25,35.56957619726598,53.037838634396195,2.650332218662188,0.0,5.0,-5.0,0.0,63.033671221963196,0.0,3.354793791569982,0.0,0.0,0.0,17.657506484057546,56.50402074898415,0.883444072887396,2.650332218662188,0.0,0.0,0.010491086053015783,0.0,49.83265875183435,3.4661821145879586,0.0,60.13091099835711,3.912653381699258,0.0,0.0,0.0,0.0,0.0,12.516439905905806,6.2009883347360875,11.450802117436693,4.181080493850458,1.5439369336234074,0.0,52.0,7.8,46.0,45.0,0.0,0.5178106343626423,1.0,27.744269433867466,48.7948115436445,0.7950996655986564,39.48222957896524,66.38846501353318,63.033671221963196,3.354793791569982,0.0,0.0,0.0,0.0,0.0,0.0,0.0,0.0,0.0,0.0,0.0,0.0,0.0,0.1745618338926671,0.0
4,winter_heating,冬季采暖日,80.0,3.75,0.25,35.871603230499005,54.049487774785185,2.5832581768328695,0.0,5.0,-5.0,0.0,63.34656321490875,0.0,3.7889146617351415,0.0,0.0,0.0,17.657506484057546,56.50402074898415,0.8610860589442898,2.5832581768328695,0.0,0.0,0.010491086053015783,0.0,49.83265875183435,2.454532974198969,0.0,60.68379712423019,3.9458763553548906,0.0,0.0,0.0,0.0,0.0,12.67759771938531,6.256315590086826,11.512980916235565,4.18831020305209,1.5512672503706577,0.0,52.0,7.8,46.0,45.0,0.0,0.5236371164848839,1.0,27.979850519789224,49.72552875280237,0.7749774530498609,39.817479585853896,67.13547787664389,63.34656321490875,3.7889146617351415,0.0,0.0,0.0,0.0,0.0,0.0,0.0,0.0,0.0,0.0,0.0,0.0,0.0,-0.06707404182931853,0.0
4,winter_heating,冬季采暖日,80.0,4.0,0.25,36.38514982080636,55.27345491195955,2.575479389204729,0.0,5.0,-5.0,0.0,63.914007000940536,0.0,4.286488444716618,0.0,0.0,0.0,17.657506484057546,56.50402074898415,0.8584931297349097,2.575479389204729,0.0,0.0,0.010491086053015783,0.0,49.83265875183435,1.2305658370246064,0.0,60.945714611961414,4.0023664802887,0.0,0.0,0.0,0.0,0.0,12.869086902678674,6.321039463439713,11.579635084607881,4.196590770506949,1.5595873187619862,0.0,52.0,7.8,46.0,45.0,0.0,0.5319439424207705,1.0,28.380416860228962,50.851578519002786,0.7726438167614187,40.38751630109506,68.20049544565715,63.914007000940536,4.286488444716618,0.0,0.0,0.0,0.0,0.0,0.0,0.0,0.0,0.0,0.0,0.0,0.0,0.0,-0.007778787628140549,0.0
4,winter_heating,冬季采暖日,80.0,4.25,0.25,36.66083634529535,56.33999482901824,2.437118654269297,0.0,5.0,-5.0,0.0,64.17389879814485,0.0,4.0738836176107185,0.0,0.0,0.0,17.657506484057546,56.50402074898415,0.8123728847564323,2.437118654269297,0.0,0.0,0.010491086053015783,0.0,49.83265875183435,0.16402591996591553,0.0,60.95419791064734,4.0326919979824885,0.0,0.0,0.0,0.0,0.0,13.09409167615053,6.396214793782231,11.650681541021164,4.206032218477407,1.5689876259172395,0.0,52.0,7.8,46.0,45.0,0.0,0.5323127669745352,1.0,28.595452349330376,51.83279524269678,0.7311355962807891,40.69352834327784,68.24778241575557,64.17389879814485,4.0738836176107185,0.0,0.0,0.0,0.0,0.0,0.0,0.0,1.4210854715202004e-14,0.0,0.0,0.0,0.0,0.0,-0.1383607349354321,0.0
4,winter_heating,冬季采暖日,80.0,4.5,0.25,37.12371118962946,57.511175815916616,2.402180923512912,0.0,5.0,-5.0,0.0,65.0308813695138,0.0,5.707786020719794,0.0,0.0,0.0,18.01234388846779,57.63950044309693,0.800726974504304,2.402180923512912,0.0,0.0,0.010491086053015783,0.0,49.83265875183435,0.12832462718030888,0.0,60.95419791064734,4.083608230859241,0.0,0.0,0.0,0.0,0.0,13.35465654349753,6.4828990307420495,11.725974605450592,4.216748466565439,1.5795595087182277,0.0,52.0,7.8,46.0,45.0,0.0,0.5517409421627388,1.0,28.95649472791098,52.910281750643286,0.7206542770538735,41.2073194204887,70.7386673902336,65.0308813695138,5.707786020719794,0.0,0.0,0.0,0.0,0.0,0.0,0.0,0.0,0.0,0.0,0.0,0.0,1.1354796941127745,-0.034937730756384955,0.0
4,winter_heating,冬季采暖日,80.0,4.75,0.25,37.39094041990202,58.927376497598615,2.4379838355862886,0.0,5.0,-5.0,0.0,65.78200283216646,0.0,5.589821137394097,0.0,0.0,0.0,18.454906601493413,59.05570112477893,0.8126612785287629,2.4379838355862886,0.0,0.0,0.010491086053015783,0.0,49.83265875183435,0.12832462718030888,0.0,60.95419791064734,4.113003446189222,0.0,0.0,0.0,0.0,0.0,13.651091226853284,6.582124716211198,11.805303374379491,4.228856062181404,1.5913937553560473,0.0,52.0,7.8,46.0,45.0,0.0,0.5566793785300405,1.0,29.16493352752358,54.21318637779073,0.7313951506758866,41.50394386609125,71.37182396956055,65.78200283216646,5.589821137394097,0.0,0.0,0.0,0.0,0.0,0.0,0.0,1.4210854715202004e-14,0.0,0.0,0.0,0.0,1.4162006816819996,0.035802912073376714,0.0
4,winter_heating,冬季采暖日,80.0,5.0,0.25,37.93559194054703,60.18921828705399,2.5730860282444636,0.0,5.0,-5.0,0.0,66.53459551675607,0.0,0.0,0.0,0.0,0.0,18.589706198087246,59.48705983387919,0.8576953427481545,2.5730860282444636,0.0,0.0,0.010491086053015783,0.0,49.83265875183435,0.0,0.7021584531748033,60.738942271382854,4.141110949320634,0.0,0.0,0.0,0.0,0.0,13.981400759265638,6.6948675336662316,11.888390529242258,4.242472647229077,1.6045790012890015,0.0,52.0,7.8,46.0,45.0,0.0,0.518950409601581,1.0,29.589761713626682,55.374080824089674,0.771925808473339,42.07670288986766,66.53459551675607,66.53459551675607,0.0,0.0,0.0,0.0,0.0,0.0,0.0,0.0,-7.105427357601002e-15,0.0,0.0,0.0,0.0,0.43135870910025886,0.13510219265817502,0.0
4,winter_heating,冬季采暖日,80.0,5.25,0.25,38.760101322197805,61.720066079138505,2.3611540306541294,0.0,5.0,-5.0,0.0,64.40977069832537,0.0,0.0,0.0,0.0,0.0,18.589706198087246,59.48705983387919,0.7870513435513765,2.3611540306541294,0.0,0.0,0.010491086053015783,0.0,49.83265875183435,0.0,2.2330062452593182,60.1209395778105,1.2624207484359355,0.0,0.0,0.0,0.0,0.0,14.340830799785364,6.822010377238499,11.974892770582164,4.257715156898589,1.6191999284026473,0.0,52.0,7.8,46.0,45.0,0.0,0.5023773967006682,1.0,30.23287903131429,56.78246079280743,0.7083462091962388,40.02252207063374,64.40977069832537,64.40977069832537,0.0,0.0,0.0,0.0,0.0,0.0,0.0,0.0,-7.105427357601002e-15,0.0,0.0,0.0,0.0,0.0,-0.2119319975903342,0.0
4,winter_heating,冬季采暖日,80.0,5.5,0.25,39.17186672136496,62.910370710335066,2.3537720527641515,0.0,5.0,-5.0,0.0,63.505675173520814,0.0,0.0,0.0,0.0,0.0,18.589706198087246,59.48705983387919,0.7845906842547171,2.3537720527641515,0.0,0.0,0.0,0.04048843018610171,49.81951226884779,0.0,3.4233108764558793,59.19000782474374,0.0,0.0,0.0,0.0,0.0,0.0,14.721624291661577,6.964304168152685,12.064403031854226,4.274697753660234,1.6353352832366128,0.0,52.0,7.8,46.0,45.0,0.0,0.4953257157026508,1.0,30.554056042664666,57.87754105350826,0.7061316158292454,39.17186672136496,63.505675173520814,63.505675173520814,0.0,0.0,0.0,0.0,0.0,0.0,0.0,0.0,0.0,0.0,0.0,0.0,0.0,0.0,-0.007381977889977964,0.0
4,winter_heating,冬季采暖日,80.0,5.75,0.25,39.86102265716776,63.98519778503888,2.3566576118724294,0.0,5.0,-5.0,0.0,59.61288956382364,0.0,0.0,0.0,0.0,0.0,18.589706198087246,59.48705983387919,0.7855525372908098,2.3566576118724294,0.0,0.0,0.0,4.62339182872217,48.6003392330443,0.0,4.498137951159691,57.97669230736829,0.0,0.0,0.0,0.0,0.0,0.0,15.113075053761536,7.122326435586738,12.15645457693127,4.29352950778261,1.6530557377363582,0.0,52.0,7.8,46.0,45.0,0.0,0.46496312506911,1.0,31.091597672590854,58.86638196223577,0.7069972835617288,39.86102265716776,59.61288956382364,59.61288956382364,0.0,0.0,0.0,0.0,0.0,0.0,0.0,0.0,-7.105427357601002e-15,0.0,0.0,0.0,0.0,0.0,0.002885559108277924,0.0
4,winter_heating,冬季采暖日,80.0,6.0,0.25,40.78811148000454,64.91791303681008,2.378995889316104,0.0,5.0,-5.0,0.0,57.538616000234796,0.0,0.0,0.0,0.0,0.0,18.589706198087246,59.48705983387919,0.7929986297720347,2.378995889316104,0.0,0.0,0.0,7.63220030762902,46.589435450917115,0.0,5.430853202930891,56.51853206570648,0.0,0.0,0.0,0.0,0.0,0.0,15.501934805405533,7.296438967990432,12.250527024684587,4.314311844808757,1.6724216238937528,0.0,52.0,7.8,46.0,45.0,0.0,0.4487843971894301,1.0,31.81472695440354,59.72447999386527,0.7136987667948312,40.78811148000454,57.538616000234796,57.538616000234796,0.0,0.0,0.0,0.0,0.0,0.0,0.0,0.0,0.0,0.0,0.0,0.0,0.0,0.0,0.02233827744367467,0.0
4,winter_heating,冬季采暖日,80.0,6.25,0.25,41.501147252385074,65.53120376834283,2.3925199202045646,0.0,5.0,-5.0,0.0,60.2456728626336,0.0,0.0,0.0,0.0,0.0,18.589706198087246,59.48705983387919,0.7975066400681882,2.3925199202045646,0.0,0.0,0.0,5.6426872279069045,45.10218828759012,0.0,6.044143934463648,54.89970860639372,0.0,0.0,0.0,0.0,0.0,0.0,15.873184341470656,7.486746112586193,12.346054273868399,4.33713579020443,1.6934805816070466,0.0,52.0,7.8,46.0,45.0,0.0,0.4698986499574181,1.0,32.37089485686036,60.28870746687541,0.7177559760613693,41.501147252385074,60.2456728626336,60.2456728626336,0.0,0.0,0.0,0.0,0.0,0.0,0.0,0.0,0.0,0.0,0.0,0.0,0.0,0.0,0.013524030888460548,0.0
4,winter_heating,冬季采暖日,80.0,6.5,0.25,42.15578670351661,65.86845605857319,2.4400142836244783,0.0,5.0,-5.0,0.0,62.0558380316239,0.0,0.0,0.0,0.0,0.0,18.589706198087246,59.48705983387919,0.8133380945414928,2.4400142836244783,0.0,0.0,0.0,4.502992964521454,43.91493502961746,0.0,6.381396224694001,53.19294395611843,0.0,0.0,0.0,0.0,0.0,0.0,16.211123198321882,7.6930555365119675,12.442434223970382,4.3620790515751535,1.7162651668298874,0.0,52.0,7.8,46.0,45.0,0.0,0.48401740950796585,1.0,32.88151362874296,60.598979573887334,0.7320042850873435,42.15578670351661,62.0558380316239,62.0558380316239,0.0,0.0,0.0,0.0,0.0,0.0,0.0,0.0,0.0,0.0,0.0,0.0,0.0,0.0,0.04749436341991364,0.0
4,winter_heating,冬季采暖日,80.0,6.75,0.25,43.07404365234997,66.13179922590001,2.3842526176815926,0.0,5.0,-5.0,0.0,61.39083244959115,0.0,0.0,0.0,0.0,0.0,18.589706198087246,59.48705983387919,0.7947508725605309,2.3842526176815926,0.0,0.0,0.0,6.067668273406596,42.31598447407477,0.0,6.644739392020824,51.417731854661206,0.0,0.0,0.0,0.0,0.0,0.0,16.500674835530376,7.914843443360571,12.539040105393347,4.389202989109877,1.7407904742722486,0.0,52.0,7.8,46.0,45.0,0.0,0.47883056022297515,1.0,33.597754048832975,60.84125528782801,0.7152757853044778,43.07404365234997,61.39083244959115,61.39083244959115,0.0,0.0,0.0,0.0,0.0,0.0,0.0,0.0,0.0,0.0,0.0,0.0,0.0,0.0,-0.055761665942885674,0.0
4,winter_heating,冬季采暖日,80.0,7.0,0.25,43.748021937727266,66.17252835564756,2.7020401074484397,0.0,5.0,-5.0,0.1285186321450027,64.9638691122399,-6.467049118441537e-15,0.0,0.0,0.0,0.0,18.589706198087246,59.48705983387919,0.9006800358161465,2.7020401074484397,0.0,0.0,0.0,3.1460204272457446,41.48596856241797,0.0,6.685468521768371,49.63268916721589,0.0,0.0,0.0,0.0,0.0,0.0,16.728757539713456,8.151226344559491,12.635233148620934,4.418549534876894,1.7670518352263433,0.0,93.28,13.991999999999999,46.0,45.0,0.0038797229584546502,0.5066992024714437,1.0,34.12345711142727,60.87872608719576,0.8106120322345319,43.748021937727266,65.09238774438491,65.09238774438491,-6.467049118441537e-15,0.0,0.0,0.0,0.0,0.0,0.0,0.0,0.0,0.0,0.0,0.0,0.0,0.0,0.3177874897668471,0.0
4,winter_heating,冬季采暖日,80.0,7.25,0.25,44.47583575100579,66.05409834656163,2.7353541249301765,0.0,5.0,-5.0,0.7311048567967617,64.7354155901488,2.6645352591003757e-15,0.0,0.0,0.0,0.0,18.589706198087246,59.48705983387919,0.9117847083100589,2.7353541249301765,0.0,0.0,0.0,3.510806210457524,40.559997892816824,0.0,6.567038512682444,47.879704792979005,0.0,0.0,0.0,0.0,0.0,0.0,16.885545618962553,8.400941498590528,12.730376240739366,4.450138130862656,1.795022656174443,0.0,93.28,13.991999999999999,46.0,45.0,0.02207060758903776,0.5049173317327204,1.0,34.691151885784514,60.769770478836705,0.8206062374790529,44.47583575100579,65.46652044694557,65.46652044694557,2.6645352591003757e-15,0.0,0.0,0.0,0.0,0.0,0.0,0.0,-7.105427357601002e-15,0.0,0.0,0.0,0.0,0.0,0.03331401748173679,0.0
4,winter_heating,冬季采暖日,80.0,7.5,0.25,44.793317300000545,65.5358143835163,2.7561760214628306,0.0,5.0,-5.0,1.4458299194188982,66.2278735889244,-7.105427357601002e-15,0.0,0.0,0.0,0.0,18.589706198087246,59.48705983387919,0.9187253404876102,2.7561760214628306,0.0,0.0,0.0,1.628045330232105,40.12953691128215,0.0,6.04875454963711,46.26398742752012,0.0,0.0,0.0,0.0,0.0,0.0,16.965448245462177,8.66233803793697,12.823848143084806,4.4839627637715305,1.8246524673583497,0.0,93.28,13.991999999999999,46.0,45.0,0.043646741634018445,0.5165580681610751,1.0,34.93878749400043,60.29294923283499,0.8268528064388492,44.793317300000545,67.6737035083433,67.6737035083433,-7.105427357601002e-15,0.0,0.0,0.0,0.0,0.0,0.0,0.0,7.105427357601002e-15,0.0,0.0,0.0,0.0,0.0,0.020821896532654094,0.0
4,winter_heating,冬季采暖日,80.0,7.75,0.25,45.19766616561387,64.71751769897661,2.9746806449329863,0.0,5.0,-5.0,2.249699316974457,64.82187477365326,-2.220446049250313e-15,0.0,0.0,0.0,0.0,18.589706198087246,59.48705983387919,0.9915602149776621,2.9746806449329863,0.0,0.0,0.0,2.7073584880510495,39.41506767442315,0.0,5.230457865097421,44.864419153517574,0.0,0.0,0.0,0.0,0.0,0.0,16.96766623875921,8.933380593651512,12.915057780333491,4.519989181152683,1.8558652521421384,0.0,93.28,13.991999999999999,46.0,45.0,0.0679139665899826,0.5055916881084521,1.0,35.25417960917882,59.54011628305848,0.8924041934798959,45.19766616561387,67.07157409062772,67.07157409062772,-2.220446049250313e-15,0.0,0.0,0.0,0.0,0.0,0.0,0.0,-7.105427357601002e-15,0.0,0.0,0.0,0.0,0.0,0.21850462347015576,0.0
4,winter_heating,冬季采暖日,80.0,8.0,0.25,45.53587347028913,63.6428024357787,3.057881872171108,0.0,5.0,-5.0,3.306179425637154,65.92955852054169,-1.3322676295501878e-15,0.0,0.0,0.0,0.0,18.589706198087246,59.48705983387919,1.0192939573903692,3.057881872171108,0.0,0.0,0.0,0.909135679587898,39.17385068956892,0.0,4.155742601899512,43.748370469756736,0.0,0.0,0.0,0.0,0.0,0.0,16.896245507879964,9.211666895843113,13.003458063527212,4.558152377957555,1.8885581275123642,0.0,93.28,13.991999999999999,46.0,45.0,0.09980700858956568,0.5142312977685424,1.0,35.517981306825526,58.55137824091641,0.9173645616513323,45.53587347028913,69.23573794617884,69.23573794617884,-1.3322676295501878e-15,0.0,0.0,0.0,0.0,0.0,0.0,0.0,-7.105427357601002e-15,0.0,0.0,0.0,0.0,0.0,0.08320122723812151,0.0
4,winter_heating,冬季采暖日,80.0,8.25,0.25,45.96841038559368,62.403761849110744,3.1702801076405587,0.0,5.0,-5.0,4.5313757323521315,66.33080064963755,3.552713678800501e-15,0.0,0.0,0.0,0.0,18.589706198087246,59.48705983387919,1.0567600358801863,3.1702801076405587,0.0,0.0,0.24729976242857532,0.0,39.23062569061123,0.0,2.9167020152315573,42.95894312261882,0.0,0.0,0.0,0.0,0.0,0.0,16.75961949054026,9.494460376908522,13.088558681564926,4.5983544447590745,1.922600443223189,0.0,93.28,13.991999999999999,46.0,45.0,0.13679325844641985,0.517360869168601,1.0,35.85536010076307,57.41146090118189,0.9510840322921675,45.96841038559368,70.86217638198968,70.86217638198968,3.552713678800501e-15,0.0,0.0,0.0,0.0,0.0,0.0,0.0,-7.105427357601002e-15,0.0,0.0,0.0,0.0,0.0,0.11239823546945082,0.0
4,winter_heating,冬季采暖日,80.0,8.5,0.25,46.07516499135085,61.10295659859727,3.2318172931550837,0.0,5.0,-5.0,6.005722914350514,68.42984880949234,4.440892098500626e-15,0.0,0.0,0.0,0.0,18.589706198087246,59.48705983387919,1.0772724310516946,3.2318172931550837,0.0,0.0,3.693428103353064,0.0,40.10585333387305,0.0,1.6158967647180802,42.512227660342226,0.0,0.0,0.0,0.0,0.0,0.0,16.56970800093928,9.778738241769414,13.169937291307198,4.640462868235925,1.9578333617716144,0.0,93.28,13.991999999999999,46.0,45.0,0.1813008797559791,0.5337328316622447,1.0,35.93862869325367,56.21472007070949,0.9695451879465251,46.07516499135085,74.43557172384286,74.43557172384286,4.440892098500626e-15,0.0,0.0,0.0,0.0,0.0,0.0,0.0,7.105427357601002e-15,0.0,0.0,0.0,0.0,0.0,0.06153718551452503,0.0
4,winter_heating,冬季采暖日,80.0,8.75,0.25,46.21290678587723,59.967969591738225,3.268418764304312,0.0,5.0,-5.0,7.456081221004553,66.66588330523878,-4.440892098500626e-15,0.0,0.0,0.0,0.0,18.589706198087246,59.48705983387919,1.0894729214347707,3.268418764304312,0.0,0.0,3.22987862084409,0.0,40.87094421365683,0.0,0.4809097578590382,42.36441634707547,0.0,0.0,0.0,0.0,0.0,0.0,16.340702352535956,10.061254811806684,13.247248558544662,4.684309370871468,1.9940699735316383,0.0,93.28,13.991999999999999,46.0,45.0,0.22508432443163218,0.5199744160012536,1.0,36.04606729298424,55.17053202439917,0.9805256292912935,46.21290678587723,74.12196452624333,74.12196452624333,-4.440892098500626e-15,0.0,0.0,0.0,0.0,0.0,0.0,0.0,0.0,0.0,0.0,0.0,0.0,0.0,0.03660147114922818,0.0
4,winter_heating,冬季采暖日,80.0,9.0,0.25,46.42833142780973,58.82091424535816,3.456830297492857,0.0,5.0,-5.0,9.326151670515372,69.10844117275836,-1.7763568394002505e-15,0.0,0.0,0.0,0.0,18.589706198087246,59.48705983387919,1.1522767658309523,3.456830297492857,0.0,0.0,7.264278451545806,0.0,42.59416679868827,0.6661455885210259,0.0,42.50144371617568,0.0,0.0,0.0,0.0,0.0,0.0,16.087705259780503,10.33861921982056,13.320230552502023,4.729689369961839,2.031095991035345,0.0,93.28,13.991999999999999,46.0,45.0,0.2815380474117303,0.5390256538720186,1.0,36.21409851369159,54.11524110572951,1.037049089247857,46.42833142780973,78.43459284327373,78.43459284327373,-1.7763568394002505e-15,0.0,0.0,0.0,0.0,0.0,0.0,0.0,0.0,0.0,0.0,0.0,0.0,0.0,0.1884115331885452,0.0
4,winter_heating,冬季采暖日,80.0,9.25,0.25,46.78493660173909,57.34522096311757,3.6005324001621473,0.0,5.0,-5.0,10.846851236484738,69.0539883173762,1.7763568394002505e-15,0.0,0.0,0.0,0.0,18.589706198087246,59.48705983387919,1.2001774667207157,3.6005324001621473,0.0,0.0,8.326019287313883,0.0,44.56946667108538,2.1418388707616174,0.0,42.98887972612347,0.0,0.0,0.0,0.0,0.0,0.0,15.825402952901179,10.607385761923187,13.38870807577705,4.776362125908751,2.068671053718672,0.0,93.28,13.991999999999999,46.0,45.0,0.3274449553871206,0.5386009375062681,1.0,36.49225054935649,52.75760328606817,1.0801597200486441,46.78493660173909,79.90083955386093,79.90083955386093,1.7763568394002505e-15,0.0,0.0,0.0,0.0,0.0,0.0,0.0,0.0,0.0,0.0,0.0,0.0,0.0,0.14370210266929018,0.0
4,winter_heating,冬季采暖日,80.0,9.5,0.25,46.959121764495514,55.830127906330134,3.5801462114798857,0.0,5.0,-5.0,12.224259271541655,66.49590644218944,0.0,0.0,0.0,0.0,0.0,18.589706198087246,59.48705983387919,1.1933820704932951,3.5801462114798857,0.0,0.0,6.977955680655043,0.0,46.2245026719074,3.656931927549053,0.0,43.83590661905331,0.0,0.0,0.0,0.0,0.0,0.0,15.566926630000802,10.86415443404802,13.45259261860132,4.824051636453525,2.106530659712633,0.0,93.28,13.991999999999999,46.0,45.0,0.3690261758496999,0.5186486461214318,1.0,36.6281149763065,51.36371767382373,1.0740438634439657,46.959121764495514,78.72016571373109,78.72016571373109,0.0,0.0,0.0,0.0,0.0,0.0,0.0,0.0,0.0,0.0,0.0,0.0,0.0,0.0,-0.020386188682261608,0.0
4,winter_heating,冬季采暖日,80.0,9.75,0.25,47.03256067979546,54.37898716804968,3.5665514206082674,0.0,5.0,-5.0,13.591181831914767,64.34740246377596,7.105427357601002e-15,0.0,0.0,0.0,0.0,18.589706198087246,59.48705983387919,1.1888504735360892,3.5665514206082674,0.0,0.0,4.116439194522052,0.0,47.199845755472786,5.1080726658295035,0.0,45.02715592387829,2.0110277497498847,0.0,0.0,0.0,0.0,0.0,15.323017101426428,11.105678435166043,13.511878758332314,4.872448317189649,2.144388724825195,0.0,93.28,13.991999999999999,46.0,45.0,0.4102908605992697,0.5018909426895757,1.0,36.68539733024046,50.02866819460571,1.0699654261824803,49.043588429545345,77.93858429569073,77.93858429569073,7.105427357601002e-15,0.0,0.0,0.0,0.0,0.0,0.0,0.0,-7.105427357601002e-15,0.0,0.0,0.0,0.0,0.0,-0.0135947908716183,0.0
4,winter_heating,冬季采暖日,80.0,10.0,0.25,46.86779494581851,53.1196242610948,3.7143372928308174,0.0,5.0,-5.0,15.10325259325532,67.81822679262588,-5.329070518200751e-15,0.0,0.0,0.0,0.0,18.589706198087246,59.48705983387919,1.2381124309436058,3.7143372928308174,0.0,0.0,6.070408366991799,0.0,48.63920775034557,6.367435572784387,0.0,46.51690829445264,5.155457444040036,0.0,0.0,0.0,0.0,0.0,15.101550459418487,11.328974748290202,13.566636977699005,4.921211489709872,2.181940751190348,0.0,88.0,13.2,46.0,45.0,0.45593728205326045,0.5289623585916711,1.0,36.55688005773844,48.87005432020722,1.1143011878492453,52.02325238985855,82.9214793858812,82.9214793858812,-5.329070518200751e-15,0.0,0.0,0.0,0.0,0.0,0.0,0.0,0.0,0.0,0.0,0.0,0.0,0.0,0.14778587222255002,0.0
4,winter_heating,冬季采暖日,80.0,10.25,0.25,46.813252844046865,51.987644507336825,3.8655523664796174,0.0,5.0,-5.0,16.14990791924511,65.72632307281178,-7.105427357601002e-15,0.0,0.0,0.0,0.0,18.589706198087246,59.48705983387919,1.2885174554932057,3.8655523664796174,0.0,0.0,5.03529668158442,0.0,49.83265875183435,7.499415326542362,0.0,48.274760980359225,5.149457812845156,0.0,0.0,0.0,0.0,0.0,14.907425336930803,11.53143335654408,13.617003042418625,4.969972677574852,2.2188675697091758,0.0,88.0,13.2,46.0,45.0,0.48753373332306577,0.5126461206433814,1.0,36.51433721835656,47.82863294674988,1.1596657099438852,51.96271065689202,81.87623099205689,81.87623099205689,-7.105427357601002e-15,0.0,0.0,0.0,0.0,0.0,0.0,0.0,7.105427357601002e-15,0.0,0.0,0.0,0.0,0.0,0.15121507364880005,0.0
4,winter_heating,冬季采暖日,80.0,10.5,0.25,46.86136638479261,51.074255582790684,4.059298728141686,0.0,5.0,-5.0,16.61951534938116,60.34989819792614,0.5373913809347464,0.0,0.0,0.0,0.0,18.589706198087246,59.48705983387919,1.3530995760472286,4.059298728141686,0.0,0.0,0.010491086053015783,0.0,49.83265875183435,8.412804251088502,0.0,50.24866460950257,5.154750302327187,0.0,0.0,0.0,0.0,0.0,14.742763983981526,11.71092025622717,13.663164252787977,5.018339687533169,2.2548396019890076,0.0,88.0,13.2,46.0,45.0,0.5179330329517776,0.470711577127424,1.0,36.551865780138236,46.98831513616743,1.2177896184425057,52.0161166871198,77.50680492824205,76.9694135473073,0.5373913809347464,0.0,0.0,0.0,0.0,0.0,0.0,0.0,7.105427357601002e-15,0.0,0.0,0.0,0.0,0.0,0.19374636166206827,0.0
4,winter_heating,冬季采暖日,80.0,10.75,0.25,46.859758222158845,50.15908624814144,4.192304429399224,0.0,5.0,-5.0,18.09884861665622,58.91311510388011,0.04608420135288682,0.0,0.0,0.0,0.0,18.589706198087246,59.48705983387919,1.3974348097997413,4.192304429399224,0.0,0.0,0.010491086053015783,0.0,49.83265875183435,9.327973585737745,0.0,52.43893400381054,5.154573404437473,0.0,0.0,0.0,0.0,0.0,14.607346880872484,11.865869229701802,13.705343055950921,5.065901429785418,2.289521569660788,0.0,88.0,13.2,46.0,45.0,0.5477595836393908,0.4595050886927564,1.0,36.5506114132839,46.146359348290126,1.257691328819767,52.01433162659632,77.05804792188921,77.01196372053633,0.04608420135288682,0.0,0.0,0.0,0.0,0.0,0.0,0.0,7.105427357601002e-15,0.0,0.0,0.0,0.0,0.0,0.13300570125753808,0.0
4,winter_heating,冬季采暖日,80.0,11.0,0.25,47.021657389786945,49.19221971035419,4.450063959743037,0.0,5.0,-5.0,18.81347757265746,57.227940065064885,3.552713678800501e-15,0.0,0.0,0.0,0.0,18.589706198087246,59.48705983387919,1.4833546532476791,4.450063959743037,0.0,0.0,0.010491086053015783,0.0,49.83265875183435,10.294840123524999,0.0,54.857739066145825,3.9362083105474635,0.0,0.0,0.0,0.0,0.0,14.499186618362078,11.995357370174574,13.743778666204287,5.112233407361841,2.3225775623986644,0.0,70.0,10.5,46.0,45.0,0.5679416256520801,0.4463612156466915,1.0,36.676892764033816,45.25684213352586,1.3350191879229112,50.95786570033441,76.04141763772235,76.04141763772235,3.552713678800501e-15,0.0,0.0,0.0,0.0,0.0,0.0,0.0,-7.105427357601002e-15,0.0,0.0,0.0,0.0,0.0,0.2577595303438134,0.0
4,winter_heating,冬季采暖日,80.0,11.25,0.25,47.087831001972994,48.13080917743489,4.644583690441407,0.0,1.5601147020025894,-1.5601147020025894,19.047587982851375,49.748749568744934,0.0,0.0,0.0,0.0,0.0,18.589706198087246,59.48705983387919,1.548194563480469,4.644583690441407,0.0,0.0,0.010491086053015783,0.0,49.83265875183435,11.356250656444296,0.0,57.52741972751828,0.0,0.0,0.0,0.0,0.0,0.0,14.415149990798652,12.099159632324577,13.778707480124346,5.156903781723095,2.3536763613451477,0.0,70.0,10.5,46.0,45.0,0.5750089552531126,0.38802571452267826,1.0,36.728508181538935,44.280344443240104,1.393375107132422,47.087831001972994,68.79633755159631,68.79633755159631,0.0,0.0,0.0,0.0,0.0,0.0,0.0,0.0,-1.4210854715202004e-14,0.0,0.0,3.4398852979974106,0.0,0.0,0.19451973069836992,0.0
4,winter_heating,冬季采暖日,80.0,11.5,0.25,47.367324048720235,47.49360119568154,4.7883280760644436,0.0,0.0,0.0,19.4936851965681,42.18910714595639,3.552713678800501e-15,0.0,0.0,0.0,0.0,15.603008468729694,49.929627099935026,1.5961093586881479,4.7883280760644436,0.0,0.0,0.0,1.1132848332647622,49.53719742593235,2.4360259042534835,0.0,58.07721216991473,0.0,1.770364700348818,0.0,0.0,0.0,0.0,14.351553396785064,12.17777823152108,13.81034318201178,5.1994799003694805,2.3824969025845952,0.0,70.0,10.5,46.0,45.0,0.5884757465881372,0.32906271187303243,1.0,36.94651275800179,43.69411310002702,1.436498422819333,45.59695934837141,61.68279234252449,61.68279234252449,3.552713678800501e-15,0.0,0.0,0.0,0.0,0.0,0.0,0.0,7.105427357601002e-15,0.0,0.0,1.5601147020025894,0.0,-9.557432733944161,0.14374438562303649,0.0
4,winter_heating,冬季采暖日,80.0,11.75,0.25,47.78550214385134,47.00711365972239,4.99494190454006,0.0,0.0,0.0,20.220229743956814,44.310187781625565,-7.105427357601002e-15,0.0,0.0,0.0,0.0,15.603008468729692,49.92962709993502,1.6649806348466865,4.99494190454006,0.0,0.0,1.2544765716770439,0.0,49.83265875183435,2.922513440212626,0.0,58.74227050588028,0.0,1.7775502935223857,0.0,0.0,0.0,0.0,14.304679979357742,12.232443532298307,13.8388575046795,5.23953515341255,2.40873375636107,0.0,70.0,10.5,46.0,45.0,0.6104086874683653,0.3456065212421191,1.0,37.27269167220405,43.2465445669446,1.4984825713620178,46.00795185032895,64.53041752558238,64.53041752558238,-7.105427357601002e-15,0.0,0.0,0.0,0.0,0.0,0.0,0.0,7.105427357601002e-15,0.0,0.0,0.0,0.0,-7.105427357601002e-15,0.20661382847561605,0.0
4,winter_heating,冬季采暖日,80.0,12.0,0.25,48.08533120904721,46.442876281066766,5.108657473552294,-0.0,0.0,-0.0,20.991810846744336,40.178867417625746,-3.552713678800501e-15,0.0,-0.0,0.0,0.0,14.1853080523112,45.39298576739584,1.7028858245174314,5.108657473552294,0.0,0.0,0.0,1.018310065305485,49.56219078592163,0.0,1.049890513670924,58.43661239334552,0.0,1.7845367562002772,0.0,0.0,0.0,0.0,14.27119172624174,12.265084142106826,13.864362634075484,5.276656010528959,2.432102492359528,0.0,70.0,10.5,46.0,45.0,0.6337011927559815,0.3133834292034348,1.0,37.506558343056824,42.727446178581424,1.5325972420656881,46.30079445284694,61.17067826437008,61.17067826437008,-3.552713678800501e-15,0.0,0.0,0.0,0.0,0.0,0.0,0.0,0.0,0.0,0.0,-0.0,0.0,-4.536641332539176,0.11371556901223467,0.0
4,winter_heating,冬季采暖日,80.0,12.25,0.25,48.02032985163299,45.894128324638515,5.1295451628864015,-0.0,0.0,-0.0,21.36939893073719,40.75498983829584,-3.552713678800501e-15,0.0,-0.0,0.0,0.0,14.1853080523112,45.39298576739584,1.7098483876288004,5.1295451628864015,0.0,0.0,0.0,0.0,49.55971267638233,0.0,0.5011425572426759,58.27551446682183,0.0,1.791097522539959,0.0,0.0,0.0,0.0,14.248431383513205,12.278265231955434,13.886896218979976,5.3104490781930584,2.4523447998951764,0.0,70.0,10.5,46.0,45.0,0.6450998291548907,0.3178770157934684,1.0,37.45585728427373,42.22259805866744,1.5388635488659204,46.22923232909303,62.12438876903303,62.12438876903303,-3.552713678800501e-15,0.0,0.0,0.0,0.0,0.0,0.0,0.0,0.0,0.0,0.0,0.0,0.0,0.0,0.02088768933410723,0.0
4,winter_heating,冬季采暖日,80.0,12.5,0.25,48.16238286807056,45.60513135634602,5.1920259760763265,0.0,0.0,0.0,21.63231437496742,39.16915000255045,-3.552713678800501e-15,0.0,-0.0,0.0,0.0,14.023077293401522,44.87384733888487,1.7306753253587754,5.1920259760763265,0.0,0.0,0.0,1.3176121340346416,49.21049465547624,0.0,0.7312840174611495,58.05393354709865,0.0,1.797058975278338,0.0,0.0,0.0,0.0,14.234624637070144,12.275095597709578,13.906409867083463,5.340548010159072,2.469233234476344,0.0,70.0,10.5,46.0,45.0,0.6530367256817812,0.30550792831452944,1.0,37.56665863709504,41.95672084783834,1.557607792822898,46.36532389279222,60.801464377517874,60.801464377517874,-3.552713678800501e-15,0.0,0.0,0.0,0.0,0.0,0.0,0.0,0.0,0.0,0.0,0.0,0.0,-0.5191384285109706,0.062480813189925044,0.0
4,winter_heating,冬季采暖日,80.0,12.75,0.25,48.11241787175783,45.12758111095152,5.279732377895272,-0.0,0.0,-0.0,21.393993418275258,40.50032130790966,3.552713678800501e-15,0.0,-0.0,0.0,0.0,14.023077293401522,44.87384733888487,1.7599107926317572,5.279732377895272,0.0,0.0,0.0,0.1987831588714375,49.15572277314572,0.0,0.2537337720666457,57.958134535044415,0.0,1.802308072734752,0.0,0.0,0.0,0.0,14.229001521010623,12.259105594074185,13.922761877232205,5.366620102264988,2.4825754689579003,0.0,70.0,10.5,46.0,45.0,0.6458422880214404,0.3158906756477128,1.0,37.52768593997111,41.5173746220754,1.5839197133685814,46.310109799023074,61.894314726184916,61.894314726184916,3.552713678800501e-15,0.0,0.0,0.0,0.0,0.0,0.0,0.0,0.0,0.0,0.0,-0.0,0.0,0.0,0.08770640181894507,0.0
4,winter_heating,冬季采暖日,80.0,13.0,0.25,48.363434549558754,44.87476657314236,5.407727056173411,-0.0,0.0,-0.0,20.629027531510893,40.4654169533948,-3.552713678800501e-15,0.0,-0.0,0.0,0.0,14.023077293401522,44.87384733888487,1.802575685391137,5.407727056173411,0.0,0.0,0.0,1.2878462328991365,48.814358083612554,0.0,0.0009192342574877443,57.928913564024924,0.0,1.8067968105465833,0.0,0.0,0.0,0.0,14.231857858781515,12.234099741225378,13.935714778836111,5.388372406005531,2.4922179382602434,0.0,70.0,10.5,46.0,45.0,0.6227494830033634,0.3156184318784123,1.0,37.72347894865583,41.28478524729097,1.6223181168520233,46.55663773901217,61.094444484905694,61.094444484905694,-3.552713678800501e-15,0.0,0.0,0.0,0.0,0.0,0.0,0.0,0.0,0.0,0.0,0.0,0.0,0.0,0.1279946782781396,0.0
4,winter_heating,冬季采暖日,80.0,13.25,0.25,48.46171010799698,44.87384733888487,5.694851416776341,-0.0,0.0,-0.0,19.491639332920002,43.74603868046469,3.552713678800501e-15,0.0,0.0,0.0,0.0,14.023077293401522,44.87384733888487,1.8982838055921138,5.694851416776341,0.0,0.0,0.6651511597678361,0.0,48.969890766153235,0.0,0.0,57.89994910724292,0.0,1.8105443533737597,0.0,0.0,0.0,0.0,14.244574165845629,12.203989431320643,13.944938030855974,5.405557204017775,2.4980487811074754,0.0,70.0,10.5,46.0,45.0,0.5884139860166704,0.3412063230467296,1.0,37.800133884237646,41.28393955177408,1.7084554250329023,46.65116575462322,63.237678013384695,63.237678013384695,3.552713678800501e-15,0.0,0.0,0.0,0.0,0.0,0.0,0.0,0.0,0.0,0.0,0.0,0.0,0.0,0.2871243606029301,0.0
4,winter_heating,冬季采暖日,80.0,13.5,0.25,48.30506915979641,44.8386282024023,5.8494308938297435,-0.0,0.0,-0.0,18.221562818255983,42.09665032635123,3.552713678800501e-15,0.0,-0.0,0.0,0.0,14.00415586167164,44.81329875734925,1.949810297943248,5.8494308938297435,0.0,0.0,0.0,2.127184833114436,48.40765678921639,0.0,0.025329445053045962,57.864333489254264,0.0,1.8136373416896459,0.0,0.0,0.0,0.0,14.269602743042855,12.172612648045469,13.95001598480745,5.4179767044791936,2.5,0.0,70.0,10.5,46.0,45.0,0.5500728915722731,0.32834157568768546,1.0,37.6779539446412,41.251537946210114,1.754829268148923,46.49143181810676,60.31821314460721,60.31821314460721,3.552713678800501e-15,0.0,0.0,0.0,0.0,0.0,0.0,0.0,0.0,0.0,0.0,0.0,0.0,-0.06054858153562037,0.15457947705340214,0.0
4,winter_heating,冬季采暖日,80.0,13.75,0.25,48.40449288043235,44.58065378416142,6.0504745384387615,-0.0,0.0,-0.0,16.814348129927282,46.16485946482248,0.0,0.0,0.0,0.0,0.0,14.00415586167164,44.81329875734925,2.0168248461462537,6.0504745384387615,0.0,0.0,0.3699624872716338,0.0,48.49310249710394,0.23264497318783145,0.0,57.89065450364175,0.0,1.8162284807721285,0.0,0.0,0.0,0.0,14.31042561129623,12.14354885117443,13.950460951615469,5.425486830066429,2.4980487811074754,0.0,70.0,10.5,46.0,45.0,0.5075918672829398,0.3600724186026749,1.0,37.755504446737234,41.01420148142851,1.8151423615316284,46.58826439966022,62.97920759474976,62.97920759474976,0.0,0.0,0.0,0.0,0.0,0.0,0.0,0.0,7.105427357601002e-15,0.0,0.0,0.0,0.0,0.0,0.20104364460901802,0.0
4,winter_heating,冬季采暖日,80.0,14.0,0.25,48.48804496858572,44.499899443298666,6.081562050306796,-0.0,0.0,-0.0,15.53880417647833,50.510012070280915,3.552713678800501e-15,0.0,0.0,0.0,0.0,14.00415586167164,44.81329875734925,2.0271873501022655,6.081562050306796,0.0,0.0,3.3479612051474144,0.0,49.28581862820159,0.31339931405058524,0.0,57.93614151347694,0.0,1.8185331387477923,0.0,0.0,0.0,0.0,14.37147819721897,12.119938065722211,13.945730945389748,5.428000000000001,2.4922179382602434,0.0,70.0,10.5,46.0,45.0,0.46908572169051976,0.3939633396621733,1.0,37.820675075496865,40.93990748783477,1.8244686150920386,46.66951182983793,66.04881624675924,66.04881624675924,3.552713678800501e-15,0.0,0.0,0.0,0.0,0.0,0.0,0.0,-7.105427357601002e-15,0.0,0.0,0.0,0.0,0.0,0.03108751186803449,0.0
4,winter_heating,冬季采暖日,80.0,14.25,0.25,48.51184670484524,44.72604419262712,6.114599499555779,-0.0,0.0,-0.0,14.226513897104951,50.792458757850085,5.329070518200751e-15,0.0,0.0,0.0,0.0,13.976888810195975,44.72604419262712,2.0381998331852595,6.114599499555779,0.0,0.0,2.312860692901763,0.0,49.83265875183435,-0.0,0.0,57.90717344272021,0.0,1.8208233861732053,0.0,0.0,0.0,0.0,14.458027643056239,12.104313657227763,13.935251423550422,5.425486830066429,2.4825754689579003,0.0,70.0,10.5,46.0,45.0,0.42947027729878623,0.39616634131967515,1.0,37.83924042977929,41.147960657216956,1.8343798498667336,46.69102331867204,65.01897265495504,65.01897265495504,5.329070518200751e-15,0.0,0.0,0.0,0.0,0.0,0.0,0.0,0.0,0.0,0.0,0.0,0.0,-0.08725456472213011,0.03303744924898311,0.0
4,winter_heating,冬季采暖日,80.0,14.5,0.25,48.438045041106406,44.956809580772536,6.053036727987571,-0.0,0.0,-0.0,12.697395130389523,49.444458851483475,-1.7763568394002505e-15,0.0,0.0,0.0,0.0,13.509548782219653,43.23055610310289,2.0176789093291903,6.053036727987571,0.0,0.0,0.0,0.0,49.83016711889676,0.0,1.726253477669644,57.423942625033156,0.0,1.823418750782254,0.0,0.0,0.0,0.0,14.575991280780174,12.098458195162872,13.91844011732816,5.4179767044791936,2.469233234476344,0.0,70.0,10.5,46.0,45.0,0.3833092103280722,0.3856523358144388,1.0,37.781675132063,41.36026481431073,1.8159110183962712,46.61462629032415,62.141853981873,62.141853981873,-1.7763568394002505e-15,0.0,0.0,0.0,0.0,0.0,0.0,0.0,0.0,0.0,0.0,0.0,0.0,-1.4954880895242297,-0.061562771568207886,0.0
4,winter_heating,冬季采暖日,80.0,14.75,0.25,48.30094585892686,44.97206277892696,5.967000098416508,-0.0,0.0,-0.0,11.385732163079204,49.48348207435465,-3.552713678800501e-15,0.0,3.1531641905134835,1.103607466679719,1.4189238857310675,13.509548782219653,43.23055610310289,1.9890000328055029,5.967000098416508,0.0,0.0,0.0,0.0,49.827675610540815,0.0,0.3225827900930023,57.31034044580144,0.0,1.8266729698384432,0.0,0.0,0.0,0.0,14.73168082750357,12.103291156854324,13.89473386343122,5.405557204017775,2.4523447998951764,0.0,70.0,10.5,46.0,45.0,0.34371270324505826,0.3859567055537554,1.0,37.67473776996295,41.374297756612805,1.7901000295249525,46.47427288908842,60.86921423743385,60.86921423743385,-3.552713678800501e-15,0.6306328381026968,0.1576582095256742,12.612656762053936,0.0,0.0,0.0,0.0,0.0,0.0,0.0,0.0,1.103607466679719,0.0,-0.08603662957106284,0.0
4,winter_heating,冬季采暖日,80.0,15.0,0.25,48.14829848632945,45.20879259172856,5.893140708682939,-0.0,0.0,-0.0,10.350087919875051,46.74283176729803,-3.552713678800501e-15,0.0,6.478844529846766,2.267595585446368,2.9154800384310446,11.281301960870532,36.10016627478571,1.9643802362276463,5.893140708682939,0.0,0.0,0.0,0.20250919636128506,49.771892332981,0.0,6.193146278511809,55.65190993912805,0.0,1.8309562144468976,0.0,0.0,0.0,0.0,14.931461542030378,12.118795991430483,13.863616218387232,5.388372406005531,2.432102492359528,0.0,70.0,10.5,46.0,45.0,0.3124486547558293,0.3645804337304218,1.0,37.555672819336976,41.592089184390275,1.7679422126048816,46.31734227188255,57.09291968717308,57.09291968717308,-3.552713678800501e-15,1.2957689059693533,0.32394222649233834,25.915378119387068,0.0,0.0,0.0,0.0,-7.105427357601002e-15,0.0,0.0,0.0,1.1639881187666488,-7.130389828317185,-0.07385938973356954,0.0
4,winter_heating,冬季采暖日,80.0,15.25,0.25,48.64534791152624,45.69621271305224,5.753805534251053,-0.0,0.0,-0.0,8.79184720624621,47.84231504264454,0.0,0.0,9.639400481241935,3.3737901684346774,4.337730216558871,11.281301960870532,36.10016627478571,1.9179351780836844,5.753805534251053,0.0,0.0,0.0,0.0,49.769403738364346,0.0,5.258316221707659,54.24031655739332,0.0,1.8366326331550225,0.0,0.0,0.0,0.0,15.181322894764628,12.143992275260304,13.824644570482901,5.366620102264988,2.40873375636107,0.0,70.0,10.5,46.0,45.0,0.2654084538871809,0.3731560821079259,1.0,37.94337137099047,42.040515696008065,1.726141660275316,46.80871527837122,56.63416224889075,56.63416224889075,0.0,1.927880096248387,0.48197002406209677,38.55760192496774,0.0,0.0,0.0,0.0,-7.105427357601002e-15,-7.105427357601002e-15,0.0,0.0,1.1061945829883095,0.0,-0.1393351744318858,0.0
4,winter_heating,冬季采暖日,80.0,15.5,0.25,48.647456929544326,45.95307683685784,5.670542415525096,-0.0,0.0,-0.0,7.3237565409753245,48.53340273074597,1.7763568394002505e-15,0.0,10.32697691197221,3.614441919190273,4.6471396103874945,11.281301960870532,36.10016627478571,1.8901808051750322,5.670542415525096,0.0,0.0,0.0,0.5033049102423064,49.634466607587356,0.0,5.2057709516846415,52.84325667498709,0.0,1.8440335944360164,0.0,0.0,0.0,0.0,15.486367815034015,12.176956419726508,13.777475465397073,5.340548010159072,2.3824969025845952,0.0,70.0,10.5,46.0,45.0,0.22108970442587042,0.37854636420140503,1.0,37.945016405044576,42.27683068990921,1.701162724657529,46.803423335108306,55.857159271721294,55.857159271721294,1.7763568394002505e-15,2.065395382394442,0.5163488455986105,41.30790764788884,0.0,0.0,0.0,0.0,0.0,7.105427357601002e-15,0.0,0.0,0.24065175075559564,0.0,-0.08326311872595671,0.0
4,winter_heating,冬季采暖日,80.0,15.75,0.25,49.206028303440156,46.460227453573395,5.848521128494523,-0.0,0.0,-0.0,6.109050886932799,50.70141074246121,3.552713678800501e-15,0.0,10.32697691197221,3.614441919190273,4.6471396103874945,11.281301960870532,36.10016627478571,1.9495070428315078,5.848521128494523,0.0,0.0,0.0,0.15850610334683113,49.590272751797286,0.0,5.712921568400194,51.313434633912706,0.0,1.8534276552110769,0.0,0.0,0.0,0.0,15.850240415715666,12.214891755412486,13.721886931484319,5.3104490781930584,2.3536763613451477,0.0,70.0,10.5,46.0,45.0,0.18442014659524783,0.39545619339568927,1.0,38.38070207668332,42.743409257287524,1.754556338548357,47.35260064822908,56.81046162939401,56.81046162939401,3.552713678800501e-15,2.065395382394442,0.5163488455986105,41.30790764788884,0.0,0.0,0.0,0.0,0.0,0.0,0.0,0.0,0.0,0.0,0.17797871296942702,0.0
4,winter_heating,冬季采暖日,80.0,16.0,0.25,49.3767505674285,47.063678645261064,6.006392042405845,-0.0,0.0,-0.0,4.698934362895571,52.48181794879623,2.6645352591003757e-15,0.0,10.32697691197221,3.614441919190273,4.6471396103874945,11.281301960870532,36.10016627478571,2.0021306808019483,6.006392042405845,0.0,0.0,0.0,0.0,49.5877932381597,0.0,6.316372760087862,49.62557455867789,0.0,1.864988978218909,0.0,0.0,0.0,0.0,16.274525914473486,12.254245969346934,13.657796725889458,5.276656010528959,2.3225775623986644,0.0,132.0,19.8,46.0,45.0,0.14185152163329512,0.409342849530128,1.0,38.51386544259423,43.29858435364018,1.8019176127217533,47.51176158920959,57.1807523116918,57.1807523116918,2.6645352591003757e-15,2.065395382394442,0.5163488455986105,41.30790764788884,0.0,0.0,0.0,0.0,0.0,0.0,0.0,0.0,0.0,0.0,0.1578709139113217,0.0
4,winter_heating,冬季采暖日,80.0,16.25,0.25,49.74467150809025,47.6600660868287,5.986800942965759,0.0,0.0,0.0,3.2924232613163227,53.78613408752135,1.7763568394002505e-15,0.0,11.612142450594527,4.064249857708084,5.225464102767537,11.281301960870532,36.10016627478571,1.9956003143219199,5.986800942965759,0.0,0.0,-0.0,0.0,49.58531384849779,0.0,6.334435709275455,47.93380500579975,0.0,1.878766576736953,0.0,0.0,0.0,0.0,16.758169515770103,12.29087099911968,13.585275615833067,5.23953515341255,2.289521569660788,0.0,132.0,19.8,46.0,45.0,0.09939173723439299,0.4195161344082316,1.0,38.800843776310394,43.847260799882406,1.7960402828897277,47.8659049313533,57.07855734883767,57.07855734883767,1.7763568394002505e-15,2.3224284901189054,0.5806071225297263,46.44856980237811,0.0,0.0,0.0,0.0,0.0,0.0,0.0,0.0,0.4498079385178113,0.0,-0.019591099440085635,0.0
4,winter_heating,冬季采暖日,80.0,16.5,0.25,50.27768378603609,48.02575707567873,5.8912026935088795,0.0,0.0,0.0,2.2818921703720676,51.22783942892746,-3.552713678800501e-15,0.0,14.937822789927809,5.228237976474733,6.722020255467514,11.274609478464646,36.078750331086866,1.9637342311696264,5.8912026935088795,0.0,0.0,0.0,2.8834006408834822,48.8240449404676,0.0,5.224986489124353,46.53484165879044,0.0,1.8946572790126197,0.0,0.0,0.0,0.0,17.29697125220521,12.320217791426698,13.504555049450122,5.1994799003694805,2.2548396019890076,0.0,132.0,19.8,46.0,45.0,0.06888580507239,0.39956218337497573,1.0,39.21659335310815,44.18369650962444,1.7673608080526637,48.38302650702347,53.50973159929953,53.50973159929953,-3.552713678800501e-15,2.987564557985562,0.7468911394963905,59.75129115971124,0.0,0.0,0.0,0.0,-7.105427357601002e-15,0.0,0.0,0.0,1.1639881187666488,-0.021415943698841033,-0.09559824945687989,0.0
4,winter_heating,冬季采暖日,80.0,16.75,0.25,51.05236347515117,48.77822889072003,5.905680096846772,0.0,0.0,0.0,1.313214384948111,48.49434625894249,-8.881784197001252e-16,0.0,18.263503129261093,6.392226095241382,8.218576408167491,11.274609478464646,36.078750331086866,1.9685600322822572,5.905680096846772,0.0,0.0,0.0,6.183360673791199,47.194403560907105,0.0,4.480902151465672,45.33238946125956,0.0,1.9123855729748855,0.0,0.0,0.0,0.0,17.88321913240925,12.337556015467749,13.416028843533379,5.156903781723095,2.2188675697091758,0.0,132.0,19.8,46.0,45.0,0.039643341308736854,0.3782417351301288,1.0,39.82084351061791,44.87597057946243,1.7717040290540316,49.139977902176284,49.807560643890604,49.807560643890604,-8.881784197001252e-16,3.6527006258522188,0.9131751564630547,73.05401251704437,0.0,0.0,0.0,0.0,0.0,0.0,0.0,0.0,1.1639881187666488,0.0,0.01447740333789227,0.0
4,winter_heating,冬季采暖日,80.0,17.0,0.25,51.38060700456254,49.515401691255875,5.7315420358976406,0.0,0.0,0.0,0.6308566886145286,47.444384881989244,-3.3306690738754696e-16,0.0,21.58918346859437,7.556214214008029,9.715132560867467,11.274609478464646,36.078750331086866,1.91051401196588,5.7315420358976406,0.0,0.0,0.0,7.002781285878064,45.349206660234834,0.0,3.721518799301542,44.33037621408116,0.0,1.9314934245032052,0.0,0.0,0.0,0.0,18.50552160811043,12.338207069034446,13.320248805518894,5.112233407361841,2.181940751190348,0.0,139.92000000000002,20.988000000000003,46.0,45.0,0.019044313944697976,0.3700523430942442,1.0,40.07687346355878,45.554169555955404,1.719462610769292,49.44911358005934,48.07524157060377,48.07524157060377,-3.3306690738754696e-16,4.317836693718874,1.0794591734297185,86.35673387437748,0.0,0.0,0.0,0.0,0.0,0.0,0.0,0.0,1.163988118766647,0.0,-0.1741380609491312,0.0
4,winter_heating,冬季采暖日,80.0,17.25,0.25,52.04340004784825,50.22219085047666,5.6176105590658265,0.0,0.0,0.0,0.0,44.916726824939644,0.0,0.0,24.914863807927656,8.72020233277468,11.211688713567446,11.274609478464646,36.078750331086866,1.8725368530219422,5.6176105590658265,0.0,0.0,0.0,9.6022745202872,42.82002485245783,0.0,2.931751805822346,43.53669739286298,0.0,1.9513427013333144,0.0,0.0,0.0,0.0,19.14889118581058,12.317777677878714,13.217914497264278,5.065901429785418,2.144388724825195,0.0,139.92000000000002,20.988000000000003,46.0,45.0,0.0,0.3503373486037722,1.0,40.59385203732164,46.20441558243853,1.685283167719748,50.092057346514935,44.916726824939644,44.916726824939644,0.0,4.982972761585532,1.245743190396383,99.65945523171064,0.0,0.0,0.0,0.0,-7.105427357601002e-15,0.0,0.0,0.0,1.1639881187666505,0.0,-0.11393147683181404,0.0
4,winter_heating,冬季采暖日,80.0,17.5,0.25,52.309147307966164,50.829599475536476,5.398360964972501,0.0,0.0,0.0,0.0,41.86105424247374,0.0,0.0,28.240544147260938,9.884190451541327,12.708244866267423,11.274609478464646,36.078750331086866,1.7994536549908338,5.398360964972501,0.0,0.0,0.0,11.666833778767291,39.74766443575013,0.0,2.042604278182189,42.977401602539665,0.0,1.9711319686392847,0.0,0.0,0.0,0.0,19.79511374774061,12.272381167739177,13.109857622080646,5.018339687533169,2.106530659712633,0.0,139.92000000000002,20.988000000000003,46.0,45.0,0.0,0.3265039950534429,1.0,40.80113490021361,46.76323151749356,1.6195082894917503,50.33801533932688,41.86105424247374,41.86105424247374,0.0,5.6481088294521875,1.4120272073630469,112.96217658904375,0.0,0.0,0.0,0.0,0.0,0.0,0.0,0.0,1.1639881187666479,0.0,-0.21924959409332523,0.0
4,winter_heating,冬季采暖日,80.0,17.75,0.25,52.88272819208328,51.462335732497706,5.112916429902514,0.0,0.0,0.0,0.0,42.02662956559568,0.0,0.0,28.240544147260938,9.884190451541327,12.708244866267423,11.274609478464646,36.078750331086866,1.7043054766341712,5.112916429902514,0.0,0.0,0.0,11.960894931214767,36.5980731232613,0.0,2.6753405351434196,42.251875918805915,0.0,1.989928198830323,0.0,0.0,0.0,0.0,20.423413757039597,12.198834122274446,12.997021758913895,4.969972677574852,2.068671053718672,0.0,139.92000000000002,20.988000000000003,46.0,45.0,0.0,0.3277954342075654,1.0,41.24852798982496,47.34534887389789,1.533874928970754,50.89279999325296,42.02662956559568,42.02662956559568,0.0,5.6481088294521875,1.4120272073630469,112.96217658904375,0.0,0.0,0.0,0.0,0.0,0.0,0.0,0.0,0.0,0.0,-0.28544453506998746,0.0
4,winter_heating,冬季采暖日,80.0,18.0,0.25,53.371652428752725,52.08929554559045,5.069999038520286,0.0,0.0,0.0,0.0,40.30661043946907,0.0,0.0,28.240544147260938,9.884190451541327,12.708244866267423,11.274609478464646,36.078750331086866,1.689999679506762,5.069999038520286,0.0,0.0,0.0,14.13874823036037,32.87552000108925,0.0,3.302300348236166,41.361723573415944,0.0,2.0067124653533677,0.0,0.0,0.0,0.0,21.011396164036416,12.09481760033896,12.880438365696858,4.921211489709872,2.031095991035345,0.0,139.92000000000002,20.988000000000003,46.0,45.0,0.0,0.3143797874587825,1.0,41.629888894427125,47.92215190194322,1.5209997115560856,51.36493996339936,40.30661043946907,40.30661043946907,0.0,5.6481088294521875,1.4120272073630469,112.96217658904375,0.0,0.0,0.0,0.0,7.105427357601002e-15,0.0,0.0,0.0,0.0,0.0,-0.042917391382228054,0.0
4,winter_heating,冬季采暖日,80.0,18.25,0.25,53.638270886660116,52.805454832131126,5.063293250060887,0.0,0.0,0.0,0.0,38.26443483824348,0.0,0.0,28.240544147260938,9.884190451541327,12.708244866267423,11.274609478464646,36.078750331086866,1.6877644166869625,5.063293250060887,0.0,0.0,0.0,16.43158236255553,28.549775603364058,0.0,4.018459634776839,40.283553334056386,0.0,2.020437129471385,0.0,0.0,0.0,0.0,21.536214723458645,11.958994276140206,12.761200118004814,4.872448317189649,1.9940699735316383,0.0,139.92000000000002,20.988000000000003,46.0,45.0,0.0,0.2984514143093962,1.0,41.837851291594895,48.58101844556064,1.5189879750182662,51.617833757188734,38.26443483824348,38.26443483824348,0.0,5.6481088294521875,1.4120272073630469,112.96217658904375,0.0,0.0,0.0,0.0,-7.105427357601002e-15,0.0,0.0,0.0,0.0,0.0,-0.0067057884593983985,0.0
4,winter_heating,冬季采暖日,80.0,18.5,0.25,53.51448030360206,53.31660818272907,4.81102057641134,0.0,0.0,0.0,0.0,37.44672769863476,0.0,0.0,28.240544147260938,9.884190451541327,12.708244866267423,11.274609478464646,36.078750331086866,1.6036735254704466,4.81102057641134,0.0,0.0,0.0,17.03175458158144,24.066307435220352,0.0,4.529612985374783,39.07140814018547,0.0,2.0300905757796346,0.0,0.0,0.0,0.0,21.975887485726417,11.791075628625205,12.64043273320543,4.824051636453525,1.9578333617716144,0.0,139.92000000000002,20.988000000000003,46.0,45.0,0.0,0.2920735374809842,1.0,41.74129463680961,49.05127952811075,1.443306172923402,51.48438972782243,37.44672769863476,37.44672769863476,0.0,5.6481088294521875,1.4120272073630469,112.96217658904375,0.0,0.0,0.0,0.0,0.0,0.0,0.0,0.0,0.0,0.0,-0.2522726736495473,0.0
4,winter_heating,冬季采暖日,80.0,18.75,0.25,53.491837217413874,54.05760125000676,4.646814192469617,0.0,0.0,0.0,0.0,39.523656083489406,0.0,0.0,28.240544147260938,9.884190451541327,12.708244866267423,11.274609478464646,36.078750331086866,1.5489380641565391,4.646814192469617,0.0,0.0,0.0,14.872773815207665,20.151216273741312,0.0,5.270606052652475,37.664870843312094,0.0,2.0347644097966566,0.0,0.0,0.0,0.0,22.31065749814865,11.591836436894749,12.519266452188361,4.776362125908751,1.922600443223189,0.0,139.92000000000002,20.988000000000003,46.0,45.0,0.0,0.3082729721910371,1.0,41.72363302958282,49.73299315000622,1.3940442577408851,51.457072807617216,39.523656083489406,39.523656083489406,0.0,5.6481088294521875,1.4120272073630469,112.96217658904375,0.0,0.0,0.0,0.0,-7.105427357601002e-15,0.0,0.0,0.0,0.0,0.0,-0.16420638394172293,0.0
4,winter_heating,冬季采暖日,80.0,19.0,0.25,53.034804266024736,54.27971704841315,4.642416618911538,0.0,0.0,0.0,0.0,40.49430807815457,0.0,0.0,28.240544147260938,9.884190451541327,12.708244866267423,11.274609478464646,36.078750331086866,1.547472206303846,4.642416618911538,0.0,0.0,0.0,13.444670042722372,16.612137649053317,0.0,5.49272185105886,36.20058528919074,0.0,2.0337173783749614,0.0,0.0,0.0,0.0,22.5242838205463,11.363077101503396,12.398808312270113,4.729689369961839,1.8885581275123642,0.0,139.92000000000002,20.988000000000003,46.0,45.0,0.0,0.3158437742121484,1.0,41.367147327499296,49.9373396845401,1.3927249856734614,51.00108688764978,40.49430807815457,40.49430807815457,0.0,5.6481088294521875,1.4120272073630469,112.96217658904375,0.0,0.0,0.0,0.0,0.0,0.0,0.0,0.0,0.0,0.0,-0.0043975735580792374,0.0
4,winter_heating,冬季采暖日,80.0,19.25,0.25,52.67558369260594,54.6541296229231,4.515794763520318,0.0,0.0,0.0,0.0,42.394692700025125,0.0,0.0,28.240544147260938,9.884190451541327,12.708244866267423,11.274609478464646,36.078750331086866,1.5052649211734392,4.515794763520318,0.0,0.0,0.0,11.150144705549664,13.677058435447268,0.0,5.867134425568814,34.638502252975414,0.0,2.026430235127911,0.0,0.0,0.0,0.0,22.605147304754997,11.107537463158371,12.280116251359724,4.684309370871468,1.8558652521421384,0.0,139.92000000000002,20.988000000000003,46.0,45.0,0.0,0.33066621914114636,1.0,41.08695528023264,50.281799253089254,1.3547384290560953,50.64915345747803,42.394692700025125,42.394692700025125,0.0,5.6481088294521875,1.4120272073630469,112.96217658904375,0.0,0.0,0.0,0.0,0.0,0.0,0.0,0.0,0.0,0.0,-0.12662185539122017,0.0
4,winter_heating,冬季采暖日,80.0,19.5,0.25,52.027646202137795,54.99292401815789,4.407043001846346,0.0,0.0,0.0,0.0,44.40851587711727,0.0,0.0,26.605442714666253,9.311904950133188,11.972449221599815,11.274609478464646,36.078750331086866,1.469014333948782,4.407043001846346,0.0,0.0,0.0,9.038202793389566,11.297900163212452,0.0,6.941724465471211,32.794413405672294,0.0,2.012646393911206,0.0,0.0,0.0,0.0,22.547068111967842,10.828768599473547,12.164175943336142,4.640462868235925,1.8246524673583497,0.0,139.92000000000002,20.988000000000003,46.0,45.0,0.0,0.34637345166432193,1.0,40.58156403766748,50.59349009670527,1.3221129005539038,50.01499980822659,44.40851587711727,44.40851587711727,0.0,5.321088542933251,1.3302721357333127,106.42177085866501,0.0,0.0,0.0,0.0,0.0,0.0,0.0,0.0,-0.5722855014081389,0.0,-0.10875176167397171,0.0
4,winter_heating,冬季采暖日,80.0,19.75,0.25,51.21531557339779,55.15494696887155,4.3465479558439934,0.0,0.0,0.0,0.0,46.00319948755738,0.0,0.0,23.279762375332975,8.14791683136654,10.47589306889984,11.274609478464646,36.078750331086866,1.4488493186146645,4.3465479558439934,0.0,0.0,0.0,7.7952636037459175,9.245950109323786,0.0,8.600303568884847,30.514778417683974,0.0,1.992394447807255,0.0,0.0,0.0,0.0,22.34975672649533,10.530971349319326,12.051881088524576,4.5983544447590745,1.795022656174443,0.0,139.92000000000002,20.988000000000003,46.0,45.0,0.0,0.3588115180025236,1.0,39.94794614725028,50.74255121136183,1.303964386753198,49.22292112559053,46.00319948755738,46.00319948755738,0.0,4.655952475066595,1.1639881187666488,93.1190495013319,0.0,0.0,0.0,0.0,0.0,0.0,0.0,0.0,-1.1639881187666479,0.0,-0.06049504600235256,0.0
4,winter_heating,冬季采暖日,80.0,20.0,0.25,50.46716523144605,55.333345487820026,4.209540835782559,0.0,0.0,0.0,0.0,49.69022182102156,0.0,0.0,19.95408203599969,6.983928712599891,8.97933691619986,11.274609478464646,36.078750331086866,1.4031802785941865,4.209540835782559,0.0,0.0,0.0,4.504814110382907,8.060010414349135,0.0,10.275258240533297,27.795505702018836,0.0,1.965990344500524,0.0,0.0,0.0,0.0,22.01885457609751,10.218811895421911,11.944017683308669,4.558152377957555,1.7670518352263433,0.0,139.92000000000002,20.988000000000003,46.0,45.0,0.0,0.38756921518698373,1.0,39.364388880527926,50.90667784879442,1.2628622507347678,48.50117488694553,49.69022182102156,49.69022182102156,0.0,3.9908164071999384,0.9977041017999846,79.81632814399876,0.0,0.0,0.0,0.0,0.0,0.0,0.0,0.0,-1.1639881187666496,0.0,-0.13700712006143423,0.0
4,winter_heating,冬季采暖日,80.0,20.25,0.25,49.64589395863777,55.210280518050304,4.064345533390724,0.0,0.0,0.0,0.0,48.70962443430015,0.0,0.0,16.62840169666641,5.819940593833243,7.482780763499884,11.274609478464646,36.078750331086866,1.3547818444635746,4.064345533390724,0.0,0.0,0.0,5.811701257755452,6.5302123459980335,0.0,11.648749423463556,24.716147574572158,0.0,1.9340189956771425,0.0,0.0,0.0,0.0,21.565560171396314,9.897225543487918,11.841252581972414,4.519989181152683,1.7407904742722486,0.0,139.92000000000002,20.988000000000003,46.0,45.0,0.0,0.37992084201298354,1.0,38.72379728773746,50.793458076606285,1.2193036600172171,47.71187496296063,48.70962443430015,48.70962443430015,0.0,3.3256803393332817,0.8314200848333204,66.51360678666563,0.0,0.0,0.0,0.0,0.0,0.0,0.0,0.0,-1.1639881187666479,0.0,-0.1451953023918353,0.0
4,winter_heating,冬季采暖日,80.0,20.5,0.25,48.564598231690724,55.12303540780165,4.053938857784965,0.0,0.0,0.0,0.0,53.90444286055879,0.0,0.0,13.302721357333127,4.655952475066594,5.9862246107999075,11.533980255239475,36.90873681676632,1.3513129525949885,4.053938857784965,0.0,0.0,0.0,0.9921989927030967,6.268780837300971,0.0,12.228073980235422,21.48587529545976,0.0,1.8972971111967096,0.0,0.0,0.0,0.0,21.005876990294922,9.571219851515666,11.744126454203553,4.4839627637715305,1.7162651668298874,0.0,139.92000000000002,20.988000000000003,46.0,45.0,0.0,0.420438908278733,1.0,37.88038662071877,50.71319257517752,1.2161816573354896,46.66730112049402,53.90444286055879,53.90444286055879,0.0,2.6605442714666254,0.6651360678666564,53.21088542933251,0.0,0.0,0.0,0.0,-7.105427357601002e-15,0.0,0.0,0.0,-1.1639881187666488,0.8299864856794557,-0.010406675605758586,0.0
4,winter_heating,冬季采暖日,80.0,20.75,0.25,47.4822793001088,54.89016706046987,3.738244099384193,0.0,0.0,0.0,0.0,53.93473993496217,0.0,0.0,9.977041017999845,3.4919643562999454,4.48966845809993,11.928882694417037,38.17242462213452,1.2460813664613977,3.738244099384193,0.0,0.0,0.0,1.3737182323106119,5.906962600282628,0.0,12.228073980235422,18.25721815248692,0.0,1.8568208374145079,0.0,0.0,0.0,0.0,20.359555140434413,9.245687532791216,11.653051044584522,4.450138130862656,1.6934805816070466,0.0,139.92000000000002,20.988000000000003,46.0,45.0,0.0,0.4206752166089971,1.0,37.03617785408486,50.49895369563228,1.1214732298152579,45.62545846269429,53.93473993496217,53.93473993496217,0.0,1.9954082035999692,0.4988520508999923,39.90816407199938,0.0,0.0,0.0,0.0,-7.105427357601002e-15,0.0,0.0,0.0,-1.1639881187666488,1.2636878053681997,-0.3156947584007721,0.0
4,winter_heating,冬季采暖日,80.0,21.0,0.25,45.90549580553022,54.526420331052336,3.532611117328945,0.0,0.0,0.0,0.0,57.81114554116839,0.0,0.0,6.651360678666563,2.327976237533297,2.9931123053999538,14.869792060455506,47.58333459345762,1.1775370391096482,3.532611117328945,0.0,0.0,0.0,0.0,5.906667252152613,0.0,3.949973432194753,17.20862285072785,0.0,1.813703126393691,0.0,0.0,0.0,0.0,19.648825798151762,8.925238184683195,11.568310465385279,4.418549534876894,1.6724216238937528,0.0,139.92000000000002,20.988000000000003,46.0,45.0,0.0,0.45091004800007345,1.0,35.80628672831357,50.16430670456815,1.0597833351986834,44.09179267913653,57.81114554116839,57.81114554116839,0.0,1.3302721357333127,0.3325680339333282,26.605442714666253,0.0,0.0,0.0,0.0,0.0,-7.105427357601002e-15,0.0,0.0,-1.1639881187666483,9.4109099713231,-0.20563298205524827,0.0
4,winter_heating,冬季采暖日,80.0,21.25,0.25,44.91484303804647,54.25310915933355,3.2510502968489816,0.0,0.0,0.0,0.0,56.53449149343,0.0,0.0,3.3256803393332817,1.1639881187666485,1.4965561526999769,14.871764958469797,47.58964786710335,1.0836834322829938,3.2510502968489816,0.0,0.0,0.0,1.402705298561207,5.537238945484424,0.0,5.166905139530222,15.840306660478745,0.0,1.769106518041408,0.0,0.0,0.0,0.0,18.897042531113566,8.614056031797292,11.490066108396734,4.389202989109877,1.6530557377363582,0.0,139.92000000000002,20.988000000000003,46.0,45.0,0.0,0.44095251935128943,1.0,35.03357756967625,49.91286042658687,0.9753150890546944,43.14573652000506,56.53449149343,56.53449149343,0.0,0.6651360678666564,0.1662840169666641,13.302721357333127,0.0,0.0,0.0,0.0,0.0,0.0,0.0,0.0,-1.1639881187666485,0.006313273645730533,-0.28156082047996334,0.0
4,winter_heating,冬季采暖日,80.0,21.5,0.25,43.82345969924589,53.9096060231235,2.915762015240676,0.0,-0.0,0.0,0.0,61.79268227720895,0.0,0.0,0.0,0.0,0.0,18.589706198087246,59.48705983387919,0.9719206717468919,2.915762015240676,0.0,0.0,-0.0,0.0,5.5369620835371505,5.577453810755685,0.0,17.157031787202982,0.0,1.592404291871084,0.0,0.0,0.0,0.0,18.12734557537405,8.315788693720116,11.418364650286996,4.3620790515751535,1.6353352832366128,0.0,139.92000000000002,20.988000000000003,46.0,45.0,0.0,0.48196487149399,1.0,34.18229856541179,49.59683754127362,0.8747286045722027,42.231055407374804,61.79268227720895,61.79268227720895,0.0,0.0,0.0,0.0,0.0,0.0,-0.0,0.0,0.0,0.0,0.0,0.0,-1.1639881187666485,11.897411966775834,-0.3352882816083058,0.0
4,winter_heating,冬季采暖日,80.0,21.75,0.25,42.27050193189844,53.54475931214235,2.7817344947908325,0.0,-0.0,0.0,0.0,62.6534450870298,0.0,0.0,0.0,0.0,0.0,18.589706198087246,59.48705983387919,0.9272448315969442,2.7817344947908325,0.0,0.0,1.8422264199823546,0.0,5.974214010178782,5.94230052173684,0.0,18.55974964522188,0.0,0.9762342945351832,0.0,0.0,0.0,0.0,17.36145450501485,8.033469682296884,11.35314855138413,4.33713579020443,1.6191999284026473,0.0,139.92000000000002,20.988000000000003,46.0,45.0,0.0,0.4886785699730593,1.0,32.97099150688078,49.26117856717096,0.8345203484372498,41.294267637363255,62.6534450870298,62.6534450870298,0.0,0.0,0.0,0.0,0.0,0.0,-0.0,0.0,0.0,0.0,0.0,0.0,0.0,0.0,-0.13402752044984334,0.0
4,winter_heating,冬季采暖日,80.0,22.0,0.25,41.199473381177526,53.006873108314714,2.712663952732198,0.0,0.0,0.0,0.0,65.58381465969897,0.0,0.0,0.0,0.0,0.0,18.589706198087246,59.48705983387919,0.9042213175773993,2.712663952732198,0.0,0.0,6.527889089447754,0.0,7.5242889582221135,6.480186725564472,0.0,20.08951411772083,0.0,1.6374753265909492,0.0,0.0,0.0,0.0,16.61867369963756,7.7694750819491425,11.29426840984115,4.314311844808757,1.6045790012890015,0.0,62.0,9.299999999999999,46.0,45.0,0.0,0.5115345966492522,1.0,32.13558923731847,48.76632325964954,0.8137991858196594,39.561998054586574,65.58381465969897,65.58381465969897,0.0,0.0,0.0,0.0,0.0,0.0,0.0,0.0,0.0,0.0,0.0,0.0,0.0,0.0,-0.06907054205863439,0.0
4,winter_heating,冬季采暖日,80.0,22.25,0.25,40.149659703048286,52.41603868139728,2.5064075676980506,0.0,0.0,0.0,0.0,67.41729279981546,0.0,0.0,0.0,0.0,0.0,18.589706198087246,59.48705983387919,0.8354691892326835,2.5064075676980506,0.0,0.0,9.439890475535044,0.0,9.765886731713776,7.071021152481904,0.0,21.75883688437642,0.0,1.5974327660877998,0.0,0.0,0.0,0.0,15.915166983795963,7.525512827490736,11.241496529638164,4.29352950778261,1.5913937553560473,0.0,62.0,9.299999999999999,46.0,45.0,0.0,0.5258351905646291,1.0,31.316734568377665,48.222755586885505,0.7519222703094152,38.55222693696049,67.41729279981546,67.41729279981546,0.0,0.0,0.0,0.0,0.0,0.0,0.0,0.0,-7.105427357601002e-15,0.0,0.0,0.0,0.0,0.0,-0.20625638503414745,0.0
4,winter_heating,冬季采暖日,80.0,22.5,0.25,39.39195184700237,52.095094812554485,2.5524588854081447,0.0,0.0,0.0,0.0,69.73980743165545,0.0,0.0,0.0,0.0,0.0,18.589706198087246,59.48705983387919,0.8508196284693815,2.5524588854081447,0.0,0.0,12.467790539804216,0.0,12.72649869058069,7.391965021324701,0.0,23.503549158498853,0.0,1.560460781707755,0.0,0.0,0.0,0.0,15.263526793984916,7.302641291889582,11.194541087892606,4.274697753660234,1.5795595087182277,0.0,62.0,9.299999999999999,46.0,45.0,0.0,0.5439501262629381,1.0,30.725722440661848,47.92748722755013,0.7657376656224434,37.831491065294614,69.73980743165545,69.73980743165545,0.0,0.0,0.0,0.0,0.0,0.0,0.0,0.0,0.0,0.0,0.0,0.0,0.0,0.0,0.046051317710094075,0.0
4,winter_heating,冬季采暖日,80.0,22.75,0.25,38.8693116374335,51.518560602085095,2.358137446142924,0.0,0.0,0.0,0.0,67.9068480290619,0.0,0.0,0.0,0.0,0.0,18.589706198087246,59.48705983387919,0.7860458153809747,2.358137446142924,0.0,0.0,11.188759629901156,0.0,15.383192777747686,7.968499231794091,0.0,25.3843159514707,0.0,1.5269752517409674,0.0,0.0,0.0,0.0,14.67263320496067,7.1013126149945025,11.153060339265485,4.257715156898589,1.5689876259172395,0.0,62.0,9.299999999999999,46.0,45.0,0.0,0.5296535783487115,1.0,30.31806307719813,47.39707575391829,0.7074412338428772,37.34233638569253,67.9068480290619,67.9068480290619,0.0,0.0,0.0,0.0,0.0,0.0,0.0,0.0,0.0,0.0,0.0,0.0,0.0,0.0,-0.1943214392652206,0.0
4,winter_heating,冬季采暖日,80.0,23.0,0.25,37.82110861991985,51.11431613400963,2.5182418919848955,0.0,-0.0,0.0,0.0,68.3018381430556,0.0,0.0,0.0,0.0,0.0,18.589706198087246,59.48705983387919,0.8394139639949652,2.5182418919848955,0.0,0.0,12.54882042129254,0.0,18.362768468165775,8.37274369986956,0.0,27.360150422213984,0.0,1.497211060238987,0.0,0.0,0.0,0.0,14.147772503886802,6.921435383342914,11.116676366861743,4.242472647229077,1.5595873187619862,0.0,62.0,9.299999999999999,46.0,45.0,0.0,0.5327343858572502,1.0,29.500464723537483,47.02517084328886,0.7554725675954687,36.32389755968086,68.3018381430556,68.3018381430556,0.0,0.0,0.0,0.0,0.0,0.0,-0.0,0.0,-7.105427357601002e-15,0.0,0.0,0.0,0.0,0.0,0.16010444584197137,0.0
4,winter_heating,冬季采暖日,80.0,23.25,0.25,37.15925271698336,50.69010454499307,2.5552793528939794,0.0,-0.0,0.0,0.0,68.63954697623228,0.0,0.0,0.0,0.0,0.0,18.589706198087246,59.48705983387919,0.8517597842979931,2.5552793528939794,0.0,0.0,13.510067415392776,0.0,21.57049134089815,8.796955288886117,0.0,29.435747228113332,0.0,1.4712391385290933,0.0,0.0,0.0,0.0,13.690966120012126,6.762450909045881,11.084987973608916,4.228856062181404,1.5512672503706577,0.0,62.0,9.299999999999999,46.0,45.0,0.0,0.5353684161078582,1.0,28.98421711924702,46.63489618139363,0.7665838058681939,35.68801357845427,68.63954697623228,68.63954697623228,0.0,0.0,0.0,0.0,0.0,0.0,-0.0,0.0,-7.105427357601002e-15,0.0,0.0,0.0,0.0,0.0,0.037037460909084,0.0
4,winter_heating,冬季采暖日,80.0,23.5,0.25,36.80879567858604,50.29470034279601,2.5364937344888996,0.0,-0.0,0.0,0.0,67.70045397424667,0.0,0.0,0.0,0.0,0.0,18.589706198087246,59.48705983387919,0.8454979114962998,2.5364937344888996,0.0,0.0,12.905445138955479,0.0,24.634456036833033,9.192359491083174,0.0,31.604214733631544,0.0,1.448990952878392,0.0,0.0,0.0,0.0,13.30144977676652,6.6234174145954245,11.05758239947434,4.216748466565439,1.5439369336234074,0.0,62.0,9.299999999999999,46.0,45.0,0.0,0.5280437650109462,1.0,28.71086062929711,46.27112431537233,0.7609481203466698,35.35980472570765,67.70045397424667,67.70045397424667,0.0,0.0,0.0,0.0,0.0,0.0,-0.0,0.0,-7.105427357601002e-15,0.0,0.0,0.0,0.0,0.0,-0.018785618405079862,0.0
4,winter_heating,冬季采暖日,80.0,23.75,0.25,36.25516544163341,49.90798338154976,2.4990492844170746,0.0,-0.0,0.0,0.0,67.09638438419913,0.0,0.0,0.0,0.0,0.0,18.589706198087246,59.48705983387919,0.8330164281390249,2.4990492844170746,0.0,0.0,12.84878359433499,0.0,27.68481041768575,9.579076452329424,0.0,33.863443283692966,0.0,1.430287277995539,0.0,0.0,0.0,0.0,12.976239717717545,6.503096844611147,11.034045642359668,4.206032218477407,1.5375079216242937,0.0,62.0,9.299999999999999,46.0,45.0,0.0,0.5233321986634197,1.0,28.27902904447406,45.91534471102578,0.7497147853251224,34.82487816363787,67.09638438419913,67.09638438419913,0.0,0.0,0.0,0.0,0.0,0.0,-0.0,0.0,0.0,0.0,0.0,0.0,0.0,0.0,-0.03744445007182495,0.0
5,holiday_return,春节返乡日,30.0,0.0,0.25,33.656376854183634,34.79212211199601,3.4910532506853715,0.0,5.0,-5.0,0.0,59.7314577195662,0.0,0.0,0.0,0.0,0.0,13.70579290713217,43.858537302822945,1.163684416895124,3.4910532506853715,0.0,0.0,6.205603541355272,0.0,29.15725701823674,9.06641519082694,0.0,35.99978516987252,0.0,0.0,0.0,0.0,0.0,0.0,14.200327252248394,6.169663082094346,7.609660644643136,4.503062487565456,1.1275212648659492,0.0,52.0,7.8,45.0,45.0,0.0,0.4658879220489429,1.0,24.232591335012216,30.617067458556487,1.22186863773988,33.656376854183634,59.7314577195662,59.7314577195662,0.0,0.0,0.0,0.0,0.0,0.0,0.0,0.0,0.0,0.0,0.0,-5.0,0.0,-6.191370852921565,-0.21720849505995643,0.0
5,holiday_return,春节返乡日,30.0,0.25,0.25,33.696753291066955,34.91822815693481,3.4382924611746706,0.0,5.0,-5.0,0.0,60.91404580984156,0.0,0.0,0.0,0.0,0.0,13.70579290713217,43.858537302822945,1.1460974870582235,3.4382924611746706,0.0,0.0,7.365402124584219,0.0,30.905082159974587,8.94030914588814,0.0,38.105108699436,0.0,0.0,0.0,0.0,0.0,0.0,14.203654366828866,6.172756266833757,7.618921435951184,4.503803890621053,1.1281072717225091,0.0,52.0,7.8,45.0,45.0,0.0,0.47511176370713404,1.0,24.261662369568207,30.72804077810263,1.2034023614111347,33.696753291066955,60.91404580984156,60.91404580984156,0.0,0.0,0.0,0.0,0.0,0.0,0.0,0.0,-7.105427357601002e-15,-7.105427357601002e-15,0.0,0.0,0.0,0.0,-0.052760789510700956,0.0
5,holiday_return,春节返乡日,30.0,0.5,0.25,33.667759191150694,35.05785528581147,3.4919767666596964,0.0,5.0,-5.0,0.0,64.48169830995363,0.0,0.0,0.0,0.0,0.0,13.70579290713217,43.858537302822945,1.163992255553232,3.4919767666596964,0.0,0.0,10.944153956117535,0.0,33.5027734704445,8.800682017011477,0.0,40.176218124126514,0.0,0.0,0.0,0.0,0.0,0.0,14.213275793946348,6.17673712295853,7.629607681900323,4.504706361083105,1.1288145519232595,0.0,52.0,7.8,45.0,45.0,0.0,0.5029384110605849,1.0,24.240786617628498,30.850912651514093,1.2221918683308937,33.667759191150694,64.48169830995363,64.48169830995363,0.0,0.0,0.0,0.0,0.0,0.0,0.0,0.0,0.0,0.0,0.0,0.0,0.0,0.0,0.053684305485025785,0.0
5,holiday_return,春节返乡日,30.0,0.75,0.25,33.67039155022113,35.31744220533712,3.4723150935257636,0.0,5.0,-5.0,0.0,67.10095694281097,0.0,0.0,0.0,0.0,0.0,13.70579290713217,43.858537302822945,1.157438364508588,3.4723150935257636,0.0,0.0,13.567334120949075,0.0,36.72334018549638,8.541095097485824,0.0,42.18464010071734,0.0,0.0,0.0,0.0,0.0,0.0,14.229310921026574,6.18182666118169,7.641877480470062,4.505800240548684,1.129664567328399,0.0,52.0,7.8,45.0,45.0,0.0,0.5233678632849014,1.0,24.242681916159214,31.079349140696667,1.2153102827340172,33.67039155022113,67.10095694281097,67.10095694281097,0.0,0.0,0.0,0.0,0.0,0.0,0.0,0.0,0.0,0.0,0.0,0.0,0.0,0.0,-0.019661673133932744,0.0
5,holiday_return,春节返乡日,30.0,1.0,0.25,33.69108830384894,35.50999981624779,3.516159970481648,0.0,5.0,-5.0,0.0,69.72025164666549,0.0,0.0,0.0,0.0,0.0,13.70579290713217,43.858537302822945,1.1720533234938826,3.516159970481648,0.0,0.0,16.15131711219049,0.0,40.55744183263235,8.348537486575156,0.0,44.146325433728585,0.0,0.0,0.0,0.0,0.0,0.0,14.25194802868096,6.188290661360224,7.655894987806781,4.5071204969234175,1.130681758083195,0.0,52.0,7.8,45.0,45.0,0.0,0.5437975968524592,1.0,24.25758357877124,31.24879983829806,1.2306559896685767,33.69108830384894,69.72025164666549,69.72025164666549,0.0,0.0,0.0,0.0,0.0,0.0,0.0,0.0,0.0,0.0,0.0,0.0,0.0,0.0,0.04384487695588435,0.0
5,holiday_return,春节返乡日,30.0,1.25,0.25,33.55604383170575,35.73152307557666,3.5214195033300464,0.0,5.0,-5.0,0.0,71.34178766824229,0.0,0.0,0.0,0.0,0.0,13.70579290713217,43.858537302822945,1.1738065011100154,3.5214195033300464,0.0,0.0,17.416995458421923,0.0,44.69195038191592,8.127014227246287,0.0,46.054418149982716,0.48914896987242296,0.0,0.0,0.0,0.0,0.0,14.281490102384126,6.196445859167049,7.671828452098505,4.508707192346344,1.1318937836244212,0.0,52.0,7.8,45.0,45.0,0.0,0.5564451041536659,1.0,24.16035155882814,31.44374030650746,1.2324968261655163,34.045192801578175,71.34178766824229,71.34178766824229,0.0,0.0,0.0,0.0,0.0,0.0,0.0,0.0,7.105427357601002e-15,0.0,0.0,0.0,0.0,0.0,0.005259532848398418,0.0
5,holiday_return,春节返乡日,30.0,1.5,0.25,34.06598624629612,35.85341398806333,3.4939362931526765,0.0,5.0,-5.0,0.0,74.65676547211652,0.0,0.0,0.0,0.0,0.0,13.70579290713217,43.858537302822945,1.1646454310508922,3.4939362931526765,0.0,0.0,17.416995458421923,0.0,48.82625220577203,8.005123314759617,0.0,47.932607728163134,3.3033454292154176,0.0,0.0,0.0,0.0,0.0,14.318415701958726,6.206666216575438,7.689847825099269,4.510605948421964,1.1333317474036817,0.0,52.0,7.8,45.0,45.0,0.0,0.582300962685299,1.0,24.527510097333206,31.55100430949573,1.2228777026034368,37.36933167551154,74.65676547211652,74.65676547211652,0.0,0.0,0.0,0.0,0.0,0.0,0.0,0.0,-7.105427357601002e-15,0.0,0.0,0.0,0.0,0.0,-0.027483210177369877,0.0
5,holiday_return,春节返乡日,30.0,1.75,0.25,34.06447911137858,36.06670888679635,3.335747335366945,0.0,5.0,-5.0,0.0,58.129968254535285,0.0,15.192379312753985,0.0,0.0,0.0,13.70579290713217,43.858537302822945,1.1119157784556484,3.335747335366945,0.0,0.0,4.247780457568883,0.0,49.83265875183435,7.791828416026597,0.0,49.75920067310537,0.0,0.0,0.0,0.0,0.0,0.0,14.363455796452588,6.219389040653508,7.710121950044608,4.51286839609892,1.1350303959877686,0.0,52.0,7.8,45.0,45.0,0.0,0.5718928928246295,1.0,24.52642496019258,31.73870382038079,1.1675115673784306,34.06447911137858,73.32234756728927,58.129968254535285,15.192379312753985,0.0,0.0,0.0,0.0,0.0,0.0,0.0,7.105427357601002e-15,0.0,0.0,0.0,0.0,0.0,-0.1581889577857316,0.0
5,holiday_return,春节返乡日,30.0,2.0,0.25,34.15160494967234,36.53484356226991,3.400116745935563,0.0,5.0,-5.0,0.0,57.75793773596667,0.0,15.523761524554452,0.0,0.0,0.0,13.70579290713217,43.858537302822945,1.1333722486451876,3.400116745935563,0.0,0.0,0.010491086053015783,0.0,49.83265875183435,7.323693740553033,0.0,51.473698336150164,3.7566765444639576,0.0,0.0,0.0,0.0,0.0,14.417685022531453,6.235120654015534,7.732815339204139,4.515552595153539,1.137028281956513,0.0,52.0,7.8,45.0,45.0,0.0,0.57157584790562,1.0,24.589155563764084,32.150662334797524,1.1900408610774469,37.9082814941363,73.28169926052112,57.75793773596667,15.523761524554452,0.0,0.0,0.0,0.0,0.0,0.0,0.0,0.0,0.0,0.0,0.0,0.0,0.0,0.06436941056861789,0.0
5,holiday_return,春节返乡日,30.0,2.25,0.25,34.353801168746095,36.98776693876495,3.2786679466845623,0.0,5.0,-5.0,0.0,57.94189260605487,0.0,15.999018158294739,0.0,0.0,0.0,13.70579290713217,43.858537302822945,1.0928893155615207,3.2786679466845623,0.0,0.0,0.010491086053015783,0.0,49.83265875183435,6.8707703640579965,0.0,53.079769448445866,3.7789181285620703,0.0,0.0,0.0,0.0,0.0,14.482621983946576,6.254441257945776,7.758084570862344,4.518723405843835,1.1393678788778467,0.0,52.0,7.8,45.0,45.0,0.0,0.5767175050731264,1.0,24.734736841497188,32.549234906113156,1.1475337813395967,38.132719297308164,73.94091076434961,57.94189260605487,15.999018158294739,0.0,0.0,0.0,0.0,0.0,0.0,0.0,0.0,0.0,0.0,0.0,0.0,0.0,-0.1214487992510005,0.0
5,holiday_return,春节返乡日,30.0,2.5,0.25,34.60588894597937,37.52778597275994,3.3568687423712853,0.0,5.0,-5.0,0.0,58.24777697067938,0.0,14.813088779192825,0.0,0.0,0.0,13.705792907132173,43.85853730282295,1.118956247457095,3.3568687423712853,0.0,0.0,0.010491086053015783,0.0,49.83265875183435,6.330751330063009,0.0,54.55678300461161,3.806647784057731,0.0,0.0,0.0,0.0,0.0,14.560327970590187,6.278008569232464,7.7860743537398776,4.522452792985491,1.1420956356627092,0.0,52.0,7.8,45.0,45.0,0.0,0.5698534110302632,1.0,24.916240041105148,33.02445165602875,1.1749040598299498,38.412536730037104,73.0608657498722,58.24777697067938,14.813088779192825,0.0,0.0,0.0,0.0,0.0,0.0,0.0,0.0,0.0,0.0,0.0,0.0,7.105427357601002e-15,0.078200795686723,0.0
5,holiday_return,春节返乡日,30.0,2.75,0.25,34.821856582587316,37.98986699770107,3.256012089146887,0.0,5.0,-5.0,0.0,58.45388216290607,0.0,12.334851549585323,0.0,0.0,0.0,13.705792907132173,43.85853730282295,1.0853373630489622,3.256012089146887,0.0,0.0,0.010491086053015783,0.0,49.83265875183435,5.868670305121881,0.0,55.923313810575756,3.830404224084605,0.0,0.0,0.0,0.0,0.0,14.653487206296482,6.306559758488298,7.816913326254436,4.526820040571981,1.145261956860199,0.0,52.0,7.8,45.0,45.0,0.0,0.5521314448514698,1.0,25.071736739462867,33.43108295797694,1.1396042312014103,38.65226080667192,70.78873371249139,58.45388216290607,12.334851549585323,0.0,0.0,0.0,0.0,0.0,0.0,0.0,0.0,0.0,0.0,0.0,0.0,0.0,-0.10085665322439841,0.0
5,holiday_return,春节返乡日,30.0,3.0,0.25,34.76141106965162,38.489760847641236,3.291449768186045,0.0,5.0,-5.0,0.0,58.39860020322717,0.0,12.779168532174914,0.0,0.0,0.0,13.705792907132173,43.85853730282295,1.0971499227286816,3.291449768186045,0.0,0.0,0.010491086053015783,0.0,49.83265875183435,5.368776455181717,0.0,57.17043656177613,3.8237552176616783,0.0,0.0,0.0,0.0,0.0,14.765445313376848,6.340911176287508,7.850709677913948,4.531911853237057,1.1489210950216178,0.0,52.0,7.8,45.0,45.0,0.0,0.5551658043891035,1.0,25.028215970149166,33.87098954592429,1.1520074188651157,38.5851662873133,71.17776873540208,58.39860020322717,12.779168532174914,0.0,0.0,0.0,0.0,0.0,0.0,0.0,0.0,0.0,0.0,0.0,0.0,0.0,0.035437679039158176,0.0
5,holiday_return,春节返乡日,30.0,3.25,0.25,34.87516807150168,39.26201803422321,3.340326773336533,0.0,5.0,-5.0,0.0,58.541162810330896,0.0,10.281210073679539,0.0,0.0,0.0,13.705792907132173,43.85853730282295,1.1134422577788443,3.340326773336533,0.0,0.0,0.010491086053015783,0.0,49.83265875183435,4.596519268599742,0.0,58.23352466978768,3.836268487865185,0.0,0.0,0.0,0.0,0.0,14.900177554058681,6.381955329467879,7.88754669973797,4.5378223194723715,1.1531309412182202,0.0,52.0,7.8,45.0,45.0,0.0,0.5367944047832288,1.0,25.110121011481212,34.550575870116425,1.1691143706677865,38.71143655936687,68.82237288401043,58.541162810330896,10.281210073679539,0.0,0.0,0.0,0.0,0.0,0.0,0.0,0.0,0.0,0.0,0.0,0.0,0.0,0.048877005150488095,0.0
5,holiday_return,春节返乡日,30.0,3.5,0.25,35.182230946800026,39.77180679071162,3.468271347006536,0.0,5.0,-5.0,0.0,55.05460538898739,0.0,10.33513831040927,0.0,0.0,0.0,13.705792907132173,43.85853730282295,1.1560904490021786,3.468271347006536,0.0,0.0,0.010491086053015783,0.0,49.83265875183435,4.08673051211133,0.0,59.17500640407923,0.0,0.0,0.0,0.0,0.0,0.0,15.062156496937494,6.4306545693559425,7.927478388994633,4.54465271070702,1.1579527002175556,0.0,52.0,7.8,45.0,45.0,0.0,0.5100208998489869,1.0,25.331206281696016,34.999189975826226,1.2138949714522875,35.182230946800026,65.38974369939666,55.05460538898739,10.33513831040927,0.0,0.0,0.0,0.0,0.0,0.0,0.0,0.0,0.0,0.0,0.0,0.0,0.0,0.1279445736700029,0.0
5,holiday_return,春节返乡日,30.0,3.75,0.25,35.50860108715578,40.74472907442868,3.5260456086661134,0.0,5.0,-5.0,0.0,59.30617973615014,0.0,2.3815604525537353,0.0,0.0,0.0,13.705792907132173,43.85853730282295,1.1753485362220377,3.5260456086661134,0.0,0.0,0.010491086053015783,0.0,49.83265875183435,3.1138082283942694,0.0,59.88494835512083,3.905946119587136,0.0,0.0,0.0,0.0,0.0,15.256092170785712,6.488030982312265,7.970525249701544,4.552511090274011,1.1634504377779933,0.0,52.0,7.8,45.0,45.0,0.0,0.4811463538582972,1.0,25.56619278275216,35.85536158549724,1.2341159630331395,39.41454720674292,61.68774018870388,59.30617973615014,2.3815604525537353,0.0,0.0,0.0,0.0,0.0,0.0,0.0,0.0,0.0,0.0,0.0,0.0,0.0,0.05777426165957733,0.0
5,holiday_return,春节返乡日,30.0,4.0,0.25,35.93853827799786,41.40362114915331,3.5129866483841146,0.0,5.0,-5.0,0.0,55.82581782064442,0.0,5.0064091105007975,0.0,0.0,0.0,13.705792907132173,43.85853730282295,1.1709955494613715,3.5129866483841146,0.0,0.0,0.010491086053015783,0.0,49.83265875183435,2.454916153669643,0.0,60.438048467439806,0.0,0.0,0.0,0.0,0.0,0.0,15.486528306613321,6.555152036159702,8.01667044319007,4.56151170707277,1.1696904890714896,0.0,52.0,7.8,45.0,45.0,0.0,0.4744736003534255,1.0,25.875747560158455,36.43518661125491,1.22954532693444,35.93853827799786,60.832226931145215,55.82581782064442,5.0064091105007975,0.0,0.0,0.0,0.0,0.0,0.0,0.0,0.0,0.0,0.0,0.0,0.0,0.0,-0.013058960281998822,0.0
5,holiday_return,春节返乡日,30.0,4.25,0.25,36.376592858544655,42.12915810554625,3.4557077037017336,0.0,5.0,-5.0,0.0,57.73593708586331,0.0,0.0,0.0,0.0,0.0,13.705792907132173,43.85853730282295,1.1519025679005779,3.4557077037017336,0.0,0.0,0.010491086053015783,0.0,49.83265875183435,1.7293791972766996,0.0,60.8185570025593,1.4911576662328923,0.0,0.0,0.0,0.0,0.0,15.757296762825213,6.633111637996388,8.06585645147619,4.57177415051892,1.1767407194379296,0.0,52.0,7.8,45.0,45.0,0.0,0.45032344401784524,1.0,26.191146858152152,37.0736591328807,1.2094976962956068,37.86775052477755,57.73593708586331,57.73593708586331,0.0,0.0,0.0,0.0,0.0,0.0,0.0,0.0,0.0,0.0,0.0,0.0,0.0,0.0,-0.05727894468238093,0.0
5,holiday_return,春节返乡日,30.0,4.5,0.25,36.83448590596004,43.159378622446916,3.5088888582384383,0.0,5.0,-5.0,0.0,58.198632438197535,0.0,0.0,0.0,0.0,0.0,13.705792907132173,43.85853730282295,1.1696296194128128,3.5088888582384383,0.0,0.0,0.010491086053015783,0.0,49.83265875183435,0.699158680376037,0.0,60.95419791064734,1.4782329196395008,0.0,0.0,0.0,0.0,0.0,16.070857874378383,6.7230064022510145,8.117982419158102,4.583422246266781,1.1846696315386707,0.0,52.0,7.8,45.0,45.0,0.0,0.45393233260805427,1.0,26.520829852291225,37.980253187753284,1.2281111003834533,38.31271882559954,58.198632438197535,58.198632438197535,0.0,0.0,0.0,0.0,0.0,0.0,0.0,0.0,0.0,0.0,0.0,0.0,0.0,0.0,0.05318115453670469,0.0
5,holiday_return,春节返乡日,30.0,4.75,0.25,37.51507281687095,44.03817039101838,3.5182314382444204,0.0,5.0,-5.0,0.0,59.493589136508916,0.0,0.0,0.0,0.0,0.0,13.761928247193245,44.03817039101838,1.1727438127481402,3.5182314382444204,0.0,0.0,0.010491086053015783,0.0,49.83265875183435,0.0,0.0,60.923720811692014,2.03335317364357,0.0,0.0,0.0,0.0,0.0,16.4275843577387,6.825907113107909,8.172902336108878,4.596582676284135,1.1935453165170355,0.0,52.0,7.8,45.0,45.0,0.0,0.464032616584918,1.0,27.010852428147082,38.75358994409618,1.231381003385547,39.54842599051452,59.493589136508916,59.493589136508916,0.0,0.0,0.0,0.0,0.0,0.0,0.0,0.0,0.0,0.0,0.0,0.0,0.0,0.17963308819543045,0.009342580005982093,0.0
5,holiday_return,春节返乡日,30.0,5.0,0.25,38.41199678766314,45.16614706089473,3.4984228599878375,0.0,5.0,-5.0,0.0,58.35055707423868,0.0,1.6743094076442162,0.0,0.0,0.0,13.761928247193245,44.03817039101838,1.1661409533292793,3.4984228599878375,0.0,0.0,0.010491086053015783,0.0,49.83265875183435,0.0,1.1279766698763467,60.59642298552924,0.0,0.0,0.0,0.0,0.0,0.0,16.825075489963734,6.9428255904686855,8.230424212552332,4.611383312205518,1.203434250966751,0.0,52.0,7.8,45.0,45.0,0.0,0.46817642468734244,1.0,27.65663768711746,39.746209413587366,1.224448000995743,38.41199678766314,60.024866481882896,58.35055707423868,1.6743094076442162,0.0,0.0,0.0,0.0,0.0,0.0,0.0,-7.105427357601002e-15,0.0,0.0,0.0,0.0,0.0,-0.019808578256582887,0.0
5,holiday_return,春节返乡日,30.0,5.25,0.25,38.95494687211559,46.046447756591206,3.4720386168845847,0.0,5.0,-5.0,0.0,60.15559935049867,0.0,0.0,0.0,0.0,0.0,13.761928247193245,44.03817039101838,1.157346205628195,3.4720386168845847,0.0,0.0,0.010491086053015783,0.0,49.83265875183435,0.0,2.008277365572823,60.03763073046468,1.2708869395086224,0.0,0.0,0.0,0.0,0.0,17.25760994550442,7.074677428247333,8.290310379633805,4.6279512574984665,1.2143999463019854,0.0,52.0,7.8,45.0,45.0,0.0,0.4691961028741507,1.0,28.047561747923226,40.52087402580026,1.2152135159096045,40.22583381162421,60.15559935049867,60.15559935049867,0.0,0.0,0.0,0.0,0.0,0.0,0.0,0.0,0.0,0.0,0.0,0.0,0.0,0.0,-0.026384243103252825,0.0
5,holiday_return,春节返乡日,30.0,5.5,0.25,39.677275364647016,46.756977160446866,3.3634050199916143,0.0,5.0,-5.0,0.0,59.57082970455715,0.0,1.0208345109884291,0.0,0.0,0.0,13.761928247193245,44.03817039101838,1.1211350066638714,3.3634050199916143,0.0,0.0,0.010491086053015783,0.0,49.83265875183435,0.0,2.7188067694284825,59.29213644946037,0.0,0.0,0.0,0.0,0.0,0.0,17.715852961152066,7.222241359565747,8.352279022052926,4.646410601804602,1.2265014624274597,0.0,52.0,7.8,45.0,45.0,0.0,0.47259728144255364,1.0,28.567638262545852,41.146139901193244,1.177191756997065,39.677275364647016,60.59166421554558,59.57082970455715,1.0208345109884291,0.0,0.0,0.0,0.0,0.0,0.0,0.0,0.0,0.0,0.0,0.0,0.0,0.0,-0.10863359689297036,0.0
5,holiday_return,春节返乡日,30.0,5.75,0.25,40.16259907466876,47.62878253291188,3.4654440210956676,0.0,5.0,-5.0,0.0,59.12027662934126,0.0,0.0,0.0,0.0,0.0,13.761928247193245,44.03817039101838,1.1551480070318891,3.4654440210956676,0.0,0.0,0.0,0.9593986995526347,49.57769377690922,0.0,3.5906121418934944,58.31759244915841,0.0,0.0,0.0,0.0,0.0,0.0,18.18692082740795,7.386116303571432,8.416007014798572,4.666879899763706,1.2397918033022686,0.0,52.0,7.8,45.0,45.0,0.0,0.461120888077374,1.0,28.91707133376151,41.913328628962454,1.2129054073834835,40.16259907466876,59.12027662934126,59.12027662934126,0.0,0.0,0.0,0.0,0.0,0.0,0.0,0.0,0.0,0.0,0.0,0.0,0.0,0.0,0.10203900110405328,0.0
5,holiday_return,春节返乡日,30.0,6.0,0.25,40.772098900088025,48.11043753337233,3.5069515504162294,0.0,5.0,-5.0,0.0,56.529112427056596,0.0,0.0,0.0,0.0,0.0,13.761928247193245,44.03817039101838,1.168983850138743,3.5069515504162294,0.0,0.0,0.0,4.173898570363418,48.47682053159842,0.0,4.072267142353944,57.216784404945955,0.0,0.0,0.0,0.0,0.0,0.0,18.654870698030386,7.566677448286375,8.481134094012406,4.6894693965312575,1.2543162179203147,0.0,52.0,7.8,45.0,45.0,0.0,0.44091056420485664,1.0,29.355911208063375,42.337185029367646,1.2274330426456803,40.772098900088025,56.529112427056596,56.529112427056596,0.0,0.0,0.0,0.0,0.0,0.0,0.0,0.0,0.0,0.0,0.0,0.0,0.0,0.0,0.04150752932056179,0.0
5,holiday_return,春节返乡日,30.0,6.25,0.25,41.59399164487001,48.87532527405701,3.561590102610363,0.0,5.0,-5.0,0.0,58.84121086305026,0.0,0.0,0.0,0.0,0.0,13.761928247193245,44.03817039101838,1.187196700870121,3.561590102610363,0.0,0.0,0.0,2.701905729883114,47.76336886691839,0.0,4.837154883038629,55.915240517207,0.0,0.0,0.0,0.0,0.0,0.0,19.101628614312148,7.764033005644941,8.547268343447353,4.714278032830902,1.270110436205285,0.0,52.0,7.8,45.0,45.0,0.0,0.45894425661824045,1.0,29.947673984306405,43.01028624117017,1.246556535913627,41.59399164487001,58.84121086305026,58.84121086305026,0.0,0.0,0.0,0.0,0.0,0.0,0.0,0.0,0.0,0.0,0.0,0.0,0.0,0.0,0.054638552194133716,0.0
5,holiday_return,春节返乡日,30.0,6.5,0.25,42.20419616553493,49.31765630118919,3.6237778943899186,0.0,5.0,-5.0,0.0,58.997568088797664,0.0,0.0,0.0,0.0,0.0,13.761928247193245,44.03817039101838,1.2079259647966396,3.6237778943899186,0.0,0.0,0.0,3.176482288727149,46.92506430670474,0.0,5.279485910170806,54.49794449953504,0.0,0.0,0.0,0.0,0.0,0.0,19.508300797980567,7.977983519345744,8.613992924287187,4.741390273451254,1.2871988751224155,0.0,52.0,7.8,45.0,45.0,0.0,0.46016379730554124,1.0,30.38702123918515,43.399537545046485,1.2683222630364714,42.20419616553493,58.997568088797664,58.997568088797664,0.0,0.0,0.0,0.0,0.0,0.0,0.0,0.0,0.0,0.0,0.0,0.0,0.0,0.0,0.06218779177955547,0.0
5,holiday_return,春节返乡日,30.0,6.75,0.25,42.56238821757537,49.5470852237989,3.6789644037467686,0.0,5.0,-5.0,0.0,60.755452553249256,0.0,0.0,0.0,0.0,0.0,13.761928247193245,44.03817039101838,1.2263214679155896,3.6789644037467686,0.0,0.0,0.0,1.7951853794349457,46.450300848374944,0.0,5.508914832780519,53.02098109760619,0.0,0.0,0.0,0.0,0.0,0.0,19.85674429360435,8.207985793114666,8.68087391911847,4.7708728142498655,1.3055928557041865,0.0,52.0,7.8,45.0,45.0,0.0,0.4738747826324103,1.0,30.644919516654262,43.601434996943034,1.287637541311369,42.56238821757537,60.755452553249256,60.755452553249256,0.0,0.0,0.0,0.0,0.0,0.0,0.0,0.0,0.0,0.0,0.0,0.0,0.0,0.0,0.05518650935684999,0.0
5,holiday_return,春节返乡日,30.0,7.0,0.25,43.135579652182884,49.678320622586526,3.769265194753665,0.0,5.0,-5.0,0.4384726469964093,62.58016954699414,1.7208456881689926e-15,0.0,0.0,0.0,0.0,13.761928247193245,44.03817039101838,1.256421731584555,3.769265194753665,0.0,0.0,0.0,0.13528743697012935,46.41237637623512,0.0,5.640150231568143,51.510220546118404,0.0,0.0,0.0,0.0,0.0,0.0,20.13121670033314,8.453123616580214,8.747469102891415,4.802771233561842,1.3252888764197575,0.0,88.0,13.2,45.0,45.0,0.013236620767073657,0.4881070421653084,1.0,31.057617349571675,43.71692214787614,1.3192428181637827,43.135579652182884,63.01864219399055,63.01864219399055,1.7208456881689926e-15,0.0,0.0,0.0,0.0,0.0,0.0,0.0,0.0,0.0,0.0,0.0,0.0,0.0,0.09030079100689647,0.0
5,holiday_return,春节返乡日,30.0,7.25,0.25,43.653302730328726,49.427393216602226,3.9547130078154376,0.0,5.0,-5.0,1.3284346370051594,66.48420598127845,-5.551115123125783e-15,0.0,0.0,0.0,0.0,15.23799096568793,48.76157109020138,1.3182376692718125,3.9547130078154376,0.0,0.0,2.603109252995143,0.0,47.02829420500265,0.0,0.6658221264008475,51.3092490867925,0.0,0.0,0.0,0.0,0.0,0.0,20.319893880446465,8.712087480019807,8.813337397434944,4.837106663981148,1.3462669921308321,0.0,88.0,13.2,45.0,45.0,0.04010281057287093,0.5185573859441491,1.0,31.43037796583668,43.49610603060996,1.384149552735403,43.653302730328726,67.81264061828361,67.81264061828361,-5.551115123125783e-15,0.0,0.0,0.0,0.0,0.0,0.0,0.0,7.105427357601002e-15,0.0,0.0,0.0,0.0,4.723400699182996,0.1854478130617725,0.0
5,holiday_return,春节返乡日,30.0,7.5,0.25,44.11727535832173,49.09586448636901,4.08120999489733,0.0,5.0,-5.0,2.364511031274162,68.3087721920728,-6.217248937900877e-15,0.0,0.0,0.0,0.0,15.23799096568793,48.76157109020138,1.3604033316324433,4.08120999489733,0.0,0.0,4.957613567704858,0.0,48.20337601262231,0.0,0.3342933961676309,51.195622515889205,0.0,0.0,0.0,0.0,0.0,0.0,20.41604788860703,8.983165372675376,8.878048714443327,4.87387256931688,1.3684893505187623,0.0,88.0,13.2,45.0,45.0,0.07137990484682256,0.5327884694140783,1.0,31.764438257991642,43.20436074800473,1.4284234982140656,44.11727535832173,70.67328322334696,70.67328322334696,-6.217248937900877e-15,0.0,0.0,0.0,0.0,0.0,0.0,0.0,7.105427357601002e-15,0.0,0.0,0.0,0.0,0.0,0.1264969870818926,0.0
5,holiday_return,春节返乡日,30.0,7.75,0.25,44.56705852101984,48.76157109020138,4.2084558194734445,0.0,5.0,-5.0,0.0,66.56224965960777,3.3857552251233605,3.0898060036623605,0.0,0.0,0.0,15.23799096568793,48.76157109020138,1.402818606491148,4.2084558194734445,0.0,0.0,-0.0,0.0,48.20096584382168,0.0,-0.0,51.17002470463127,0.3543815664088603,0.0,0.0,0.0,0.0,0.0,20.418716999184813,9.26424654156453,8.941193847923186,4.91303171864422,1.391898939106604,0.0,88.0,13.2,45.0,45.0,0.10220924436698749,0.5432656881027128,1.0,32.088282135134286,42.91018255937721,1.4729595368157056,44.9214400874287,73.0378108883935,66.56224965960777,6.475561228785721,0.0,0.0,0.0,0.0,-0.0,0.0,0.0,0.0,0.0,0.0,0.0,0.0,0.0,0.12724582457611433,0.0
5,holiday_return,春节返乡日,30.0,8.0,0.25,44.92594054533344,48.174151460626994,4.262358649719252,0.0,5.0,-5.0,4.894852197708204,71.50446371340858,4.440892098500626e-15,0.0,0.0,0.0,0.0,15.054422331445934,48.174151460626994,1.4207862165730838,4.262358649719252,0.0,0.0,6.880433500231011,0.0,49.83265875183435,-0.0,0.0,51.14443969227895,3.1177333175333235,0.0,0.0,0.0,0.0,0.0,20.332770017957245,9.552839743837302,9.002394043980377,4.95451345430169,1.4164185956342732,0.0,88.0,13.2,45.0,45.0,0.14776589302837612,0.5577139297866428,1.0,32.34667719264007,42.393253285351754,1.491825527401738,48.04367386286676,76.39931591111679,76.39931591111679,4.440892098500626e-15,0.0,0.0,0.0,0.0,0.0,0.0,0.0,0.0,0.0,0.0,0.0,0.0,-0.5874196295743843,0.05390283024580711,0.0
5,holiday_return,春节返乡日,30.0,8.25,0.25,45.34617677080739,47.45073931459577,4.3810331995710605,0.0,5.0,-5.0,0.0,71.63344773731743,6.556652613795032,0.2824403893967826,0.0,0.0,0.0,14.828356035811177,47.45073931459577,1.4603443998570202,4.3810331995710605,0.0,0.0,0.010491086053015783,0.0,49.83265875183435,-0.0,0.0,51.11886747243281,4.988079444788813,0.0,0.0,0.0,0.0,0.0,20.168355658107767,9.846107057534763,9.061309856468025,4.998211352998994,1.4419503324173917,0.0,88.0,13.2,45.0,45.0,0.19793235620227292,0.5609229200291892,1.0,32.64924727498132,41.75665059684428,1.5333616198498712,50.3342562155962,78.47254074050925,71.63344773731743,6.839093003191815,0.0,0.0,0.0,0.0,0.0,0.0,0.0,7.105427357601002e-15,0.0,0.0,0.0,0.0,-0.7234121460312224,0.11867454985180892,0.0
5,holiday_return,春节返乡日,30.0,8.5,0.25,45.68899937291842,46.40866044421703,4.463062844479962,0.0,5.0,-5.0,2.837735123855566,68.87793926978138,5.122314935764512,0.0,0.0,0.0,0.0,14.50270638881782,46.40866044421703,1.487687614826654,4.463062844479962,0.0,0.0,0.010491086053015783,0.0,49.83265875183435,-0.0,0.0,51.0933080386966,5.025789931021026,0.0,0.0,0.0,0.0,0.0,19.93981810282523,10.140913732205318,9.117648893981904,5.0439813785173095,1.4683750213287108,0.0,88.0,13.2,45.0,45.0,0.2402981455009107,0.5372278063607382,1.0,32.89607954850126,40.83962119091098,1.5620719955679867,50.71478930393944,76.83798932940145,71.71567439363695,5.122314935764512,0.0,0.0,0.0,0.0,0.0,0.0,0.0,7.105427357601002e-15,0.0,0.0,0.0,0.0,-1.0420788703787451,0.08202964490890174,0.0
5,holiday_return,春节返乡日,30.0,8.75,0.25,45.89873467233848,45.575217357220154,4.6508053023497675,0.0,5.0,-5.0,5.494763652760227,66.2558467778364,4.1654371999645665,0.0,0.0,0.0,0.0,14.242255424131297,45.575217357220154,1.550268434116589,4.6508053023497675,0.0,0.0,0.010491086053015783,0.0,49.83265875183435,-0.0,0.0,51.067761384677254,5.048860813957233,0.0,0.0,0.0,0.0,0.0,19.664235034407675,10.433893878910636,9.171172078992457,5.0916406205124645,1.4955524801487288,0.0,88.0,13.2,45.0,45.0,0.2916223305996241,0.516776250863337,1.0,33.047088964083706,40.10619127435373,1.6277818558224186,50.94759548629571,75.9160476305612,71.75061043059662,4.1654371999645665,0.0,0.0,0.0,0.0,0.0,0.0,0.0,0.0,0.0,0.0,0.0,0.0,-0.8334430869968728,0.18774245786980526,0.0
5,holiday_return,春节返乡日,30.0,9.0,0.25,46.03015538071711,44.514984789479314,4.756056918485088,0.0,5.0,-5.0,0.0,66.53693151964411,11.489752990440154,0.1463627527068354,0.0,0.0,0.0,13.910932746712286,44.514984789479314,1.585352306161696,4.756056918485088,0.0,0.0,0.010491086053015783,0.0,49.83265875183435,-0.0,0.0,51.04222750398492,0.0,0.0,0.0,0.0,0.0,0.0,19.359780905837553,10.721531042776878,9.221698074809092,5.14096670648026,1.5233219932765087,0.0,88.0,13.2,45.0,45.0,0.34685288599781605,0.5201102164588087,1.0,33.14171187411632,39.173186614741795,1.6646199214697808,46.03015538071711,78.1730472627911,66.53693151964411,11.63611574314699,0.0,0.0,0.0,0.0,0.0,0.0,0.0,7.105427357601002e-15,0.0,0.0,0.0,0.0,-1.0602325677408402,0.10525161613532052,0.0
5,holiday_return,春节返乡日,30.0,9.25,0.25,46.454664786262256,43.427424129164166,4.814240441087901,0.0,5.0,-5.0,2.6939468368202597,64.28688859590328,10.051615600366597,0.0,0.0,0.0,0.0,13.910932746712286,44.514984789479314,1.604746813695967,4.814240441087901,0.0,0.0,0.010491086053015783,0.0,49.83265875183435,1.0875606603151482,0.0,51.275002047057775,0.0,0.0,0.0,0.0,0.0,0.0,19.044128977220062,11.000251901253675,9.269105590922573,5.191697962944294,1.5515032902890038,0.0,88.0,13.2,45.0,45.0,0.3847632859193663,0.5014189521968824,1.0,33.447358646108825,38.216133233664465,1.6849841543807653,46.454664786262256,77.03245103309014,66.98083543272354,10.051615600366597,0.0,0.0,0.0,0.0,0.0,0.0,0.0,1.4210854715202004e-14,0.0,0.0,0.0,0.0,0.0,0.05818352260281312,0.0
5,holiday_return,春节返乡日,30.0,9.5,0.25,46.72048890428404,42.33083300326939,4.946370305376501,0.0,5.0,-5.0,4.625116032946181,62.66558680589533,9.587596630650046,0.0,0.0,0.0,0.0,13.910932746712286,44.514984789479314,1.648790101792167,4.946370305376501,0.0,0.0,0.010491086053015783,0.0,49.83265875183435,2.184151786209924,0.0,51.76810059525911,0.0,0.0,0.0,0.0,0.0,0.0,18.733081198814524,11.266530524197947,9.313333351339375,5.2435343874494835,1.579897994784475,0.0,88.0,13.2,45.0,45.0,0.4290536453940955,0.4887732718334914,1.0,33.638752011084506,37.251133042877065,1.7312296068817752,46.72048890428404,76.87829946949155,67.29070283884151,9.587596630650046,0.0,0.0,0.0,0.0,0.0,0.0,0.0,7.105427357601002e-15,0.0,0.0,0.0,0.0,0.0,0.13212986428859974,0.0
5,holiday_return,春节返乡日,30.0,9.75,0.25,46.72447275998074,41.369842080177555,5.150614405943767,0.0,5.0,-5.0,9.91460299994511,62.58785706504674,6.1187211225991724,0.0,0.0,0.0,0.0,13.910932746712286,44.514984789479314,1.7168714686479223,5.150614405943767,0.0,0.0,0.010491086053015783,0.0,49.83265875183435,3.1451427093017585,0.0,52.48918793842065,5.139692003597881,0.0,0.0,0.0,0.0,0.0,18.439562952564007,11.516999858690712,9.35437760192237,5.29613947520614,1.6082915436188965,0.0,88.0,13.2,45.0,45.0,0.48401429940835,0.48816700256051687,1.0,33.64162038718613,36.405461030556246,1.8027150420803182,51.86416476357862,78.62118118759102,72.50246006499185,6.1187211225991724,0.0,0.0,0.0,0.0,0.0,0.0,0.0,0.0,0.0,0.0,0.0,0.0,0.0,0.20424410056726572,0.0
5,holiday_return,春节返乡日,30.0,10.0,0.25,46.74461181243801,40.261680502552586,5.213746460249064,0.0,5.0,-5.0,11.239466971580704,61.30639145974049,6.086836658385266,0.0,0.0,0.0,0.0,13.910932746712286,44.514984789479314,1.737915486749688,5.213746460249064,0.0,0.0,0.010491086053015783,0.0,49.83265875183435,4.253304286926728,0.0,53.47310311259654,5.141907299368181,0.0,0.0,0.0,0.0,0.0,18.17305224777479,11.748566405634284,9.392287138407003,5.349142923597687,1.636455563392761,0.0,88.0,13.2,45.0,45.0,0.5230467898420775,0.4781719451682082,1.0,33.65612050495537,35.430278842246274,1.8248112610871723,51.88651911180619,78.63269508970646,72.5458584313212,6.086836658385266,0.0,0.0,0.0,0.0,0.0,0.0,0.0,1.4210854715202004e-14,0.0,0.0,0.0,0.0,0.0,0.06313205430529756,0.0
5,holiday_return,春节返乡日,30.0,10.25,0.25,46.848258822425564,39.33452217748477,5.409450785786169,0.0,5.0,-5.0,10.15954355636962,57.41328936074998,8.498986451271978,0.0,0.0,0.0,0.0,13.910932746712286,44.514984789479314,1.803150261928723,5.409450785786169,0.0,0.0,0.010491086053015783,0.0,49.83265875183435,5.1804626119945425,0.0,54.67672643138895,0.0,0.0,0.0,0.0,0.0,0.0,17.939444049526898,11.958523480860528,9.427155952443664,5.402144214755273,1.664150677281882,0.0,88.0,13.2,45.0,45.0,0.5632640655558095,0.44780688601062907,1.0,33.730746352146404,34.6143795161866,1.893307775025159,46.848258822425564,76.07181936839157,67.5728329171196,8.498986451271978,0.0,0.0,0.0,0.0,0.0,0.0,0.0,1.4210854715202004e-14,0.0,0.0,0.0,0.0,0.0,0.19570432553710493,0.0
5,holiday_return,春节返乡日,30.0,10.5,0.25,46.78864716056742,38.49999028519533,5.5889904909922254,0.0,5.0,-5.0,11.153144735627876,56.4199230880356,8.702381786833335,0.0,0.0,0.0,0.0,13.910932746712286,44.514984789479314,1.8629968303307418,5.5889904909922254,0.0,0.0,0.010491086053015783,0.0,49.83265875183435,6.014994504283983,0.0,56.077949262940706,0.0,0.0,0.0,0.0,0.0,0.0,17.74129225190997,12.144658043494845,9.459113713468598,5.454717051666488,1.6911297014917557,0.0,88.0,13.2,45.0,45.0,0.5993990195482891,0.44005891925580454,1.0,33.687825955608545,33.87999145097189,1.9561466718472789,46.78864716056742,76.27544961049682,67.57306782366348,8.702381786833335,0.0,0.0,0.0,0.0,0.0,0.0,0.0,1.4210854715202004e-14,0.0,0.0,0.0,0.0,0.0,0.17953970520605633,0.0
5,holiday_return,春节返乡日,30.0,10.75,0.25,46.72242244072376,37.82539189146889,5.881681389879488,0.0,5.0,-5.0,18.93175131413355,53.8121218911283,1.8658676433092332,0.0,0.0,0.0,0.0,13.910932746712286,44.514984789479314,1.9605604632931628,5.881681389879488,0.0,0.0,0.010491086053015783,0.0,49.83265875183435,6.6895928980104244,0.0,57.638688601586715,5.139466468479614,0.0,0.0,0.0,0.0,0.0,17.578332687151633,12.305345867838907,9.488314423350637,5.506414597592846,1.717141177245591,0.0,88.0,13.2,45.0,45.0,0.6278389242374456,0.41971883168506524,1.0,33.64014415732111,33.28634486449263,2.0585884864578206,51.86188890920337,74.60974084857108,72.74387320526185,1.8658676433092332,0.0,0.0,0.0,0.0,0.0,0.0,0.0,7.105427357601002e-15,0.0,0.0,0.0,0.0,0.0,0.29269089888726274,0.0
5,holiday_return,春节返乡日,30.0,11.0,0.25,46.5961507881338,36.987156740404,6.142839340838049,0.0,5.0,-5.0,18.385761229631846,49.17942650487995,2.787962653462859,0.0,0.0,0.0,0.0,13.910932746712286,44.514984789479314,2.047613113612683,6.142839340838049,0.0,0.0,0.010491086053015783,0.0,49.83265875183435,7.5278280490753176,0.0,59.39772841894131,0.0,0.0,0.0,0.0,0.0,0.0,17.448173727181484,12.439629865366225,9.514923691987583,5.55677544278461,1.7419331717989983,0.0,70.0,10.5,45.0,45.0,0.6391927870236086,0.38358516092956363,1.0,33.54922856745633,32.548697931555516,2.149993769293317,46.5961507881338,70.35315038797465,67.5651877345118,2.787962653462859,0.0,0.0,0.0,0.0,0.0,0.0,0.0,1.4210854715202004e-14,0.0,0.0,0.0,0.0,0.0,0.26115795095856065,0.0
5,holiday_return,春节返乡日,30.0,11.25,0.25,46.697327438803896,36.26511590288973,6.369234095777654,0.0,5.0,-5.0,21.709634809289625,48.29683334620471,7.105427357601002e-15,0.0,0.0,0.0,0.0,13.419912345857634,42.94371950674443,2.1230780319258846,6.369234095777654,0.0,0.0,0.010491086053015783,0.0,49.83265875183435,6.678603603854694,0.0,60.95419791064734,2.755659252853902,0.0,0.0,0.0,0.0,0.0,17.34704490418143,12.547276655744007,9.539105178547624,5.605330197525103,1.7652572710088608,0.0,70.0,10.5,45.0,45.0,0.6553708764519133,0.376701192106296,1.0,33.6220757559388,31.913301994542966,2.2292319335221786,49.4529866916578,70.00646815549433,70.00646815549433,7.105427357601002e-15,0.0,0.0,0.0,0.0,0.0,0.0,0.0,-7.105427357601002e-15,0.0,0.0,0.0,0.0,-1.5712652827348847,0.22639475493960504,0.0
5,holiday_return,春节返乡日,30.0,11.5,0.25,46.844066992631426,35.58801605108061,6.8273060230657485,0.0,5.0,-5.0,21.902896240052307,43.777121828634456,-3.552713678800501e-15,0.0,0.0,0.0,0.0,11.161356461956537,35.71634067826092,2.2757686743552497,6.8273060230657485,0.0,0.0,0.010491086053015783,0.0,49.83265875183435,0.12832462718030888,0.0,60.95419791064734,0.38833485369053555,0.0,0.0,0.0,0.0,0.0,17.2705134096905,12.62880705491075,9.561006818315848,5.6516085873581305,1.7868726769384464,0.0,70.0,10.5,45.0,45.0,0.6612050562700411,0.3414487625227514,1.0,33.727728234694624,31.317454124950935,2.389557108073012,47.23240184632196,65.68001806868676,65.68001806868676,-3.552713678800501e-15,0.0,0.0,0.0,0.0,0.0,0.0,0.0,0.0,0.0,0.0,0.0,0.0,-7.227378828483509,0.45807192728809465,0.0
5,holiday_return,春节返乡日,30.0,11.75,0.25,46.639492542245875,35.20640333880808,7.069734580470442,0.0,0.9567656590224374,-0.9567656590224374,22.557468921267564,37.032197076994215,-3.552713678800501e-15,0.0,0.0,0.0,0.0,10.653070953747074,34.08982705199064,2.3565781934901473,7.069734580470442,0.0,0.0,0.0,1.0162413502437602,49.562735184622085,0.0,1.1165762868174411,60.629884946740056,0.0,0.0,0.0,0.0,0.0,0.0,17.214106415837282,12.685496996457504,9.580747503239655,5.695146905883207,1.8065503172708026,0.0,70.0,10.5,45.0,45.0,0.6809653090590911,0.28884031972078034,1.0,33.58043463041703,30.98163493815111,2.4744071031646544,46.639492542245875,59.58966599826178,59.58966599826178,-3.552713678800501e-15,0.0,0.0,0.0,0.0,0.0,0.0,0.0,0.0,0.0,0.0,4.043234340977563,0.0,-1.626513626270281,0.24242855740469338,0.0
5,holiday_return,春节返乡日,30.0,12.0,0.25,46.46212702448516,34.704137382124244,7.225327606705329,0.0,0.9567656590224374,-0.9567656590224374,23.290022139748977,32.63744363315989,0.0,0.0,0.0,0.0,0.0,10.653070953747074,34.08982705199064,2.408442535568443,7.225327606705329,0.0,0.0,0.0,4.552940399914249,48.36211483735911,0.0,0.6143103301336055,60.43790939107363,0.0,0.0,0.0,0.0,0.0,0.0,17.173806992595992,12.719346517740412,9.598404900513795,5.735495663618433,1.8240768692696459,0.0,70.0,10.5,45.0,45.0,0.7030796398187408,0.2545625266108572,1.0,33.45273145762932,30.539640896269336,2.528864662346865,46.46212702448516,55.92746577290887,55.92746577290887,0.0,0.0,0.0,0.0,0.0,0.0,0.0,0.0,0.0,0.0,0.0,0.0,0.0,0.0,0.1555930262348868,0.0
5,holiday_return,春节返乡日,30.0,12.25,0.25,46.45144517844682,34.39481776371137,7.471377029261611,0.0,0.9567656590224374,-0.9567656590224374,23.708825165751435,34.00583767225602,3.552713678800501e-15,0.0,0.0,0.0,0.0,10.653070953747074,34.08982705199064,2.4904590097538706,7.471377029261611,0.0,0.0,0.0,2.1776987349915315,47.786618117145785,0.0,0.304990711720734,60.32742972276738,0.0,0.6593792279712134,0.0,0.0,0.0,0.0,17.146417427617585,12.733015796101931,9.614005074678444,5.772227258905498,1.8392585999213824,0.0,70.0,10.5,45.0,45.0,0.7157224736859645,0.2652356003940511,1.0,33.445040528481705,30.267439632066008,2.614981960241564,45.7920659504756,57.714662838007456,57.714662838007456,3.552713678800501e-15,0.0,0.0,0.0,0.0,0.0,0.0,0.0,0.0,0.0,0.0,0.0,0.0,0.0,0.2460494225562826,0.0
5,holiday_return,春节返乡日,30.0,12.5,0.25,46.611059977407635,34.17807606432705,7.509279747424025,0.0,0.9567656590224374,-0.9567656590224374,23.85509467019878,33.02657040940471,3.552713678800501e-15,0.0,0.0,0.0,0.0,10.653070953747074,34.08982705199064,2.5030932491413416,7.509279747424025,0.0,0.0,0.0,1.955894927876514,47.26951959469348,0.0,0.08824901233641214,60.27404258360694,0.0,1.8864298318384871,0.0,0.0,0.0,0.0,17.129802529355597,12.729728767995118,9.627514523365473,5.804943489303339,1.851924925857258,0.0,70.0,10.5,45.0,45.0,0.7201380603215732,0.257597601797695,1.0,33.559963183733494,30.076706936607806,2.6282479115984088,44.72463014556915,56.88166507960349,56.88166507960349,3.552713678800501e-15,0.0,0.0,0.0,0.0,0.0,0.0,0.0,0.0,0.0,0.0,0.0,0.0,0.0,0.03790271816241386,0.0
5,holiday_return,春节返乡日,30.0,12.75,0.25,46.560566311654874,33.93561484732791,7.782220839408136,0.0,0.9567656590224374,-0.9567656590224374,23.972855306225377,33.56384606383255,-3.552713678800501e-15,0.0,0.0,0.0,0.0,10.653070953747074,34.08982705199064,2.5940736131360453,7.782220839408136,0.0,0.0,0.0,1.336481766377112,46.91545039071977,0.154212204662727,0.0,60.28053096092254,0.0,1.8912934011253961,0.0,0.0,0.0,0.0,17.123035728673802,12.713146542002859,9.638835145776142,5.833282719853247,1.861931601718425,0.0,70.0,10.5,45.0,45.0,0.7236930206846677,0.2617881949585727,1.0,33.523607744391505,29.863341065648562,2.7237772937928475,44.66927291052948,57.536701370057926,57.536701370057926,-3.552713678800501e-15,0.0,0.0,0.0,0.0,0.0,0.0,0.0,0.0,0.0,0.0,0.0,0.0,0.0,0.27294109198411043,0.0
5,holiday_return,春节返乡日,30.0,13.0,0.25,46.21992290165741,33.76263181615504,7.9544928286904,0.0,0.9567656590224374,-0.9567656590224374,23.55532093994448,36.92593618404591,-3.552713678800501e-15,0.0,0.0,0.0,0.0,10.653070953747074,34.08982705199064,2.651497609563467,7.9544928286904,0.0,0.0,0.0,0.0,46.91310461820024,0.32719523583559607,0.0,60.32809956395304,0.0,0.0,0.0,0.0,0.0,0.0,17.12647301649979,12.68721454645595,9.64780253919423,5.856926528266881,1.8691634536951827,0.0,70.0,10.5,45.0,45.0,0.7110884851417107,0.2880115157956664,1.0,33.27834448919334,29.71111599821644,2.78407249004164,46.21992290165741,60.48125712399039,60.48125712399039,-3.552713678800501e-15,0.0,0.0,0.0,0.0,0.0,0.0,0.0,0.0,0.0,0.0,0.0,0.0,0.0,0.1722719892822644,0.0
5,holiday_return,春节返乡日,30.0,13.25,0.25,46.33852118047744,33.55417070850329,7.828319242805456,0.0,0.9567656590224374,-0.9567656590224374,22.66563011806496,40.63683020999132,0.0,0.0,0.0,0.0,0.0,10.653070953747074,34.08982705199064,2.6094397476018187,7.828319242805456,0.0,0.0,2.7446627872075027,0.0,47.56261637493111,0.5356563434873465,0.0,60.42515389574931,0.0,0.0,0.0,0.0,0.0,0.0,17.141775691102367,12.655989039888075,9.654187867515674,5.87560565654106,1.8735365858306066,0.0,70.0,10.5,45.0,45.0,0.684230481364655,0.31695540520831705,1.0,33.36373524994376,29.527670223482897,2.7399117349819093,46.33852118047744,63.30246032805628,63.30246032805628,0.0,0.0,0.0,0.0,0.0,0.0,0.0,0.0,0.0,0.0,0.0,0.0,0.0,0.0,-0.12617358588494376,0.0
5,holiday_return,春节返乡日,30.0,13.5,0.25,46.835707254945696,33.605486259388776,8.090526329078632,0.0,0.9567656590224374,-0.9567656590224374,21.83310529041775,40.450394673226526,3.552713678800501e-15,0.0,0.0,0.0,0.0,10.653070953747074,34.08982705199064,2.696842109692877,8.090526329078632,0.0,0.0,1.141113986236185,0.0,47.831252815843456,0.4843407926018628,0.0,60.50997225704439,0.0,0.0,0.0,0.0,0.0,0.0,17.171894826373606,12.623450153528635,9.657703374097466,5.889105113564341,1.875,0.0,70.0,10.5,45.0,45.0,0.659098205729615,0.3155012624812599,1.0,33.7217092235609,29.572827908262123,2.831684215177521,46.835707254945696,62.283499963644275,62.283499963644275,3.552713678800501e-15,0.0,0.0,0.0,0.0,0.0,0.0,0.0,7.105427357601002e-15,0.0,0.0,0.0,0.0,0.0,0.26220708627317535,0.0
5,holiday_return,春节返乡日,30.0,13.75,0.25,47.18793226084407,33.56589101926983,8.212615201483581,0.0,0.9567656590224374,-0.9567656590224374,20.68341939531333,40.58770087623795,-3.552713678800501e-15,0.0,0.0,0.0,0.0,10.653070953747074,34.08982705199064,2.737538400494527,8.212615201483581,0.0,0.0,0.0,0.0,47.82886125320267,0.5239360327208118,0.0,60.604152078687065,0.0,0.2641870025568278,0.0,0.0,0.0,0.0,17.221020650881904,12.593309919736447,9.658011428041478,5.897268293550466,1.8735365858306066,0.0,70.0,10.5,45.0,45.0,0.6243914656421872,0.3165722107562167,1.0,33.97531122780773,29.537984096957448,2.8744153205192533,46.92374525828724,61.27112027155128,61.27112027155128,-3.552713678800501e-15,0.0,0.0,0.0,0.0,0.0,0.0,0.0,0.0,0.0,0.0,0.0,0.0,0.0,0.12208887240494981,0.0
5,holiday_return,春节返乡日,30.0,14.0,0.25,47.30427958807204,33.4927969376646,8.338192668591333,0.0,0.9567656590224374,-0.9567656590224374,19.532113315446082,44.464070977914766,0.0,0.0,0.0,0.0,0.0,10.653070953747074,34.08982705199064,2.779397556197111,8.338192668591333,0.0,0.0,2.3026705363221853,0.0,48.373354062516526,0.5970301143260386,0.0,60.71564465480016,0.0,0.0,0.0,0.0,0.0,0.0,17.294490711907574,12.56882466074896,9.654736808346748,5.9,1.8691634536951827,0.0,70.0,10.5,45.0,45.0,0.5896358153857331,0.3468067652223349,1.0,34.05908130341187,29.473661305144848,2.9183674340069663,47.30427958807204,63.99618429336085,63.99618429336085,0.0,0.0,0.0,0.0,0.0,0.0,0.0,0.0,0.0,0.0,0.0,0.0,0.0,0.0,0.12557746710775142,0.0
5,holiday_return,春节返乡日,30.0,14.25,0.25,47.44666567411655,33.583265933723595,8.500664967928424,0.0,0.9567656590224374,-0.9567656590224374,18.09696235239769,46.648817708834024,3.552713678800501e-15,0.0,0.0,0.0,0.0,10.653070953747074,34.08982705199064,2.8335549893094747,8.500664967928424,0.0,0.0,2.85572278503617,0.0,49.04916955625949,0.5065611182670438,0.0,60.80559509806118,0.0,0.0,0.0,0.0,0.0,0.0,17.398643434864287,12.552621570458422,9.647481754765677,5.897268293550466,1.861931601718425,0.0,70.0,10.5,45.0,45.0,0.5463114502936329,0.3638471515368611,1.0,34.16159928536392,29.553274021676764,2.9752327387749484,47.44666567411655,64.74578006123171,64.74578006123171,3.552713678800501e-15,0.0,0.0,0.0,0.0,0.0,0.0,0.0,0.0,0.0,0.0,0.0,0.0,0.0,0.16247229933709129,0.0
5,holiday_return,春节返乡日,30.0,14.5,0.25,47.88887429313761,33.61206126872684,8.330936543584928,0.0,0.9567656590224374,-0.9567656590224374,16.6895337443069,46.59624862928178,0.0,0.0,0.0,0.0,0.0,10.653070953747074,34.08982705199064,2.7769788478616424,8.330936543584928,0.0,0.0,1.0100926198199134,0.0,49.28661409498891,0.4777657832637985,0.0,60.8886616740373,0.0,0.0,0.0,0.0,0.0,0.0,17.540599676871057,12.546549239428163,9.635843158150264,5.889105113564341,1.851924925857258,0.0,70.0,10.5,45.0,45.0,0.5038239681903749,0.36343712807231404,1.0,34.47998949105908,29.57861391647962,2.9158277902547245,47.88887429313761,63.28578237358868,63.28578237358868,0.0,0.0,0.0,0.0,0.0,0.0,0.0,0.0,0.0,0.0,0.0,0.0,0.0,0.0,-0.16972842434349644,0.0
5,holiday_return,春节返乡日,30.0,14.75,0.25,48.424664821019306,33.763107082890556,8.370523732135725,0.0,0.9567656590224374,-0.9567656590224374,15.19324419041974,49.34115225131388,1.7763568394002505e-15,0.0,0.0,0.0,0.0,10.653070953747074,34.08982705199064,2.790174577378575,8.370523732135725,0.0,0.0,1.709720430566231,0.0,49.690208366543644,0.3267199691000826,0.0,60.93581333586153,0.0,0.0,0.0,0.0,0.0,0.0,17.72795489411447,12.55156119970078,9.619431136221614,5.87560565654106,1.8392585999213824,0.0,70.0,10.5,45.0,45.0,0.4586539501328968,0.38484657451002,1.0,34.8657586711339,29.71153423294369,2.9296833062475036,48.424664821019306,64.53439644173362,64.53439644173362,1.7763568394002505e-15,0.0,0.0,0.0,0.0,0.0,0.0,0.0,0.0,0.0,0.0,0.0,0.0,0.0,0.039587188550797237,0.0
5,holiday_return,春节返乡日,30.0,15.0,0.25,48.5309347784545,33.88413239323807,8.59164497167405,0.0,0.9567656590224374,-0.9567656590224374,13.685212747829283,49.9296924930785,0.0,0.0,0.0,0.0,0.0,10.653070953747074,34.08982705199064,2.8638816572246832,8.59164497167405,0.0,0.0,0.6102521924590882,0.0,49.83265875183435,0.2056946587525701,0.0,60.95419791064734,0.0,0.0,0.0,0.0,0.0,0.0,17.968368974307744,12.56764028740939,9.59788815119116,5.856926528266881,1.8240768692696459,0.0,70.0,10.5,45.0,45.0,0.41312946771163345,0.38943701647721957,1.0,34.94227304048724,29.818036506049502,3.0070757400859174,48.5309347784545,63.61490524090778,63.61490524090778,0.0,0.0,0.0,0.0,0.0,0.0,0.0,0.0,0.0,0.0,0.0,0.0,0.0,0.0,0.2211212395383253,0.0
5,holiday_return,春节返乡日,30.0,15.25,0.25,48.691585263149484,34.04073630178717,8.675964263742548,-0.0,0.0,-0.0,12.21329548448685,45.571629933527305,-3.552713678800501e-15,0.0,3.3256803393332817,1.1639881187666485,1.4965561526999769,9.303965648469529,29.772690075102496,2.8919880879141826,8.675964263742548,0.0,0.0,0.0,0.0,49.83016711889676,0.0,2.7714900739846975,60.19438131853815,0.0,1.9386254627523958,0.0,0.0,0.0,0.0,18.269049585225233,12.593769766936612,9.570907779565085,5.833282719853247,1.8065503172708026,0.0,70.0,10.5,45.0,45.0,0.36869520083356244,0.35544540154692605,1.0,35.05794138946763,29.95584794557271,3.036587492309892,46.752959800397086,57.784925418014154,57.784925418014154,-3.552713678800501e-15,0.6651360678666564,0.1662840169666641,4.9885205089999225,0.0,0.0,0.0,0.0,0.0,0.0,0.0,0.9567656590224374,1.1639881187666485,-4.317136976888143,0.08431929206849809,0.0
5,holiday_return,春节返乡日,30.0,15.5,0.25,48.74301751981785,34.455731752192506,8.769427437855976,-0.0,0.0,-0.0,10.849039660540512,43.183773299421425,-1.7763568394002505e-15,0.0,6.651360678666563,2.327976237533297,2.9931123053999538,6.8996780665619255,22.078969812998164,2.923142479285325,8.769427437855976,0.0,0.0,0.0,0.2550116905982618,49.760567270909696,0.0,9.383649633794379,57.69490264530141,0.0,1.950037177571605,0.0,0.0,0.0,0.0,18.636137540125677,12.627954805642304,9.538252245274895,5.804943489303339,1.7868726769384464,0.0,70.0,10.5,45.0,45.0,0.32751101957493756,0.33682081731800373,1.0,35.09497261426885,30.321043941929407,3.069299603249591,46.792980342246246,54.03281295996194,54.03281295996194,-1.7763568394002505e-15,1.3302721357333127,0.3325680339333282,9.977041017999845,0.0,0.0,0.0,0.0,0.0,-7.105427357601002e-15,0.0,0.0,1.1639881187666485,-7.693720262104332,0.09346317411342753,0.0
5,holiday_return,春节返乡日,30.0,15.75,0.25,49.188188175333245,34.85431088828765,8.666516755671465,-0.0,0.0,-0.0,9.057744355926154,44.14175820797151,0.0,0.0,9.977041017999845,3.4919643562999454,4.48966845809993,6.8996780665619255,22.078969812998164,2.888838918557155,8.666516755671465,0.0,0.0,0.0,0.3211237540351286,49.67357299148427,0.0,8.285672617189555,55.48561503156046,0.0,1.9641144862195872,0.0,0.0,0.0,0.0,19.07401812738665,12.667295153761096,9.49976787564299,5.772227258905498,1.7652572710088608,0.0,70.0,10.5,45.0,45.0,0.2734353621959859,0.34429281976760157,1.0,35.415495486239934,30.67179358169313,3.0332808644850124,47.22407368911366,53.19950256389767,53.19950256389767,0.0,1.9954082035999692,0.4988520508999923,14.96556152699977,0.0,0.0,0.0,0.0,0.0,0.0,0.0,0.0,1.1639881187666483,0.0,-0.10291068218451116,0.0
5,holiday_return,春节返乡日,30.0,16.0,0.25,49.70996515322983,35.25390757320811,8.473211051963736,0.0,0.0,0.0,7.562021007751007,43.33547213125636,8.881784197001252e-16,0.0,13.302721357333127,4.655952475066594,5.9862246107999075,6.8996780665619255,22.078969812998164,2.824403683987912,8.473211051963736,0.0,0.0,0.0,1.8995638900564753,49.17120407860931,0.0,7.188713149410038,53.56610560577888,0.0,1.981037399649233,0.0,0.0,0.0,0.0,19.584598981824026,12.7081069311746,9.455397733308086,5.735495663618433,1.7419331717989983,0.0,132.0,19.8,45.0,45.0,0.22828243676751755,0.3380040238935513,1.0,35.79117491032547,31.023438664423136,2.9656238681873073,47.7289277535806,50.897493139007366,50.897493139007366,8.881784197001252e-16,2.6605442714666254,0.6651360678666564,19.95408203599969,0.0,0.0,0.0,0.0,0.0,0.0,0.0,0.0,1.1639881187666488,0.0,-0.19330570370772904,0.0
5,holiday_return,春节返乡日,30.0,16.25,0.25,49.91561462780452,35.71220768282389,8.421919948714336,0.0,0.0,0.0,6.403387929547712,42.19865369928975,-8.881784197001252e-16,0.0,16.62840169666641,5.819940593833243,7.482780763499884,6.8996780665619255,22.078969812998164,2.8073066495714456,8.421919948714336,0.0,0.0,0.0,3.199783541996257,48.32669721788005,0.0,6.150457106325838,51.92078120920604,0.0,2.0008335792709344,0.0,0.0,0.0,0.0,20.16661077321487,12.746088443531521,9.405190810961354,5.695146905883207,1.717141177245591,0.0,132.0,19.8,45.0,45.0,0.19330559894326496,0.32913717220038774,1.0,35.93924253201926,31.42674276088502,2.9476719820500175,47.91478104853359,48.60204162883746,48.60204162883746,-8.881784197001252e-16,3.3256803393332817,0.8314200848333204,24.942602544999612,0.0,0.0,0.0,0.0,0.0,0.0,0.0,0.0,1.1639881187666488,0.0,-0.05129110324939923,0.0
5,holiday_return,春节返乡日,30.0,16.5,0.25,50.327171205914205,36.181945692733734,8.41533389845437,0.0,0.0,0.0,4.906484474370181,44.94351779445643,3.552713678800501e-15,0.0,19.028142377164457,6.659849832007559,8.562664069724006,6.8996780665619255,22.078969812998164,2.8051112994847904,8.41533389845437,0.0,0.0,0.0,1.4987621292001956,47.92986979638753,0.0,5.540311810011563,50.436844026493134,0.0,2.023346341926551,0.0,0.0,0.0,0.0,20.814999303501185,12.776522154072131,9.349307341927007,5.6516085873581305,1.6911297014917557,0.0,132.0,19.8,45.0,45.0,0.148117048421733,0.35054631034008965,1.0,36.235563268258225,31.840112209605685,2.9453668644590296,48.30382486398766,49.850002268826614,49.850002268826614,3.552713678800501e-15,3.8056284754328917,0.9514071188582229,28.54221356574669,0.0,0.0,0.0,0.0,-7.105427357601002e-15,0.0,0.0,0.0,0.8399092381743163,0.0,-0.0065860502599655035,0.0
5,holiday_return,春节返乡日,30.0,16.75,0.25,50.732021585736504,36.75325839945377,8.243419258776166,0.0,0.0,0.0,3.6498781540701373,43.946244528155276,-2.220446049250313e-15,0.0,19.028142377164457,6.659849832007559,8.562664069724006,6.8996780665619255,22.078969812998164,2.7478064195920555,8.243419258776166,0.0,0.0,0.0,4.075322610008969,46.855019984474296,0.0,6.111624516731599,48.80330336323473,0.0,2.048210947648545,0.0,0.0,0.0,0.0,21.520484040695877,12.794502534559147,9.28801996860003,5.605330197525103,1.664150677281882,0.0,132.0,19.8,45.0,45.0,0.11018259246590735,0.3427678701765607,1.0,36.527055541730284,32.34286739151932,2.885196740571658,48.68381063808796,47.59612268222541,47.59612268222541,-2.220446049250313e-15,3.8056284754328917,0.9514071188582229,28.54221356574669,0.0,0.0,0.0,0.0,0.0,0.0,0.0,0.0,0.0,0.0,-0.17191463967820475,0.0
5,holiday_return,春节返乡日,30.0,17.0,0.25,51.22646584327299,37.210236401843034,7.883050091697801,0.0,0.0,0.0,2.5263954929818198,41.85754383616853,-2.6645352591003757e-15,0.0,19.02814237716447,6.6598498320075645,8.562664069724013,6.8996780665619255,22.078969812998164,2.627683363899267,7.883050091697801,0.0,0.0,0.0,7.635195232458673,44.84341533019647,0.0,6.568602519120855,47.05032210125815,0.0,2.0748428801175964,0.0,0.0,0.0,0.0,22.269356511454923,12.795177701220908,9.22171071151308,5.55677544278461,1.636455563392761,0.0,132.0,19.8,45.0,45.0,0.07626687611489281,0.3264766149096875,1.0,36.883055407156554,32.74500803362187,2.7590675320942304,49.1516229631554,44.38393932915035,44.38393932915035,-2.6645352591003757e-15,3.8056284754328944,0.9514071188582236,28.542213565746707,0.0,0.0,0.0,0.0,0.0,0.0,0.0,0.0,5.329070518200751e-15,0.0,-0.36036916707836486,0.0
5,holiday_return,春节返乡日,30.0,17.25,0.25,51.54188690749726,37.69096577022753,7.727781986799599,0.0,0.0,0.0,1.4746764999375657,41.40923866061753,-2.4424906541753444e-15,0.0,19.02814237716447,6.6598498320075645,8.562664069724013,6.8996780665619255,22.078969812998164,2.5759273289331994,7.727781986799599,0.0,0.0,0.0,9.371286034941289,42.375045255498044,0.0,7.04933188750535,45.171709601390326,0.0,2.1024412754884336,0.0,0.0,0.0,0.0,23.04358091851782,12.773991665948296,9.150863882721422,5.506414597592846,1.6082915436188965,0.0,132.0,19.8,45.0,45.0,0.04451756276589088,0.3229799654948713,1.0,37.110158573398024,33.16804987780022,2.7047236953798595,49.43944563200883,42.8839151605551,42.8839151605551,-2.4424906541753444e-15,3.8056284754328944,0.9514071188582236,28.542213565746707,0.0,0.0,0.0,0.0,0.0,-7.105427357601002e-15,0.0,0.0,0.0,0.0,-0.15526810489820253,0.0
5,holiday_return,春节返乡日,30.0,17.5,0.25,52.06417130200628,38.13437683645617,7.521069688466467,0.0,0.0,0.0,0.7354435260802532,41.39625342049743,-2.3314683517128287e-15,0.0,19.02814237716447,6.6598498320075645,8.562664069724013,6.8996780665619255,22.078969812998164,2.5070232294888224,7.521069688466467,0.0,0.0,0.0,10.549316205321123,39.59679065972971,0.0,7.492742953733991,43.17734928508069,0.0,2.1300096141506613,0.0,0.0,0.0,0.0,23.821238577789547,12.72691380358137,9.076055276825063,5.454717051666488,1.579897994784475,0.0,132.0,19.8,45.0,45.0,0.022201583421470317,0.32287868441505463,1.0,37.48620333744452,33.55825161608143,2.632374390963263,49.93416168785562,42.131696946577684,42.131696946577684,-2.3314683517128287e-15,3.8056284754328944,0.9514071188582236,28.542213565746707,0.0,0.0,0.0,0.0,7.105427357601002e-15,0.0,0.0,0.0,0.0,0.0,-0.20671229833313198,0.0
5,holiday_return,春节返乡日,30.0,17.75,0.25,52.35611204343836,38.66023827436546,7.653253648426261,0.0,0.0,0.0,0.0788009515150776,41.11693472864095,-1.582067810090848e-15,0.0,19.02814237716447,6.6598498320075645,8.562664069724013,6.8996780665619255,22.078969812998164,2.5510845494754206,7.653253648426261,0.0,0.0,0.0,11.79489482831504,36.49089112853488,0.0,8.018604391643283,41.04560156000571,0.0,2.15639431899707,0.0,0.0,0.0,0.0,24.577328419488328,12.650642793469796,8.997938140786543,5.402144214755273,1.5515032902890038,0.0,132.0,19.8,45.0,45.0,0.0023788446518493026,0.3207000802103925,1.0,37.69640067127562,34.021009681441605,2.6786387769491915,50.199717724441285,41.19573568015603,41.19573568015603,-1.582067810090848e-15,3.8056284754328944,0.9514071188582236,28.542213565746707,0.0,0.0,0.0,0.0,7.105427357601002e-15,-7.105427357601002e-15,0.0,0.0,0.0,0.0,0.1321839599597947,0.0
5,holiday_return,春节返乡日,30.0,18.0,0.25,52.81084114501592,38.93632559413387,7.8799893254686895,0.0,0.0,0.0,0.0,42.75289777101179,0.0,0.0,19.02814237716447,6.6598498320075645,8.562664069724013,6.8996780665619255,22.078969812998164,2.6266631084895633,7.8799893254686895,0.0,0.0,0.0,10.744094583997256,33.66167327240022,0.0,8.29469171141169,38.84226515095947,0.0,2.180340133050804,0.0,0.0,0.0,0.0,25.284900468586194,12.542773807758921,8.917226560867054,5.349142923597687,1.5233219932765087,0.0,132.0,19.8,45.0,45.0,0.0,0.3334601140595137,1.0,38.02380562441146,34.263966522837805,2.757996263914041,50.630501011965116,42.75289777101179,42.75289777101179,0.0,3.8056284754328944,0.9514071188582236,28.542213565746707,0.0,0.0,0.0,0.0,0.0,-7.105427357601002e-15,0.0,0.0,0.0,0.0,0.22673567704242803,0.0
5,holiday_return,春节返乡日,30.0,18.25,0.25,53.02100162786685,39.502118933916755,7.497323356241735,0.0,0.0,0.0,0.0,44.22625421824507,0.0,0.0,19.02814237716447,6.6598498320075645,8.562664069724013,6.8996780665619255,22.078969812998164,2.4991077854139117,7.497323356241735,0.0,0.0,0.0,9.333124156845702,31.20390488430352,0.0,8.860485051194576,36.49113742596436,0.0,2.200559272744359,0.0,0.0,0.0,0.0,25.916461785857013,12.401919990071326,8.834677004772564,5.29613947520614,1.4955524801487288,0.0,132.0,19.8,45.0,45.0,0.0,0.344951863965595,1.0,38.17512117206413,34.761864661846744,2.6240631746846073,50.820442355122495,44.22625421824507,44.22625421824507,0.0,3.8056284754328944,0.9514071188582236,28.542213565746707,0.0,0.0,0.0,0.0,7.105427357601002e-15,-7.105427357601002e-15,0.0,0.0,0.0,0.0,-0.38266596922695406,0.0
5,holiday_return,春节返乡日,30.0,18.5,0.25,53.28160832310843,40.01648333872079,7.306359033520431,0.0,0.0,0.0,0.0,41.259331059162456,0.0,0.0,19.02814237716447,6.6598498320075645,8.562664069724013,6.8996780665619255,22.078969812998164,2.435453011173477,7.306359033520431,0.0,0.0,0.0,12.481748903504627,27.91767392497914,0.0,9.37484945599861,34.00582621093596,0.0,2.215809606169187,0.0,0.0,0.0,0.0,26.44555951672162,12.227782133389102,8.751068815296065,5.2435343874494835,1.4683750213287108,0.0,132.0,19.8,45.0,45.0,0.0,0.3218107299930501,1.0,38.362757992638066,35.2145053380743,2.5572256617321507,51.06579871693924,41.259331059162456,41.259331059162456,0.0,3.8056284754328944,0.9514071188582236,28.542213565746707,0.0,0.0,0.0,0.0,7.105427357601002e-15,0.0,0.0,0.0,0.0,0.0,-0.19096432272130404,0.0
5,holiday_return,春节返乡日,30.0,18.75,0.25,53.239754772805206,40.55407813863845,7.0298309803059835,0.0,0.0,0.0,0.0,40.77052695882421,0.0,0.0,19.02814237716447,6.6598498320075645,8.562664069724013,6.8996780665619255,22.078969812998164,2.3432769934353277,7.0298309803059835,0.0,0.0,0.0,12.82735730932075,24.5406576967248,0.0,9.912444255916274,31.380285335747264,0.0,2.2249757326499324,0.0,0.0,0.0,0.0,26.84841834522973,12.021163712335294,8.667184466899634,5.191697962944294,1.4419503324173917,0.0,132.0,19.8,45.0,45.0,0.0,0.31799820079503943,1.0,38.332623436419745,35.68758876200184,2.460440843107094,51.014779040155275,40.77052695882421,40.77052695882421,0.0,3.8056284754328944,0.9514071188582236,28.542213565746707,0.0,0.0,0.0,0.0,7.105427357601002e-15,-7.105427357601002e-15,0.0,0.0,0.0,0.0,-0.27652805321444784,0.0
5,holiday_return,春节返乡日,30.0,19.0,0.25,53.450967711420276,40.82568497199451,6.798688730444745,0.0,0.0,0.0,0.0,40.4548737183405,0.0,0.0,19.02814237716447,6.6598498320075645,8.562664069724013,6.8996780665619255,22.078969812998164,2.266229576814915,6.798688730444745,0.0,0.0,0.0,13.275005748000655,21.046008098576635,0.0,10.184051089272334,28.68458174853404,0.0,2.2271460564484,0.0,0.0,0.0,0.0,27.10549408913199,11.783931808966486,8.583790370033155,5.14096670648026,1.4164185956342732,0.0,132.0,19.8,45.0,45.0,0.0,0.3155361977247745,1.0,38.4846967522226,35.92660277535517,2.3795410556556607,51.22382165497188,40.4548737183405,40.4548737183405,0.0,3.8056284754328944,0.9514071188582236,28.542213565746707,0.0,0.0,0.0,0.0,7.105427357601002e-15,-7.105427357601002e-15,0.0,0.0,0.0,0.0,-0.23114224986123855,0.0
5,holiday_return,春节返乡日,30.0,19.25,0.25,53.368146478008086,41.11670700043923,6.708963606832864,0.0,0.0,0.0,0.0,39.2210021474344,0.0,0.0,19.02814237716447,6.6598498320075645,8.562664069724013,6.8996780665619255,22.078969812998164,2.236321202277621,6.708963606832864,0.0,0.0,0.0,14.401614864720582,17.255057149561026,0.0,10.475073117717049,25.91364126878687,0.0,2.2216789026850954,0.0,0.0,0.0,0.0,27.202804383688214,11.518927739571645,8.501618943249039,5.0916406205124645,1.391898939106604,0.0,132.0,19.8,45.0,45.0,0.0,0.3059123598980876,1.0,38.42506546416582,36.18270216038652,2.3481372623915022,51.14646757532299,39.2210021474344,39.2210021474344,0.0,3.8056284754328944,0.9514071188582236,28.542213565746707,0.0,0.0,0.0,0.0,7.105427357601002e-15,-7.105427357601002e-15,0.0,0.0,0.0,0.0,-0.08972512361188123,0.0
5,holiday_return,春节返乡日,30.0,19.5,0.25,52.74865588431536,41.41319727353477,6.220303308449658,0.0,0.0,0.0,0.0,38.13097590330687,0.0,0.0,19.02814237716447,6.6598498320075645,8.562664069724013,6.8996780665619255,22.078969812998164,2.073434436149886,6.220303308449658,0.0,0.0,0.0,14.722691179511092,13.379801981042734,0.0,10.771563390812592,23.066062503201792,0.0,2.2082514722016553,0.0,0.0,0.0,0.0,27.132912473724016,11.229834103157753,8.42135257615579,5.0439813785173095,1.3684893505187623,0.0,132.0,19.8,45.0,45.0,0.0,0.297410473601597,1.0,37.979032236707056,36.4436136007106,2.1771061579573803,50.54040441211371,38.13097590330687,38.13097590330687,0.0,3.8056284754328944,0.9514071188582236,28.542213565746707,0.0,0.0,0.0,0.0,7.105427357601002e-15,-7.105427357601002e-15,0.0,0.0,0.0,0.0,-0.48866029838320557,0.0
5,holiday_return,春节返乡日,30.0,19.75,0.25,52.117325980451874,41.79152946757779,5.670498867626787,0.0,0.0,0.0,0.0,40.50133254116176,0.0,0.0,19.02814237716447,6.6598498320075645,8.562664069724013,6.8996780665619255,22.078969812998164,1.8901662892089288,5.670498867626787,0.0,0.0,0.0,11.559101044159835,10.337264295112146,0.0,11.14989558485561,20.12034642330398,0.0,2.186886918893572,0.0,0.0,0.0,0.0,26.895469959002853,10.921007325220042,8.343609984363168,4.998211352998994,1.3462669921308321,0.0,132.0,19.8,45.0,45.0,0.0,0.3158985629716877,1.0,37.52447470592535,36.776545931468455,1.9846746036693752,49.9304390615583,40.50133254116176,40.50133254116176,0.0,3.8056284754328944,0.9514071188582236,28.542213565746707,0.0,0.0,0.0,0.0,0.0,0.0,0.0,0.0,0.0,0.0,-0.5498044408228715,0.0
5,holiday_return,春节返乡日,30.0,20.0,0.25,51.330893939815795,41.82030770587755,5.574692908191223,0.0,0.0,0.0,0.0,42.73164149413943,0.0,0.0,19.02814237716447,6.6598498320075645,8.562664069724013,6.8996780665619255,22.078969812998164,1.8582309693970744,5.574692908191223,0.0,0.0,0.0,8.539354753539962,8.089548812544766,0.0,11.178673823155375,17.168529980840916,0.0,2.157956896087796,0.0,0.0,0.0,0.0,26.497265676320733,10.597286410067168,8.268935319213693,4.95451345430169,1.3252888764197575,0.0,132.0,19.8,45.0,45.0,0.0,0.33329432130908304,1.0,36.95824363666737,36.80187078117225,1.951142517866928,49.172937043728,42.73164149413943,42.73164149413943,0.0,3.8056284754328944,0.9514071188582236,28.542213565746707,0.0,0.0,0.0,0.0,-4.263256414560601e-14,0.0,0.0,0.0,0.0,0.0,-0.09580595943556336,0.0
5,holiday_return,春节返乡日,30.0,20.25,0.25,50.51729093175245,41.90039786575194,5.343981041906385,0.0,0.0,0.0,0.0,45.032819121327535,0.0,0.0,16.04537612980212,5.615881645430741,7.220419258410954,7.016220195970489,22.451904627105566,1.7813270139687951,5.343981041906385,0.0,0.0,0.0,6.543978064695549,6.367044844394783,0.0,12.228073980235422,13.942031510525387,0.0,2.122159310237906,0.0,0.0,0.0,0.0,25.95177579947692,10.26378945250599,8.197790249057824,4.91303171864422,1.3055928557041865,0.0,132.0,19.8,45.0,45.0,0.0,0.35124283460386235,1.0,36.37244947086176,36.87235012186171,1.8703933646672348,48.395131621514544,45.032819121327535,45.032819121327535,0.0,3.209075225960424,0.802268806490106,24.06806419470318,0.0,0.0,0.0,0.0,-7.105427357601002e-15,0.0,0.0,0.0,-1.0439681865768238,0.3729348141074027,-0.23071186628483797,0.0
5,holiday_return,春节返乡日,30.0,20.5,0.25,49.69379195599724,41.65189581976404,5.328176177478275,0.0,0.0,0.0,0.0,49.19482468059448,0.0,0.0,12.719695790468835,4.451893526664092,5.723863105710976,7.406237104318014,23.699958733817645,1.7760587258260916,5.328176177478275,0.0,0.0,0.0,3.148896135491071,5.538069614391755,0.0,12.228073980235422,10.717146289445015,0.0,2.0804734433917043,0.0,0.0,0.0,0.0,25.278258751032872,9.925709475645878,8.130549083679382,4.87387256931688,1.2871988751224155,0.0,132.0,19.8,45.0,45.0,0.0,0.38370526220217394,1.0,35.779530208318015,36.65366832139236,1.8648616621173961,47.61331851260554,49.19482468059448,49.19482468059448,0.0,2.5439391580937674,0.6359847895234418,19.079543685703257,0.0,0.0,0.0,0.0,0.0,0.0,0.0,0.0,-1.1639881187666488,1.248054106712079,-0.015804864428110577,0.0
5,holiday_return,春节返乡日,30.0,20.75,0.25,48.398488691388785,41.41090872561896,5.117392887008557,0.0,0.0,0.0,0.0,54.247966970562764,0.0,0.0,9.394015451135553,3.2879054078974437,4.2273069530109995,9.465682816747023,30.290185013590474,1.7057976290028523,5.117392887008557,0.0,0.0,0.0,0.0,5.5377927109110345,0.0,6.893416759017484,8.897730674453587,0.0,2.0340967586784546,0.0,0.0,0.0,0.0,24.50048160967531,9.588120404376076,8.067496877020053,4.837106663981148,1.270110436205285,0.0,132.0,19.8,45.0,45.0,0.0,0.42311829598989276,1.0,34.846911857799924,36.441599678544684,1.7910875104529949,46.36439193271033,54.247966970562764,54.247966970562764,0.0,1.8788030902271107,0.46970077255677767,14.091023176703331,0.0,0.0,0.0,0.0,-7.105427357601002e-15,0.0,0.0,0.0,-1.1639881187666483,6.590226279772828,-0.21078329046971778,0.0
5,holiday_return,春节返乡日,30.0,21.0,0.25,47.18712144043686,41.116226809523795,4.720417241207267,0.0,0.0,0.0,0.0,56.347719051411715,0.0,0.0,6.06833511180227,2.1239172891307945,2.7307508003110215,11.69541181096939,37.425317795102046,1.5734724137357556,4.720417241207267,0.0,0.0,0.0,0.0,5.537515821275489,0.0,0.9601582141107272,8.640608594876696,0.0,1.984369324599497,0.0,0.0,0.0,0.0,23.64519714692839,9.255802561893683,8.008830322189809,4.802771233561842,1.2543162179203147,0.0,132.0,19.8,45.0,45.0,0.0,0.4394957488616685,1.0,33.97472743711454,36.18227959238094,1.6521460344225434,45.20275211583736,56.347719051411715,56.347719051411715,0.0,1.213667022360454,0.3034167555901135,9.102502667703405,0.0,0.0,0.0,0.0,0.0,0.0,0.0,0.0,-1.1639881187666492,7.135132781511572,-0.3969756458012901,0.0
5,holiday_return,春节返乡日,30.0,21.25,0.25,46.067310308545025,40.88087054781878,4.601973845624292,0.0,0.0,0.0,0.0,57.09826593613476,0.0,0.0,2.7426547724689883,0.9599291703641458,1.2341946476110448,12.389586218814916,39.64667590020773,1.5339912818747639,4.601973845624292,0.0,0.0,0.0,0.0,5.537238945484424,0.0,0.0,8.636288290579257,0.0,1.9326927027358018,0.0,0.0,0.0,0.0,22.740508808628192,8.93309514408608,7.9546611519669685,4.7708728142498655,1.2397918033022686,0.0,132.0,19.8,45.0,45.0,0.0,0.4453497953201628,1.0,33.16846342215241,35.97516608208053,1.6106908459685019,44.134617605809225,57.09826593613476,57.09826593613476,0.0,0.5485309544937976,0.1371327386234494,4.113982158703482,0.0,0.0,0.0,0.0,0.0,0.0,0.0,0.0,-1.1639881187666488,2.2213581051056863,-0.11844339558297534,0.0
5,holiday_return,春节返乡日,30.0,21.5,0.25,44.94192582915679,40.64077404186889,4.517067036487264,0.0,0.0,0.0,0.0,59.07192339585219,0.0,0.0,0.0,0.0,0.0,14.50475881655997,46.415228212991906,1.5056890121624213,4.517067036487264,0.0,0.0,0.0,0.0,5.5369620835371505,5.77445417112302,0.0,10.003403012075685,0.0,1.8804502620269896,0.0,0.0,0.0,0.0,21.814263319517927,8.623780867561603,7.90502168096792,4.741390273451254,1.2265014624274597,0.0,132.0,19.8,45.0,45.0,0.0,0.46074374698062837,1.0,32.35818659699289,35.76388115684462,1.5809734627705423,43.0614755671298,59.07192339585219,59.07192339585219,0.0,0.0,0.0,0.0,0.0,0.0,0.0,0.0,0.0,0.0,0.0,0.0,-0.9599291703641458,6.768552312784173,-0.08490680913702775,0.0
5,holiday_return,春节返乡日,30.0,21.75,0.25,43.64812709174945,40.37312479521095,4.4542905169048295,0.0,0.0,0.0,0.0,59.65209654042586,0.0,0.0,0.0,0.0,0.0,15.728284662997247,50.33051092159119,1.484763505634943,4.4542905169048295,0.0,0.0,0.6198565240268006,0.0,5.683901159889339,9.957386126380245,0.0,12.363280515584956,0.0,1.8289352439825866,0.0,0.0,0.0,0.0,20.892597794170417,8.331005596456029,7.859872074035167,4.714278032830902,1.2143999463019854,0.0,132.0,19.8,45.0,45.0,0.0,0.46526892803385234,1.0,31.426651506059603,35.52834981978563,1.5590016809166902,41.81919184776687,59.65209654042586,59.65209654042586,0.0,0.0,0.0,0.0,0.0,0.0,0.0,0.0,0.0,0.0,0.0,0.0,0.0,3.9152827085992854,-0.06277651958243435,0.0
5,holiday_return,春节返乡日,30.0,22.0,0.25,42.293983960475,40.05854402648247,4.4374305629179664,0.0,0.0,0.0,0.0,58.788117544200915,0.0,0.0,0.0,0.0,0.0,15.728284662997247,50.33051092159119,1.4791435209726556,4.4374305629179664,0.0,0.0,1.0659970388478968,0.0,5.93679126155772,10.271966895108719,0.0,14.796691012915485,0.0,1.7792916390918907,0.0,0.0,0.0,0.0,19.998742926682493,8.05723341831763,7.8191088991207955,4.6894693965312575,1.203434250966751,0.0,62.0,9.299999999999999,45.0,45.0,0.0,0.4585301442403117,1.0,30.451668451542,35.25151874330458,1.5531006970212882,40.514692321383116,58.788117544200915,58.788117544200915,0.0,0.0,0.0,0.0,0.0,0.0,0.0,0.0,0.0,0.0,0.0,0.0,0.0,0.0,-0.01685995398686302,0.0
5,holiday_return,春节返乡日,30.0,22.25,0.25,40.9745385551477,39.637404486139374,4.315616750098745,0.0,0.0,0.0,0.0,61.17068516015791,0.0,0.0,0.0,0.0,0.0,15.728284662997247,50.33051092159119,1.4385389166995817,4.315616750098745,0.0,0.0,4.761794275215301,0.0,7.067420562358276,10.693106435451817,0.0,17.328905445828834,0.0,1.7324712499019257,0.0,0.0,0.0,0.0,19.152150099144293,7.804235524805208,7.782574520518729,4.666879899763706,1.1935453165170355,0.0,62.0,9.299999999999999,45.0,45.0,0.0,0.47711347567264845,1.0,29.501667759706343,34.88091594780265,1.5104658625345608,39.242067305245776,61.17068516015791,61.17068516015791,0.0,0.0,0.0,0.0,0.0,0.0,0.0,0.0,0.0,0.0,0.0,0.0,0.0,0.0,-0.12181381281922121,0.0
5,holiday_return,春节返乡日,30.0,22.5,0.25,39.76535424040546,39.335284120379356,4.2561237162986565,0.0,0.0,0.0,0.0,63.89717029621547,0.0,0.0,0.0,0.0,0.0,15.728284662997247,50.33051092159119,1.4187079054328855,4.2561237162986565,0.0,0.0,8.67403193935214,0.0,9.127149776926291,10.995226801211835,0.0,19.93160735839373,0.0,1.6892084519722665,0.0,0.0,0.0,0.0,18.367972921575067,7.5731094878854925,7.750066907002573,4.646410601804602,1.1846696315386707,0.0,62.0,9.299999999999999,45.0,45.0,0.0,0.4983792632999793,1.0,28.631055053091927,34.61505002593383,1.4896433007045298,38.076145788433195,63.89717029621547,63.89717029621547,0.0,0.0,0.0,0.0,0.0,0.0,0.0,0.0,0.0,0.0,0.0,0.0,0.0,0.0,-0.059493033800088746,0.0
5,holiday_return,春节返乡日,30.0,22.75,0.25,38.75997388464042,39.14985913522755,4.254964020435328,0.0,0.0,0.0,0.0,67.33442764141563,0.0,0.0,0.0,0.0,0.0,15.728284662997247,50.33051092159119,1.4183213401451094,4.254964020435328,0.0,0.0,13.07786011331303,0.0,12.23268519634929,11.18065178636364,0.0,22.5770463539759,0.0,1.6500123596801752,0.0,0.0,0.0,0.0,17.656897585630638,7.364324193327633,7.721349465645336,4.6279512574984665,1.1767407194379296,0.0,62.0,9.299999999999999,45.0,45.0,0.0,0.5251888665348624,1.0,27.9071811969411,34.45187603900025,1.4892374071523649,37.10996152496024,67.33442764141563,67.33442764141563,0.0,0.0,0.0,0.0,0.0,0.0,0.0,0.0,0.0,0.0,0.0,0.0,0.0,0.0,-0.0011596958633282028,0.0
5,holiday_return,春节返乡日,30.0,23.0,0.25,38.07310692168471,38.82873974914997,4.174670876955123,0.0,0.0,0.0,0.0,67.71005554671545,0.0,0.0,0.0,0.0,0.0,15.728284662997247,50.33051092159119,1.391556958985041,4.174670876955123,0.0,0.0,14.132281566322227,0.0,15.588490434091002,11.501771172441224,0.0,25.297428484253704,0.0,1.6151745632737702,0.0,0.0,0.0,0.0,17.025285555524796,7.177784841985243,7.696160561673514,4.611383312205518,1.1696904890714896,0.0,62.0,9.299999999999999,45.0,45.0,0.0,0.5281186544714861,1.0,27.41263698361299,34.16929097925197,1.4611348069342929,36.45793235841094,67.71005554671545,67.71005554671545,0.0,0.0,0.0,0.0,0.0,0.0,0.0,0.0,-7.105427357601002e-15,0.0,0.0,0.0,0.0,0.0,-0.08029314348020566,0.0
5,holiday_return,春节返乡日,30.0,23.25,0.25,37.142874326809185,38.474921408338005,4.084504941960838,0.0,0.0,0.0,0.0,69.9123187225481,0.0,0.0,0.0,0.0,0.0,15.728284662997247,50.33051092159119,1.3615016473202795,4.084504941960838,0.0,0.0,17.26444755530845,0.0,19.688017303955053,11.855589513253186,0.0,28.10048227940921,0.0,1.5847894698870681,0.0,0.0,0.0,0.0,16.47556939865866,7.0129120538253575,7.674222443267711,4.596582676284135,1.1634504377779933,0.0,62.0,9.299999999999999,45.0,45.0,0.0,0.5452956639396057,1.0,26.742869515302612,33.85793083933744,1.4295767296862933,35.558084856922115,69.9123187225481,69.9123187225481,0.0,0.0,0.0,0.0,0.0,0.0,0.0,0.0,0.0,0.0,0.0,0.0,0.0,0.0,-0.09016593499428449,0.0
5,holiday_return,春节返乡日,30.0,23.5,0.25,36.453229468515204,38.16911699879139,3.9079827569082095,0.0,0.0,0.0,0.0,68.91669902049242,0.0,0.0,0.0,0.0,0.0,15.728284662997247,50.33051092159119,1.3026609189694032,3.9079827569082095,0.0,0.0,16.99130759522074,0.0,23.722468456954775,12.161393922799803,0.0,30.974763094934517,0.0,1.558783625210176,0.0,0.0,0.0,0.0,16.006829392380048,6.868729170691552,7.655249353482235,4.583422246266781,1.1579527002175556,0.0,62.0,9.299999999999999,45.0,45.0,0.0,0.5375301210941686,1.0,26.246325217330945,33.58882295893642,1.3677939649178732,34.89444584330503,68.91669902049242,68.91669902049242,0.0,0.0,0.0,0.0,0.0,0.0,0.0,0.0,0.0,0.0,0.0,0.0,0.0,0.0,-0.17652218505262862,0.0
5,holiday_return,春节返乡日,30.0,23.75,0.25,35.86167879671773,37.82183417550908,3.708261745745328,0.0,0.0,0.0,0.0,67.88995143246136,0.0,0.0,0.0,0.0,0.0,15.64059629867016,50.04990815574451,1.236087248581776,3.708261745745328,0.0,0.0,16.68853930170031,0.0,27.68481041768575,12.22807398023543,0.0,33.863443283692966,0.0,1.5369502132086228,0.0,0.0,0.0,0.0,15.615474914541453,6.743952283300448,7.63895467547977,4.57177415051892,1.1531309412182202,0.0,62.0,9.299999999999999,45.0,45.0,0.0,0.5295217898308943,1.0,25.820408733636768,33.28321407444799,1.2978916110108647,34.32472858350911,67.88995143246136,67.88995143246136,0.0,0.0,0.0,0.0,0.0,0.0,0.0,0.0,0.0,0.0,0.0,0.0,0.0,-0.2806027658466803,-0.19972101116288155,0.0
