day_id,day_type,day_name,day_weight,hour,dt,electric_load,heat_load,cooling_load,P_grid_buy,P_grid_sell,P_grid_net,P_PV,P_WT,P_PV_curt,P_WT_curt,G_CHP,P_CHP,H_CHP,P_HP,H_HP,P_EC,C_EC_out,G_GB,H_GB,P_BAT_ch,P_BAT_dis,SOC_BAT,H_TS_ch,H_TS_dis,SOC_TS,P_shift_in,P_shift_out,P_interrupt,P_unmet_e,H_unmet,C_unmet,residential_load,commercial_load,industrial_load,cold_storage_load,agro_processing_load,irrigation_load,electricity_buy_price,electricity_sell_price,gas_price,carbon_price,pv_cf,wt_cf,grid_import_availability,critical_electric_load,critical_heat_load,critical_cooling_load,electric_load_adjusted,renewable_available,renewable_used,renewable_curtailment,co2_emission_rate,co2_emission,co2_emission_annual,battery_simultaneous_overlap,thermal_storage_simultaneous_overlap,grid_import_export_overlap,flexible_load_overlap,electric_balance_error,heat_balance_error,cooling_balance_error,P_grid_net_ramp,P_CHP_ramp,H_HP_ramp,C_EC_out_ramp,H_GB_ramp
0,spring_irrigation,春季灌溉日,55.0,0.0,0.25,31.95037898084261,21.80869137813271,5.676283771110161,0.0,5.0,-5.0,-0.0,55.214495149785584,0.0,0.0,0.0,-0.0,-0.0,12.069484483627825,38.62235034760904,1.8920945903700537,5.676283771110161,-0.0,0.0,4.3025370949450945,0.0,28.599533535954578,16.81365896947633,0.0,48.616624151547306,0.0,0.0,0.0,0.0,0.0,0.0,9.800225850143258,5.233196364276454,10.568973117559912,4.503062487565456,1.7288659394611219,0.0,52.0,7.8,41.0,45.0,0.0,0.42739800140985446,1.0,21.726257706972977,16.356518533599534,2.5543276969995725,31.95037898084261,55.214495149785584,55.214495149785584,0.0,0.0,0.0,0.0,0.0,0.0,0.0,0.0,0.0,3.552713678800501e-15,0.0,-5.0,0.0,-1.5921375978724441,-0.3136005296364601,0.0
0,spring_irrigation,春季灌溉日,55.0,0.25,0.25,31.732889583282425,22.018346827528443,5.722566734623446,0.0,5.0,-5.0,-0.0,58.05115154278672,0.0,0.0,0.0,-0.0,-0.0,12.069484483627825,38.62235034760904,1.907522244874482,5.722566734623446,-0.0,0.0,7.3412552310019805,0.0,30.34165167664075,16.6040035200806,0.0,52.53576667549068,0.0,0.0,0.0,0.0,0.0,0.0,9.80252202781147,5.235820047760775,10.581835327709978,4.503803890621053,1.7297644833078472,0.0,52.0,7.8,41.0,45.0,0.0,0.4493556643345309,1.0,21.57836491663205,16.51376012064633,2.5751550305805506,31.732889583282425,58.05115154278672,58.05115154278672,0.0,0.0,0.0,0.0,0.0,0.0,0.0,0.0,7.105427357601002e-15,0.0,0.0,0.0,0.0,0.0,0.04628296351328487,0.0
0,spring_irrigation,春季灌溉日,55.0,0.5,0.25,31.601613519929185,22.114925780692147,5.694813045539695,0.0,5.0,-5.0,-0.0,60.49261894660627,0.0,0.0,0.0,-0.0,-0.0,12.069484483627825,38.62235034760904,1.8982710151798983,5.694813045539695,-0.0,0.0,9.923249927869357,0.0,32.69690645192589,16.507424566916896,0.0,56.430012126795695,0.0,0.0,0.0,0.0,0.0,0.0,9.809162167653113,5.239196666795181,10.596677335972672,4.504706361083105,1.7308489796156643,0.0,52.0,7.8,41.0,45.0,0.0,0.46825429387137696,1.0,21.489097193551846,16.58619433551911,2.5626658704928627,31.601613519929185,60.49261894660627,60.49261894660627,0.0,0.0,0.0,0.0,0.0,0.0,0.0,0.0,7.105427357601002e-15,0.0,0.0,0.0,0.0,0.0,-0.02775368908375153,0.0
0,spring_irrigation,春季灌溉日,55.0,0.75,0.25,31.651959135961715,22.299088041727693,5.6950105433735,0.0,5.0,-5.0,-0.0,62.64714883439604,0.0,0.0,0.0,-0.0,-0.0,11.039735214376693,35.32715268600542,1.8983368477911666,5.6950105433735,-0.0,0.0,13.057117636266469,0.0,35.796337045216575,13.028064644277727,0.0,59.49596247374826,0.0,0.0,0.0,0.0,0.0,0.0,9.820228663807073,5.243513685823754,10.613718722875086,4.505800240548684,1.7321523365702114,0.0,52.0,7.8,41.0,45.0,0.0,0.4849318305494013,1.0,21.52333221245397,16.72431603129577,2.562754744518075,31.651959135961715,62.64714883439604,62.64714883439604,0.0,0.0,0.0,0.0,0.0,0.0,0.0,0.0,0.0,0.0,0.0,0.0,0.0,-3.2951976616036234,0.0001974978338052935,0.0
0,spring_irrigation,春季灌溉日,55.0,1.0,0.25,31.620011249020244,22.373743763795066,5.711438524702766,0.0,5.0,-5.0,-0.0,62.56493066410533,0.0,0.0,0.0,-0.0,-0.0,9.413727082563538,30.12392666420332,1.9038128415675886,5.711438524702766,-0.0,0.0,14.627379490953963,0.0,39.268549857465885,7.750182900408255,0.0,61.306882931358345,0.0,0.0,0.0,0.0,0.0,0.0,9.83585145641362,5.248996543118046,10.633187483064974,4.5071204969234175,1.7337120290608987,0.0,52.0,7.8,41.0,45.0,0.0,0.4842954056112307,1.0,21.501607649333767,16.7803078228463,2.5701473361162446,31.620011249020244,62.56493066410533,62.56493066410533,0.0,0.0,0.0,0.0,0.0,0.0,0.0,0.0,-3.552713678800501e-15,0.0,0.0,0.0,0.0,-5.203226021802099,0.01642798132926604,0.0
0,spring_irrigation,春季灌溉日,55.0,1.25,0.25,31.797135385890993,22.610810784158854,5.632110300507578,0.0,5.0,-5.0,-0.0,63.48358083466616,0.0,0.0,0.0,-0.0,-0.0,9.413727082563538,30.12392666420332,1.8773701001691927,5.632110300507578,-0.0,0.0,15.395348266042426,0.0,42.92298164315809,7.513115880044467,0.0,63.06059451140323,0.0,0.0,0.0,0.0,0.0,0.0,9.856239648124257,5.255913898400621,10.655317294581257,4.508707192346344,1.7355704682241124,0.0,52.0,7.8,41.0,45.0,0.0,0.4914063869908013,1.0,21.622052062405878,16.95810808811914,2.5344496352284103,31.797135385890993,63.48358083466616,63.48358083466616,0.0,0.0,0.0,0.0,0.0,0.0,0.0,0.0,7.105427357601002e-15,0.0,0.0,0.0,0.0,0.0,-0.07932822419518804,0.0
0,spring_irrigation,春季灌溉日,55.0,1.5,0.25,31.66570872223631,22.78847934649379,5.812943760310877,0.0,5.0,-5.0,-0.0,63.3337608207002,0.0,0.0,0.0,-0.0,-0.0,9.413727082563538,30.12392666420332,1.9376479201036256,5.812943760310877,-0.0,0.0,15.31667709579672,0.0,46.55854630432765,7.33544731770953,0.0,64.77123295210355,0.0,0.0,0.0,0.0,0.0,0.0,9.881723512619402,5.264582951559522,10.680344201526763,4.510605948421964,1.7377753460189784,0.0,52.0,7.8,41.0,45.0,0.0,0.49024667749121176,1.0,21.532681931120692,17.091359509870344,2.6158246921398947,31.66570872223631,63.3337608207002,63.3337608207002,0.0,0.0,0.0,0.0,0.0,0.0,0.0,0.0,3.552713678800501e-15,0.0,0.0,0.0,0.0,0.0,0.18083345980329923,0.0
0,spring_irrigation,春季灌溉日,55.0,1.75,0.25,31.733182571248353,22.93126706752056,5.884898676186372,0.0,5.0,-5.0,0.0,61.10260357749666,-0.0,3.065377191257376,0.0,-0.0,-0.0,9.413727082563538,30.12392666420332,1.9616328920621242,5.884898676186372,-0.0,0.0,12.99406103162264,0.0,49.64230787202281,7.192659596682759,0.0,66.44710398983965,0.0,0.0,0.0,0.0,0.0,0.0,9.912807521495449,5.275374632697171,10.70850270839529,4.51286839609892,1.7403799405145783,0.0,52.0,7.8,41.0,45.0,0.0,0.496704111133722,1.0,21.57856414844888,17.19845030064042,2.6482044042838675,31.733182571248353,64.16798076875403,61.10260357749666,3.065377191257376,0.0,0.0,0.0,0.0,0.0,0.0,0.0,0.0,0.0,0.0,0.0,0.0,0.0,0.0719549158754953,0.0
0,spring_irrigation,春季灌溉日,55.0,2.0,0.25,32.15257595396745,23.279687031202833,5.886962283352347,0.0,5.0,-5.0,0.0,48.539074809832,-0.0,18.311295518103577,0.0,-0.0,-0.0,9.413727082563538,30.12392666420332,1.9623207611174491,5.886962283352347,-0.0,0.0,0.010451012183568167,0.0,49.64230787202281,6.8442396330004875,0.0,68.03938735068235,0.0,0.0,0.0,0.0,0.0,0.0,9.95023332540903,5.288718411888175,10.740021304450194,4.515552595153539,1.743443365666653,0.0,52.0,7.8,41.0,45.0,0.0,0.5174676431281153,1.0,21.863751648697868,17.459765273402127,2.6491330275085563,32.15257595396745,66.85037032793558,48.539074809832,18.311295518103577,0.0,0.0,0.0,0.0,0.0,0.0,0.0,0.0,0.0,0.0,0.0,0.0,0.0,0.002063607165974979,0.0
0,spring_irrigation,春季灌溉日,55.0,2.25,0.25,32.42177377391137,23.435186763635294,5.771287069503808,0.0,5.0,-5.0,0.0,48.769714225159746,-0.0,20.76047286448518,0.0,-0.0,-0.0,9.413727082563538,30.12392666420332,1.9237623565012694,5.771287069503808,-0.0,0.0,0.010451012183568167,0.0,49.64230787202281,6.688739900568027,0.0,69.59394338339192,0.0,0.0,0.0,0.0,0.0,0.0,9.99504897483637,5.305106424150434,10.775117459531034,4.518723405843835,1.7470307476126983,0.0,52.0,7.8,41.0,45.0,0.0,0.5382112599083124,1.0,22.04680616625973,17.57639007272647,2.5970791812767136,32.42177377391137,69.53018708964493,48.769714225159746,20.76047286448518,0.0,0.0,0.0,0.0,0.0,0.0,0.0,0.0,0.0,0.0,0.0,0.0,0.0,-0.1156752138485393,0.0
0,spring_irrigation,春季灌溉日,55.0,2.5,0.25,32.66353443718609,23.66055283576531,5.771453861645391,0.0,5.0,-5.0,0.0,49.01153048581499,-0.0,20.806753917797835,0.0,-0.0,-0.0,9.413727082563538,30.12392666420332,1.923817953881797,5.771453861645391,-0.0,0.0,0.010451012183568167,0.0,49.64230787202281,6.463373828438012,0.0,71.09419769595425,0.0,0.0,0.0,0.0,0.0,0.0,10.048677050125622,5.325096554259678,10.813992157972052,4.522452792985491,1.751213308016154,0.0,52.0,7.8,41.0,45.0,0.0,0.5404413303973642,1.0,22.21120341728654,17.74541462682398,2.5971542377404258,32.66353443718609,69.81828440361282,49.01153048581499,20.806753917797835,0.0,0.0,0.0,0.0,0.0,0.0,0.0,0.0,0.0,0.0,0.0,0.0,0.0,0.0001667921415826612,0.0
0,spring_irrigation,春季灌溉日,55.0,2.75,0.25,32.89926901490866,24.030004370078792,5.727052444964369,0.0,5.0,-5.0,0.0,49.23246459131056,-0.0,20.543788384196503,0.0,-0.0,-0.0,9.413727082563538,30.12392666420332,1.9090174816547896,5.727052444964369,-0.0,0.0,0.010451012183568167,0.0,49.64230787202281,6.093922294124528,0.0,72.50595714196085,0.0,0.0,0.0,0.0,0.0,0.0,10.112970043782079,5.3493140808606086,10.856824064242273,4.526820040571981,1.7560683338523049,0.0,52.0,7.8,41.0,45.0,0.0,0.5401159783621772,1.0,22.37150293013789,18.022503277559096,2.5771736002339662,32.89926901490866,69.77625297550706,49.23246459131056,20.543788384196503,0.0,0.0,0.0,0.0,0.0,0.0,0.0,0.0,0.0,0.0,0.0,0.0,0.0,-0.04440141668102182,0.0
0,spring_irrigation,春季灌溉日,55.0,3.0,0.25,32.961012593684394,24.302150984821022,5.621120002110688,0.0,5.0,-5.0,0.0,49.25889735580173,-0.0,19.473183097533656,0.0,-0.0,-0.0,9.413727082563538,30.12392666420332,1.8737066673702294,5.621120002110688,-0.0,0.0,0.010451012183568167,0.0,49.64230787202281,5.821775679382299,0.0,73.85237588724317,0.0,0.0,0.0,0.0,0.0,0.0,10.190236906415008,5.378451444172439,10.90376344154715,4.531911853237057,1.7616790123664805,0.0,52.0,7.8,41.0,45.0,0.0,0.5320333680278329,1.0,22.41348856370539,18.226613238615766,2.5295040009498098,32.961012593684394,68.73208045333539,49.25889735580173,19.473183097533656,0.0,0.0,0.0,0.0,0.0,0.0,0.0,0.0,0.0,0.0,0.0,0.0,0.0,-0.10593244285368097,0.0
0,spring_irrigation,春季灌溉日,55.0,3.25,0.25,33.30069993366272,24.67708585212846,5.464433540616786,0.0,5.0,-5.0,0.0,49.54635587528209,-0.0,16.221226460348447,0.0,-0.0,-0.0,9.413727082563538,30.12392666420332,1.8214778468722619,5.464433540616786,-0.0,0.0,0.010451012183568167,0.0,49.64230787202281,5.446840812074861,0.0,75.10907439216733,0.0,0.0,0.0,0.0,0.0,0.0,10.283221128857399,5.4132656812450755,10.954925971858293,4.5378223194723715,1.7681341098679377,0.0,52.0,7.8,41.0,45.0,0.0,0.5090861226124187,1.0,22.644475954890652,18.507814389096346,2.4589950932775535,33.30069993366272,65.76758233563054,49.54635587528209,16.221226460348447,0.0,0.0,0.0,0.0,0.0,0.0,0.0,0.0,0.0,0.0,0.0,0.0,0.0,-0.1566864614939023,0.0
0,spring_irrigation,春季灌溉日,55.0,3.5,0.25,33.300260259526816,25.152953826977075,5.442305966332503,0.0,5.0,-5.0,0.0,49.53854034305142,-0.0,14.402334779633463,0.0,-0.0,-0.0,9.413727082563538,30.12392666420332,1.814101988777501,5.442305966332503,-0.0,0.0,0.010451012183568167,0.0,49.64230787202281,4.970972837226245,0.0,76.25212590381248,0.0,0.0,0.0,0.0,0.0,0.0,10.395009413379398,5.4545730722215575,11.010386651381435,4.54465271070702,1.7755274736669184,0.0,52.0,7.8,41.0,45.0,0.0,0.4949461579191624,1.0,22.644176976478235,18.86471537023281,2.4490376848496265,33.300260259526816,63.940875122684886,49.53854034305142,14.402334779633463,0.0,0.0,0.0,0.0,0.0,0.0,0.0,0.0,0.0,0.0,0.0,0.0,0.0,-0.02212757428428258,0.0
0,spring_irrigation,春季灌溉日,55.0,3.75,0.25,33.571069034432966,25.68130167573259,5.471932425955609,0.0,5.0,-5.0,0.0,49.81922460449861,-0.0,11.960136491156462,0.0,-0.0,-0.0,9.413727082563538,30.12392666420332,1.8239774753185365,5.471932425955609,-0.0,0.0,0.010451012183568167,0.0,49.64230787202281,4.44262498847073,0.0,77.26912327562238,0.0,0.0,0.0,0.0,0.0,0.0,10.52885234321831,5.503240565354152,11.070173957918811,4.552511090274011,1.7839573379262563,0.0,52.0,7.8,41.0,45.0,0.0,0.4782145592209264,1.0,22.828326943414417,19.260976256799445,2.4623695916800243,33.571069034432966,61.77936109565507,49.81922460449861,11.960136491156462,0.0,0.0,0.0,0.0,0.0,0.0,0.0,0.0,0.0,0.0,0.0,0.0,0.0,0.02962645962310617,0.0
0,spring_irrigation,春季灌溉日,55.0,4.0,0.25,33.8556142573304,26.25870180745702,5.536241746417611,0.0,5.0,-5.0,0.0,50.12520626755004,-0.0,10.86476685414997,0.0,-0.0,-0.0,9.413727082563538,30.12392666420332,1.8454139154725369,5.536241746417611,-0.0,0.0,0.010451012183568167,0.0,49.64230787202281,3.865224856746302,0.0,78.14847961746182,0.0,0.0,0.0,0.0,0.0,0.0,10.687885732733138,5.560173602099747,11.134264504430655,4.56151170707277,1.793525416576284,0.0,52.0,7.8,41.0,45.0,0.0,0.47210415575730486,1.0,23.021817694984676,19.694026355592765,2.491308785887925,33.8556142573304,60.98997312170001,50.12520626755004,10.86476685414997,0.0,0.0,0.0,0.0,0.0,0.0,0.0,0.0,0.0,0.0,0.0,0.0,0.0,0.06430932046200155,0.0
0,spring_irrigation,春季灌溉日,55.0,4.25,0.25,34.038668911443686,26.767292134928635,5.557418590235083,0.0,5.0,-5.0,0.0,50.31531986960248,-0.0,8.22845064409492,0.0,-0.0,-0.0,9.413727082563538,30.12392666420332,1.8524728634116945,5.557418590235083,-0.0,0.0,0.010451012183568167,0.0,49.64230787202281,3.356634529274686,0.0,78.90660607835582,0.0,0.0,0.0,0.0,0.0,0.0,10.874754103921626,5.62630005008622,11.202578404828042,4.57177415051892,1.8043357698048252,0.0,52.0,7.8,41.0,45.0,0.0,0.45316887249758014,1.0,23.146294859781708,20.075469101196475,2.5008383656057873,34.038668911443686,58.5437705136974,50.31531986960248,8.22845064409492,0.0,0.0,0.0,0.0,0.0,0.0,0.0,0.0,0.0,0.0,0.0,0.0,0.0,0.021176843817472424,0.0
0,spring_irrigation,春季灌溉日,55.0,4.5,0.25,34.28806991012923,27.597868290798477,5.602036753365284,0.0,5.0,-5.0,0.0,50.57959358933143,-0.0,8.18980381902852,0.0,-0.0,-0.0,9.413727082563538,30.12392666420332,1.8673455844550946,5.602036753365284,-0.0,0.0,0.010451012183568167,0.0,49.64230787202281,2.526058373404844,0.0,79.4670916390003,0.0,0.0,0.0,0.0,0.0,0.0,11.091155434430153,5.702550073337913,11.27497558216403,4.583422246266781,1.8164934350259616,0.0,52.0,7.8,41.0,45.0,0.0,0.45491537916365543,1.0,23.31588753888788,20.69840121809886,2.5209165390143777,34.28806991012923,58.76939740835995,50.57959358933143,8.18980381902852,0.0,0.0,0.0,0.0,0.0,0.0,0.0,0.0,0.0,0.0,0.0,0.0,0.0,0.04461816313020073,0.0
0,spring_irrigation,春季灌溉日,55.0,4.75,0.25,34.97738486033079,28.15010944061038,5.688768112708146,0.0,5.0,-5.0,0.0,51.29781899264727,-0.0,6.4008766443995455,0.0,-0.0,-0.0,9.413727082563538,30.12392666420332,1.8962560375693822,5.688768112708146,-0.0,0.0,0.010451012183568167,0.0,49.64230787202281,1.9738172235929419,0.0,79.89613968378413,0.0,0.0,0.0,0.0,0.0,0.0,11.337346951115439,5.789831926296887,11.351253244595664,4.596582676284135,1.8301028186594543,0.0,52.0,7.8,41.0,45.0,0.0,0.4466274142746565,1.0,23.784621705024936,21.112582080457784,2.559945650718666,34.97738486033079,57.69869563704682,51.29781899264727,6.4008766443995455,0.0,0.0,0.0,0.0,0.0,0.0,0.0,0.0,0.0,0.0,0.0,0.0,0.0,0.08673135934286247,0.0
0,spring_irrigation,春季灌溉日,55.0,5.0,0.25,35.397195637623064,28.656746947505827,5.85103718026324,0.0,5.0,-5.0,0.0,51.77171945912458,-0.0,4.863250818791123,0.0,-0.0,-0.0,9.413727082563538,30.12392666420332,1.9503457267544133,5.85103718026324,-0.0,0.0,0.010451012183568167,0.0,49.64230787202281,1.467179716697494,0.0,80.2046467966579,0.0,0.0,0.0,0.0,0.0,0.0,11.611671817017225,5.889003849058259,11.431144739656018,4.611383312205518,1.8452658514823517,0.0,52.0,7.8,41.0,45.0,0.0,0.4383934515931489,1.0,24.070093033583685,21.49256021062937,2.632966731118458,35.397195637623064,56.634970277915706,51.77171945912458,4.863250818791123,0.0,0.0,0.0,0.0,0.0,0.0,0.0,0.0,0.0,0.0,0.0,0.0,0.0,0.1622690675550933,0.0
0,spring_irrigation,春季灌溉日,55.0,5.25,0.25,35.98852569706276,29.291417515687684,5.946920545683205,0.0,5.0,-5.0,0.0,52.395010640370934,-0.0,3.851407134332298,0.0,-0.0,-0.0,9.413727082563538,30.12392666420332,1.9823068485610682,5.946920545683205,-0.0,0.0,0.010451012183568167,0.0,49.64230787202281,0.8325091485156371,0.0,80.36226539603203,0.0,0.0,0.0,0.0,0.0,0.0,11.91018151168615,6.00084246145979,11.514319971713618,4.6279512574984665,1.8620799176630443,0.0,52.0,7.8,41.0,45.0,0.0,0.43538578915115245,1.0,24.47219747400268,21.968563136765763,2.676114245557442,35.98852569706276,56.24641777470323,52.395010640370934,3.851407134332298,0.0,0.0,0.0,0.0,0.0,0.0,0.0,0.0,0.0,0.0,0.0,0.0,0.0,0.09588336541996512,0.0
0,spring_irrigation,春季灌溉日,55.0,5.5,0.25,36.40359827586393,29.954742947580122,6.017184158141165,0.0,5.0,-5.0,0.0,52.833504423324754,-0.0,1.463542960227393,0.0,-0.0,-0.0,9.413727082563538,30.12392666420332,2.005728052713722,6.017184158141165,-0.0,0.0,0.010451012183568167,0.0,49.64230787202281,0.16918371662319787,0.0,80.36226539603203,0.0,0.0,0.0,0.0,0.0,0.0,12.226433733752835,6.126008296060231,11.600387530629064,4.646410601804602,1.8806355757221045,0.0,52.0,7.8,41.0,45.0,0.0,0.42029632746314216,1.0,24.754446827587472,22.466057210685094,2.7077328711635245,36.40359827586393,54.29704738355215,52.833504423324754,1.463542960227393,0.0,0.0,0.0,0.0,0.0,0.0,0.0,0.0,0.0,0.0,0.0,0.0,0.0,0.07026361245796053,0.0
0,spring_irrigation,春季灌溉日,55.0,5.75,0.25,37.06776141742135,30.537613719167645,6.1486277099095386,0.0,5.0,-5.0,-0.0,52.39519755320569,0.0,0.0,0.0,-0.0,-0.0,8.985197030340805,28.75263049709058,2.049542569969846,6.1486277099095386,-0.0,0.0,0.0,0.7073034645263121,49.4536932659644,0.0,1.7849832220770665,79.85235183647163,0.0,0.0,0.0,0.0,0.0,0.0,12.55153690905619,6.265009364636482,11.688898631664683,4.666879899763706,1.9010140983968118,0.0,52.0,7.8,41.0,45.0,0.0,0.4055747074561737,1.0,25.206077763846523,22.903210289375735,2.7668824694592926,37.06776141742135,52.39519755320569,52.39519755320569,0.0,0.0,0.0,0.0,0.0,0.0,0.0,0.0,0.0,0.0,0.0,0.0,0.0,-1.3712961671127424,0.1314435517683732,0.0
0,spring_irrigation,春季灌溉日,55.0,6.0,0.25,37.74600474489888,31.056249958578142,6.153137947921031,0.0,5.0,-5.0,0.4631944233821905,51.46881650734836,0.0,0.0,0.0,-0.0,-0.0,8.985197030340805,28.75263049709058,2.0510459826403435,6.153137947921031,-0.0,0.0,0.0,1.850236827149488,48.964316153103866,0.0,2.303619461487564,79.20621001279352,0.0,0.0,0.0,0.0,0.0,0.0,12.874488228218155,6.41816390702862,11.779352908350564,4.6894693965312575,1.9232848674778156,0.0,52.0,7.8,41.0,45.0,0.01388224328883126,0.3984038838079757,1.0,25.667283226531243,23.292187468933605,2.768912076564464,37.74600474489888,51.93201093073055,51.93201093073055,0.0,0.0,0.0,0.0,0.0,0.0,0.0,0.0,0.0,0.0,0.0,0.0,0.0,0.0,0.004510238011492085,0.0
0,spring_irrigation,春季灌溉日,55.0,6.25,0.25,38.49541182901382,31.40015887391489,6.237979742092146,0.0,5.0,-5.0,0.7270686281078563,49.61550574632681,0.0,0.0,0.0,-0.0,-0.0,8.985197030340805,28.75263049709058,2.079326580697382,6.237979742092146,-0.0,0.0,0.0,4.217361065617341,47.85203607792323,0.0,2.6475283768243116,78.469888913886,0.0,0.0,0.0,0.0,0.0,0.0,13.182814114102749,6.585563710145262,11.871206032565768,4.714278032830902,1.9475026688481034,0.0,52.0,7.8,41.0,45.0,0.02179072776690541,0.384057989435435,1.0,26.176880043729398,23.550119155436168,2.807090883941466,38.49541182901382,50.34257437443467,50.34257437443467,0.0,0.0,0.0,0.0,0.0,0.0,0.0,0.0,0.0,0.0,0.0,0.0,0.0,0.0,0.08484179417111548,0.0
0,spring_irrigation,春季灌溉日,55.0,6.5,0.25,39.00739886891425,31.741094341032717,6.356028969268824,0.0,5.0,-5.0,1.4793774783533549,48.76646169280417,0.0,0.0,0.0,-0.0,-0.0,8.985197030340805,28.75263049709058,2.1186763230896077,6.356028969268824,-0.0,0.0,0.0,4.865433051187141,46.56926635738588,0.0,2.9884638439421387,77.64421611576007,0.0,0.0,0.0,0.0,0.0,0.0,13.463475198606309,6.767039592302193,11.963879061509983,4.741390273451254,1.9737049418543704,0.0,52.0,7.8,41.0,45.0,0.04433792168860686,0.37748580706556856,1.0,26.525031230861693,23.805820755774537,2.8602130361709706,39.00739886891425,50.24583917115753,50.24583917115753,0.0,0.0,0.0,0.0,0.0,0.0,0.0,0.0,0.0,0.0,0.0,0.0,0.0,0.0,0.11804922717667754,0.0
0,spring_irrigation,春季灌溉日,55.0,6.75,0.25,39.87236358968557,31.668442756691213,6.38669736464699,0.0,5.0,-5.0,2.2741097397712857,52.974252832332695,0.0,0.0,0.0,-0.0,-0.0,8.985197030340805,28.75263049709058,2.1288991215489967,6.38669736464699,-0.0,0.0,0.0,0.7380971694713927,46.3727017968387,0.0,2.915812259600635,76.83807499201782,0.0,0.0,0.0,0.0,0.0,0.0,13.703950287135397,6.9621308066597605,12.056769332108987,4.7708728142498655,2.0019090454130857,0.0,52.0,7.8,41.0,45.0,0.06815657330778557,0.41005699183337074,1.0,27.11320724098619,23.751332067518412,2.8740138140911453,39.87236358968557,55.24836257210398,55.24836257210398,0.0,0.0,0.0,0.0,0.0,0.0,0.0,0.0,0.0,0.0,0.0,0.0,0.0,0.0,0.030668395378166124,0.0
0,spring_irrigation,春季灌溉日,55.0,7.0,0.25,48.9269707481529,31.65438691594452,6.374156198015402,0.0,5.0,-5.0,3.5629911455096357,55.21138996972655,0.0,0.0,0.0,-0.0,-0.0,8.985197030340805,28.75263049709058,2.1247187326718007,6.374156198015402,-0.0,0.0,0.0,6.262505395929323,44.72235542597798,0.0,2.9017564188539424,76.0360358442971,0.0,0.0,0.0,0.0,0.0,0.0,13.893374905863718,7.170060210492144,12.149262642904743,4.802771233561842,2.0321096105102945,8.5,88.0,13.2,41.0,45.0,0.10678520167999529,0.4273739651898791,1.0,33.27034010874397,23.740790186958392,2.868370289106931,48.9269707481529,58.77438111523618,58.77438111523618,0.0,0.0,0.0,0.0,0.0,0.0,0.0,0.0,0.0,0.0,0.0,0.0,0.0,0.0,-0.012541166631588219,0.0
0,spring_irrigation,春季灌溉日,55.0,7.25,0.25,49.41538521323825,31.560286578314784,6.403425628603345,0.0,5.0,-5.0,4.7525569927606,58.190447305676855,0.0,0.0,0.0,-0.0,-0.0,8.985197030340805,28.75263049709058,2.134475209534448,6.403425628603345,-0.0,0.0,0.0,2.592053154676054,44.038000056976145,0.0,2.8076560812242057,75.25916096289491,0.0,0.0,0.0,0.0,0.0,0.0,14.02358873439263,7.3897170589453705,12.240746385326313,4.837106663981148,2.0642760546006094,8.5,88.0,13.2,41.0,45.0,0.14243727706346054,0.45043390892415536,1.0,33.60246194500201,23.670214933736087,2.881541532871505,49.41538521323825,62.94300429843746,62.94300429843746,0.0,0.0,0.0,0.0,0.0,0.0,0.0,0.0,0.0,0.0,0.0,0.0,0.0,0.0,0.02926943058794329,0.0
0,spring_irrigation,春季灌溉日,55.0,7.5,0.25,49.70894137633568,31.304470111770517,6.565360509033296,0.0,5.0,-5.0,6.376527493904808,63.08379501778557,0.0,0.0,0.0,-0.0,-0.0,8.985197030340805,28.75263049709058,2.1884535030110985,6.565360509033296,-0.0,0.0,3.5777306020028004,0.0,44.885509174948965,0.0,2.5518396146799383,74.54999464170821,0.0,0.0,0.0,0.0,0.0,0.0,14.08994854284147,7.6196492000371485,12.330623214504621,4.87387256931688,2.098350337462102,8.5,88.0,13.2,41.0,45.0,0.19110874729868688,0.4883117710088342,1.0,33.80208013590826,23.47835258382789,2.954412229064983,49.70894137633568,69.46032251169038,69.46032251169038,0.0,0.0,0.0,0.0,0.0,0.0,0.0,0.0,-7.105427357601002e-15,0.0,0.0,0.0,0.0,0.0,0.16193488042995074,0.0
0,spring_irrigation,春季灌溉日,55.0,7.75,0.25,50.14237807820871,30.867314754479487,6.946960137798364,0.0,5.0,-5.0,7.9648592931565405,66.1448524930709,0.0,0.0,0.0,-0.0,-0.0,8.985197030340805,28.75263049709058,2.3156533792661214,6.946960137798364,-0.0,0.0,7.666483298411809,0.0,46.70405468286302,0.0,2.114684257388909,73.95622378717975,0.0,0.0,0.0,0.0,0.0,0.0,14.091790605071209,7.858066262934199,12.418324788782202,4.91303171864422,2.134245039963459,8.5,88.0,13.2,41.0,45.0,0.23871210206188984,0.5120064519723841,1.0,34.096817093181926,23.150486065859617,3.1261320620092636,50.14237807820871,74.10971178622744,74.10971178622744,0.0,0.0,0.0,0.0,0.0,0.0,0.0,0.0,-1.4210854715202004e-14,0.0,0.0,0.0,0.0,0.0,0.38159962876506803,0.0
0,spring_irrigation,春季灌溉日,55.0,8.0,0.25,50.57890220879519,30.396302401873587,7.267652722855844,0.0,5.0,-5.0,9.838682993775318,65.6720680871081,0.0,0.0,0.0,-0.0,-0.0,8.985197030340805,28.75263049709058,2.4225509076186147,7.267652722855844,-0.0,0.0,8.524100934128807,0.0,48.726193451984464,0.0,1.6436719047830088,73.48670043718538,0.0,0.0,0.0,0.0,0.0,0.0,14.032475082815562,8.102855139861996,12.503325061083858,4.95451345430169,2.1718418466392184,8.5,90.64,13.596,41.0,45.0,0.29487183797240674,0.5083467769240463,1.0,34.39365350198074,22.79722680140519,3.2704437252851295,50.57890220879519,75.51075108088342,75.51075108088342,0.0,0.0,0.0,0.0,0.0,0.0,0.0,0.0,0.0,0.0,0.0,0.0,0.0,0.0,0.32069258505748,0.0
0,spring_irrigation,春季灌溉日,55.0,8.25,0.25,50.812710291729296,29.817708786192604,7.379542483914789,0.0,5.0,-5.0,11.550209822558168,59.57512701398575,0.0,8.177476376033894,0.0,-0.0,-0.0,8.98519703034081,28.752630497090593,2.459847494638263,7.379542483914789,-0.0,0.0,3.8675820198355533,0.0,49.64230787202281,0.0,1.0650782891020114,73.16967332667679,0.0,0.0,0.0,0.0,0.0,0.0,13.919006017567334,8.351608664873236,12.585152578427813,4.998211352998994,2.210990509706667,8.5,90.64,13.596,41.0,45.0,0.34616742926867905,0.5244515448462156,1.0,34.55264299837592,22.36328158964445,3.320794117761655,50.812710291729296,79.30281321257782,71.12533683654392,8.177476376033894,0.0,0.0,0.0,0.0,0.0,0.0,0.0,0.0,0.0,0.0,0.0,0.0,1.4210854715202004e-14,0.11188976105894533,0.0
0,spring_irrigation,春季灌溉日,55.0,8.5,0.25,50.707506758787346,29.115679644196224,7.556810381411959,0.0,5.0,-5.0,0.0,67.22209159511571,13.611434692855921,0.24013740926369564,0.0,-0.0,-0.0,8.98519703034081,28.752630497090593,2.5189367938039866,7.556810381411959,-0.0,0.0,0.010451012183568167,0.0,49.64230787202281,0.0,0.36304914710563096,73.03754924077512,0.0,0.0,0.0,0.0,0.0,0.0,13.761282916034316,8.601667897852723,12.663401241641536,5.0439813785173095,2.2515083660373563,8.5,90.64,13.596,41.0,45.0,0.4079437022072087,0.5222038482631611,1.0,34.481104595975395,21.83675973314717,3.4005646716353817,50.707506758787346,81.07366369723533,67.22209159511571,13.851572102119617,0.0,0.0,0.0,0.0,0.0,0.0,0.0,0.0,0.0,0.0,0.0,0.0,0.0,0.17726789749717042,0.0
0,spring_irrigation,春季灌溉日,55.0,8.75,0.25,50.87872949406257,28.315973262528278,7.760873615172507,0.0,5.0,-5.0,2.7730901459994897,64.68824526231163,12.597668117775145,0.0,0.0,-0.0,-0.0,8.98519703034081,28.752630497090593,2.586957871724169,7.760873615172507,-0.0,0.0,0.010451012183568167,0.0,49.64230787202281,0.43665723456231476,0.0,73.10473655936327,0.0,0.0,0.0,0.0,0.0,0.0,13.571091784309521,8.850177843718843,12.737738998600635,5.0916406205124645,2.293180469561384,8.5,90.64,13.596,41.0,45.0,0.4606717934845875,0.500731314572743,1.0,34.59753605596255,21.23697994689621,3.4923931268276283,50.87872949406257,80.05900352608626,67.46133540831111,12.597668117775145,0.0,0.0,0.0,0.0,0.0,0.0,0.0,0.0,0.0,0.0,0.0,0.0,0.0,0.20406323376054747,0.0
0,spring_irrigation,春季灌溉日,55.0,9.0,0.25,51.21587367188964,27.770820515954806,7.964260135294969,0.0,5.0,-5.0,16.97908443651948,50.8871906563262,0.0,10.66004295823354,0.0,-0.0,-0.0,8.98519703034081,28.752630497090593,2.6547533784316566,7.964260135294969,-0.0,0.0,0.010451012183568167,0.0,49.64230787202281,0.9818099811357861,0.0,73.30136406160335,0.0,0.0,0.0,0.0,0.0,0.0,13.36097555473296,9.094155795212528,12.807913992790407,5.14096670648026,2.3357603896906465,8.5,90.64,13.596,41.0,45.0,0.508874392848389,0.4764177335644877,1.0,34.82679409688496,20.828115386966104,3.583917060882736,51.21587367188964,78.52631805107922,67.86627509284568,10.66004295823354,0.0,0.0,0.0,0.0,0.0,0.0,0.0,7.105427357601002e-15,0.0,0.0,0.0,0.0,0.0,0.2033865201224625,0.0
0,spring_irrigation,春季灌溉日,55.0,9.25,0.25,51.58329830001796,27.208233251952468,8.24326984929252,0.0,5.0,-5.0,9.686953681668179,58.63974927730499,8.876389622542508,0.0,0.0,-0.0,-0.0,8.98519703034081,28.752630497090593,2.74775661643084,8.24326984929252,-0.0,0.0,0.010451012183568167,0.0,49.64230787202281,1.544397245138125,0.0,73.63150772529286,0.0,0.0,0.0,0.0,0.0,0.0,13.143131265968776,9.330570809099097,12.87375776517024,5.191697962944294,2.3789717117764724,8.5,90.64,13.596,41.0,45.0,0.5563556791583297,0.45391181385079526,1.0,35.07664284401221,20.40617493896435,3.709471432181634,51.58329830001796,77.20309258151568,68.32670295897317,8.876389622542508,0.0,0.0,0.0,0.0,0.0,0.0,0.0,-7.105427357601002e-15,0.0,0.0,0.0,0.0,0.0,0.27900971399755115,0.0
0,spring_irrigation,春季灌溉日,55.0,9.5,0.25,51.74245221730801,26.750513825116418,8.442498912519962,0.0,5.0,-5.0,20.020753545645697,48.531513018360016,0.0,5.904628108198416,0.0,-0.0,-0.0,8.98519703034081,28.752630497090593,2.814166304173321,8.442498912519962,-0.0,0.0,0.010451012183568167,0.0,49.64230787202281,2.002116671974175,0.0,74.07019468102409,0.0,0.0,0.0,0.0,0.0,0.0,12.928464489322701,9.556432141060757,12.935185210193577,5.2435343874494835,2.422510258669528,8.5,90.64,13.596,41.0,45.0,0.6000352282243624,0.42137300828052954,1.0,35.184867507769454,20.062885368837314,3.799124510633983,51.74245221730801,74.45689467220413,68.55226656400572,5.904628108198416,0.0,0.0,0.0,0.0,0.0,0.0,0.0,7.105427357601002e-15,0.0,0.0,0.0,0.0,0.0,0.19922906322744183,0.0
0,spring_irrigation,春季灌溉日,55.0,9.75,0.25,51.687581334955354,26.33510054021609,8.568413040813095,0.0,5.0,-5.0,16.50884749913405,52.03051955861672,4.8485004598597286,0.0,0.0,-0.0,-0.0,8.98519703034081,28.752630497090593,2.8561376802710314,8.568413040813095,-0.0,0.0,0.010451012183568167,0.0,49.64230787202281,2.4175299568745032,0.0,74.60732294844128,0.0,0.0,0.0,0.0,0.0,0.0,12.72589555881178,9.76888380871087,12.99219111378107,5.29613947520614,2.4660470335489744,8.5,90.64,13.596,41.0,45.0,0.6400938469985369,0.4027518500593496,1.0,35.14755530776964,19.751325405162067,3.8557858683658925,51.687581334955354,73.38786751761049,68.53936705775077,4.8485004598597286,0.0,0.0,0.0,0.0,0.0,0.0,0.0,0.0,0.0,0.0,0.0,0.0,0.0,0.12591412829313242,0.0
0,spring_irrigation,春季灌溉日,55.0,10.0,0.25,51.890937372662684,25.8373984789607,8.91234667537874,0.0,5.0,-5.0,17.026541770247768,51.830825870065546,5.87235332541816,0.0,0.0,-0.0,-0.0,8.98519703034081,28.752630497090593,2.970782225126247,8.91234667537874,-0.0,0.0,0.010451012183568167,0.0,49.64230787202281,2.915232018129892,0.0,75.26238689127291,0.0,0.0,0.0,0.0,0.0,0.0,12.541965635788236,9.965301861921935,13.044843247787504,5.349142923597687,2.5092318638689,8.5,90.64,13.596,41.0,45.0,0.6862950344744628,0.40120608416672665,1.0,35.285837413410626,19.378048859220527,4.010556003920433,51.890937372662684,74.72972096573147,68.85736764031331,5.87235332541816,0.0,0.0,0.0,0.0,0.0,0.0,0.0,0.0,0.0,0.0,0.0,0.0,0.0,0.3439336345656461,0.0
0,spring_irrigation,春季灌溉日,55.0,10.25,0.25,52.16788743662465,25.129569724768082,9.124913988176566,0.0,5.0,-5.0,16.944760839025456,52.26041263618243,7.480058301679406,0.0,0.0,-0.0,-0.0,8.98519703034081,28.752630497090593,3.041637996058855,9.124913988176566,-0.0,0.0,0.010451012183568167,0.0,49.64230787202281,3.6230607723225106,0.0,76.08523263125387,0.0,0.0,0.0,0.0,0.0,0.0,12.380743076434058,10.143390452515625,13.093272156171755,5.402144214755273,2.551697705165552,8.5,90.64,13.596,41.0,45.0,0.7320279875588943,0.4045313799024279,1.0,35.47416345690477,18.84717729357606,4.106211294679455,52.16788743662465,76.68523177688729,69.20517347520789,7.480058301679406,0.0,0.0,0.0,0.0,0.0,0.0,0.0,0.0,0.0,0.0,0.0,0.0,0.0,0.21256731279782493,0.0
0,spring_irrigation,春季灌溉日,55.0,10.5,0.25,52.45401385597061,24.444760267803087,9.576510310015953,0.0,5.0,-5.0,25.414645082727485,44.22718691910616,0.0,5.809322718214318,0.0,-0.0,-0.0,8.98519703034081,28.752630497090593,3.192170103338651,9.576510310015953,-0.0,0.0,0.010451012183568167,0.0,49.64230787202281,4.307870229287506,0.0,77.07030919439403,0.0,0.0,0.0,0.0,0.0,0.0,12.243990427374488,10.301272447607232,13.137657935373054,5.454717051666488,2.5930655422873583,8.5,90.64,13.596,41.0,45.0,0.761693725847407,0.3873168478404306,1.0,35.66872942206002,18.333570200852314,4.309429639507179,52.45401385597061,75.45115472004797,69.64183200183365,5.809322718214318,0.0,0.0,0.0,0.0,0.0,0.0,0.0,7.105427357601002e-15,0.0,0.0,0.0,0.0,0.0,0.45159632183938747,0.0
0,spring_irrigation,春季灌溉日,55.0,10.75,0.25,52.636800661437405,24.07162311724338,9.911854856502037,0.0,5.0,-5.0,26.119662888943054,43.81673743385274,0.0,5.377369838649088,0.0,-0.0,-0.0,8.98519703034081,28.752630497090593,3.3039516188340126,9.911854856502037,-0.0,0.0,0.010451012183568167,0.0,49.64230787202281,4.6810073798472125,0.0,78.14351329251055,0.0,0.0,0.0,0.0,0.0,0.0,12.13152537563986,10.437570155756214,13.178214476875885,5.506414597592846,2.632949805109906,8.5,90.64,13.596,41.0,45.0,0.7828235758947747,0.3807960766891285,1.0,35.79302444977744,18.053717337932536,4.4603346854259165,52.636800661437405,75.31377016144488,69.93640032279579,5.377369838649088,0.0,0.0,0.0,0.0,0.0,0.0,0.0,-7.105427357601002e-15,0.0,0.0,0.0,0.0,0.0,0.335344546486084,0.0
0,spring_irrigation,春季灌溉日,55.0,11.0,0.25,52.723105402095186,23.63807124996706,10.227530471494198,0.0,5.0,-5.0,26.48103525778641,43.64689501066455,0.0,2.51088080859914,0.0,-0.0,-0.0,8.98519703034081,28.752630497090593,3.4091768238313995,10.227530471494198,-0.0,0.0,0.010451012183568167,0.0,49.64230787202281,5.114559247123534,0.0,79.31914935705613,0.0,0.0,0.0,0.0,0.0,0.0,12.041697361012574,10.551471760801707,13.2151717944272,5.55677544278461,2.670964196758464,8.5,72.10000000000001,10.815000000000001,41.0,45.0,0.7936541448500607,0.3572927920677369,1.0,35.85171167342473,17.728553437475295,4.602388712172389,52.723105402095186,72.6388110770501,70.12793026845097,2.51088080859914,0.0,0.0,0.0,0.0,0.0,0.0,0.0,0.0,0.0,0.0,0.0,0.0,0.0,0.3156756149921609,0.0
0,spring_irrigation,春季灌溉日,55.0,11.25,0.25,52.87900864488936,23.188177803896888,10.458044611183482,0.0,5.0,-5.0,26.335942731695013,43.70009110211503,0.0,0.0,0.0,-0.0,-0.0,8.671010318526193,27.74723301928382,3.4860148703944938,10.458044611183482,-0.0,0.0,0.0,0.0,49.639825756629214,4.55905521538693,0.0,80.36226539603203,0.0,0.0,0.0,0.0,0.0,0.0,11.97190422964634,10.642779306211432,13.248757192427256,5.605330197525103,2.7067278155469197,8.5,72.10000000000001,10.815000000000001,41.0,45.0,0.7893056258590841,0.3382686294206759,1.0,35.95772587852477,17.391133352922665,4.706120075032567,52.87900864488936,70.03603383381005,70.03603383381005,0.0,0.0,0.0,0.0,0.0,0.0,0.0,0.0,7.105427357601002e-15,0.0,0.0,0.0,0.0,-1.005397477806774,0.23051413968928358,0.0
0,spring_irrigation,春季灌溉日,55.0,11.5,0.25,53.094205263175446,22.73603492418951,10.881823485665642,0.0,5.0,-5.0,26.51579118145509,39.70981650190611,0.0,0.0,0.0,-0.0,-0.0,6.83718661140766,21.87899715650451,3.6272744952218807,10.881823485665642,-0.0,0.0,0.0,2.3330586864437954,49.023380953119336,0.0,0.8570377676850001,80.09654800868007,0.0,0.0,0.0,0.0,0.0,0.0,11.919086719363866,10.711934555504651,13.279176136549788,5.6516085873581305,2.739871437972284,8.5,72.10000000000001,10.815000000000001,41.0,45.0,0.7946958028747267,0.3073811716149077,1.0,36.10405957895931,17.052026193142133,4.896820568549539,53.094205263175446,66.2256076833612,66.2256076833612,0.0,0.0,0.0,0.0,0.0,0.0,0.0,0.0,7.105427357601002e-15,0.0,0.0,0.0,0.0,-5.868235862779308,0.42377887448216,0.0
0,spring_irrigation,春季灌溉日,55.0,11.75,0.25,53.211406367117974,22.281922923733113,11.176245407356125,0.0,5.0,-5.0,27.32088905962466,37.648558527386406,0.0,0.0,0.0,-0.0,-0.0,6.83718661140766,21.87899715650451,3.7254151357853753,11.176245407356125,-0.0,0.0,0.0,3.8045605272999516,48.01972964530854,0.0,0.4029257672286022,79.95046663803663,0.0,0.0,0.0,0.0,0.0,0.0,11.880157948958125,10.760019773780916,13.30659375449952,5.695146905883207,2.77004381981523,8.5,72.10000000000001,10.815000000000001,41.0,45.0,0.818825118885187,0.29142562341492984,1.0,36.183756329640225,16.711442192799836,5.029310433310257,53.211406367117974,64.96944758701106,64.96944758701106,0.0,0.0,0.0,0.0,0.0,0.0,0.0,0.0,7.105427357601002e-15,0.0,0.0,0.0,0.0,0.0,0.29442192169048376,0.0
0,spring_irrigation,春季灌溉日,55.0,12.0,0.25,44.86654013995065,21.893531485572513,11.588404721017044,0.0,5.0,-5.0,28.49940106855531,37.07463777737716,0.0,0.0,0.0,-0.0,-0.0,6.83718661140766,21.87899715650451,3.862801573672348,11.588404721017044,-0.0,0.0,5.007510520901814,0.0,49.206612407540455,0.0,0.01453432906800245,79.90666658127867,0.0,0.0,0.0,0.0,0.0,0.0,11.852345670946532,10.788731421297669,13.331117917380272,5.735495663618433,2.7969178662134566,0.0,72.10000000000001,10.815000000000001,41.0,45.0,0.8541459034216738,0.2869830838090498,1.0,30.509247295166446,16.420148614179386,5.2147821244576695,44.86654013995065,65.57403884593248,65.57403884593248,0.0,0.0,0.0,0.0,0.0,0.0,0.0,0.0,0.0,0.0,0.0,0.0,0.0,0.0,0.4121593136609185,0.0
0,spring_irrigation,春季灌溉日,55.0,12.25,0.25,44.737413723684625,21.661626348217926,12.101471129137142,0.0,5.0,-5.0,25.69650537135437,36.75678517914603,3.7838758881281223,0.0,0.0,-0.0,-0.0,6.83718661140766,21.87899715650451,4.03382370971238,12.101471129137142,-0.0,0.0,1.844866505695737,0.0,49.64230787202281,0.21737080828658506,0.0,79.9183388149561,0.0,0.0,0.0,0.0,0.0,0.0,11.833443013426221,10.800325898479315,13.352784825942283,5.772227258905498,2.8201965198794525,0.0,72.10000000000001,10.815000000000001,41.0,45.0,0.883546528698068,0.2845226870444251,1.0,30.421441332105548,16.246219761163445,5.445662008111714,44.737413723684625,66.23716643862852,62.4532905505004,3.7838758881281223,0.0,0.0,0.0,0.0,0.0,0.0,0.0,0.0,0.0,0.0,0.0,0.0,0.0,0.513066408120098,0.0
0,spring_irrigation,春季灌溉日,55.0,12.5,0.25,44.64942648216512,21.546738452897443,12.416096177734127,0.0,5.0,-5.0,25.491963987671447,35.14379884399627,4.530218700569414,0.0,0.0,-0.0,-0.0,6.83718661140766,21.87899715650451,4.138698725911376,12.416096177734127,-0.0,0.0,0.010451012183568167,0.0,49.64230787202281,0.3322587036070672,0.0,79.9572910876553,0.0,0.0,0.0,0.0,0.0,0.0,11.821976393498934,10.797537794281572,13.371547949118714,5.804943489303339,2.8396182196477957,0.0,72.10000000000001,10.815000000000001,41.0,45.0,0.8997846759394349,0.27203706829387336,1.0,30.361610007872283,16.160053839673083,5.587243279980357,44.64942648216512,65.16598153223714,60.63576283166772,4.530218700569414,0.0,0.0,0.0,0.0,0.0,0.0,0.0,0.0,0.0,0.0,0.0,0.0,0.0,0.3146250485969855,0.0
0,spring_irrigation,春季灌溉日,55.0,12.75,0.25,44.605829475018425,21.48648690318358,12.683373344891795,0.0,5.0,-5.0,30.242701140832533,30.43855707274105,0.0,3.5512302813764087,0.0,-0.0,-0.0,6.83718661140766,21.87899715650451,4.227791114963932,12.683373344891795,-0.0,0.0,0.010451012183568167,0.0,49.64230787202281,0.3925102533209319,0.0,80.01053362727521,0.0,0.0,0.0,0.0,0.0,0.0,11.817306347957976,10.783472513305995,13.387271035800197,5.833282719853247,2.8549617893015853,0.0,72.10000000000001,10.815000000000001,41.0,45.0,0.9063937598446362,0.26310422913560155,1.0,30.33196404301253,16.114865177387685,5.707518005201308,44.605829475018425,64.23248849494999,60.681258213573585,3.5512302813764087,0.0,0.0,0.0,0.0,0.0,0.0,0.0,0.0,0.0,0.0,0.0,0.0,0.0,0.26727716715766725,0.0
0,spring_irrigation,春季灌溉日,55.0,13.0,0.25,44.4733756313386,21.23968153108655,13.158234724706752,0.0,5.0,-5.0,25.058061764792207,35.649029731706534,4.586463681967356,0.0,0.0,-0.0,-0.0,6.83718661140766,21.87899715650451,4.386078241568917,13.158234724706752,-0.0,0.0,0.010451012183568167,0.0,49.64230787202281,0.6393156254179608,0.0,80.12236582149833,0.0,0.0,0.0,0.0,0.0,0.0,11.819678560682954,10.761476624226027,13.399725748880876,5.856926528266881,2.8660506289992798,0.0,72.10000000000001,10.815000000000001,41.0,45.0,0.8884660385781504,0.2759479013291498,1.0,30.241895429310247,15.929761148314913,5.921205626118039,44.4733756313386,65.2935551784661,60.70709149649874,4.586463681967356,0.0,0.0,0.0,0.0,0.0,0.0,0.0,0.0,0.0,0.0,0.0,0.0,0.0,0.474861379814957,0.0
0,spring_irrigation,春季灌溉日,55.0,13.25,0.25,44.45008766010457,21.187630684387123,13.623299787528133,0.0,5.0,-5.0,28.49931528726474,32.3395099256071,0.0,3.3326651885521343,0.0,-0.0,-0.0,6.83718661140766,21.87899715650451,4.5410999291760445,13.623299787528133,-0.0,0.0,0.010451012183568167,0.0,49.64230787202281,0.6913664721173873,0.0,80.24650417571547,0.0,0.0,0.0,0.0,0.0,0.0,11.830239561465014,10.73499070347649,13.408594260438436,5.87560565654106,2.8727560982735967,0.0,72.10000000000001,10.815000000000001,41.0,45.0,0.8541433324996479,0.2761270624384802,1.0,30.22605960887111,15.890723013290343,6.13048490438766,44.45008766010457,64.17149040142398,60.83882521287184,3.3326651885521343,0.0,0.0,0.0,0.0,0.0,0.0,0.0,0.0,0.0,0.0,0.0,0.0,0.0,0.46506506282138105,0.0
0,spring_irrigation,春季灌溉日,55.0,13.5,0.25,51.11032139633963,21.16750386455271,13.882980842973511,0.0,3.797698036999911,-3.797698036999911,27.3543075234776,37.020107908395936,0.0,0.0,0.0,-0.0,-0.0,6.747446880301685,21.591830016965393,4.62766028099117,13.882980842973511,-0.0,0.0,0.0,1.90871116275886,49.13753334537688,0.42432615241268223,0.0,80.30715838482563,0.0,0.0,0.0,0.0,0.0,0.0,11.851026006933896,10.70739075522518,13.413476908468702,5.889105113564341,2.875,6.5,72.10000000000001,10.815000000000001,41.0,45.0,0.8198266923543969,0.28656098528299256,1.0,34.75501854951095,15.875627898414532,6.2473413793380805,51.11032139633963,64.37441543187353,64.37441543187353,0.0,0.0,0.0,0.0,0.0,0.0,0.0,0.0,0.0,0.0,0.0,1.2023019630000888,0.0,-0.2871671395391182,0.25968105544537856,0.0
0,spring_irrigation,春季灌溉日,55.0,13.75,0.25,50.94321382556272,21.32161257801613,14.144127380061635,0.0,3.797698036999911,-3.797698036999911,26.06221110412723,39.08162448649371,0.0,0.0,0.0,-0.0,-0.0,6.747446880301685,21.591830016965393,4.714709126687212,14.144127380061635,-0.0,0.0,0.0,1.059232278930594,48.85633113214893,0.2702174389492633,0.0,80.33118144738367,0.0,0.0,0.0,0.0,0.0,0.0,11.884929744974835,10.681825378347877,13.41390476116872,5.897268293550466,2.8727560982735967,6.5,72.10000000000001,10.815000000000001,41.0,45.0,0.7811017078973856,0.3025185352517473,1.0,34.64138540138266,15.991209433512097,6.364857321027736,50.94321382556272,65.14383559062094,65.14383559062094,0.0,0.0,0.0,0.0,0.0,0.0,0.0,0.0,0.0,0.0,0.0,0.0,0.0,0.0,0.2611465370881234,0.0
0,spring_irrigation,春季灌溉日,55.0,14.0,0.25,51.25914493026677,21.351399088209106,14.162562313573138,0.0,3.797698036999911,-3.797698036999911,24.599623971895706,41.925519980197045,0.0,0.0,0.0,-0.0,-0.0,6.747446880301685,21.591830016965393,4.7208541045243795,14.162562313573138,-0.0,0.0,0.0,0.0,48.85388831559232,0.24043092875628602,0.0,80.3481182022396,0.0,0.0,0.0,0.0,0.0,0.0,11.935634434978466,10.661056631885277,13.409356678259373,5.9,2.8660506289992798,6.5,72.10000000000001,10.815000000000001,41.0,45.0,0.7372670039894788,0.3245322337729411,1.0,34.85621855258141,16.01354931615683,6.373153041107912,51.25914493026677,66.52514395209275,66.52514395209275,0.0,0.0,0.0,0.0,0.0,0.0,0.0,0.0,7.105427357601002e-15,0.0,0.0,0.0,0.0,0.0,0.018434933511503715,0.0
0,spring_irrigation,春季灌溉日,55.0,14.25,0.25,51.12785302325455,21.383497999023568,14.48699860476694,0.0,3.797698036999911,-3.797698036999911,23.276991111521955,45.44418740915078,0.0,0.0,0.0,-0.0,-0.0,6.747446880301685,21.591830016965393,4.828999534922313,14.48699860476694,-0.0,0.0,2.2191810451942784,0.0,49.37850111941019,0.20833201794182443,0.0,80.35742299739967,0.0,0.0,0.0,0.0,0.0,0.0,12.0075144832162,10.647312939228124,13.399280214952329,5.897268293550466,2.8549617893015853,6.5,72.10000000000001,10.815000000000001,41.0,45.0,0.6976268221940233,0.3517691291331374,1.0,34.766940055813095,16.037623499267674,6.519149372145123,51.12785302325455,68.72117852067274,68.72117852067274,0.0,0.0,0.0,0.0,0.0,0.0,0.0,0.0,-7.105427357601002e-15,0.0,0.0,0.0,0.0,0.0,0.3244362911938019,0.0
0,spring_irrigation,春季灌溉日,55.0,14.5,0.25,51.197452787653205,21.402267447992504,14.566911676569545,0.0,3.797698036999911,-3.797698036999911,21.756851117476106,45.73592565199835,0.0,0.0,0.0,-0.0,-0.0,6.747446880301685,21.591830016965393,4.855637225523181,14.566911676569545,-0.0,0.0,0.894541838996477,0.0,49.58848588111588,0.1895625689728888,0.0,80.36226539603203,0.0,0.0,0.0,0.0,0.0,0.0,12.105484284037773,10.642162301300674,13.383115497430923,5.889105113564341,2.8396182196477957,6.5,72.10000000000001,10.815000000000001,41.0,45.0,0.652067220944216,0.35402738290489827,1.0,34.81426789560418,16.05170058599438,6.555110254456295,51.197452787653205,67.49277676947446,67.49277676947446,0.0,0.0,0.0,0.0,0.0,0.0,0.0,0.0,-7.105427357601002e-15,0.0,0.0,0.0,0.0,0.0,0.07991307180260421,0.0
0,spring_irrigation,春季灌溉日,55.0,14.75,0.25,51.37263075684093,21.422646300342127,14.45423414330732,0.0,2.9736843689011754,-2.9736843689011754,20.468946047191906,45.31803735668709,0.0,0.0,0.0,-0.0,-0.0,6.747446880301685,21.591830016965393,4.818078047769107,14.45423414330732,-0.0,0.0,0.0,0.12485664993389678,49.55314944368132,0.16918371662326592,0.0,80.36226539603203,0.0,0.0,0.0,0.0,0.0,0.0,12.234785771994492,10.646413517603339,13.36032102253002,5.87560565654106,2.8201965198794525,6.5,72.10000000000001,10.815000000000001,41.0,45.0,0.6134678539914489,0.3507926413439353,1.0,34.933388914651836,16.066984725256596,6.504405364488294,51.37263075684093,65.78698340387899,65.78698340387899,0.0,0.0,0.0,0.0,0.0,0.0,0.0,0.0,0.0,0.0,0.0,0.8240136680987358,0.0,0.0,-0.11267753326222518,0.0
0,spring_irrigation,春季灌溉日,55.0,15.0,0.25,51.58490452146815,21.550794168673704,14.303869137831482,0.0,2.9736843689011754,-2.9736843689011754,19.418915155043226,47.08095935455302,0.0,0.0,0.0,-0.0,-0.0,6.78749308915528,21.7199778852969,4.767956379277161,14.303869137831482,-0.0,0.0,0.38583615079448164,0.0,49.64230787202281,0.16918371662319487,0.0,80.36226539603203,0.0,0.0,0.0,0.0,0.0,0.0,12.400705348465907,10.660052029499035,13.330400209987722,5.856926528266881,2.7969178662134566,6.5,72.10000000000001,10.815000000000001,41.0,45.0,0.5819977335198797,0.3644388647945954,1.0,35.077735074598344,16.163095626505278,6.436741112024167,51.58490452146815,66.49987450959625,66.49987450959625,0.0,0.0,0.0,0.0,0.0,0.0,0.0,0.0,7.105427357601002e-15,0.0,0.0,0.0,0.0,0.1281478683315065,-0.15036500547583742,0.0
0,spring_irrigation,春季灌溉日,55.0,15.25,0.25,51.63142393676842,21.770997717525734,14.387883856403407,0.0,1.8302497000752105,-1.8302497000752105,18.175913147370398,46.94847948529615,0.0,0.0,0.0,-0.0,-0.0,6.856306698171544,21.94018143414894,4.795961285467802,14.387883856403407,-0.0,0.0,0.010451012183568167,0.0,49.64230787202281,0.16918371662320553,0.0,80.36226539603203,0.0,0.0,0.0,0.0,0.0,0.0,12.608217319380794,10.682215427312304,13.292927471618174,5.833282719853247,2.77004381981523,6.5,72.10000000000001,10.815000000000001,41.0,45.0,0.544744141058595,0.3634133798889774,1.0,35.10936827700253,16.3282482881443,6.474547735381534,51.63142393676842,65.12439263266654,65.12439263266654,0.0,0.0,0.0,0.0,0.0,0.0,0.0,0.0,0.0,0.0,0.0,1.143434668825965,0.0,0.22020354885204085,0.08401471857192533,0.0
0,spring_irrigation,春季灌溉日,55.0,15.5,0.25,52.0113677021314,22.139734087560264,14.326711301487562,0.0,-0.0,0.0,16.543245903943653,47.11044994237205,0.0,0.0,0.0,-0.0,-0.0,6.856306698171544,21.94018143414894,4.775570433829187,14.326711301487562,-0.0,0.0,0.010451012183568167,0.0,49.64230787202281,0.0,0.1995526534113239,80.26957040717315,0.0,0.0,0.0,0.0,0.0,0.0,12.861559710790962,10.711211665500167,13.2475725628818,5.804943489303339,2.739871437972284,6.5,72.10000000000001,10.815000000000001,41.0,45.0,0.49581202370394767,0.3646671421384353,1.0,35.367730037449356,16.604800565670196,6.447020085669402,52.0113677021314,63.6536958463157,63.6536958463157,0.0,0.0,0.0,0.0,0.0,0.0,-0.0,0.0,0.0,0.0,0.0,1.8302497000752105,0.0,0.0,-0.06117255491584572,0.0
0,spring_irrigation,春季灌溉日,55.0,15.75,0.25,52.06770381505439,22.29165084235032,14.204894110965618,0.0,0.0,0.0,15.149273460957236,48.058320687841665,0.0,0.0,0.0,-0.0,-0.0,6.404925630089302,20.495762016285767,4.734964703655206,14.204894110965618,-0.0,0.0,0.0,0.0,49.63982575662921,0.0,1.7958888260645551,79.756833299321,0.0,0.0,0.0,0.0,0.0,0.0,13.163758989323181,10.7445807107795,13.194122049504152,5.772227258905498,2.7067278155469197,6.5,72.10000000000001,10.815000000000001,41.0,45.0,0.45403374742384517,0.3720043107770253,1.0,35.40603859423698,16.71873813176274,6.392202349934529,52.06770381505439,63.207594148798904,63.207594148798904,0.0,0.0,0.0,0.0,0.0,0.0,0.0,0.0,7.105427357601002e-15,0.0,0.0,0.0,0.0,-1.4444194178631733,-0.12181719052194317,0.0
0,spring_irrigation,春季灌溉日,55.0,16.0,0.25,52.46877899286416,22.457955570808704,13.870709364431118,0.0,0.0,0.0,13.398587456305894,49.419934183458096,0.0,0.0,-0.0,-0.0,-0.0,5.726172858756129,18.323753148019616,4.623569788143706,13.870709364431118,-0.0,0.0,0.0,0.0,49.63734376534137,0.0,4.1342024227890874,78.62900687667421,0.0,0.0,0.0,0.0,0.0,0.0,13.51613169168137,10.779197843407024,13.132496851816786,5.735495663618433,2.670964196758464,6.5,135.96,20.394000000000002,41.0,45.0,0.4015645297215658,0.38254413161828144,1.0,35.67876971514763,16.843466678106527,6.241819213994003,52.46877899286416,62.818521639763986,62.818521639763986,0.0,0.0,0.0,0.0,0.0,0.0,0.0,0.0,-7.105427357601002e-15,0.0,0.0,0.0,0.0,-2.1720088682661505,-0.3341847465345005,0.0
0,spring_irrigation,春季灌溉日,55.0,16.25,0.25,52.89941797417849,22.640776554728664,13.78946807870279,0.0,0.0,0.0,11.645895096675767,48.08399691904327,0.0,0.0,-0.0,-0.0,-0.0,2.2339846819729487,7.1487509823134365,4.596489359567596,13.78946807870279,-0.0,0.0,0.0,0.0,49.6348618981531,0.0,15.492025572415226,74.51284353838976,0.0,0.0,0.0,0.0,0.0,0.0,13.917801801232796,10.811414304781199,13.062765015224103,5.695146905883207,2.632949805109906,6.5,135.96,20.394000000000002,41.0,45.0,0.34903518023329505,0.37220306238870865,1.0,35.97160422244138,16.9805824160465,6.205260635416256,52.89941797417849,59.72989201571904,59.72989201571904,0.0,0.0,0.0,0.0,0.0,0.0,0.0,0.0,0.0,0.0,0.0,0.0,0.0,-11.175002165706179,-0.08124128572832845,0.0
0,spring_irrigation,春季灌溉日,55.0,16.5,0.25,53.168680496820315,22.915731577818505,13.633086878818506,0.0,0.0,0.0,9.856517142193352,49.9658996707132,0.0,0.0,-0.0,-0.0,-0.0,2.109374023146735,6.749996874069552,4.5443622929395024,13.633086878818506,-0.0,0.0,0.0,0.0,49.63238015505819,0.0,16.165734703748953,70.22144640510768,0.0,0.0,0.0,0.0,0.0,0.0,14.365281209458566,10.837228612829039,12.985149086009732,5.6516085873581305,2.5930655422873583,6.5,135.96,20.394000000000002,41.0,45.0,0.2954063391984373,0.3867702783476606,1.0,36.154702737837816,17.18679868336388,6.134889095468328,53.168680496820315,59.82241681290655,59.82241681290655,0.0,0.0,0.0,0.0,0.0,0.0,0.0,0.0,0.0,0.0,0.0,0.0,0.0,-0.39875410824388435,-0.156381199884283,0.0
0,spring_irrigation,春季灌溉日,55.0,16.75,0.25,53.271959058255575,23.275897897029616,13.420712729831042,0.0,0.0,0.0,8.25599474997204,50.08372679348394,0.0,0.0,0.5750425126673124,0.20126487943355933,0.2587691307002906,1.9385843115165613,6.203469796852996,4.473570909943681,13.420712729831042,-0.0,0.0,0.0,1.1431278568262795,49.329075415832996,0.0,16.81365896947633,65.76168858467452,0.0,0.0,0.0,0.0,0.0,0.0,14.852165042170395,10.852479828420703,12.90002773416671,5.605330197525103,2.551697705165552,6.5,135.96,20.394000000000002,41.0,45.0,0.24743762429941246,0.38768234096178894,1.0,36.22493215961379,17.456923422772213,6.039320728423969,53.271959058255575,58.33972154345598,58.33972154345598,0.0,0.1150085025334625,0.028752125633365624,1.5813669098351093,0.0,0.0,0.0,0.0,0.0,0.0,0.0,0.0,0.20126487943355933,-0.546527077216556,-0.21237414898746465,0.0
0,spring_irrigation,春季灌溉日,55.0,17.0,0.25,53.382265762686266,23.659831172501946,13.159061384009211,0.0,0.0,0.0,6.474515989112091,48.54420584090473,0.0,0.0,1.4282275692724906,0.49987964924537165,0.6427024061726208,1.9385843115165613,6.203469796852996,4.386353794669737,13.159061384009211,-0.0,0.0,0.0,4.188602389610371,48.22434517532263,0.0,16.81365896947633,61.30416064315157,0.0,0.0,0.0,0.0,0.0,0.0,15.368992521990018,10.853052514428446,12.807931543768166,5.55677544278461,2.5092318638689,6.5,135.96,20.394000000000002,41.0,45.0,0.19404552732302577,0.37576539457885155,1.0,36.299940718626665,17.744873379376457,5.921577622804145,53.382265762686266,55.01872183001682,55.01872183001682,0.0,0.28564551385449816,0.07141137846362454,3.9276258154993497,0.0,0.0,0.0,0.0,0.0,0.0,0.0,0.0,0.29861476981181234,0.0,-0.26165134582183036,0.0
0,spring_irrigation,春季灌溉日,55.0,17.25,0.25,53.49869250363845,24.044653381231306,13.01171839851818,0.0,0.0,0.0,4.8369149229042145,47.6019909487855,0.0,0.0,2.9722199509765344,1.0402769828417868,1.3374989779394404,1.9385843115165613,6.203469796852996,4.3372394661727265,13.01171839851818,-0.0,0.0,0.0,6.295333426796238,46.5652672668017,0.0,16.50368460643887,56.93043366639871,0.0,0.0,0.0,0.0,0.0,0.0,15.90331640855455,10.835082216652571,12.70953317044642,5.506414597592846,2.4660470335489744,6.5,135.96,20.394000000000002,41.0,45.0,0.1449655400357235,0.3684720061181237,1.0,36.37911090247415,18.033490035923478,5.855273279333181,53.49869250363845,52.43890587168971,52.43890587168971,0.0,0.5944439901953069,0.14861099754882673,8.173604865185471,0.0,0.0,0.0,0.0,0.0,0.0,0.0,0.0,0.5403973335964152,0.0,-0.1473429854910311,0.0
0,spring_irrigation,春季灌溉日,55.0,17.5,0.25,53.899033246319945,24.370660194145714,12.868832794581243,0.0,0.0,0.0,3.407959987093017,47.134730056744715,0.0,0.0,6.5429391708118505,2.2900287097841474,2.9443226268653326,1.9385843115165613,6.203469796852996,4.289610931527081,12.868832794581243,-0.0,0.0,0.0,7.29450973574171,44.64333117824317,0.0,15.222867770427385,52.89595061524252,0.0,0.0,0.0,0.0,0.0,0.0,16.44000972269983,10.795150101252053,12.605632328923699,5.454717051666488,2.422510258669528,6.5,135.96,20.394000000000002,41.0,45.0,0.10213881530346279,0.36485508684985085,1.0,36.65134260749757,18.277995145609285,5.7909747575615595,53.899033246319945,50.54269004383773,50.54269004383773,0.0,1.3085878341623702,0.32714695854059256,17.99308271973259,0.0,0.0,0.0,0.0,0.0,0.0,0.0,0.0,1.2497517269423606,0.0,-0.1428856039369375,0.0
0,spring_irrigation,春季灌溉日,55.0,17.75,0.25,54.22497743352303,24.566954384968387,12.736213260721076,0.0,0.0,0.0,2.189107245898706,42.615995141458086,0.0,0.0,10.113658390647165,3.5397804367265078,4.551146275791225,1.9385843115165613,6.203469796852996,4.245404420240359,12.736213260721076,-0.0,0.0,0.0,12.064083341196646,41.466340237685145,0.0,13.812338312324165,49.234676768270646,0.0,0.0,0.0,0.0,0.0,0.0,16.961818204998988,10.730455940889557,12.497136306647976,5.402144214755273,2.3789717117764724,6.5,135.96,20.394000000000002,41.0,45.0,0.06560899233416302,0.32987698433428464,1.0,36.872984654795665,18.42521578872629,5.731295967324485,54.22497743352303,44.80510238735679,44.80510238735679,0.0,2.0227316781294333,0.5056829195323583,27.812560574279708,0.0,0.0,0.0,0.0,-7.105427357601002e-15,0.0,0.0,0.0,1.2497517269423604,0.0,-0.13261953386016678,0.0
0,spring_irrigation,春季灌溉日,55.0,18.0,0.25,54.39315562552749,24.9018608851169,12.518862860675796,0.0,0.0,0.0,1.22301985160769,39.44523105019717,0.0,0.0,13.684377610482482,4.789532163668868,6.157969924717117,1.9385843115165613,6.203469796852996,4.172954286891932,12.518862860675796,-0.0,0.0,0.0,15.046911158462255,37.50455345792004,0.0,12.540421163546785,45.9099485973742,0.0,0.0,0.0,0.0,0.0,0.0,17.4501425769116,10.638959926224084,12.385036890093131,5.349142923597687,2.3357603896906465,6.5,132.0,19.8,41.0,45.0,0.03665471402508483,0.30533309903983924,1.0,36.987345825358695,18.676395663837674,5.633488287304108,54.39315562552749,40.66825090180486,40.66825090180486,0.0,2.7368755220964966,0.6842188805241242,37.63203842882683,0.0,0.0,0.0,0.0,0.0,-3.552713678800501e-15,0.0,0.0,1.2497517269423604,0.0,-0.21735040004528017,0.0
0,spring_irrigation,春季灌溉日,55.0,18.25,0.25,54.470661269014144,25.04557334570586,12.264282645295266,0.0,0.0,0.0,0.41388227034581454,38.38905729898044,0.0,0.0,17.255096830317797,6.0392838906112285,7.764793573643009,1.9385843115165613,6.203469796852996,4.088094215098422,12.264282645295266,-0.0,0.0,0.0,15.655116335691641,33.38291077348618,0.0,11.077309975209857,42.97191205065187,0.0,0.0,0.0,0.0,0.0,0.0,17.88600883812667,10.519485705864069,12.270384728850782,5.29613947520614,2.293180469561384,6.5,132.0,19.8,41.0,45.0,0.012404325440536691,0.2971575909746653,1.0,37.04004966292962,18.784180009279396,5.51892719038287,54.470661269014144,38.802939569326256,38.802939569326256,0.0,3.4510193660635595,0.8627548415158899,47.45151628337394,0.0,0.0,0.0,0.0,0.0,0.0,0.0,0.0,1.2497517269423604,0.0,-0.2545802153805301,0.0
0,spring_irrigation,春季灌溉日,55.0,18.5,0.25,54.651863345767715,25.289468063222227,11.95230259172726,0.0,0.0,0.0,0.004719662239272278,37.88588871538564,0.0,0.0,20.82581605015311,7.289035617553589,9.3716172225689,1.9385843115165613,6.203469796852996,3.9841008639090867,11.95230259172726,-0.0,0.0,0.0,15.394904526014859,29.32995096320676,0.0,9.71438104380033,40.39401003046857,0.0,0.0,0.0,0.0,0.0,0.0,18.251160793230415,10.37177948814254,12.154262243466759,5.2435343874494835,2.2515083660373563,6.5,132.0,19.8,41.0,45.0,0.00014145139954033193,0.2932627215854361,1.0,37.16326707512205,18.96710104741667,5.378536166277267,54.651863345767715,37.890608377624915,37.890608377624915,0.0,4.165163210030623,1.0412908025076557,57.270994137921065,0.0,0.0,0.0,0.0,0.0,0.0,0.0,0.0,1.2497517269423604,0.0,-0.3119800535680053,0.0
0,spring_irrigation,春季灌溉日,55.0,18.75,0.25,54.75935365666705,25.478049940541315,11.627427262260992,0.0,0.0,0.0,-0.0,35.30177380514841,0.0,0.0,23.59541186919867,8.258394154219534,10.617935341139402,1.9385843115165613,6.203469796852996,3.875809087420331,11.627427262260992,-0.0,0.0,0.0,17.013579096236,24.851226808754387,0.0,8.656644802548916,38.09574860372994,0.0,0.0,0.0,0.0,0.0,0.0,18.529190125581085,10.196522791712972,12.03775620402727,5.191697962944294,2.210990509706667,6.5,132.0,19.8,41.0,45.0,0.0,0.2732599026689059,1.0,37.2363604865336,19.108537455405987,5.2323422680174465,54.75935365666705,35.30177380514841,35.30177380514841,0.0,4.7190823738397345,1.1797705934599336,64.88738264029635,0.0,0.0,0.0,0.0,0.0,3.552713678800501e-15,0.0,0.0,0.9693585366659452,0.0,-0.32487532946626807,0.0
0,spring_irrigation,春季灌溉日,55.0,19.0,0.25,48.10392785346929,25.774928130871384,11.28679738761977,0.0,0.0,0.0,-0.0,34.43144599585226,0.0,0.0,23.59541186919867,8.258394154219534,10.617935341139402,1.9385843115165613,6.203469796852996,3.7622657958732564,11.28679738761977,-0.0,0.0,0.0,11.114937810787307,21.925000612996236,0.0,8.953522992878986,35.720510468144134,0.0,0.0,0.0,0.0,0.0,0.0,18.706608596724895,9.995299302248357,11.921931069490492,5.14096670648026,2.1718418466392184,0.0,132.0,19.8,41.0,45.0,0.0,0.26652296945498266,1.0,32.710670940359115,19.331196098153537,5.079058824428897,48.10392785346929,34.43144599585226,34.43144599585226,0.0,4.7190823738397345,1.1797705934599336,64.88738264029635,0.0,0.0,0.0,0.0,-7.105427357601002e-15,3.552713678800501e-15,0.0,0.0,0.0,0.0,-0.3406298746412233,0.0
0,spring_irrigation,春季灌溉日,55.0,19.25,0.25,47.740351596306816,25.971280214386358,10.863204841025007,0.0,0.0,0.0,-0.0,32.011122377384204,0.0,0.0,23.59541186919867,8.258394154219534,10.617935341139402,1.9385843115165613,6.203469796852996,3.621068280341669,10.863204841025007,-0.0,0.0,0.0,13.030487656561306,18.494828663870507,0.0,9.14987507639396,33.294788350701126,0.0,0.0,0.0,0.0,0.0,0.0,18.77376640564398,9.770519064815232,11.807804087845888,5.0916406205124645,2.134245039963459,0.0,132.0,19.8,41.0,45.0,0.0,0.2477880072952801,1.0,32.46343908548864,19.47846016078977,4.888442178461253,47.740351596306816,32.011122377384204,32.011122377384204,0.0,4.7190823738397345,1.1797705934599336,64.88738264029635,0.0,0.0,0.0,0.0,0.0,3.552713678800501e-15,0.0,0.0,0.0,0.0,-0.42359254659476164,0.0
0,spring_irrigation,春季灌溉日,55.0,19.5,0.25,47.15419669720043,26.09856931180329,10.645154490631745,0.0,0.0,0.0,-0.0,31.508307455282104,0.0,0.0,20.030717279632924,7.010751047871523,9.013822775834816,1.9385843115165613,6.203469796852996,3.5483848302105816,10.645154490631745,-0.0,0.0,0.0,14.122107335773947,14.77755988670733,0.0,10.881276739115474,30.414647077811175,0.0,0.0,0.0,0.0,0.0,0.0,18.725531143837703,9.525305712499879,11.696323022438598,5.0439813785173095,2.098350337462102,0.0,132.0,19.8,41.0,45.0,0.0,0.24389587548817937,1.0,32.0648537540963,19.573926983852466,4.790319520784285,47.15419669720043,31.508307455282104,31.508307455282104,0.0,4.006143455926585,1.0015358639816463,55.084472518990545,0.0,0.0,0.0,0.0,0.0,0.0,0.0,0.0,-1.2476431063480113,0.0,-0.2180503503932627,0.0
0,spring_irrigation,春季灌溉日,55.0,19.75,0.25,46.4126267441864,26.256526746864658,10.367153500364521,0.0,0.0,0.0,-0.0,31.753983860479366,0.0,0.0,16.45999805979761,5.760999320929162,7.406999126908924,1.9385843115165613,6.203469796852996,3.4557178334548406,10.367153500364521,-0.0,0.0,0.0,14.291945707749274,11.015782664568448,0.0,12.646057823102737,27.071529800824184,0.0,0.0,0.0,0.0,0.0,0.0,18.561662366072394,9.263354427642,11.5883472005044,4.998211352998994,2.0642760546006094,0.0,132.0,19.8,41.0,45.0,0.0,0.2457975790949953,1.0,31.560586186046752,19.692395060148492,4.665219075164035,46.4126267441864,31.753983860479366,31.753983860479366,0.0,3.291999611959522,0.8229999029898805,45.26499466444343,0.0,0.0,0.0,0.0,0.0,0.0,0.0,0.0,-1.2497517269423604,0.0,-0.27800099026722336,0.0
0,spring_irrigation,春季灌溉日,55.0,20.0,0.25,45.689172635068466,26.36464132940889,10.020864308714021,0.0,0.0,0.0,-0.0,33.87465827661242,0.0,0.0,12.889278839962293,4.511247593986802,5.800175477983032,1.9385843115165613,6.203469796852996,3.340288102904674,10.020864308714021,-0.0,0.0,0.0,12.582139178890476,7.7041426178324635,0.0,14.360996054572862,23.278784547878285,0.0,0.0,0.0,0.0,0.0,0.0,18.286845325911493,8.988769722824829,11.484632387796797,4.95451345430169,2.0321096105102945,0.0,132.0,19.8,41.0,45.0,0.0,0.2622130512393566,1.0,31.068637391846558,19.773480997056666,4.50938893892131,45.689172635068466,33.87465827661242,33.87465827661242,0.0,2.5778557679924585,0.6444639419981146,35.445516809896304,0.0,0.0,0.0,0.0,0.0,0.0,0.0,0.0,-1.2497517269423604,0.0,-0.3462891916505004,0.0
0,spring_irrigation,春季灌溉日,55.0,20.25,0.25,44.69487566062338,26.41544258919033,9.595982531101228,0.0,0.0,0.0,-0.0,39.77129398798742,0.0,0.0,9.318559620126978,3.2614958670444416,4.19335182905714,1.9385843115165613,6.203469796852996,3.1986608437004094,9.595982531101228,-0.0,0.0,0.0,6.799330960808487,5.91445978943618,0.0,16.018620963280195,19.051718586320085,0.0,0.0,0.0,0.0,0.0,0.0,17.910380481329142,8.705892839179185,11.38581979035809,4.91303171864422,2.0019090454130857,0.0,132.0,19.8,41.0,45.0,0.0,0.30785704945480413,1.0,30.3925154492239,19.811581941892747,4.318192138995553,44.69487566062338,39.77129398798742,39.77129398798742,0.0,1.8637119240253956,0.4659279810063489,25.62603895534919,0.0,0.0,0.0,0.0,0.0,0.0,0.0,0.0,-1.2497517269423604,0.0,-0.4248817776127929,0.0
0,spring_irrigation,春季灌溉日,55.0,20.5,0.25,43.765703834025985,26.433786149460225,9.202103395209956,0.0,0.0,0.0,-0.0,45.507685439014615,0.0,0.0,5.747840400291661,2.0117441401020812,2.5865281801312476,2.197999687453953,7.03359899985265,3.067367798403319,9.202103395209956,-0.0,0.0,0.0,1.5116417407665588,5.51636360835024,0.0,16.81365896947633,14.617545629796314,0.0,0.0,0.0,0.0,0.0,0.0,17.445558856346633,8.419128573092484,11.292429282888031,4.87387256931688,1.9737049418543704,0.0,132.0,19.8,41.0,45.0,0.0,0.3522606473655082,1.0,29.76067860713767,19.82533961209517,4.140946527844481,43.765703834025985,45.507685439014615,45.507685439014615,0.0,1.1495680800583323,0.2873920200145831,15.80656110080207,0.0,0.0,0.0,0.0,0.0,0.0,0.0,0.0,-1.2497517269423604,0.8301292029996539,-0.39387913589127166,0.0
0,spring_irrigation,春季灌溉日,55.0,20.75,0.25,42.77260415266844,26.525363811084578,8.907766955056648,0.0,0.0,0.0,-0.0,47.90211808316779,0.0,0.0,2.177121180456344,0.7619924131597204,0.979704531205355,2.9222506919735194,9.351202214315263,2.969255651685549,8.907766955056648,-0.0,0.0,0.0,0.0,5.516087790169821,0.0,16.194457065563963,10.348537629201427,0.0,0.0,0.0,0.0,0.0,0.0,16.908783082733667,8.13278070014042,11.204856773638964,4.837106663981148,1.9475026688481034,0.0,132.0,19.8,41.0,45.0,0.0,0.3707951956547821,1.0,29.085370823814543,19.894022858313434,4.008495129775492,42.77260415266844,47.90211808316779,47.90211808316779,0.0,0.43542423609126885,0.10885605902281721,5.987083246254946,0.0,0.0,0.0,0.0,0.0,3.552713678800501e-15,0.0,0.0,-1.2497517269423608,2.317603214462613,-0.29433644015330884,0.0
0,spring_irrigation,春季灌溉日,55.0,21.0,0.25,41.70647768986648,26.426629567834848,8.590325930271833,0.0,0.0,0.0,-0.0,51.14885187808922,0.0,0.0,-0.0,-0.0,-0.0,6.578932211465457,21.052583076689462,2.8634419767572776,8.590325930271833,-0.0,0.0,0.0,0.0,5.515811985780313,0.0,5.374046491145386,8.929140599559114,0.0,0.0,0.0,0.0,0.0,0.0,16.318516340837903,7.850903958749106,11.123375447485845,4.802771233561842,1.9232848674778156,0.0,132.0,19.8,41.0,45.0,0.0,0.3959271384769495,1.0,28.36040482910921,19.819972175876135,3.865646668622325,41.70647768986648,51.14885187808922,51.14885187808922,0.0,0.0,0.0,0.0,0.0,0.0,0.0,0.0,0.0,0.0,0.0,0.0,-0.7619924131597204,11.701380862374199,-0.31744102478481473,0.0
0,spring_irrigation,春季灌溉日,55.0,21.25,0.25,40.81773922804567,26.274026403192188,8.149650052174453,0.0,-0.0,0.0,-0.0,53.33848459312044,0.0,0.0,0.0,-0.0,-0.0,9.800711502760274,31.362276808832878,2.716550017391484,8.149650052174453,-0.0,0.0,0.0034838449230161217,0.0,5.51636360835024,5.088250405640689,0.0,10.133135500598998,0.0,0.0,0.0,0.0,0.0,0.0,15.694153966518048,7.577178916858728,11.048140488843012,4.7708728142498655,1.9010140983968118,0.0,132.0,19.8,41.0,45.0,0.0,0.4128763950750081,1.0,27.756062675071057,19.705519802394143,3.6673425234785038,40.81773922804567,53.33848459312044,53.33848459312044,0.0,0.0,0.0,0.0,0.0,0.0,-0.0,0.0,0.0,0.0,0.0,0.0,0.0,10.309693732143415,-0.4406758780973803,0.0
0,spring_irrigation,春季灌溉日,55.0,21.5,0.25,39.89563657487446,26.0990628874435,7.608293322078402,0.0,-0.0,0.0,-0.0,53.00794160933951,0.0,0.0,0.0,-0.0,-0.0,10.57620726043892,33.84386323340455,2.536097774026134,7.608293322078402,-0.0,0.0,0.0,0.0,5.516087790169821,7.74480034596105,0.0,11.967459015014448,0.0,0.0,0.0,0.0,0.0,0.0,15.054914121920824,7.314814128735287,10.97919677912211,4.741390273451254,1.8806355757221045,0.0,132.0,19.8,41.0,45.0,0.0,0.41031776603629694,1.0,27.129032870914635,19.574297165582625,3.423731994935281,39.89563657487446,53.00794160933951,53.00794160933951,0.0,0.0,0.0,0.0,0.0,0.0,-0.0,0.0,0.0,0.0,0.0,0.0,0.0,2.4815864245716703,-0.5413567300960507,0.0
0,spring_irrigation,春季灌溉日,55.0,21.75,0.25,39.029996347158004,25.820933754552147,7.366341367926599,0.0,0.0,0.0,-0.0,54.04188109640892,0.0,0.0,0.0,-0.0,-0.0,12.55643762660872,40.180600405147906,2.4554471226421994,7.366341367926599,-0.0,0.0,0.0,0.0,5.515811985780313,14.35966665059576,0.0,15.371896115023434,0.0,0.0,0.0,0.0,0.0,0.0,14.418835097385218,7.066477961279666,10.916488991715509,4.714278032830902,1.8620799176630443,0.0,132.0,19.8,41.0,45.0,0.0,0.418321165671726,1.0,26.540397516067443,19.36570031591411,3.3148536155669697,39.029996347158004,54.04188109640892,54.04188109640892,0.0,0.0,0.0,0.0,0.0,0.0,0.0,0.0,0.0,0.0,0.0,0.0,0.0,6.3367371717433585,-0.24195195415180315,0.0
0,spring_irrigation,春季灌溉日,55.0,22.0,0.25,38.21590504594782,25.487398978201064,7.1981673717139785,0.0,-0.0,0.0,-0.0,57.765897128509536,0.0,0.0,0.0,-0.0,-0.0,12.567027482962963,40.21448794548149,2.3993891239046596,7.1981673717139785,-0.0,0.0,4.58357547569409,0.0,6.604135370658369,14.727088967280423,0.0,18.861893796695025,0.0,0.0,0.0,0.0,0.0,0.0,13.80194934376679,6.83426048875156,10.859873471001105,4.6894693965312575,1.8452658514823517,0.0,62.0,9.299999999999999,41.0,45.0,0.0,0.4471475998358033,1.0,25.98681543124452,19.115549233650796,3.2391753172712905,38.21590504594782,57.765897128509536,57.765897128509536,0.0,0.0,0.0,0.0,0.0,0.0,-0.0,0.0,0.0,0.0,0.0,0.0,0.0,0.033887540333580546,-0.1681739962126203,0.0
0,spring_irrigation,春季灌溉日,55.0,22.25,0.25,37.21801272490741,25.28825622300658,6.969587935684451,0.0,0.0,0.0,-0.0,58.574111852731974,0.0,0.0,0.0,-0.0,-0.0,12.567027482962963,40.21448794548149,2.3231959785614835,6.969587935684451,-0.0,0.0,6.465875666300114,0.0,8.139450634636113,14.926231722474906,0.0,22.397442883884466,0.0,0.0,0.0,0.0,0.0,0.0,13.217681054339021,6.619664061218702,10.809131278498235,4.666879899763706,1.8301028186594543,0.0,62.0,9.299999999999999,41.0,45.0,0.0,0.45340373523839295,1.0,25.308248652937042,18.966192167254935,3.1363145710580027,37.21801272490741,58.574111852731974,58.574111852731974,0.0,0.0,0.0,0.0,0.0,0.0,0.0,0.0,0.0,0.0,0.0,0.0,0.0,0.0,-0.2285794360295279,0.0
0,spring_irrigation,春季灌溉日,55.0,22.5,0.25,36.44886626089837,25.168545133834595,6.64861681283527,0.0,-0.0,0.0,-0.0,61.56702420218582,0.0,0.0,0.0,-0.0,-0.0,12.567027482962963,40.21448794548149,2.2162056042784233,6.64861681283527,-0.0,0.0,10.334924854046065,0.0,10.593588314940321,15.045942811646892,0.0,25.959655580208665,0.0,0.0,0.0,0.0,0.0,0.0,12.676488354326455,6.423619654902873,10.763981815281351,4.646410601804602,1.8164934350259616,0.0,62.0,9.299999999999999,41.0,45.0,0.0,0.4765709262646141,1.0,24.785229057410895,18.876408850375945,2.9918775657758716,36.44886626089837,61.56702420218582,61.56702420218582,0.0,0.0,0.0,0.0,0.0,0.0,-0.0,0.0,0.0,0.0,0.0,0.0,0.0,0.0,-0.3209711228491807,0.0
0,spring_irrigation,春季灌溉日,55.0,22.75,0.25,35.50411936057812,24.957924683729487,6.472352187505799,0.0,0.0,0.0,-0.0,61.49875724682968,0.0,0.0,0.0,-0.0,-0.0,12.567027482962963,40.21448794548149,2.1574507291685996,6.472352187505799,-0.0,0.0,11.270159674119995,0.0,13.269721558128072,15.256563261752,0.0,29.57010952708466,0.0,0.0,0.0,0.0,0.0,0.0,12.185746221069031,6.24652498541183,10.724096480062967,4.6279512574984665,1.8043357698048252,0.0,62.0,9.299999999999999,41.0,45.0,0.0,0.47604249328334,1.0,24.142801165193127,18.718443512797116,2.91255848437761,35.50411936057812,61.49875724682968,61.49875724682968,0.0,0.0,0.0,0.0,0.0,0.0,0.0,0.0,0.0,0.0,0.0,0.0,0.0,0.0,-0.17626462532947063,0.0
0,spring_irrigation,春季灌溉日,55.0,23.0,0.25,34.6135326901037,24.65652358942113,6.290096050146821,0.0,-0.0,0.0,-0.0,61.85347275943312,0.0,0.0,0.0,-0.0,-0.0,12.567027482962963,40.21448794548149,2.096698683382274,6.290096050146821,-0.0,0.0,12.576213902984179,0.0,16.25590887400891,15.557964356060356,0.0,33.250341006885456,0.0,0.0,0.0,0.0,0.0,0.0,11.74984496085514,6.08829964275534,10.689111891213214,4.611383312205518,1.793525416576284,0.0,62.0,9.299999999999999,41.0,45.0,0.0,0.4787882342476376,1.0,23.53720222927052,18.49239269206585,2.8305432225660696,34.6135326901037,61.85347275943312,61.85347275943312,0.0,0.0,0.0,0.0,0.0,0.0,-0.0,0.0,0.0,0.0,0.0,0.0,0.0,0.0,-0.18225613735897817,0.0
0,spring_irrigation,春季灌溉日,55.0,23.25,0.25,33.98524369654048,24.41406501489766,6.285903459107942,0.0,-0.0,0.0,-0.0,64.35643140684189,0.0,0.0,0.0,-0.0,-0.0,12.567027482962963,40.21448794548149,2.095301153035981,6.285903459107942,-0.0,0.0,15.708859074302467,0.0,19.985950108712046,15.800422930583828,0.0,36.98631628239568,0.0,0.0,0.0,0.0,0.0,0.0,11.370463387806682,5.948452188512579,10.658642282316265,4.596582676284135,1.7839573379262563,0.0,62.0,9.299999999999999,41.0,45.0,0.0,0.498162848116912,1.0,23.109965713647526,18.310548761173244,2.828656556598574,33.98524369654048,64.35643140684189,64.35643140684189,0.0,0.0,0.0,0.0,0.0,0.0,-0.0,0.0,0.0,0.0,0.0,0.0,0.0,0.0,-0.004192591038878923,0.0
0,spring_irrigation,春季灌溉日,55.0,23.5,0.25,33.41071052015944,24.105129312732334,6.111699549262237,0.0,-0.0,0.0,-0.0,64.61645067551878,0.0,0.0,0.0,-0.0,-0.0,12.567027482962963,40.21448794548149,2.0372331830874124,6.111699549262237,-0.0,0.0,16.601479489308964,0.0,23.927802189917493,16.109358632749153,0.0,40.793795799532404,0.0,0.0,0.0,0.0,0.0,0.0,11.046966763755245,5.826154207283012,10.632290768725326,4.583422246266781,1.7755274736669184,0.0,62.0,9.299999999999999,41.0,45.0,0.0,0.5001755753085503,1.0,22.71928315370842,18.07884698454925,2.7502647971680068,33.41071052015944,64.61645067551878,64.61645067551878,0.0,0.0,0.0,0.0,0.0,0.0,-0.0,0.0,0.0,0.0,0.0,0.0,0.0,0.0,-0.17420390984570489,0.0
0,spring_irrigation,春季灌溉日,55.0,23.75,0.25,33.005069266607656,23.91004964584805,5.989884300746621,0.0,-0.0,0.0,-0.0,62.947479077581974,0.0,0.0,0.0,-0.0,-0.0,12.567027482962963,40.21448794548149,1.9966281002488737,5.989884300746621,-0.0,0.0,15.378754227762478,0.0,27.57905992890156,16.304438299633436,0.0,44.64570299779557,0.0,0.0,0.0,0.0,0.0,0.0,10.776877053697623,5.7203166688709155,10.60965927149968,4.57177415051892,1.7681341098679377,0.0,62.0,9.299999999999999,41.0,45.0,0.0,0.4872565922872817,1.0,22.443447101293206,17.93253723438604,2.6954479353359795,33.005069266607656,62.947479077581974,62.947479077581974,0.0,0.0,0.0,0.0,0.0,0.0,-0.0,0.0,0.0,0.0,0.0,0.0,0.0,0.0,-0.12181524851561587,0.0
1,spring_pv_high,春秋光伏大发日,65.0,0.0,0.25,29.798345532579265,19.541953259841247,5.379931283537366,0.0,5.0,-5.0,-0.0,54.80643487031584,0.0,0.0,0.0,-0.0,-0.0,10.123925507807787,32.39656162498492,1.7933104278457888,5.379931283537366,-0.0,0.0,8.090853402082999,0.0,29.49925865889983,12.854608365143672,0.0,47.6763496330183,0.0,0.0,0.0,0.0,0.0,0.0,9.500218936363362,5.067937531720355,9.723455268155119,4.052756238808911,1.353025517839139,0.0,52.0,7.8,40.5,45.0,0.0,0.4242393354213855,1.0,17.28304040889597,13.679367281888872,2.1519725134149463,29.798345532579265,54.80643487031584,54.80643487031584,0.0,0.0,0.0,0.0,0.0,0.0,0.0,0.0,0.0,0.0,0.0,-4.797711210808688,0.0,-5.256756481699817,0.18862747431878013,0.0
1,spring_pv_high,春秋光伏大发日,65.0,0.25,0.25,29.62243780677029,19.661883394612826,5.448451473164208,0.0,5.0,-5.0,-0.0,56.74957926179531,0.0,0.0,0.0,-0.0,-0.0,8.53568078299835,27.31417850559472,1.816150491054736,5.448451473164208,-0.0,0.0,11.775310180971935,0.0,32.29441986394772,7.652295110981896,0.0,49.46993154705999,0.0,0.0,0.0,0.0,0.0,0.0,9.502444822878466,5.070478362042015,9.73528850149318,4.053423501558948,1.353728726067011,0.0,52.0,7.8,40.5,45.0,0.0,0.43928060360859117,1.0,17.181013927926767,13.763318376228977,2.179380589265683,29.62243780677029,56.74957926179531,56.74957926179531,0.0,0.0,0.0,0.0,0.0,0.0,0.0,0.0,3.552713678800501e-15,0.0,0.0,0.0,0.0,-5.082383119390197,0.0685201896268417,0.0
1,spring_pv_high,春秋光伏大发日,65.0,0.5,0.25,29.63839363633646,19.83503493552838,5.428108551626664,0.0,5.0,-5.0,-0.0,58.50813418231776,0.0,0.0,0.0,-0.0,-0.0,8.53568078299835,27.31417850559472,1.8093695172088882,5.428108551626664,-0.0,0.0,13.524690245774067,0.0,35.50491907632586,7.479143570066341,0.0,51.22149317917722,0.0,0.0,0.0,0.0,0.0,0.0,9.508881693133121,5.073748351001649,9.748943149094858,4.054235724974795,1.3545774623079114,0.0,52.0,7.8,40.5,45.0,0.0,0.45289302289019134,1.0,17.190268309075144,13.884524454869865,2.171243420650666,29.63839363633646,58.50813418231776,58.50813418231776,0.0,0.0,0.0,0.0,0.0,0.0,0.0,0.0,-3.552713678800501e-15,0.0,0.0,0.0,0.0,0.0,-0.020342921537543468,0.0
1,spring_pv_high,春秋光伏大发日,65.0,0.75,0.25,29.654461376017846,19.891539136828243,5.48164333431457,0.0,5.0,-5.0,-0.0,60.132848796296784,0.0,0.0,0.0,-0.0,-0.0,8.53568078299835,27.31417850559472,1.8272144447715233,5.48164333431457,-0.0,0.0,15.115492192509066,0.0,39.09307322609295,7.422639368766479,0.0,52.958759282669675,0.0,0.0,0.0,0.0,0.0,0.0,9.519609418996652,5.077929043113531,9.76462122504508,4.055220216493816,1.3555974807940787,0.0,52.0,7.8,40.5,45.0,0.0,0.4654694265499958,1.0,17.19958759809035,13.924077395779769,2.192657333725828,29.654461376017846,60.132848796296784,60.132848796296784,0.0,0.0,0.0,0.0,0.0,0.0,0.0,0.0,0.0,0.0,0.0,0.0,0.0,0.0,0.05353478268790557,0.0
1,spring_pv_high,春秋光伏大发日,65.0,1.0,0.25,30.026204843658974,19.967319392304894,5.450466446228451,0.0,5.0,-5.0,0.0,62.39228687163614,-0.0,2.0724343304835386,0.0,-0.0,-0.0,8.53568078299835,27.31417850559472,1.8168221487428171,5.450466446228451,-0.0,0.0,17.013579096236,0.0,43.13184360778769,7.3468591132898275,0.0,54.67715894243468,0.0,0.0,0.0,0.0,0.0,0.0,9.534753962849939,5.083238757545898,9.782532484419777,4.0564084472310755,1.356818109699834,0.0,52.0,7.8,40.5,45.0,0.0,0.49900108528541737,1.0,17.415198809322202,13.977123574613426,2.1801865784913805,30.026204843658974,64.46472120211968,62.39228687163614,2.0724343304835386,0.0,0.0,0.0,0.0,0.0,0.0,0.0,0.0,0.0,0.0,0.0,0.0,0.0,-0.031176888086118737,0.0
1,spring_pv_high,春秋光伏大发日,65.0,1.25,0.25,29.776662105489095,20.165178283570626,5.36406497021057,0.0,5.0,-5.0,0.0,62.1139436414603,-0.0,3.0434742704360005,0.0,-0.0,-0.0,8.53568078299835,27.31417850559472,1.7880216567368565,5.36406497021057,-0.0,0.0,17.013579096236,0.0,47.17041205096334,7.149000222024096,0.0,56.34770791569419,0.0,0.0,0.0,0.0,0.0,0.0,9.554518026242901,5.089937670030076,9.802891911014758,4.05783647311171,1.3582725403493057,0.0,52.0,7.8,40.5,45.0,0.0,0.5043630321535101,1.0,17.270464021183674,14.115624798499438,2.145625988084228,29.776662105489095,65.1574179118963,62.1139436414603,3.0434742704360005,0.0,0.0,0.0,0.0,0.0,0.0,0.0,3.552713678800501e-15,0.0,0.0,0.0,0.0,0.0,-0.0864014760178815,0.0
1,spring_pv_high,春秋光伏大发日,65.0,1.5,0.25,29.8304629710581,20.315446916725165,5.118328033529452,0.0,5.0,-5.0,0.0,55.49016611609055,-0.0,10.223261631628347,0.0,-0.0,-0.0,8.53568078299835,27.31417850559472,1.7061093445098174,5.118328033529452,-0.0,0.0,10.417913017524286,0.0,49.64230787202281,6.998731588869557,0.0,57.98173281409286,0.0,0.0,0.0,0.0,0.0,0.0,9.579221772437176,5.098332963615538,9.825916665404623,4.059545353579768,1.359998096884418,0.0,52.0,7.8,40.5,45.0,0.0,0.5086669290188194,1.0,17.301668523213696,14.220812841707614,2.047331213411781,29.8304629710581,65.7134277477189,55.49016611609055,10.223261631628347,0.0,0.0,0.0,0.0,0.0,0.0,0.0,0.0,0.0,0.0,0.0,0.0,0.0,-0.2457369366811175,0.0
1,spring_pv_high,春秋光伏大发日,65.0,1.75,0.25,29.602454197318046,20.451565465629624,4.987660249801298,0.0,5.0,-5.0,0.0,44.81113940910039,-0.0,22.34411031185455,0.0,-0.0,-0.0,8.53568078299835,27.31417850559472,1.6625534166004325,4.987660249801298,-0.0,0.0,0.010451012183568167,0.0,49.64230787202281,6.8626130399650975,0.0,59.582612544677524,0.0,0.0,0.0,0.0,0.0,0.0,9.609354230021097,5.108783854822524,9.851822491723667,4.0615815564890285,1.3620364751853222,0.0,52.0,7.8,40.5,45.0,0.0,0.5198276184008048,1.0,17.169423434444465,14.316095825940735,1.9950640999205191,29.602454197318046,67.15524972095494,44.81113940910039,22.34411031185455,0.0,0.0,0.0,0.0,0.0,0.0,0.0,0.0,0.0,0.0,0.0,0.0,0.0,-0.13066778372815424,0.0
1,spring_pv_high,春秋光伏大发日,65.0,2.0,0.25,29.858918905869142,20.50700554234333,4.993452819673201,0.0,5.0,-5.0,0.0,45.06953497427546,-0.0,22.020129117986322,0.0,-0.0,-0.0,8.53568078299835,27.31417850559472,1.6644842732244003,4.993452819673201,-0.0,0.0,0.010451012183568167,0.0,49.64230787202281,6.807172963251393,0.0,61.16952481717739,0.0,0.0,0.0,0.0,0.0,0.0,9.645634346059774,5.1217062515127605,9.880819600094178,4.063997335638185,1.3644339383478155,0.0,52.0,7.8,40.5,45.0,0.0,0.5193199407239806,1.0,17.318172965404102,14.354903879640329,1.9973811278692803,29.858918905869142,67.08966409226178,45.06953497427546,22.020129117986322,0.0,0.0,0.0,0.0,0.0,0.0,0.0,7.105427357601002e-15,0.0,0.0,0.0,0.0,0.0,0.005792569871903019,0.0
1,spring_pv_high,春秋光伏大发日,65.0,2.25,0.25,29.870293301667072,20.686358716406385,5.15159190534776,0.0,5.0,-5.0,0.0,45.13362239863157,-0.0,21.12908856531537,0.0,-0.0,-0.0,8.53568078299835,27.31417850559472,1.7171973017825868,5.15159190534776,-0.0,0.0,0.010451012183568167,0.0,49.64230787202281,6.627819789188337,0.0,62.71304725470103,0.0,0.0,0.0,0.0,0.0,0.0,9.689078087851582,5.137576747598316,9.91310806276855,4.066851065259451,1.3672414546534162,0.0,52.0,7.8,40.5,45.0,0.0,0.5129187572423136,1.0,17.3247701149669,14.48045110148447,2.060636762139104,29.870293301667072,66.26271096394694,45.13362239863157,21.12908856531537,0.0,0.0,0.0,0.0,0.0,0.0,0.0,0.0,0.0,0.0,0.0,0.0,0.0,0.15813908567455925,0.0
1,spring_pv_high,春秋光伏大发日,65.0,2.5,0.25,29.87798945229198,20.73645329873803,5.1632740061378515,0.0,5.0,-5.0,0.0,45.14521258285318,-0.0,23.643221761456168,0.0,-0.0,-0.0,8.53568078299835,27.31417850559472,1.7210913353792838,5.1632740061378515,-0.0,0.0,0.010451012183568167,0.0,49.64230787202281,6.577725206856691,0.0,64.24390046770215,0.0,0.0,0.0,0.0,0.0,0.0,9.741064487366675,5.156935610440952,9.948872785334288,4.070207513686942,1.3705147627952512,0.0,52.0,7.8,40.5,45.0,0.0,0.5324695857331402,1.0,17.329233882329348,14.515517309116621,2.0653096024551405,29.87798945229198,68.78843434430935,45.14521258285318,23.643221761456168,0.0,0.0,0.0,0.0,0.0,0.0,0.0,3.552713678800501e-15,0.0,0.0,0.0,0.0,0.0,0.011682100790091354,0.0
1,spring_pv_high,春秋光伏大发日,65.0,2.75,0.25,29.523468197378573,20.89560981511258,4.973820968204258,0.0,5.0,-5.0,0.0,44.72754031529524,-0.0,22.640126598271067,0.0,-0.0,-0.0,8.53568078299835,27.31417850559472,1.6579403227347527,4.973820968204258,-0.0,0.0,0.010451012183568167,0.0,49.64230787202281,6.418568690482143,0.0,65.73618858145781,0.0,0.0,0.0,0.0,0.0,0.0,9.803389328156097,5.180388373043958,9.988278139102892,4.074138036514783,1.3743143482322386,0.0,52.0,7.8,40.5,45.0,0.0,0.5214718729274632,1.0,17.12361155447957,14.626926870578805,1.9895283872817033,29.523468197378573,67.36766691356631,44.72754031529524,22.640126598271067,0.0,0.0,0.0,0.0,0.0,0.0,0.0,3.552713678800501e-15,0.0,0.0,0.0,0.0,0.0,-0.18945303793359347,0.0
1,spring_pv_high,春秋光伏大发日,65.0,3.0,0.25,29.922657142587635,21.203693244718355,5.028478221438903,0.0,5.0,-5.0,0.0,45.14494834491585,-0.0,19.47162845511756,0.0,-0.0,-0.0,8.53568078299835,27.31417850559472,1.676159407146301,5.028478221438903,-0.0,0.0,0.010451012183568167,0.0,49.64230787202281,6.1104852608763665,0.0,67.15456073662523,0.0,0.0,0.0,0.0,0.0,0.0,9.87829087866761,5.20860560909331,10.031462366223378,4.078720667913352,1.3787053140259415,0.0,52.0,7.8,40.5,45.0,0.0,0.5001765515986593,1.0,17.355141142700827,14.842585271302848,2.0113912885755614,29.922657142587635,64.61657680003341,45.14494834491585,19.47162845511756,0.0,0.0,0.0,0.0,0.0,0.0,0.0,3.552713678800501e-15,0.0,0.0,0.0,0.0,0.0,0.05465725323464543,0.0
1,spring_pv_high,春秋光伏大发日,65.0,3.25,0.25,30.153382889383227,21.586610362801665,4.995252533756631,0.0,5.0,-5.0,0.0,45.364598862484016,-0.0,15.444295305409845,0.0,-0.0,-0.0,8.53568078299835,27.31417850559472,1.665084177918877,4.995252533756631,-0.0,0.0,0.010451012183568167,0.0,49.64230787202281,5.727568142793057,0.0,68.48128089017027,0.0,0.0,0.0,0.0,0.0,0.0,9.968428645320948,5.242320449205757,10.078531894109629,4.084040087525135,1.3837571294618645,0.0,52.0,7.8,40.5,45.0,0.0,0.47070248065832615,1.0,17.48896207584227,15.110627253961164,1.9981010135026525,30.153382889383227,60.80889416789386,45.364598862484016,15.444295305409845,0.0,0.0,0.0,0.0,0.0,0.0,0.0,-3.552713678800501e-15,0.0,0.0,0.0,0.0,0.0,-0.03322568768227274,0.0
1,spring_pv_high,春秋光伏大发日,65.0,3.5,0.25,30.513432484015215,21.866825235288246,5.0895062287874895,0.0,5.0,-5.0,0.0,45.75606635545962,-0.0,12.643240577523926,0.0,-0.0,-0.0,8.53568078299835,27.31417850559472,1.6965020762624965,5.0895062287874895,-0.0,0.0,0.010451012183568167,0.0,49.64230787202281,5.4473532703064755,0.0,69.74078665142298,0.0,0.0,0.0,0.0,0.0,0.0,10.076794839500437,5.2823233962566665,10.12955571927092,4.090187439636318,1.3895432402610668,0.0,52.0,7.8,40.5,45.0,0.0,0.45205062545925956,1.0,17.697790840728825,15.306777664701771,2.0358024915149957,30.513432484015215,58.39930693298355,45.75606635545962,12.643240577523926,0.0,0.0,0.0,0.0,0.0,0.0,0.0,-3.552713678800501e-15,0.0,0.0,0.0,0.0,0.0,0.09425369503085879,0.0
1,spring_pv_high,春秋光伏大发日,65.0,3.75,0.25,30.813141362497213,22.269536875220286,5.064459852350856,0.0,5.0,-5.0,0.0,46.04742644179608,-0.0,10.399078527018233,0.0,-0.0,-0.0,8.53568078299835,27.31417850559472,1.688153284116952,5.064459852350856,-0.0,0.0,0.010451012183568167,0.0,49.64230787202281,5.044641630374436,0.0,70.9040186453112,0.0,0.0,0.0,0.0,0.0,0.0,10.206540536793257,5.329454021185074,10.184560041285307,4.09725998124661,1.396140525333592,0.0,52.0,7.8,40.5,45.0,0.0,0.43693460104626786,1.0,17.871621990248382,15.588675812654198,2.0257839409403426,30.813141362497213,56.44650496881431,46.04742644179608,10.399078527018233,0.0,0.0,0.0,0.0,0.0,0.0,0.0,0.0,0.0,0.0,0.0,0.0,0.0,-0.025046376436633544,0.0
1,spring_pv_high,春秋光伏大发日,65.0,4.0,0.25,31.11571405902367,22.676287919003325,4.808758506925907,0.0,5.0,-5.0,0.0,46.264765356514225,-0.0,10.394010218934952,0.0,-0.0,-0.0,8.53568078299835,27.31417850559472,1.6029195023086356,4.808758506925907,-0.0,0.0,0.010451012183568167,0.0,49.64230787202281,4.637890586591396,0.0,71.970065650304,0.0,0.0,0.0,0.0,0.0,0.0,10.360705557241307,5.384589172559755,10.243523344076204,4.1053605363654935,1.4036285868857876,0.0,52.0,7.8,40.5,45.0,0.0,0.4385777208970912,1.0,18.04711415423373,15.873401543302327,1.9235034027703628,31.11571405902367,56.65877557544918,46.264765356514225,10.394010218934952,0.0,0.0,0.0,0.0,0.0,0.0,0.0,3.552713678800501e-15,0.0,0.0,0.0,0.0,0.0,-0.25570134542494927,0.0
1,spring_pv_high,春秋光伏大发日,65.0,4.25,0.25,31.390120394028607,23.202441680173493,4.796542092848473,0.0,5.0,-5.0,0.0,46.535099553493346,-0.0,9.89667283601969,0.0,-0.0,-0.0,8.53568078299835,27.31417850559472,1.5988473642828245,4.796542092848473,-0.0,0.0,0.010451012183568167,0.0,49.64230787202281,4.111736825421229,0.0,72.91061811351638,0.0,0.0,0.0,0.0,0.0,0.0,10.541853468087291,5.4486274169256035,10.3063721324418,4.114596735467028,1.4120888633255155,0.0,52.0,7.8,40.5,45.0,0.0,0.4368205607941222,1.0,18.20626982853659,16.241709176121443,1.9186168371393895,31.390120394028607,56.431772389513036,46.535099553493346,9.89667283601969,0.0,0.0,0.0,0.0,0.0,0.0,0.0,0.0,0.0,0.0,0.0,0.0,0.0,-0.012216414077433235,0.0
1,spring_pv_high,春秋光伏大发日,65.0,4.5,0.25,32.29014211119918,23.655343376241618,5.057048239826798,0.0,5.0,-5.0,0.0,47.52195665299003,-0.0,9.168072338634474,0.0,-0.0,-0.0,8.53568078299835,27.31417850559472,1.6856827466089328,5.057048239826798,-0.0,0.0,0.010451012183568167,0.0,49.64230787202281,3.658835129353104,0.0,73.74313614768099,0.0,0.0,0.0,0.0,0.0,0.0,10.751630268070047,5.5224695447061904,10.372977535590909,4.125080021640103,1.421603557846405,0.0,52.0,7.8,40.5,45.0,0.0,0.43881964373953186,1.0,18.728282424495525,16.558740363369132,2.0228192959307196,32.29014211119918,56.6900289916245,47.52195665299003,9.168072338634474,0.0,0.0,0.0,0.0,0.0,0.0,0.0,0.0,0.0,0.0,0.0,0.0,0.0,0.26050614697832497,0.0
1,spring_pv_high,春秋光伏大发日,65.0,4.75,0.25,32.831834426303274,24.386604718042708,4.985713436142568,0.0,5.0,-5.0,0.0,48.03987070019938,-0.0,7.103493132304585,0.0,-0.0,-0.0,8.53568078299835,27.31417850559472,1.6619044787141892,4.985713436142568,-0.0,0.0,0.010451012183568167,0.0,49.64230787202281,2.9275737875520136,0.0,74.40156335415075,0.0,0.0,0.0,0.0,0.0,0.0,10.990285309754762,5.606995128624353,10.443152985028012,4.136924408655721,1.4322543798204426,0.0,52.0,7.8,40.5,45.0,0.0,0.42684739630586244,1.0,19.042463967255898,17.070623302629894,1.9942853744570272,32.831834426303274,55.143363832503965,48.03987070019938,7.103493132304585,0.0,0.0,0.0,0.0,0.0,0.0,0.0,0.0,0.0,0.0,0.0,0.0,0.0,-0.07133480368423051,0.0
1,spring_pv_high,春秋光伏大发日,65.0,5.0,0.25,33.345221138903916,24.872194877986782,5.200093781672735,0.0,5.0,-5.0,0.0,48.62471752797674,-0.0,4.677277374105046,0.0,-0.0,-0.0,8.53568078299835,27.31417850559472,1.7333645938909117,5.200093781672735,-0.0,0.0,0.010451012183568167,0.0,49.64230787202281,2.4419836276079394,0.0,74.94433368403057,0.0,0.0,0.0,0.0,0.0,0.0,11.256212475679963,5.703035306456419,10.516653160483537,4.150244980984967,1.4441211011601014,0.0,52.0,7.8,40.5,45.0,0.0,0.41259393987950777,1.0,19.34022826056427,17.410536414590748,2.080037512669094,33.345221138903916,53.30199490208179,48.62471752797674,4.677277374105046,0.0,0.0,0.0,0.0,0.0,0.0,0.0,0.0,0.0,0.0,0.0,0.0,0.0,0.21438034553016738,0.0
1,spring_pv_high,春秋光伏大发日,65.0,5.25,0.25,33.978152810989286,25.4081532132568,5.118834492888878,0.0,5.0,-5.0,0.0,49.23056277046749,-0.0,1.8983077836397797,0.0,-0.0,-0.0,8.53568078299835,27.31417850559472,1.7062781642962925,5.118834492888878,-0.0,0.0,0.010451012183568167,0.0,49.64230787202281,1.9060252923379224,0.0,75.35954252411882,0.0,0.0,0.0,0.0,0.0,0.0,11.545584118471266,5.811342173203165,10.59317437397653,4.16515613174862,1.4572799355623827,0.0,52.0,7.8,40.5,45.0,0.0,0.3957724693468191,1.0,19.707328630373784,17.78570724927976,2.0475337971555514,33.978152810989286,51.12887055410727,49.23056277046749,1.8983077836397797,0.0,0.0,0.0,0.0,0.0,0.0,0.0,0.0,0.0,0.0,0.0,0.0,0.0,-0.08125928878385746,0.0
1,spring_pv_high,春秋光伏大发日,65.0,5.5,0.25,34.52265981531216,25.86931595027903,5.185197313984593,0.0,5.0,-5.0,0.0,49.79719071515561,-0.0,2.2932619908970793,0.0,-0.0,-0.0,8.53568078299835,27.31417850559472,1.7283991046615308,5.185197313984593,-0.0,0.0,0.010451012183568167,0.0,49.64230787202281,1.4448625553156909,0.0,75.66501760974425,0.0,0.0,0.0,0.0,0.0,0.0,11.852155150066524,5.932555402500435,10.672356528178739,4.181769541624142,1.4718017549129516,0.0,52.0,7.8,40.5,45.0,0.0,0.40321577366062217,1.0,20.023142692881052,18.10852116519532,2.074078925593837,34.52265981531216,52.09045270605269,49.79719071515561,2.2932619908970793,0.0,0.0,0.0,0.0,0.0,0.0,0.0,0.0,0.0,0.0,0.0,0.0,0.0,0.06636282109571479,0.0
1,spring_pv_high,春秋光伏大发日,65.0,5.75,0.25,35.27636851909649,26.3512702830412,5.383866258616608,0.0,5.0,-5.0,0.0,50.61712240048394,-0.0,2.666333519074662,0.0,-0.0,-0.0,8.53568078299835,27.31417850559472,1.7946220862055362,5.383866258616608,-0.0,0.0,0.010451012183568167,0.0,49.64230787202281,0.9629082225535228,0.0,75.85587580379585,0.0,0.0,0.0,0.0,0.0,0.0,12.16730618735039,6.067166963647962,10.75378674113151,4.2001919097873355,1.4877501639627224,0.0,52.0,7.8,40.5,45.0,0.0,0.4124504354599331,1.0,20.460293741075965,18.44588919812884,2.1535465034466434,35.27636851909649,53.283455919558605,50.61712240048394,2.666333519074662,0.0,0.0,0.0,0.0,0.0,0.0,0.0,0.0,0.0,0.0,0.0,0.0,0.0,0.1986689446320158,0.0
1,spring_pv_high,春秋光伏大发日,65.0,6.0,0.25,36.1134474605214,26.833501450383768,5.240701732829628,0.0,5.0,-5.0,0.5065600021178632,50.89991983119533,0.0,5.420035518295208,0.0,-0.0,-0.0,8.53568078299835,27.31417850559472,1.7469005776098758,5.240701732829628,-0.0,0.0,0.010451012183568167,0.0,49.64230787202281,0.48067705521095405,0.0,75.93210866650655,0.0,0.0,0.0,0.0,0.0,0.0,12.480371241640048,6.2154850468066645,10.83700467568252,4.220522456878132,1.5051794615043776,0.0,52.0,7.8,40.5,45.0,0.01518193837145717,0.43595502033595923,1.0,20.94579952710241,18.783451015268636,2.096280693131851,36.1134474605214,56.8265153516084,51.40647983331319,5.420035518295208,0.0,0.0,0.0,0.0,0.0,0.0,0.0,0.0,0.0,0.0,0.0,0.0,0.0,-0.1431645257869807,0.0
1,spring_pv_high,春秋光伏大发日,65.0,6.25,0.25,36.52585563862813,27.04985878952314,5.233237960695846,0.0,5.0,-5.0,1.1482999024766887,50.66810018489864,0.0,7.78396361547567,0.0,-0.0,-0.0,8.53568078299835,27.31417850559472,1.7444126535652822,5.233237960695846,-0.0,0.0,0.010451012183568167,0.0,49.64230787202281,0.2643197160715829,0.0,75.9569185447403,0.0,0.0,0.0,0.0,0.0,0.0,12.779258579997563,6.377598540351202,10.921509549960508,4.242850229547812,1.524132523446342,0.0,52.0,7.8,40.5,45.0,0.034415307719647126,0.45245899973891723,1.0,21.184996270404312,18.934901152666196,2.0932951842783387,36.52585563862813,59.600363702851,51.81640008737533,7.78396361547567,0.0,0.0,0.0,0.0,0.0,0.0,0.0,0.0,0.0,0.0,0.0,0.0,0.0,-0.0074637721337813545,0.0
1,spring_pv_high,春秋光伏大发日,65.0,6.5,0.25,36.888604665057606,27.278753825507973,5.489105750568411,0.0,5.0,-5.0,2.1722717946086902,50.09216658248697,0.0,9.962889145899297,0.0,-0.0,-0.0,8.53568078299835,27.31417850559472,1.829701916856137,5.489105750568411,-0.0,0.0,0.010451012183568167,0.0,49.64230787202281,0.035424680086748594,0.0,75.92735344698855,0.0,0.0,0.0,0.0,0.0,0.0,13.051327998648972,6.553343605176861,11.006768736589185,4.267251246106128,1.5446386501468987,0.0,52.0,7.8,40.5,45.0,0.06510442272173392,0.4648672549344028,1.0,21.39539070573341,19.09512767785558,2.1956423002273646,36.888604665057606,62.227327522994955,52.26443837709566,9.962889145899297,0.0,0.0,0.0,0.0,0.0,0.0,0.0,0.0,0.0,0.0,0.0,0.0,0.0,0.255867789872565,0.0
1,spring_pv_high,春秋光伏大发日,65.0,6.75,0.25,37.397343832512796,27.29324692395853,5.57457618310691,0.0,5.0,-5.0,0.0,52.80166768873035,3.499350712322505,6.560420773700287,0.0,-0.0,-0.0,8.53568078299835,27.31417850559472,1.8581920610356366,5.57457618310691,-0.0,0.0,0.010451012183568167,0.0,49.64230787202281,0.0209315816361908,0.0,75.89436102090364,0.0,0.0,0.0,0.0,0.0,0.0,13.284441604876148,6.74227404434419,11.092227785540269,4.293785532824879,1.5667114268450237,0.0,52.0,7.8,40.5,45.0,0.10487785579690079,0.4595032137762172,1.0,21.69045942285742,19.10527284677097,2.229830473242764,37.397343832512796,62.86143917475314,52.80166768873035,10.059771486022791,0.0,0.0,0.0,0.0,0.0,0.0,0.0,0.0,0.0,0.0,0.0,0.0,0.0,0.08547043253849829,0.0
1,spring_pv_high,春秋光伏大发日,65.0,7.0,0.25,37.919286613141296,27.2980747598589,5.728009700976196,0.0,5.0,-5.0,4.945613683865346,48.42914129144993,0.0,9.93654854509331,0.0,-0.0,-0.0,8.53568078299835,27.31417850559472,1.9093365669920654,5.728009700976196,-0.0,0.0,0.010451012183568167,0.0,49.64230787202281,0.016103745735822628,0.0,75.86023848000546,0.0,0.0,0.0,0.0,0.0,0.0,13.468067510786257,6.943637256476603,11.177321631472363,4.322494110205658,1.590346651703709,0.0,88.0,13.2,40.5,45.0,0.14822331380993808,0.45179040611300253,1.0,21.99318623562195,19.10865233190123,2.2912038803904786,37.919286613141296,63.311303520408586,53.37475497531528,9.93654854509331,0.0,0.0,0.0,0.0,0.0,0.0,0.0,0.0,0.0,0.0,0.0,0.0,0.0,0.15343351786928672,0.0
1,spring_pv_high,春秋光伏大发日,65.0,7.25,0.25,38.45892031814856,27.31417850559472,5.845944006820536,0.0,5.0,-5.0,6.792690024802208,47.16101009080178,0.0,10.60160851761293,0.0,-0.0,-0.0,8.53568078299835,27.31417850559472,1.9486480022735122,5.845944006820536,-0.0,0.0,0.010451012183568167,0.0,49.64230787202281,0.0,0.0,75.82230836076546,0.0,0.0,0.0,0.0,0.0,0.0,13.59429520170714,7.156357572873413,11.261486674500208,4.353395997583033,1.6155203905569986,0.0,88.0,13.2,40.5,45.0,0.20358141365643043,0.44712222184525374,1.0,22.306173784526163,19.119924953916303,2.338377602728215,38.45892031814856,64.55530863321692,53.953700115603986,10.60160851761293,0.0,0.0,0.0,0.0,0.0,0.0,0.0,0.0,0.0,0.0,0.0,0.0,0.0,0.11793430584434006,0.0
1,spring_pv_high,春秋光伏大发日,65.0,7.5,0.25,38.89112062129007,27.196834767911067,5.87569242614442,0.0,5.0,-5.0,0.0,54.35914664049398,8.639230076998881,4.522447748408631,0.0,-0.0,-0.0,8.499010864972208,27.196834767911067,1.95856414204814,5.87569242614442,-0.0,0.0,0.010451012183568167,0.0,49.64230787202281,0.0,0.0,75.78439720658508,0.0,0.0,0.0,0.0,0.0,0.0,13.658623587448364,7.379028698983344,11.344173357344252,4.386485312385193,1.6421872206225148,0.0,88.0,13.2,40.5,45.0,0.2589234405746047,0.4557838606216144,1.0,22.556849960348238,19.037784337537747,2.350276970457768,38.89112062129007,67.5208244659015,54.35914664049398,13.161677825407512,0.0,0.0,0.0,0.0,0.0,0.0,0.0,0.0,0.0,0.0,0.0,0.0,-0.11734373768365458,0.029748419323883724,0.0
1,spring_pv_high,春秋光伏大发日,65.0,7.75,0.25,39.270576610929105,27.019198631646677,6.085840174118394,0.0,5.0,-5.0,0.0,54.753140586875055,10.601689996419829,4.79938797382362,0.0,-0.0,-0.0,8.443499572389586,27.019198631646677,2.0286133913727977,6.085840174118394,-0.0,0.0,0.010451012183568167,0.0,49.64230787202281,0.0,0.0,75.7465050079818,0.0,0.0,0.0,0.0,0.0,0.0,13.660409260018008,7.609916801999435,11.424858805679627,4.421728546779798,1.6702787269279247,0.0,88.0,13.2,40.5,45.0,0.31773966259872605,0.4609773505435145,1.0,22.77693443433888,18.913439042152675,2.4343360696473577,39.270576610929105,70.1542185571185,54.753140586875055,15.401077970243449,0.0,0.0,0.0,0.0,0.0,0.0,0.0,0.0,0.0,0.0,0.0,0.0,-0.17763613626438968,0.2101477479739735,0.0
1,spring_pv_high,春秋光伏大发日,65.0,8.0,0.25,39.545697219435255,26.707651800441553,6.141129734762045,0.0,5.0,-5.0,12.579993216630191,42.3693394475473,0.0,20.09041789568824,0.0,-0.0,-0.0,8.346141187637985,26.707651800441553,2.047043244920682,6.141129734762045,-0.0,0.0,0.010451012183568167,0.0,49.64230787202281,0.0,0.0,75.70863175547781,0.0,0.0,0.0,0.0,0.0,0.0,13.602909519055903,7.8469755038663545,11.50305905619715,4.459062108871521,1.6997023147611279,0.0,88.0,13.2,40.5,45.0,0.3770307188284296,0.4834812920886956,1.0,22.936504387272446,18.695356260309087,2.456451893904818,39.545697219435255,75.03975055986572,54.94933266417749,20.09041789568824,0.0,0.0,0.0,0.0,0.0,0.0,0.0,7.105427357601002e-15,0.0,0.0,0.0,0.0,-0.31154683120512416,0.05528956064365165,0.0
1,spring_pv_high,春秋光伏大发日,65.0,8.25,0.25,39.59854954169342,26.39373535277379,6.127408697490748,0.0,5.0,-5.0,0.0,54.899512417449046,14.366937818678343,8.723333905084537,0.0,-0.0,-0.0,8.248042297741808,26.39373535277379,2.0424695658302494,6.127408697490748,-0.0,0.0,0.010451012183568167,0.0,49.64230787202281,0.0,0.0,75.67077743960007,0.0,0.0,0.0,0.0,0.0,0.0,13.492913996621395,8.087873654403555,11.578340372153589,4.498390217699095,1.73034039890087,0.0,88.0,13.2,40.5,45.0,0.4305866306810808,0.4924843972310188,1.0,22.967158734182185,18.475614746941652,2.4509634789962993,39.59854954169342,77.98978414121193,54.899512417449046,23.090271723762882,0.0,0.0,0.0,0.0,0.0,0.0,0.0,0.0,0.0,0.0,0.0,0.0,-0.31391644766776494,-0.013721037271297476,0.0
1,spring_pv_high,春秋光伏大发日,65.0,8.5,0.25,39.77192177337943,26.049113738382438,6.370574548443926,0.0,5.0,-5.0,0.0,55.04624567828881,16.451755152200448,7.710519596053842,0.0,-0.0,-0.0,8.140348043244511,26.049113738382438,2.1235248494813086,6.370574548443926,-0.0,0.0,0.010451012183568167,0.0,49.64230787202281,0.0,0.0,75.63294205088027,0.0,0.0,0.0,0.0,0.0,0.0,13.34001915329857,8.330036280025796,11.650329142310213,4.5395832406655785,1.762050025594453,0.0,88.0,13.2,40.5,45.0,0.4930699853497224,0.48578033685608313,1.0,23.06771462856007,18.234379616867706,2.5482298193775708,39.77192177337943,79.2085204265431,55.04624567828881,24.16227474825429,0.0,0.0,0.0,0.0,0.0,0.0,0.0,-7.105427357601002e-15,0.0,0.0,0.0,0.0,-0.3446216143913503,0.24316585095317844,0.0
1,spring_pv_high,春秋光伏大发日,65.0,8.75,0.25,39.86606660637979,25.695070116641,6.634113755849034,0.0,5.0,-5.0,0.0,55.117598281963346,18.405657588461864,4.2877894622590205,0.0,-0.0,-0.0,8.02970941145031,25.695070116641,2.211371251949678,6.634113755849034,-0.0,0.0,0.010451012183568167,0.0,49.64230787202281,0.0,0.0,75.59512557985484,0.0,0.0,0.0,0.0,0.0,0.0,13.155650199075557,8.570698543390879,11.718719878712585,4.582476558461218,1.7946629761784745,0.0,88.0,13.2,40.5,45.0,0.5516297339424642,0.45983837986711534,1.0,23.122318631700278,17.986549081648697,2.653645502339614,39.86606660637979,77.81104533268423,55.117598281963346,22.693447050720884,0.0,0.0,0.0,0.0,0.0,0.0,0.0,0.0,0.0,0.0,0.0,0.0,-0.35404362174143955,0.26353920740510794,0.0
1,spring_pv_high,春秋光伏大发日,65.0,9.0,0.25,40.3420785686594,25.292078389179377,6.802322248934734,0.0,5.0,-5.0,0.0,55.523744827106434,20.28001190186027,4.099928574873651,0.0,-0.0,-0.0,7.903774496618555,25.292078389179377,2.2674407496449116,6.802322248934734,-0.0,0.0,0.010451012183568167,0.0,49.64230787202281,0.0,0.0,75.55732801706492,0.0,0.0,0.0,0.0,0.0,0.0,12.951966098975827,8.806971927995292,11.783280873367175,4.626870035832234,1.8279863919318105,0.0,88.0,13.2,40.5,45.0,0.6078053726690064,0.4615280603325257,1.0,23.39840556982245,17.70445487242556,2.720928899573894,40.3420785686594,79.90368530384035,55.523744827106434,24.37994047673392,0.0,0.0,0.0,0.0,0.0,0.0,0.0,0.0,0.0,0.0,0.0,0.0,-0.4029917274616217,0.16820849308570018,0.0
1,spring_pv_high,春秋光伏大发日,65.0,9.25,0.25,40.487097004246415,24.610206575701255,7.1210284658290295,0.0,5.0,-5.0,22.379365803725225,33.18254792288774,0.0,22.969329794167002,0.0,-0.0,-0.0,7.690689554906642,24.610206575701255,2.373676155276343,7.1210284658290295,-0.0,0.0,0.010451012183568167,0.0,49.64230787202281,0.0,0.0,75.51954935305639,0.0,0.0,0.0,0.0,0.0,0.0,12.740790512928916,9.035921204601232,11.84385714395662,4.672528166649864,1.8618039483468047,0.0,88.0,13.2,40.5,45.0,0.6707243979073552,0.4346539843672362,1.0,23.48251626246292,17.227144602990876,2.848411386331612,40.487097004246415,78.53124352077997,55.56191372661297,22.969329794167002,0.0,0.0,0.0,0.0,0.0,0.0,0.0,7.105427357601002e-15,0.0,0.0,0.0,0.0,-0.6818718134781214,0.3187062168942951,0.0
1,spring_pv_high,春秋光伏大发日,65.0,9.5,0.25,40.6377398323615,23.960421068617855,7.543924246188372,0.0,5.0,-5.0,24.514945974879854,31.135517869004417,0.0,21.11226543213658,0.0,-0.0,-0.0,7.487631583943079,23.960421068617855,2.5146414153961243,7.543924246188372,-0.0,0.0,0.010451012183568167,0.0,49.64230787202281,0.0,0.0,75.48178957837986,0.0,0.0,0.0,0.0,0.0,0.0,12.532695168220984,9.254650073448314,11.900370393378092,4.719180948704535,1.8958775937413699,0.0,88.0,13.2,40.5,45.0,0.7347291484013189,0.40443362020108137,1.0,23.569889102769668,16.772294748032497,3.017569698475349,40.6377398323615,76.76272927602085,55.65046384388427,21.11226543213658,0.0,0.0,0.0,0.0,0.0,0.0,0.0,0.0,0.0,0.0,0.0,0.0,-0.6497855070834007,0.42289578035934294,0.0
1,spring_pv_high,春秋光伏大发日,65.0,9.75,0.25,40.81253314317153,23.466098125432197,7.883240423833289,0.0,5.0,-5.0,3.883120075383758,51.900766552113325,22.334072706851735,0.0,0.0,-0.0,-0.0,7.3331556641975615,23.466098125432197,2.6277468079444297,7.883240423833289,-0.0,0.0,0.010451012183568167,0.0,49.64230787202281,0.0,0.0,75.44404868359068,0.0,0.0,0.0,0.0,0.0,0.0,12.336327327419582,9.46039274106737,11.952815824678584,4.766525527685526,1.9299498523426757,0.0,88.0,13.2,40.5,45.0,0.7857466113163437,0.4017474729387035,1.0,23.671269223039484,16.426268687802537,3.153296169533316,40.81253314317153,78.11795933434882,55.78388662749708,22.334072706851735,0.0,0.0,0.0,0.0,0.0,0.0,0.0,-7.105427357601002e-15,0.0,0.0,0.0,0.0,-0.49432294318565795,0.3393161776449167,0.0
1,spring_pv_high,春秋光伏大发日,65.0,10.0,0.25,41.14193562187248,22.785871791541137,8.340895270804666,0.0,5.0,-5.0,27.87098084374301,28.182289148771197,0.0,24.618576567200456,0.0,-0.0,-0.0,7.120584934856605,22.785871791541137,2.7802984236015553,8.340895270804666,-0.0,0.0,0.010451012183568167,0.0,49.64230787202281,0.0,0.0,75.40632665924889,0.0,0.0,0.0,0.0,0.0,0.0,12.158027912243698,9.650608118913876,12.001255787964505,4.814228631237918,1.9637466760713134,0.0,88.0,13.2,40.5,45.0,0.8353117335610661,0.40871485682331776,1.0,23.862322660686036,15.950110254078794,3.3363581083218663,41.14193562187248,80.67184655971467,56.0532699925142,24.618576567200456,0.0,0.0,0.0,0.0,0.0,0.0,0.0,0.0,0.0,0.0,0.0,0.0,-0.6802263338910599,0.4576548469713764,0.0
1,spring_pv_high,春秋光伏大发日,65.0,10.25,0.25,41.30287415809154,22.21824555030448,8.475050426883792,0.0,5.0,-5.0,5.5316737253787025,50.54986998832782,23.604172210133672,0.0,0.0,-0.0,-0.0,6.94320173447015,22.21824555030448,2.825016808961264,8.475050426883792,-0.0,0.0,0.010451012183568167,0.0,49.64230787202281,0.0,0.0,75.36862349591927,0.0,0.0,0.0,0.0,0.0,0.0,12.001740737359546,9.82307285927829,12.045810383678015,4.861929793279746,1.9969808127382582,0.0,88.0,13.2,40.5,45.0,0.8732205771159546,0.39129060848839786,1.0,23.95566701169309,15.552771885213135,3.390020170753517,41.30287415809154,79.68571592384019,56.08154371370652,23.604172210133672,0.0,0.0,0.0,0.0,0.0,0.0,0.0,0.0,0.0,0.0,0.0,0.0,-0.5676262412366562,0.13415515607912631,0.0
1,spring_pv_high,春秋光伏大发日,65.0,10.5,0.25,41.210242195536644,21.594583796127868,8.813659598849675,0.0,5.0,-5.0,30.190626176503873,25.716261000456193,0.0,23.507811266018052,0.0,-0.0,-0.0,6.748307436289958,21.594583796127868,2.9378865329498915,8.813659598849675,-0.0,0.0,0.010451012183568167,0.0,49.64230787202281,0.0,0.0,75.33093918417131,0.0,0.0,0.0,0.0,0.0,0.0,11.869174393883432,9.975969107156478,12.08664530054321,4.909245346499839,2.029355641790107,0.0,88.0,13.2,40.5,45.0,0.9048330387142111,0.3810280262614524,1.0,23.90194047341125,15.116208657289507,3.5254638395398703,41.210242195536644,79.41469844297812,55.90688717696007,23.507811266018052,0.0,0.0,0.0,0.0,0.0,0.0,0.0,1.4210854715202004e-14,0.0,0.0,0.0,0.0,-0.623661754176613,0.33860917196588325,0.0
1,spring_pv_high,春秋光伏大发日,65.0,10.75,0.25,41.09213015787122,21.151209053125676,9.084607930919217,0.0,5.0,-5.0,8.11070495806836,47.62983168472793,22.7432404086562,0.0,0.0,-0.0,-0.0,6.609752829101773,21.151209053125676,3.028202643639739,9.084607930919217,-0.0,0.0,0.010451012183568167,0.0,49.64230787202281,0.0,0.0,75.29327371457923,0.0,0.0,0.0,0.0,0.0,0.0,11.760152149854967,10.107962677153388,12.123957318725815,4.955773137833561,2.060569412694709,0.0,88.0,13.2,40.5,45.0,0.9247131536550511,0.36868751247867804,1.0,23.833435491565304,14.805846337187972,3.633843172367687,41.09213015787122,78.48377705145249,55.74053664279629,22.7432404086562,0.0,0.0,0.0,0.0,0.0,0.0,0.0,0.0,0.0,0.0,0.0,0.0,-0.4433747430021917,0.2709483320695423,0.0
1,spring_pv_high,春秋光伏大发日,65.0,11.0,0.25,41.07864563162975,20.494659310537234,9.34499632524354,0.0,5.0,-5.0,9.396181658258925,46.21249479517846,21.668559905514066,0.0,0.0,-0.0,-0.0,6.404581034542885,20.494659310537234,3.11499877508118,9.34499632524354,-0.0,0.0,0.010451012183568167,0.0,49.64230787202281,0.0,0.0,75.25562707772194,0.0,0.0,0.0,0.0,0.0,0.0,11.673073972410148,10.21826738940797,12.157958050873024,5.001097898506149,2.090319806158798,0.0,70.0,10.5,40.5,45.0,0.9310308551299935,0.3577163544109535,1.0,23.82561446634525,14.346261517376062,3.7379985300974163,41.07864563162975,77.27723635895146,55.60867645343738,21.668559905514066,0.0,0.0,0.0,0.0,0.0,0.0,0.0,0.0,0.0,0.0,0.0,0.0,-0.6565497425884423,0.26038839432432326,0.0
1,spring_pv_high,春秋光伏大发日,65.0,11.25,0.25,41.07701219784917,20.07427048493835,9.58479357778302,0.0,5.0,-5.0,31.20726072034631,24.446473393433337,0.0,17.2674937149158,0.0,-0.0,-0.0,6.371339711152566,20.38828707568821,3.1949311925943404,9.58479357778302,-0.0,0.0,0.010451012183568167,0.0,49.64230787202281,0.314016590749862,0.0,75.29257820448618,0.0,0.0,0.0,0.0,0.0,0.0,11.60541736547349,10.306691538646861,12.188856617033077,5.044797177772593,2.118308725210633,0.0,70.0,10.5,40.5,45.0,0.935302248534135,0.3228946696808485,1.0,23.82466707475252,14.051989339456844,3.8339174311132087,41.07701219784917,72.92122782869545,55.65373411377965,17.2674937149158,0.0,0.0,0.0,0.0,0.0,0.0,0.0,7.105427357601002e-15,0.0,0.0,0.0,0.0,-0.10637223484902236,0.23979725253948025,0.0
1,spring_pv_high,春秋光伏大发日,65.0,11.5,0.25,41.08188373858308,19.847181273789793,10.046813754980764,0.0,5.0,-5.0,17.786195937176117,38.02641644307001,14.04138942005116,0.0,0.0,-0.0,-0.0,6.371339711152566,20.38828707568821,3.3489379183269214,10.046813754980764,-0.0,0.0,0.010451012183568167,0.0,49.64230787202281,0.5411058018984178,0.0,75.3834445433348,0.0,0.0,0.0,0.0,0.0,0.0,11.554216717750688,10.3736629379624,12.216842045625805,5.086447728622318,2.144247212326136,0.0,70.0,10.5,40.5,45.0,0.9538937882689129,0.2943505024261743,1.0,23.827492568378187,13.893026891652855,4.018725501992306,41.08188373858308,69.85400180029728,55.81261238024613,14.04138942005116,0.0,0.0,0.0,0.0,0.0,0.0,0.0,-7.105427357601002e-15,0.0,0.0,0.0,0.0,0.0,0.46202017719774346,0.0
1,spring_pv_high,春秋光伏大发日,65.0,11.75,0.25,41.117705699908406,19.64270071888845,10.23034148764629,0.0,5.0,-5.0,20.5523158316446,35.35729442081537,11.479009163549257,0.0,0.0,-0.0,-0.0,6.371339711152566,20.38828707568821,3.41011382921543,10.23034148764629,-0.0,0.0,0.010451012183568167,0.0,49.64230787202281,0.7455863567997625,0.0,75.52282958080309,0.0,0.0,0.0,0.0,0.0,0.0,11.516479644398181,10.42022967566152,12.242066254139559,5.125632215294886,2.1678603807249632,0.0,70.0,10.5,40.5,45.0,0.96,0.27368967025273927,1.0,23.848269305946875,13.749890503221913,4.092136595058516,41.117705699908406,67.38861941600922,55.90961025245997,11.479009163549257,0.0,0.0,0.0,0.0,0.0,0.0,0.0,0.0,0.0,0.0,0.0,0.0,0.0,0.18352773266552624,0.0
1,spring_pv_high,春秋光伏大发日,65.0,12.0,0.25,41.228181333686564,19.232339403381584,10.548001301694034,0.0,5.0,-5.0,20.545950967159676,35.58002152376103,11.48537402803418,0.0,0.0,-0.0,-0.0,6.371339711152566,20.38828707568821,3.5160004338980113,10.548001301694034,-0.0,0.0,0.010451012183568167,0.0,49.64230787202281,1.1559476723066275,0.0,75.75960573818551,0.0,0.0,0.0,0.0,0.0,0.0,11.48951876265225,10.448034639572482,12.264628483989851,5.16194609725659,2.188892243123575,0.0,70.0,10.5,40.5,45.0,0.96,0.2754137305452502,1.0,23.912345173538206,13.462637582367108,4.219200520677614,41.228181333686564,67.61134651895489,56.12597249092071,11.48537402803418,0.0,0.0,0.0,0.0,0.0,0.0,0.0,0.0,0.0,0.0,0.0,0.0,0.0,0.3176598140477438,0.0
1,spring_pv_high,春秋光伏大发日,65.0,12.25,0.25,41.61126782107768,19.067756124675387,10.768649324310116,0.0,5.0,-5.0,24.693404892132154,31.8892034270517,7.337920103061702,0.0,0.0,-0.0,-0.0,6.371339711152566,20.38828707568821,3.5895497747700387,10.768649324310116,-0.0,0.0,0.010451012183568167,0.0,49.64230787202281,1.3205309510128238,0.0,76.03535203618198,0.0,0.0,0.0,0.0,0.0,0.0,11.471194757913173,10.459262975369443,12.284562039866902,5.195004533014949,2.207110319905659,0.0,70.0,10.5,40.5,45.0,0.96,0.24684427113388369,1.0,24.134535336225053,13.347429287272771,4.307459729724047,41.61126782107768,63.92052842224555,56.582608319183855,7.337920103061702,0.0,0.0,0.0,0.0,0.0,0.0,0.0,0.0,0.0,0.0,0.0,0.0,0.0,0.22064802261608207,0.0
1,spring_pv_high,春秋光伏大发日,65.0,12.5,0.25,41.349607095528455,18.957801750075557,11.096446725351873,0.0,5.0,-5.0,24.399160785420676,32.031052608561204,7.63216420977318,0.0,0.0,-0.0,-0.0,6.371339711152566,20.38828707568821,3.698815575117291,11.096446725351873,-0.0,0.0,0.010451012183568167,0.0,49.64230787202281,1.4304853256126542,0.0,76.3370746249969,0.0,0.0,0.0,0.0,0.0,0.0,11.460079156963252,10.456562916567417,12.301824113189218,5.224449140373006,2.22230991102871,0.0,70.0,10.5,40.5,45.0,0.96,0.24794228093211365,1.0,23.9827721154065,13.27046122505289,4.43857869014075,41.349607095528455,64.06237760375507,56.43021339398188,7.63216420977318,0.0,0.0,0.0,0.0,0.0,0.0,0.0,0.0,0.0,0.0,0.0,0.0,0.0,0.3277974010417566,0.0
1,spring_pv_high,春秋光伏大发日,65.0,12.75,0.25,41.52339583647409,18.754280044739915,11.416246118179732,0.0,5.0,-5.0,21.33269871509551,35.377903217441286,10.698626280098345,0.0,0.0,-0.0,-0.0,6.371339711152566,20.38828707568821,3.805415372726577,11.416246118179732,-0.0,0.0,0.010451012183568167,0.0,49.64230787202281,1.6340070309482968,0.0,76.68698275753462,0.0,0.0,0.0,0.0,0.0,0.0,11.455552072000078,10.44294180235949,12.316289352936181,5.249954447867922,2.23431792206211,0.0,70.0,10.5,40.5,45.0,0.96,0.27384919645080524,1.0,24.08356958515497,13.12799603131794,4.566498447271893,41.52339583647409,67.40922821263514,56.7106019325368,10.698626280098345,0.0,0.0,0.0,0.0,0.0,0.0,0.0,0.0,0.0,0.0,0.0,0.0,0.0,0.31979939282785885,0.0
1,spring_pv_high,春秋光伏大发日,65.0,13.0,0.25,41.417378163631994,18.713143020237812,11.666940286074706,0.0,5.0,-5.0,32.031324995193856,24.656823987132505,0.0,10.178284633786518,0.0,-0.0,-0.0,6.371339711152566,20.38828707568821,3.888980095358235,11.666940286074706,-0.0,0.0,0.010451012183568167,0.0,49.64230787202281,1.6751440554503993,0.0,77.04648597932533,0.0,0.0,0.0,0.0,0.0,0.0,11.45785166596817,10.4216405203031,12.327747688970407,5.271233875440194,2.242996144434219,0.0,70.0,10.5,40.5,45.0,0.96,0.26964759458701304,1.0,24.022079334906554,13.099200114166468,4.666776114429882,41.417378163631994,66.86643361611289,56.68814898232636,10.178284633786518,0.0,0.0,0.0,0.0,0.0,0.0,0.0,0.0,0.0,0.0,0.0,0.0,0.0,0.2506941678949737,0.0
1,spring_pv_high,春秋光伏大发日,65.0,13.25,0.25,41.442678250622954,18.924598326216618,11.870305797567255,0.0,5.0,-5.0,20.325368822108842,36.455868751039326,11.705956173085013,0.0,0.0,-0.0,-0.0,6.371339711152566,20.38828707568821,3.956768599189085,11.870305797567255,-0.0,0.0,0.010451012183568167,0.0,49.64230787202281,1.4636887494715936,0.0,77.35558881433518,0.0,0.0,0.0,0.0,0.0,0.0,11.46808937080792,10.395990997050918,12.335906719603361,5.288045090886954,2.248243902996728,0.0,70.0,10.5,40.5,45.0,0.96,0.2821933878338591,1.0,24.036753385361312,13.247218828351631,4.748122319026902,41.442678250622954,68.48719374623317,56.78123757314817,11.705956173085013,0.0,0.0,0.0,0.0,0.0,0.0,0.0,0.0,0.0,0.0,0.0,0.0,0.0,0.20336551149254944,0.0
1,spring_pv_high,春秋光伏大发日,65.0,13.5,0.25,41.56983275411132,18.960288595797156,12.154617797975794,0.0,5.0,-5.0,32.031324995193856,24.971837748245527,0.0,14.231114376892187,0.0,-0.0,-0.0,6.371339711152566,20.38828707568821,4.051539265991932,12.154617797975794,-0.0,0.0,0.010451012183568167,0.0,49.64230787202281,1.4279984798910554,0.0,77.65606065890213,0.0,0.0,0.0,0.0,0.0,0.0,11.488239496517552,10.369262626112807,12.340398755791206,5.300194602207907,2.25,0.0,70.0,10.5,40.5,45.0,0.96,0.30345769425576524,1.0,24.11050299738456,13.272202017058008,4.861847119190318,41.56983275411132,71.23427712033157,57.00316274343938,14.231114376892187,0.0,0.0,0.0,0.0,0.0,0.0,0.0,0.0,0.0,0.0,0.0,0.0,0.0,0.2843120004085389,0.0
1,spring_pv_high,春秋光伏大发日,65.0,13.75,0.25,41.4494237429173,18.897673099617368,12.430440611754564,0.0,5.0,-5.0,16.4394800639866,40.535214606185015,14.611960721120003,0.0,0.0,-0.0,-0.0,6.371339711152566,20.38828707568821,4.143480203918188,12.430440611754564,-0.0,0.0,0.010451012183568167,0.0,49.64230787202281,1.4906139760708434,0.0,77.97125344788952,0.0,0.0,0.0,0.0,0.0,0.0,11.521105365026626,10.344504576926367,12.340792380275223,5.3075414641954195,2.248243902996728,0.0,70.0,10.5,40.5,45.0,0.9306322219944099,0.3137703181457106,1.0,24.04066577089203,13.228371169732156,4.972176244701826,41.4494237429173,71.58665539129161,56.974694670171615,14.611960721120003,0.0,0.0,0.0,0.0,0.0,0.0,0.0,0.0,0.0,0.0,0.0,0.0,0.0,0.2758228137787704,0.0
1,spring_pv_high,春秋光伏大发日,65.0,14.0,0.25,41.4473917371749,18.80784489396605,12.556518925015279,0.0,5.0,-5.0,16.9250105289642,40.08967823988525,12.761780893517024,0.0,0.0,-0.0,-0.0,6.371339711152566,20.38828707568821,4.185506308338426,12.556518925015279,-0.0,0.0,0.010451012183568167,0.0,49.64230787202281,1.5804421817221623,0.0,78.3076228393246,0.0,0.0,0.0,0.0,0.0,0.0,11.57025787064239,10.324391685615216,12.336608143998623,5.3100000000000005,2.242996144434219,0.0,70.0,10.5,40.5,45.0,0.8897327778310188,0.31032156158286683,1.0,24.03948720756144,13.165491425776233,5.022607570006112,41.4473917371749,69.77646966236648,57.01468876884945,12.761780893517024,0.0,0.0,0.0,0.0,0.0,0.0,0.0,0.0,0.0,0.0,0.0,0.0,0.0,0.12607831326071484,0.0
1,spring_pv_high,春秋光伏大发日,65.0,14.25,0.25,41.60287832036118,19.02836123863508,12.644585525964162,0.0,5.0,-5.0,28.09124725205829,29.108283633627074,0.0,12.689066899172609,0.0,-0.0,-0.0,6.371339711152566,20.38828707568821,4.214861841988054,12.644585525964162,-0.0,0.0,0.010451012183568167,0.0,49.64230787202281,1.3599258370531295,0.0,78.59145141420505,0.0,0.0,0.0,0.0,0.0,0.0,11.639937509240193,10.311082004305131,12.327337797756144,5.3075414641954195,2.23431792206211,0.0,70.0,10.5,40.5,45.0,0.8419132635325675,0.32354011448414144,1.0,24.12966942580948,13.319852867044556,5.057834210385665,41.60287832036118,69.88859778485798,57.19953088568536,12.689066899172609,0.0,0.0,0.0,0.0,0.0,0.0,0.0,0.0,0.0,0.0,0.0,0.0,0.0,0.08806660094888308,0.0
1,spring_pv_high,春秋光伏大发日,65.0,14.5,0.25,41.74184654711476,19.020690842318928,12.68909282000814,0.0,5.0,-5.0,16.10445782118437,41.24887705593591,10.465456280060621,0.0,0.0,-0.0,-0.0,6.371339711152566,20.38828707568821,4.22969760666938,12.68909282000814,-0.0,0.0,0.010451012183568167,0.0,49.64230787202281,1.3675962333692837,0.0,78.87695979392316,0.0,0.0,0.0,0.0,0.0,0.0,11.734908234526412,10.306094018101705,12.31246625763645,5.300194602207907,2.22230991102871,0.0,70.0,10.5,40.5,45.0,0.7963179025851228,0.3192945541978078,1.0,24.21027099732656,13.314483589623249,5.075637128003256,41.74184654711476,67.8187911571809,57.353334877120275,10.465456280060621,0.0,0.0,0.0,0.0,0.0,0.0,0.0,0.0,0.0,0.0,0.0,0.0,0.0,0.04450729404397791,0.0
1,spring_pv_high,春秋光伏大发日,65.0,14.75,0.25,41.95800967922456,19.111226285262777,12.635505421784023,0.0,5.0,-5.0,15.728703677207939,41.822931865947425,9.721943193259328,0.0,0.0,-0.0,-0.0,6.371339711152566,20.38828707568821,4.211835140594674,12.635505421784023,-0.0,0.0,0.010451012183568167,0.0,49.64230787202281,1.277060790425434,0.0,79.14082325175225,0.0,0.0,0.0,0.0,0.0,0.0,11.860251513668128,10.310210985468498,12.291495340727618,5.288045090886954,2.207110319905659,0.0,70.0,10.5,40.5,45.0,0.7627727232424688,0.32373813151990505,1.0,24.33564561395024,13.377858399683943,5.054202168713609,41.95800967922456,67.27357873641469,57.55163554315536,9.721943193259328,0.0,0.0,0.0,0.0,0.0,0.0,0.0,0.0,0.0,0.0,0.0,0.0,0.0,-0.05358739822411707,0.0
1,spring_pv_high,春秋光伏大发日,65.0,15.0,0.25,42.2767827023315,19.195916105032122,12.492658378006396,0.0,5.0,-5.0,13.76011979957746,44.06267308542564,10.27663093280815,0.0,0.0,-0.0,-0.0,6.371339711152566,20.38828707568821,4.164219459335466,12.492658378006396,-0.0,0.0,0.010451012183568167,0.0,49.64230787202281,1.1923709706560892,0.0,79.3844409456572,0.0,0.0,0.0,0.0,0.0,0.0,12.021091919431237,10.323418807514855,12.263968193188704,5.271233875440194,2.188892243123575,0.0,70.0,10.5,40.5,45.0,0.7203973206401083,0.34107526225493046,1.0,24.520533967352268,13.437141273522485,4.997063351202559,42.2767827023315,68.09942381781124,57.822792885003096,10.27663093280815,0.0,0.0,0.0,0.0,0.0,0.0,0.0,0.0,0.0,0.0,0.0,0.0,0.0,-0.14284704377762658,0.0
1,spring_pv_high,春秋光伏大发日,65.0,15.25,0.25,42.483068676283715,19.366286518898228,12.397087088940218,0.0,5.0,-5.0,22.447077983084665,35.55014377951526,0.0,9.438238361213223,0.0,-0.0,-0.0,6.371339711152566,20.38828707568821,4.132362362980072,12.397087088940218,-0.0,0.0,0.010451012183568167,0.0,49.64230787202281,1.0220005567899832,0.0,79.587473857422,0.0,0.0,0.0,0.0,0.0,0.0,12.222251483073219,10.344882308555073,12.229493273888721,5.249954447867922,2.1678603807249632,0.0,70.0,10.5,40.5,45.0,0.6727537767168429,0.3482408842360811,1.0,24.640179832244552,13.55640056322876,4.958834835576088,42.483068676283715,67.43546012381314,57.99722176259992,9.438238361213223,0.0,0.0,0.0,0.0,0.0,0.0,0.0,0.0,0.0,0.0,0.0,0.0,0.0,-0.09557128906617862,0.0
1,spring_pv_high,春秋光伏大发日,65.0,15.5,0.25,42.65441816896328,19.200105690658322,12.11608875726942,0.0,5.0,-5.0,11.525471407697701,46.549433737024856,9.555376538069932,0.0,0.0,-0.0,-0.0,6.371339711152566,20.38828707568821,4.03869625242314,12.11608875726942,-0.0,0.0,0.010451012183568167,0.0,49.64230787202281,1.188181385029889,0.0,79.8298731994379,0.0,0.0,0.0,0.0,0.0,0.0,12.467838495154503,10.37296287606332,12.187766757851255,5.224449140373006,2.144247212326136,0.0,70.0,10.5,40.5,45.0,0.6318069586872689,0.3603244925448193,1.0,24.7395625379987,13.440073983460826,4.846435502907768,42.65441816896328,67.63028168279249,58.07490514472256,9.555376538069932,0.0,0.0,0.0,0.0,0.0,0.0,0.0,7.105427357601002e-15,0.0,0.0,0.0,0.0,0.0,-0.2809983316707978,0.0
1,spring_pv_high,春秋光伏大发日,65.0,15.75,0.25,42.97223331225628,19.27662310600654,11.999006695720421,0.0,5.0,-5.0,19.272932747597768,39.08076018656812,0.0,7.034460115465492,0.0,-0.0,-0.0,6.371339711152566,20.38828707568821,3.9996688985734736,11.999006695720421,-0.0,0.0,0.010451012183568167,0.0,49.64230787202281,1.111663969681672,0.0,80.05397845563758,0.0,0.0,0.0,0.0,0.0,0.0,12.760786775364307,10.405278162018043,12.13859228554382,5.195004533014949,2.118308725210633,0.0,70.0,10.5,40.5,45.0,0.5776225441960329,0.35696338322384985,1.0,24.92389532110864,13.493636174204577,4.799602678288169,42.97223331225628,65.38815304963138,58.35369293416589,7.034460115465492,0.0,0.0,0.0,0.0,0.0,0.0,0.0,7.105427357601002e-15,0.0,0.0,0.0,0.0,0.0,-0.1170820615489987,0.0
1,spring_pv_high,春秋光伏大发日,65.0,16.0,0.25,42.86418157257016,19.530011349021354,11.944631145097398,0.0,5.0,-5.0,17.21235030361144,41.01516570732732,0.0,4.14035635387701,0.0,-0.0,-0.0,6.371339711152566,20.38828707568821,3.981543715032466,11.944631145097398,-0.0,0.0,0.010451012183568167,0.0,49.64230787202281,0.8582757266668573,0.0,80.21779195149314,0.0,0.0,0.0,0.0,0.0,0.0,13.102372558262552,10.438802122036277,12.081897103671443,5.16194609725659,2.090319806158798,0.0,132.0,19.8,40.5,45.0,0.5158655251990452,0.34953466167212194,1.0,24.861225312090692,13.671007944314947,4.77785245803896,42.86418157257016,62.36787236481577,58.22751601093876,4.14035635387701,0.0,0.0,0.0,0.0,0.0,0.0,0.0,0.0,0.0,0.0,0.0,0.0,0.0,-0.05437555062302302,0.0
1,spring_pv_high,春秋光伏大发日,65.0,16.25,0.25,42.786899669789925,19.783228472278147,11.801936410048093,0.0,5.0,-5.0,14.612965078035423,43.489704118439995,0.8041370627993025,0.0,0.0,-0.0,-0.0,6.371339711152566,20.38828707568821,3.933978803349364,11.801936410048093,-0.0,0.0,0.010451012183568167,0.0,49.64230787202281,0.6050586034100647,0.0,80.32138447382728,0.0,0.0,0.0,0.0,0.0,0.0,13.491746644052201,10.47000122147232,12.017743814006176,5.125632215294886,2.060569412694709,0.0,132.0,19.8,40.5,45.0,0.46206075013824954,0.3366400901014007,1.0,24.816401808478155,13.848259930594702,4.720774564019237,42.786899669789925,58.90680625927472,58.10266919647542,0.8041370627993025,0.0,0.0,0.0,0.0,0.0,0.0,0.0,0.0,0.0,0.0,0.0,0.0,0.0,-0.14269473504930552,0.0
1,spring_pv_high,春秋光伏大发日,65.0,16.5,0.25,43.15211293394466,20.047059225407544,11.789364902062168,0.0,3.8352632356234757,-3.8352632356234757,13.385846768705083,43.90265741270301,0.0,0.0,0.0,-0.0,-0.0,6.371339711152566,20.38828707568821,3.9297883006873895,11.789364902062168,-0.0,0.0,0.0,0.0,49.639825756629214,0.34122785028066716,0.0,80.36226539603203,0.0,0.0,0.0,0.0,0.0,0.0,13.925527703046567,10.495000340844964,11.946337159128955,5.086447728622318,2.029355641790107,0.0,132.0,19.8,40.5,45.0,0.4011826828857383,0.3398366313749346,1.0,25.0282255016879,14.03294145778528,4.715745960824868,43.15211293394466,57.288504181408086,57.288504181408086,0.0,0.0,0.0,0.0,0.0,0.0,0.0,0.0,0.0,0.0,0.0,1.1647367643765243,0.0,0.0,-0.012571507985924768,0.0
1,spring_pv_high,春秋光伏大发日,65.0,16.75,0.25,43.23585387015884,20.38828707568821,11.602737155443412,0.0,0.2799749882685667,-0.2799749882685667,11.271742990691141,42.503906132519845,0.0,0.0,0.0,-0.0,-0.0,6.371339711152566,20.38828707568821,3.8675790518144706,11.602737155443412,-0.0,0.0,0.020901501816536584,0.0,49.64230787202281,0.0,0.0,80.32208426333402,0.0,0.0,0.0,0.0,0.0,0.0,14.397506928634565,10.509769939102156,11.868025515433374,5.044797177772593,1.9969808127382582,0.0,132.0,19.8,40.5,45.0,0.33782159410162127,0.32900933865047904,1.0,25.076795244692125,14.271800952981748,4.641094862177365,43.23585387015884,53.77564912321098,53.77564912321098,0.0,0.0,0.0,0.0,0.0,0.0,0.0,0.0,0.0,0.0,0.0,3.555288247354909,0.0,0.0,-0.1866277466187558,0.0
1,spring_pv_high,春秋光伏大发日,65.0,17.0,0.25,43.34695756602861,20.533525570432563,11.519575633182594,0.0,0.0,0.0,9.33259538686277,43.55553515116578,0.0,0.0,0.0,-0.0,-0.0,5.690863415422173,18.210762929350956,3.839858544394198,11.519575633182594,-0.0,0.0,0.010451012183568167,0.0,49.64230787202281,0.0,2.3227626410816065,79.67066989460194,0.0,0.0,0.0,0.0,0.0,0.0,14.898513159071957,10.510324540288602,11.783297020266714,5.001097898506149,1.9637466760713134,0.0,132.0,19.8,40.5,45.0,0.2797040575977596,0.3371496673734815,1.0,25.14123538829659,14.373467899302792,4.607830253273038,43.34695756602861,52.88813053802855,52.88813053802855,0.0,0.0,0.0,0.0,0.0,0.0,0.0,0.0,7.105427357601002e-15,0.0,0.0,0.2799749882685667,0.0,-2.177524146337255,-0.08316152226081819,0.0
1,spring_pv_high,春秋光伏大发日,65.0,17.25,0.25,43.95525781255485,20.919299357821917,11.447702551838294,0.0,0.0,0.0,7.483217394466281,41.95238748599017,0.0,0.0,0.0,-0.0,-0.0,2.034181895930233,6.509382066976746,3.8159008506127647,11.447702551838294,-0.0,0.0,0.0,0.3697356786413919,49.54252689382885,0.0,14.40991729084517,75.8387510620638,0.0,0.0,0.0,0.0,0.0,0.0,15.416480191966146,10.492921725600386,11.692770516810707,4.955773137833561,1.9299498523426757,0.0,132.0,19.8,40.5,45.0,0.22427697573439553,0.32474020666570597,1.0,25.49404953128181,14.64350955047534,4.579081020735318,43.95525781255485,49.43560488045645,49.43560488045645,0.0,0.0,0.0,0.0,0.0,0.0,0.0,0.0,0.0,0.0,0.0,0.0,0.0,-11.70138086237421,-0.07187308134430026,0.0
1,spring_pv_high,春秋光伏大发日,65.0,17.5,0.25,44.02369138811645,21.15560386600965,11.278167004847795,0.0,0.0,0.0,5.703960342040602,39.75840536699473,0.0,0.0,0.0,-0.0,-0.0,1.670375041801374,5.345200133764397,3.7593890016159315,11.278167004847795,-0.0,0.0,0.0,3.991089722498418,48.489762998405624,0.0,15.810403732245252,71.6401991254156,0.0,0.0,0.0,0.0,0.0,0.0,15.936744118943711,10.45425062437041,11.597181742609804,4.909245346499839,1.8958775937413699,0.0,132.0,19.8,40.5,45.0,0.17095146482952533,0.3077572827026449,1.0,25.533741005107537,14.808922706206753,4.511266801939118,44.02369138811645,45.46236570903533,45.46236570903533,0.0,0.0,0.0,0.0,0.0,0.0,0.0,0.0,0.0,0.0,0.0,0.0,0.0,-1.1641819332123493,-0.1695355469904989,0.0
1,spring_pv_high,春秋光伏大发日,65.0,17.75,0.25,44.82784978296186,21.48987970114262,10.951577321405527,0.0,0.0,0.0,4.074290549549566,36.46018918053877,0.0,0.0,0.0,-0.0,-0.0,1.670375041801374,5.345200133764397,3.650525773801842,10.951577321405527,-0.0,0.0,0.0,9.614270868476748,45.957267229077615,0.0,16.144679567378223,67.35577913970074,0.0,0.0,0.0,0.0,0.0,0.0,16.442578872192897,10.391599437493046,11.497365402116138,4.861929793279746,1.8618039483468047,0.0,132.0,19.8,40.5,45.0,0.1221091830623447,0.28222683091666345,1.0,26.00015287411788,15.042915790799833,4.380630928562211,44.82784978296186,40.534479730088336,40.534479730088336,0.0,0.0,0.0,0.0,0.0,0.0,0.0,0.0,1.4210854715202004e-14,0.0,0.0,0.0,0.0,0.0,-0.32658968344226835,0.0
1,spring_pv_high,春秋光伏大发日,65.0,18.0,0.25,45.28668973166888,21.85895230497842,10.630839281428127,0.0,0.0,0.0,2.6321459844471833,34.589360538848254,0.0,0.0,0.0,-0.0,-0.0,1.670375041801374,5.345200133764397,3.5436130938093755,10.630839281428127,-0.0,0.0,0.0,13.279171343984192,42.46045059098348,0.0,16.513752171214023,62.97637699454826,0.0,0.0,0.0,0.0,0.0,0.0,16.915954538842875,10.302992770659113,11.394233938885682,4.814228631237918,1.8279863919318105,0.0,132.0,19.8,40.5,45.0,0.07888715641480454,0.2677453361521144,1.0,26.26628004436795,15.301266613484893,4.252335712571251,45.28668973166888,37.22150652329544,37.22150652329544,0.0,0.0,0.0,0.0,0.0,0.0,0.0,0.0,7.105427357601002e-15,0.0,0.0,0.0,0.0,0.0,-0.3207380399773996,0.0
1,spring_pv_high,春秋光伏大发日,65.0,18.25,0.25,45.53343037579929,22.158859103240726,10.419818095393607,0.0,0.0,0.0,1.5770540326850708,33.33206257975563,0.0,0.0,-0.0,-0.0,-0.0,1.670375041801374,5.345200133764397,3.4732726984645357,10.419818095393607,-0.0,0.0,0.0,15.767961503624502,38.30886401486853,0.0,16.81365896947633,58.52024170882038,0.0,0.0,0.0,0.0,0.0,0.0,17.338477955326876,10.18729142041573,11.28875395054272,4.766525527685526,1.7946629761784745,0.0,132.0,19.8,40.5,45.0,0.04726535263854468,0.25801298899517466,1.0,26.409389617963587,15.511201372268507,4.167927238157443,45.53343037579929,34.9091166124407,34.9091166124407,0.0,0.0,0.0,0.0,0.0,0.0,0.0,0.0,7.105427357601002e-15,0.0,0.0,0.0,0.0,0.0,-0.21102118603451991,0.0
1,spring_pv_high,春秋光伏大发日,65.0,18.5,0.25,45.711987533569825,22.415934502040987,10.254754845699205,0.0,0.0,0.0,0.6897522385630033,34.302453083811436,0.0,0.0,0.0,-0.0,-0.0,1.7507111039264556,5.602275532564658,3.418251615233068,10.254754845699205,-0.0,0.0,0.0,15.88874493035491,34.12569990578492,0.0,16.81365896947633,54.06633449073536,0.0,0.0,0.0,0.0,0.0,0.0,17.692451789356014,10.044249609569619,11.181921263989418,4.719180948704535,1.762050025594453,0.0,132.0,19.8,40.5,45.0,0.020672330886088455,0.2655244759859629,1.0,26.5129527694705,15.69115415142869,4.101901938279682,45.711987533569825,34.99220532237444,34.99220532237444,0.0,0.0,0.0,0.0,0.0,0.0,0.0,0.0,0.0,0.0,0.0,0.0,0.0,0.25707539880026076,-0.165063249694402,0.0
1,spring_pv_high,春秋光伏大发日,65.0,18.75,0.25,45.547749592265276,22.505775991080522,9.910175107673723,0.0,0.0,0.0,-0.0,35.13788316704305,0.0,0.0,0.0,-0.0,-0.0,1.7787865692513105,5.692117021604194,3.303391702557908,9.910175107673723,-0.0,0.0,0.0,15.492044697031448,30.04713975314978,0.0,16.81365896947633,49.61465422625938,0.0,0.0,0.0,0.0,0.0,0.0,17.961970019695947,9.874527335132564,11.074735707705088,4.672528166649864,1.73034039890087,0.0,132.0,19.8,40.5,45.0,0.0,0.27199127690340724,1.0,26.417694763513857,15.754043193756365,3.9640700430694893,45.547749592265276,35.13788316704305,35.13788316704305,0.0,0.0,0.0,0.0,0.0,0.0,0.0,0.0,0.0,0.0,0.0,0.0,0.0,0.08984148903953582,-0.34457973802548203,0.0
1,spring_pv_high,春秋光伏大发日,65.0,19.0,0.25,45.25353307561767,22.74981426184424,9.582742876507307,0.0,0.0,0.0,-0.0,34.88244381400489,0.0,0.0,0.0,-0.0,-0.0,1.855048528864972,5.936155292367911,3.194247625502436,9.582742876507307,-0.0,0.0,0.0,15.420385415980187,25.98764123406207,0.0,16.81365896947633,45.16519980191564,0.0,0.0,0.0,0.0,0.0,0.0,18.133957313151683,9.679658271651041,10.968176583931253,4.626870035832234,1.6997023147611279,0.0,132.0,19.8,40.5,45.0,0.0,0.27001400139497833,1.0,26.247049183858245,15.924869983290966,3.833097150602923,45.25353307561767,34.88244381400489,34.88244381400489,0.0,0.0,0.0,0.0,0.0,0.0,0.0,0.0,0.0,0.0,0.0,0.0,0.0,0.24403827076371698,-0.32743223116641573,0.0
1,spring_pv_high,春秋光伏大发日,65.0,19.25,0.25,45.01774304338215,22.93305638284955,9.345044691472514,0.0,0.0,0.0,-0.0,36.24537710522959,0.0,0.0,-0.0,-0.0,-0.0,1.9123116916791316,6.119397413373221,3.1150148971575047,9.345044691472514,-0.0,0.0,0.0,13.799692526989194,22.35484381858216,0.0,16.81365896947633,40.71797010478407,0.0,0.0,0.0,0.0,0.0,0.0,18.199059270777326,9.461976357505279,10.863179760818218,4.582476558461218,1.6702787269279247,0.0,132.0,19.8,40.5,45.0,0.0,0.2805640383579923,1.0,26.110290965161642,16.053139467994683,3.738017876589006,45.01774304338215,36.24537710522959,36.24537710522959,0.0,0.0,0.0,0.0,0.0,0.0,0.0,0.0,0.0,0.0,0.0,0.0,0.0,0.18324212100531057,-0.23769818503479279,0.0
1,spring_pv_high,春秋光伏大发日,65.0,19.5,0.25,44.401123567781816,22.908350098935852,9.053661724056887,0.0,0.0,0.0,-0.0,36.11626200192489,0.0,0.0,-0.0,-0.0,-0.0,1.9123116916791316,6.119397413373221,3.017887241352296,9.053661724056887,-0.0,0.0,0.0,13.21506049888836,18.87607857668377,0.0,16.78895268556263,36.27946567616257,0.0,0.0,0.0,0.0,0.0,0.0,18.15230059861818,9.224506584736725,10.76061718064351,4.5395832406655785,1.6421872206225148,0.0,132.0,19.8,40.5,45.0,0.0,0.2795645990449178,1.0,25.75265166931345,16.035845069255096,3.621464689622755,44.401123567781816,36.11626200192489,36.11626200192489,0.0,0.0,0.0,0.0,0.0,0.0,0.0,0.0,0.0,0.0,0.0,0.0,0.0,0.0,-0.2913829674156272,0.0
1,spring_pv_high,春秋光伏大发日,65.0,19.75,0.25,43.83169479004332,22.863767062003575,8.902877736919688,0.0,0.0,0.0,-0.0,35.059738961334425,0.0,0.0,0.0,-0.0,-0.0,1.9123116916791316,6.119397413373221,2.9676259123065627,8.902877736919688,-0.0,0.0,0.0,13.651893432694596,15.282531237835306,0.0,16.744369648630354,31.85491287789545,0.0,0.0,0.0,0.0,0.0,0.0,17.99344821200895,8.970827445716463,10.661279424464048,4.498390217699095,1.6155203905569986,0.0,132.0,19.8,40.5,45.0,0.0,0.2713863872408101,1.0,25.422382978225126,16.004636943402502,3.5611510947678755,43.83169479004332,35.059738961334425,35.059738961334425,0.0,0.0,0.0,0.0,0.0,0.0,0.0,0.0,7.105427357601002e-15,0.0,0.0,0.0,0.0,0.0,-0.1507839871371992,0.0
1,spring_pv_high,春秋光伏大发日,65.0,20.0,0.25,43.31704431946042,22.97516435651289,8.537885519851102,0.0,0.0,0.0,-0.0,35.38474611345729,0.0,0.0,-0.0,-0.0,-0.0,1.9254704334489259,6.161505387036563,2.8459618399503674,8.537885519851102,-0.0,-0.0,0.0,12.703730479402427,11.938680143009618,0.0,16.81365896947633,27.414338324225895,0.0,0.0,0.0,0.0,0.0,0.0,17.727043938383588,8.704913836840888,10.565861796773053,4.459062108871521,1.590346651703709,0.0,132.0,19.8,40.5,45.0,0.0,0.2739021651517444,1.0,25.123885705287044,16.082615049559024,3.415154207940441,43.31704431946042,35.38474611345729,35.38474611345729,0.0,0.0,0.0,0.0,0.0,0.0,0.0,0.0,0.0,0.0,0.0,0.0,0.0,0.042107973663341625,-0.3649922170685862,-0.0
1,spring_pv_high,春秋光伏大发日,65.0,20.25,0.25,42.777556608913734,22.84849538284535,8.052552988176036,0.0,0.0,0.0,-0.0,36.03607769516126,0.0,0.0,0.0,-0.0,-0.0,1.9254704334489259,6.161505387036563,2.684184329392012,8.052552988176036,-0.0,0.0,0.0,11.35113367659341,8.950942767793675,0.0,16.686989995808787,23.009317998272,0.0,0.0,0.0,0.0,0.0,0.0,17.362103527819066,8.430969907415633,10.474954207129443,4.421728546779798,1.5667114268450237,0.0,132.0,19.8,40.5,45.0,0.0,0.2789439176031653,1.0,24.810982833169962,15.993946767991744,3.2210211952704144,42.777556608913734,36.03607769516126,36.03607769516126,0.0,0.0,0.0,0.0,0.0,0.0,0.0,0.0,0.0,0.0,0.0,0.0,0.0,0.0,-0.4853325316750663,0.0
1,spring_pv_high,春秋光伏大发日,65.0,20.5,0.25,42.054407591003375,22.863878513292622,7.741706313837647,0.0,0.0,0.0,-0.0,37.58027097741406,0.0,0.0,0.0,-0.0,-0.0,1.9254704334489259,6.161505387036563,2.5805687712792156,7.741706313837647,-0.0,0.0,0.0,8.98017581831746,6.587291057940165,0.0,16.70237312625606,18.602451990258114,0.0,0.0,0.0,0.0,0.0,0.0,16.911511136254386,8.153261354994827,10.38903494025699,4.386485312385193,1.5446386501468987,0.0,132.0,19.8,40.5,45.0,0.0,0.29089703101722375,1.0,24.391556402781955,16.004714959304835,3.096682525535059,42.054407591003375,37.58027097741406,37.58027097741406,0.0,0.0,0.0,0.0,0.0,0.0,0.0,0.0,0.0,0.0,0.0,0.0,0.0,0.0,-0.3108466743383884,0.0
1,spring_pv_high,春秋光伏大发日,65.0,20.75,0.25,41.13690586193721,22.820583170275214,7.569632123650508,0.0,0.0,0.0,-0.0,41.62096718360435,0.0,0.0,0.0,-0.0,-0.0,1.9254704334489259,6.161505387036563,2.5232107078835027,7.569632123650508,-0.0,0.0,0.0,3.9646198196652844,5.543640688212193,0.0,16.65907778323865,14.209182926568605,0.0,0.0,0.0,0.0,0.0,0.0,16.391167274078555,7.875956046451777,10.308468231747847,4.353395997583033,1.524132523446342,0.0,132.0,19.8,40.5,45.0,0.0,0.32217478658023585,1.0,23.859405399923578,15.974408219192648,3.0278528494602033,41.13690586193721,41.62096718360435,41.62096718360435,0.0,0.0,0.0,0.0,0.0,0.0,0.0,0.0,0.0,0.0,0.0,0.0,0.0,0.0,-0.1720741901871392,0.0
1,spring_pv_high,春秋光伏大发日,65.0,21.0,0.25,40.14490443218903,22.741682023853315,7.1956861512372114,0.0,0.0,0.0,-0.0,44.561207958543854,0.0,0.0,0.0,-0.0,-0.0,2.122437253452812,6.791799211049,2.3985620504124037,7.1956861512372114,-0.0,0.0,0.0,0.10469577751038983,5.515811985780313,0.0,15.949882812804315,10.004740752788397,0.0,0.0,0.0,0.0,0.0,0.0,15.818969922240825,7.6029806758412395,10.233505411686977,4.322494110205658,1.5051794615043776,0.0,132.0,19.8,40.5,45.0,0.0,0.3449342635520684,1.0,23.284044570669636,15.91917741669732,2.8782744604948847,40.14490443218903,44.561207958543854,44.561207958543854,0.0,0.0,0.0,0.0,0.0,0.0,0.0,0.0,0.0,0.0,0.0,0.0,0.0,0.6302938240124369,-0.3739459724132965,0.0
1,spring_pv_high,春秋光伏大发日,65.0,21.25,0.25,39.32049835324054,22.561451648264917,6.926698013259415,0.0,-0.0,0.0,-0.0,47.40967768751438,0.0,0.0,0.0,-0.0,-0.0,5.779118772944753,18.49318007342321,2.308899337753138,6.926698013259415,-0.0,0.0,0.0011612235759512757,0.0,5.515811985780313,0.0,4.068271574841706,8.929140599559114,0.0,0.0,0.0,0.0,0.0,0.0,15.213720681828718,7.3378995826421365,10.164289249735571,4.293785532824879,1.4877501639627224,0.0,132.0,19.8,40.5,45.0,0.0,0.36698336978650625,1.0,22.80588904487951,15.793016153785441,2.7706792053037663,39.32049835324054,47.40967768751438,47.40967768751438,0.0,0.0,0.0,0.0,0.0,0.0,-0.0,0.0,0.0,0.0,0.0,0.0,0.0,11.701380862374211,-0.2689881379777965,0.0
1,spring_pv_high,春秋光伏大发日,65.0,21.5,0.25,38.30495025926642,22.46747362127699,6.550451797108444,0.0,0.01618713726747245,-0.01618713726747245,-0.0,49.94158284491602,0.0,0.0,0.0,-0.0,-0.0,9.435800292436692,30.19456093579742,2.1834839323694815,6.550451797108444,-0.0,0.0,0.0011612235759553427,0.0,5.515811985780313,7.727087314520428,0.0,10.759859266457935,0.0,0.0,0.0,0.0,0.0,0.0,14.594049403902838,7.083819998354173,10.100861036792342,4.267251246106128,1.4718017549129516,0.0,132.0,19.8,40.5,45.0,0.0,0.38658204946468067,1.0,22.216871150374523,15.727231534893892,2.6201807188433777,38.30495025926642,49.94158284491602,49.94158284491602,0.0,0.0,0.0,0.0,0.0,0.0,0.0,0.0,0.0,0.0,0.0,-0.01618713726747245,0.0,11.701380862374208,-0.376246216150971,0.0
1,spring_pv_high,春秋光伏大发日,65.0,21.75,0.25,37.016088202055215,22.4950040229599,6.3627665467232495,0.0,0.2022887891913117,-0.2022887891913117,-0.0,53.644752006894464,0.0,0.0,0.0,-0.0,-0.0,11.76666190833898,37.653318106684736,2.1209221822410833,6.3627665467232495,-0.0,0.0,2.5387909250678744,0.0,6.118499039884643,15.158314083724836,0.0,14.354578931709355,0.0,0.0,0.0,0.0,0.0,0.0,13.977442186240772,6.843326025660309,10.043169872378268,4.242850229547812,1.4572799355623827,0.0,132.0,19.8,40.5,45.0,0.0,0.4152471145788066,1.0,21.469331157192023,15.74650281607193,2.5451066186893,37.016088202055215,53.644752006894464,53.644752006894464,0.0,0.0,0.0,0.0,0.0,0.0,0.0,0.0,0.0,0.0,0.0,-0.18610165192383926,0.0,7.458757170887317,-0.18768525038519446,0.0
1,spring_pv_high,春秋光伏大发日,65.0,22.0,0.25,35.85034175536703,22.46427929356563,6.2078619101445565,0.0,0.2022887891913117,-0.2022887891913117,-0.0,54.262040243266966,0.0,0.0,0.0,-0.0,-0.0,11.76666190833898,37.653318106684736,2.0692873033815187,6.2078619101445565,-0.0,0.0,4.373460486988118,0.0,7.156889980592327,15.189038813119105,0.0,17.954798360359288,0.0,0.0,0.0,0.0,0.0,0.0,13.379440690386174,6.618441736475195,9.991083593321017,4.220522456878132,1.4441211011601014,0.0,62.0,9.299999999999999,40.5,45.0,0.0,0.4200253482256725,1.0,20.793198218112877,15.724995505495942,2.4831447640578226,35.85034175536703,54.262040243266966,54.262040243266966,0.0,0.0,0.0,0.0,0.0,0.0,0.0,0.0,0.0,0.0,0.0,0.0,0.0,0.0,-0.15490463657869302,0.0
1,spring_pv_high,春秋光伏大发日,65.0,22.25,0.25,35.09900649841005,22.314714763072757,5.9584296784024655,0.0,0.2022887891913117,-0.2022887891913117,-0.0,56.529638863799825,0.0,0.0,0.0,-0.0,-0.0,11.76666190833898,37.653318106684736,1.9861432261341552,5.9584296784024655,-0.0,0.0,7.475538441725329,0.0,8.931972516003063,15.338603343611979,0.0,21.588739255286953,0.0,0.0,0.0,0.0,0.0,0.0,12.813058164920479,6.410622038232849,9.944400776218377,4.2001919097873355,1.4322543798204426,0.0,62.0,9.299999999999999,40.5,45.0,0.0,0.4375781143206324,1.0,20.357423769077826,15.62030033415093,2.3833718713609864,35.09900649841005,56.529638863799825,56.529638863799825,0.0,0.0,0.0,0.0,0.0,0.0,0.0,0.0,0.0,0.0,0.0,0.0,0.0,0.0,-0.24943223174209095,0.0
1,spring_pv_high,春秋光伏大发日,65.0,22.5,0.25,34.156853808856276,21.984569609509474,5.666981960841434,0.0,0.2022887891913117,-0.2022887891913117,-0.0,57.60802397146785,0.0,0.0,0.0,-0.0,-0.0,11.76666190833898,37.653318106684736,1.8889939869471446,5.666981960841434,-0.0,0.0,9.593225478134139,0.0,11.20991696843412,15.668748497175262,0.0,25.299272653738434,0.0,0.0,0.0,0.0,0.0,0.0,12.288432588377686,6.22076850790594,9.902863270058843,4.181769541624142,1.421603557846405,0.0,62.0,9.299999999999999,40.5,45.0,0.0,0.4459255534942976,1.0,19.81097520913664,15.38919872665663,2.2667927843365736,34.156853808856276,57.60802397146785,57.60802397146785,0.0,0.0,0.0,0.0,0.0,0.0,0.0,0.0,0.0,0.0,0.0,0.0,0.0,0.0,-0.2914477175610317,0.0
1,spring_pv_high,春秋光伏大发日,65.0,22.75,0.25,33.42482299693989,21.654013287723757,5.5893277254313665,0.0,0.2022887891913117,-0.2022887891913117,-0.0,61.53931820052327,0.0,0.0,0.0,-0.0,-0.0,11.76666190833898,37.653318106684736,1.8631092418104556,5.5893277254313665,-0.0,0.0,14.28243526424263,0.0,14.601434847843322,15.99930481896098,0.0,29.0864579119148,0.0,0.0,0.0,0.0,0.0,0.0,11.812713173485285,6.049266301661984,9.86616876165793,4.16515613174862,1.4120888633255155,0.0,62.0,9.299999999999999,40.5,45.0,0.0,0.4763564628396474,1.0,19.386397338225134,15.157809301406628,2.2357310901725467,33.42482299693989,61.53931820052327,61.53931820052327,0.0,0.0,0.0,0.0,0.0,0.0,0.0,0.0,0.0,0.0,0.0,0.0,0.0,0.0,-0.07765423541006733,0.0
1,spring_pv_high,春秋光伏大发日,65.0,23.0,0.25,32.903918115340105,21.48438527761335,5.416218343674238,0.0,0.2022887891913117,-0.2022887891913117,-0.0,60.65883204155752,0.0,0.0,0.0,-0.0,-0.0,11.76666190833898,37.653318106684736,1.8054061145580793,5.416218343674238,-0.0,0.0,13.980557114129036,0.0,17.921087090706575,16.168932829071387,0.0,32.9120362298633,0.0,0.0,0.0,0.0,0.0,0.0,11.390155829400392,5.8960375487735925,9.833982939916158,4.150244980984967,1.4036285868857876,0.0,62.0,9.299999999999999,40.5,45.0,0.0,0.46954089704319973,1.0,19.08427250689726,15.039069694329344,2.1664873374696954,32.903918115340105,60.65883204155752,60.65883204155752,0.0,0.0,0.0,0.0,0.0,0.0,0.0,0.0,0.0,0.0,0.0,0.0,0.0,0.0,-0.1731093817571283,0.0
1,spring_pv_high,春秋光伏大发日,65.0,23.25,0.25,32.30713711034196,21.273630505394426,5.382796528169334,0.0,0.2022887891913117,-0.2022887891913117,-0.0,59.54176953263193,0.0,0.0,0.0,-0.0,-0.0,11.76666190833898,37.653318106684736,1.794265509389778,5.382796528169334,-0.0,0.0,13.471416215369894,0.0,21.11965238750239,16.37968760129031,0.0,36.785756017054815,0.0,0.0,0.0,0.0,0.0,0.0,11.022387977975864,5.760606329927972,9.805950899730965,4.136924408655721,1.396140525333592,0.0,62.0,9.299999999999999,40.5,45.0,0.0,0.4608940682988727,1.0,18.73813952399834,14.891541353776097,2.153118611267734,32.30713711034196,59.54176953263193,59.54176953263193,0.0,0.0,0.0,0.0,0.0,0.0,0.0,0.0,0.0,0.0,0.0,0.0,0.0,0.0,-0.033421815504904195,0.0
1,spring_pv_high,春秋光伏大发日,65.0,23.5,0.25,31.847358403976834,21.119640766876586,5.202394312626389,0.0,0.2022887891913117,-0.2022887891913117,-0.0,59.09606064071468,0.0,0.0,0.0,-0.0,-0.0,11.76666190833898,37.653318106684736,1.7341314375421295,5.202394312626389,-0.0,0.0,13.545620101665422,0.0,24.335681179028555,16.53367733980815,0.0,40.694111507250724,0.0,0.0,0.0,0.0,0.0,0.0,10.708794311803555,5.642170390210917,9.781707507227301,4.125080021640103,1.3895432402610668,0.0,62.0,9.299999999999999,40.5,45.0,0.0,0.4574439762696101,1.0,18.471467874306562,14.78374853681361,2.0809577250505558,31.847358403976834,59.09606064071468,59.09606064071468,0.0,0.0,0.0,0.0,0.0,0.0,0.0,0.0,3.552713678800501e-15,0.0,0.0,0.0,0.0,0.0,-0.18040221554294522,0.0
1,spring_pv_high,春秋光伏大发日,65.0,23.75,0.25,31.38983055101397,20.92936633279645,5.191303809218586,0.0,0.2022887891913117,-0.2022887891913117,-0.0,58.750670731330636,0.0,0.0,0.0,-0.0,-0.0,11.76666190833898,37.653318106684736,1.730434603072862,5.191303809218586,-0.0,0.0,13.661454879713512,0.0,27.57905992890156,16.723951773888285,0.0,44.64570299779557,0.0,0.0,0.0,0.0,0.0,0.0,10.446972654094635,5.539675089853939,9.760886529779706,4.114596735467028,1.3837571294618645,0.0,62.0,9.299999999999999,40.5,45.0,0.0,0.45477042186007666,1.0,18.2061017195881,14.650556432957515,2.0765215236874344,31.38983055101397,58.750670731330636,58.750670731330636,0.0,0.0,0.0,0.0,0.0,0.0,0.0,0.0,0.0,0.0,0.0,0.0,0.0,0.0,-0.01109050340780282,0.0
2,summer_commercial,夏季商业制冷日,75.0,0.0,0.25,35.865503588695105,11.220387926486076,16.638799066707236,0.0,5.0,-5.0,-0.0,54.612378666235294,0.0,0.0,0.0,-0.0,-0.0,3.6566815194919404,11.70138086237421,5.546266355569078,16.638799066707236,-0.0,0.0,4.543927202479168,0.0,28.65686368649392,0.48099293588813374,0.0,44.737615968570104,0.0,0.0,0.0,0.0,0.0,0.0,10.800248896076246,7.161216077430938,10.88604231108671,5.628828109456821,1.5033616864879322,0.0,52.0,7.8,40.0,45.0,0.0,0.4227372075189169,1.0,22.236612224990964,6.171213359567342,11.314383365360921,35.865503588695105,54.612378666235294,54.612378666235294,0.0,0.0,0.0,0.0,0.0,0.0,0.0,0.0,0.0,0.0,0.0,-7.172791983429315,0.0,11.70138086237421,-0.7340492883750187,0.0
2,summer_commercial,夏季商业制冷日,75.0,0.25,0.25,36.02019559821904,11.171278798554416,16.629109557471594,0.0,5.0,-5.0,-0.0,56.75315359475486,0.0,0.0,0.0,-0.0,-0.0,5.453413324049996,17.450922636959987,5.543036519157198,16.629109557471594,-0.0,0.0,4.736508153328629,0.0,29.780351529725145,6.279643838405571,0.0,46.206662572207144,0.0,0.0,0.0,0.0,0.0,0.0,10.802779377588152,7.164806381146325,10.899290387541278,5.629754863276316,1.5041430289633455,0.0,52.0,7.8,40.0,45.0,0.0,0.439308271393276,1.0,22.332521270895803,6.144203339204929,11.307794499080684,36.02019559821904,56.75315359475486,56.75315359475486,0.0,0.0,0.0,0.0,0.0,0.0,0.0,0.0,0.0,0.0,0.0,0.0,0.0,5.7495417745857775,-0.009689509235641935,0.0
2,summer_commercial,夏季商业制冷日,75.0,0.5,0.25,36.093070397866406,11.247698741288202,16.631033983968724,0.0,5.0,-5.0,-0.0,58.06661413289554,0.0,0.0,0.0,-0.0,-0.0,5.453413324049996,17.450922636959987,5.543677994656242,16.631033983968724,-0.0,0.0,5.976452416322893,0.0,31.198269961025346,6.203223895671785,0.0,47.656824916143094,0.0,0.0,0.0,0.0,0.0,0.0,10.810097082719759,7.1694270177197215,10.914577656051852,5.630882951353882,1.5050860692310126,0.0,52.0,7.8,40.0,45.0,0.0,0.4494753553702127,1.0,22.377703646677173,6.186234307708512,11.309103109098732,36.093070397866406,58.06661413289554,58.06661413289554,0.0,0.0,0.0,0.0,0.0,0.0,0.0,0.0,0.0,0.0,0.0,0.0,0.0,0.0,0.001924426497129872,0.0
2,summer_commercial,夏季商业制冷日,75.0,0.75,0.25,36.281524590115566,11.294681826558856,16.57059784324003,0.0,5.0,-5.0,-0.0,59.000789165056204,0.0,0.0,0.0,-0.0,-0.0,5.453413324049996,17.450922636959987,5.523532614413344,16.57059784324003,-0.0,0.0,6.7423186364773,0.0,32.79801072369065,6.1562408104011315,0.0,49.0951036961553,0.0,0.0,0.0,0.0,0.0,0.0,10.822292813175142,7.175334517443033,10.932130284561339,5.632250300685855,1.5062194231045318,0.0,52.0,7.8,40.0,45.0,0.0,0.4567065098094471,1.0,22.494545245871652,6.212075004607371,11.268006533403222,36.281524590115566,59.000789165056204,59.000789165056204,0.0,0.0,0.0,0.0,0.0,0.0,0.0,0.0,0.0,0.0,0.0,0.0,0.0,0.0,-0.060436140728693744,0.0
2,summer_commercial,夏季商业制冷日,75.0,1.0,0.25,36.34087771781594,11.4888246922635,16.377699418518763,0.0,5.0,-5.0,-0.0,61.237962982911235,0.0,0.0,0.0,-0.0,-0.0,5.453413324049996,17.450922636959987,5.459233139506254,16.377699418518763,-0.0,0.0,8.984438801539042,0.0,34.93017503851999,5.962097944696488,0.0,50.486554406172644,0.0,0.0,0.0,0.0,0.0,0.0,10.839509768292562,7.182837374793116,10.952183107556923,5.633900621154272,1.50757567744426,0.0,52.0,7.8,40.0,45.0,0.0,0.47402376709784244,1.0,22.531344185045885,6.318853580744925,11.13683560459276,36.34087771781594,61.237962982911235,61.237962982911235,0.0,0.0,0.0,0.0,0.0,0.0,0.0,0.0,0.0,0.0,0.0,0.0,0.0,0.0,-0.1928984247212675,0.0
2,summer_commercial,夏季商业制冷日,75.0,1.25,0.25,36.461930413902955,11.666950240636492,16.54075321169434,0.0,5.0,-5.0,-0.0,59.93111949564844,0.0,0.0,0.0,-0.0,-0.0,5.453413324049996,17.450922636959987,5.513584403898114,16.54075321169434,-0.0,0.0,7.502191353797372,0.0,36.71019897629494,5.783972396323495,0.0,51.83500457309639,0.0,0.0,0.0,0.0,0.0,0.0,10.861978387728772,7.192303229390324,10.974976813418696,5.63588399043293,1.5091917114992284,0.0,52.0,7.8,40.0,45.0,0.0,0.4639079036258249,1.0,22.60639685661983,6.416822632350071,11.247712183952153,36.461930413902955,59.93111949564844,59.93111949564844,0.0,0.0,0.0,0.0,0.0,0.0,0.0,0.0,0.0,0.0,0.0,0.0,0.0,0.0,0.16305379317557822,0.0
2,summer_commercial,夏季商业制冷日,75.0,1.5,0.25,37.01408122538998,11.791761052945454,16.492383206622936,0.0,5.0,-5.0,-0.0,58.826127032624136,0.0,0.0,0.0,-0.0,-0.0,5.453413324049996,17.450922636959987,5.497461068874312,16.492383206622936,-0.0,0.0,5.861171414309851,0.0,38.100391677244716,5.659161584014534,0.0,53.1531379470133,0.0,0.0,0.0,0.0,0.0,0.0,10.890062646560159,7.2041661442393465,11.000754527572566,5.638257435527455,1.5111089965382423,0.0,52.0,7.8,40.0,45.0,0.0,0.45535450530191807,1.0,22.948730359741788,6.48546857912,11.214820580503597,37.01408122538998,58.826127032624136,58.826127032624136,0.0,0.0,0.0,0.0,0.0,0.0,0.0,0.0,-7.105427357601002e-15,0.0,0.0,0.0,0.0,0.0,-0.048370005071404876,0.0
2,summer_commercial,夏季商业制冷日,75.0,1.75,0.25,37.04041919399874,11.76808767657235,16.345263570896506,0.0,5.0,-5.0,-0.0,60.78337051973164,0.0,0.0,0.0,-0.0,-0.0,5.453413324049996,17.450922636959987,5.448421190298835,16.345263570896506,-0.0,0.0,7.841116811384069,0.0,39.96075190036457,5.682834960387638,0.0,54.47623468113186,0.0,0.0,0.0,0.0,0.0,0.0,10.924318493076617,7.218933707901392,11.02975778964715,5.64108549512365,1.5133738613170247,0.0,52.0,7.8,40.0,45.0,0.0,0.47050491014385115,1.0,22.96505990027922,6.472448222114793,11.114779228209626,37.04041919399874,60.78337051973164,60.78337051973164,0.0,0.0,0.0,0.0,0.0,0.0,0.0,0.0,0.0,0.0,0.0,0.0,0.0,0.0,-0.14711963572642972,0.0
2,summer_commercial,夏季商业制冷日,75.0,2.0,0.25,37.014211316948355,11.918898110101388,16.351009808762004,0.0,5.0,-5.0,-0.0,62.254606445665885,0.0,0.0,0.0,-0.0,-0.0,5.453413324049996,17.450922636959987,5.450336602920668,16.351009808762004,-0.0,0.0,9.336645201746869,0.0,42.176207098184435,5.532024526858599,0.0,55.76285238892021,0.0,0.0,0.0,0.0,0.0,0.0,10.965563256573219,7.237193616268031,11.0622219435837,5.644440743941924,1.5160377092753505,0.0,52.0,7.8,40.0,45.0,0.0,0.48189328366136425,1.0,22.94881101650798,6.555393960555764,11.118686669958164,37.014211316948355,62.254606445665885,62.254606445665885,0.0,0.0,0.0,0.0,0.0,0.0,0.0,0.0,-7.105427357601002e-15,0.0,0.0,0.0,0.0,0.0,0.005746237865498216,0.0
2,summer_commercial,夏季商业制冷日,75.0,2.25,0.25,37.127357823621246,11.987340638138239,16.326667418239587,0.0,5.0,-5.0,-0.0,61.442120183816165,0.0,0.0,0.0,-0.0,-0.0,5.453413324049996,17.450922636959987,5.442222472746529,16.326667418239587,-0.0,0.0,8.419126563398393,0.0,44.173640846636644,5.463581998821748,0.0,57.032571687445916,0.0,0.0,0.0,0.0,0.0,0.0,11.014951931452327,7.2596193172584895,11.098370983316965,5.648404257304794,1.519157171837129,0.0,52.0,7.8,40.0,45.0,0.0,0.4756040836325402,1.0,23.018961850645173,6.593037350976032,11.10213384440292,37.127357823621246,61.442120183816165,61.442120183816165,0.0,0.0,0.0,0.0,0.0,0.0,0.0,0.0,0.0,0.0,0.0,0.0,0.0,0.0,-0.024342390522416935,0.0
2,summer_commercial,夏季商业制冷日,75.0,2.5,0.25,37.12914801713229,12.369516564489809,16.478550767362194,0.0,5.0,-5.0,-0.0,61.84150170069022,0.0,0.0,0.0,-0.0,-0.0,5.453413324049996,17.450922636959987,5.492850255787398,16.478550767362194,-0.0,0.0,8.766090103720543,0.0,46.253378564227944,5.081406072470179,0.0,58.21088934381386,0.0,0.0,0.0,0.0,0.0,0.0,11.074052259322116,7.286974232144823,11.138411922711214,5.6530659912318635,1.5227941808836123,0.0,52.0,7.8,40.0,45.0,0.0,0.47869557005560626,1.0,23.020071770622017,6.803234110469395,11.205414521806292,37.12914801713229,61.84150170069022,61.84150170069022,0.0,0.0,0.0,0.0,0.0,0.0,0.0,0.0,0.0,0.0,0.0,0.0,0.0,0.0,0.15188334912260615,0.0
2,summer_commercial,夏季商业制冷日,75.0,2.75,0.25,37.18164696463521,12.503533517936813,16.524209777081396,0.0,5.0,-5.0,-0.0,61.37635807023132,0.0,0.0,0.0,-0.0,-0.0,5.453413324049996,17.450922636959987,5.508069925693799,16.524209777081396,-0.0,0.0,8.233227855852313,0.0,48.206457511064656,4.947389119023175,0.0,59.35678881490996,0.0,0.0,0.0,0.0,0.0,0.0,11.144905762535354,7.320114005388202,11.182528786169541,5.658525050714976,1.5270159424802652,0.0,52.0,7.8,40.0,45.0,0.0,0.4750950398418037,1.0,23.052621118073834,6.876943434865248,11.23646264841535,37.18164696463521,61.37635807023132,61.37635807023132,0.0,0.0,0.0,0.0,0.0,0.0,0.0,0.0,0.0,0.0,0.0,0.0,0.0,0.0,0.045659009719202004,0.0
2,summer_commercial,夏季商业制冷日,75.0,3.0,0.25,37.17125658961716,12.77959201574239,16.56084334238649,0.0,5.0,-5.0,-0.0,58.3322996247471,0.0,0.0,0.0,-0.0,-0.0,5.4534133240499925,17.450922636959977,5.520281114128831,16.56084334238649,-0.0,0.0,5.187348596951125,0.0,49.436042479964996,4.671330621217587,0.0,60.43655144304169,0.0,0.0,0.0,0.0,0.0,0.0,11.230056998906337,7.359986186762286,11.230876344793565,5.664889816546321,1.5318947933621572,0.0,52.0,7.8,40.0,45.0,0.0,0.451531943009254,1.0,23.04617908556264,7.028775608658315,11.261373472822815,37.17125658961716,58.3322996247471,58.3322996247471,0.0,0.0,0.0,0.0,0.0,0.0,0.0,0.0,0.0,0.0,0.0,0.0,0.0,-1.0658141036401503e-14,0.03663356530509532,0.0
2,summer_commercial,夏季商业制冷日,75.0,3.25,0.25,37.081572814466334,12.895517871970299,16.565771014784925,0.0,5.0,-5.0,0.0,53.93580325929789,-0.0,2.584479646916563,0.0,-0.0,-0.0,5.4534133240499925,17.450922636959977,5.521923671594975,16.565771014784925,-0.0,0.0,0.8788934491865886,0.0,49.64230787202281,4.555404764989678,0.0,61.488241799005216,0.0,0.0,0.0,0.0,0.0,0.0,11.332529407312236,7.407626721703788,11.283573751014043,5.672277899340465,1.5375079216242937,0.0,52.0,7.8,40.0,45.0,0.0,0.4375056928022899,1.0,22.990575144969128,7.0925348295836645,11.26472429005375,37.081572814466334,56.520282906214454,53.93580325929789,2.584479646916563,0.0,0.0,0.0,0.0,0.0,0.0,0.0,0.0,0.0,0.0,0.0,0.0,0.0,0.004927672398434169,0.0
2,summer_commercial,夏季商业制冷日,75.0,3.5,0.25,37.465375661051674,13.076176956206515,16.772333381990045,0.0,5.0,-5.0,0.0,53.52001779128191,-0.0,2.2052360439693572,0.0,-0.0,-0.0,5.4534133240499925,17.450922636959977,5.590777793996682,16.772333381990045,-0.0,0.0,0.010451012183568167,0.0,49.64230787202281,4.3747456807534615,0.0,62.49649977728466,0.0,0.0,0.0,0.0,0.0,0.0,11.455724659642602,7.46415262514529,11.340698250922879,5.6808158883837745,1.5439369336234074,0.0,52.0,7.8,40.0,45.0,0.0,0.431351623385,1.0,23.22853290985204,7.191897325913584,11.405186699753232,37.465375661051674,55.725253835251266,53.52001779128191,2.2052360439693572,0.0,0.0,0.0,0.0,0.0,0.0,0.0,0.0,0.0,0.0,0.0,0.0,0.0,0.20656236720511956,0.0
2,summer_commercial,夏季商业制冷日,75.0,3.75,0.25,37.797320452704,13.429527620437453,16.775673475802186,0.0,5.0,-5.0,0.0,53.85307594753829,-0.0,2.4534140555410247,0.0,-0.0,-0.0,5.4534133240499925,17.450922636959977,5.5918911586007285,16.775673475802186,-0.0,0.0,0.010451012183568167,0.0,49.64230787202281,4.021395016522524,0.0,63.42033284382012,0.0,0.0,0.0,0.0,0.0,0.0,11.603225031301811,7.530750247326735,11.402279176656377,5.690638862842514,1.5512672503706577,0.0,52.0,7.8,40.0,45.0,0.0,0.43585078933413923,1.0,23.43433868067648,7.386240191240599,11.407457963545488,37.797320452704,56.30649000307931,53.85307594753829,2.4534140555410247,0.0,0.0,0.0,0.0,0.0,0.0,0.0,0.0,0.0,0.0,0.0,0.0,0.0,0.003340093812141731,0.0
2,summer_commercial,夏季商业制冷日,75.0,4.0,0.25,38.17832442722829,13.773288520730473,16.90334585843214,0.0,5.0,-5.0,0.0,54.27663738293923,-0.0,1.6148171252039702,0.0,-0.0,-0.0,5.4534133240499925,17.450922636959977,5.6344486194773795,16.90334585843214,-0.0,0.0,0.010451012183568167,0.0,49.64230787202281,3.6776341162295036,0.0,64.26206078000271,0.0,0.0,0.0,0.0,0.0,0.0,11.778486317705907,7.608658613399654,11.468292439563575,5.701889633840963,1.5595873187619862,0.0,52.0,7.8,40.0,45.0,0.0,0.4326381304015775,1.0,23.67056114488154,7.575308686401761,11.494275183733855,38.17832442722829,55.8914545081432,54.27663738293923,1.6148171252039702,0.0,0.0,0.0,0.0,0.0,0.0,0.0,0.0,0.0,0.0,0.0,0.0,0.0,0.12767238262995306,0.0
2,summer_commercial,夏季商业制冷日,75.0,4.25,0.25,38.696330599019674,14.151625820957449,16.964254421476586,0.0,5.0,-5.0,0.0,54.81494640907876,-0.0,2.6432620050205315,0.0,-0.0,-0.0,5.4534133240499925,17.450922636959977,5.654751473825528,16.964254421476586,-0.0,0.0,0.010451012183568167,0.0,49.64230787202281,3.2992968160025278,0.0,65.01351274341332,0.0,0.0,0.0,0.0,0.0,0.0,11.984422890036079,7.699147436960092,11.538655756972883,5.71471768814865,1.5689876259172395,0.0,52.0,7.8,40.0,45.0,0.0,0.44476587849182364,1.0,23.9917249713922,7.7833942015265976,11.53569300660408,38.696330599019674,57.45820841409929,54.81494640907876,2.6432620050205315,0.0,0.0,0.0,0.0,0.0,0.0,0.0,0.0,0.0,0.0,0.0,0.0,0.0,0.06090856304444614,0.0
2,summer_commercial,夏季商业制冷日,75.0,4.5,0.25,39.24134556168487,14.392006598741446,16.994594638306424,0.0,5.0,-5.0,0.0,55.3700747773539,-0.0,1.3183780202054791,0.0,-0.0,-0.0,5.4534133240499925,17.450922636959977,5.664864879435474,16.994594638306424,-0.0,0.0,0.010451012183568167,0.0,49.64230787202281,3.0589160382185305,0.0,65.70749854611852,0.0,0.0,0.0,0.0,0.0,0.0,12.222905988963843,7.803489574041356,11.613224849628951,5.729277807833476,1.5795595087182277,0.0,52.0,7.8,40.0,45.0,0.0,0.4388074429181454,1.0,24.329634248244616,7.915603629307796,11.55632435404837,39.24134556168487,56.68845279755938,55.3700747773539,1.3183780202054791,0.0,0.0,0.0,0.0,0.0,0.0,0.0,0.0,0.0,0.0,0.0,0.0,0.0,0.03034021682983834,0.0
2,summer_commercial,夏季商业制冷日,75.0,4.75,0.25,39.7755964783478,14.48422779373599,16.93935321321941,0.0,5.0,-5.0,0.0,55.885911885654494,-0.0,0.6562345142369566,0.0,-0.0,-0.0,5.4534133240499925,17.450922636959977,5.646451071073137,16.93935321321941,-0.0,0.0,0.010451012183568167,0.0,49.64230787202281,2.966694843223987,0.0,66.37923482211116,0.0,0.0,0.0,0.0,0.0,0.0,12.494219088984362,7.922927899143108,11.691790841933535,5.745728345355169,1.5913937553560473,0.0,52.0,7.8,40.0,45.0,0.0,0.43767493121470386,1.0,24.660869816575637,7.966325286554795,11.5187601849892,39.7755964783478,56.54214639989145,55.885911885654494,0.6562345142369566,0.0,0.0,0.0,0.0,0.0,0.0,0.0,0.0,0.0,0.0,0.0,0.0,0.0,-0.05524142508701502,0.0
2,summer_commercial,夏季商业制冷日,75.0,5.0,0.25,40.458281756771235,14.87298593377298,17.05797451882058,0.0,5.0,-5.0,-0.0,55.68042354419371,0.0,0.0,0.0,-0.0,-0.0,5.4534133240499925,17.450922636959977,5.685991506273527,17.05797451882058,-0.0,0.0,0.0,0.9172630429010411,49.398440745339464,2.577936703186996,0.0,66.95830517170701,0.0,0.0,0.0,0.0,0.0,0.0,12.796536288141432,8.058636846079724,11.774079081845699,5.764229140256898,1.6045790012890015,0.0,52.0,7.8,40.0,45.0,0.0,0.4310046062340029,1.0,25.084134689198166,8.18014226357514,11.599422672797994,40.458281756771235,55.68042354419371,55.68042354419371,0.0,0.0,0.0,0.0,0.0,0.0,0.0,0.0,0.0,0.0,0.0,0.0,0.0,0.0,0.11862130560117023,0.0
2,summer_commercial,夏季商业制冷日,75.0,5.25,0.25,40.96733862628496,15.093037944886138,16.956185508524374,0.0,5.0,-5.0,0.34444699945668106,54.07519874329718,0.0,0.0,0.0,-0.0,-0.0,5.4534133240499925,17.450922636959977,5.652061836174791,16.956185508524374,-0.0,0.0,0.0,2.653168043755881,48.697768706524336,2.3578846920738386,0.0,67.48482363348869,0.0,0.0,0.0,0.0,0.0,0.0,13.125506155735758,8.211679157787081,11.859749570865027,5.784939071873083,1.6191999284026473,0.0,52.0,7.8,40.0,45.0,0.010323304438015882,0.41857906707339765,1.0,25.399749948296677,8.301170869687377,11.530206145796575,40.96733862628496,54.41964574275386,54.41964574275386,0.0,0.0,0.0,0.0,0.0,0.0,0.0,0.0,-7.105427357601002e-15,0.0,0.0,0.0,0.0,0.0,-0.10178901029620491,0.0
2,summer_commercial,夏季商业制冷日,75.0,5.5,0.25,41.54480663816084,15.40790683205418,17.155678341017296,0.0,5.0,-5.0,0.8699608476115654,52.809409420238254,0.0,0.0,0.0,-0.0,-0.0,5.4534133240499925,17.450922636959977,5.718559447005766,17.155678341017296,-0.0,0.0,0.0,4.03740914136678,47.63285772825565,2.043015804905796,0.0,67.93629747533707,0.0,0.0,0.0,0.0,0.0,0.0,13.474029012707208,8.382958720924528,11.948399156547936,5.808013252255753,1.6353352832366128,0.0,52.0,7.8,40.0,45.0,0.026073302113865562,0.40878099094477044,1.0,25.757780115659724,8.4743487576298,11.665861271891762,41.54480663816084,53.67937026784982,53.67937026784982,0.0,0.0,0.0,0.0,0.0,0.0,0.0,0.0,0.0,0.0,0.0,0.0,0.0,0.0,0.19949283249292193,0.0
2,summer_commercial,夏季商业制冷日,75.0,5.75,0.25,41.9815292131206,15.608296127515088,17.15385348395107,0.0,5.0,-5.0,1.7161444980834017,52.957276411968316,0.0,0.0,0.0,-0.0,-0.0,5.4534133240499925,17.450922636959977,5.717951161317024,17.15385348395107,-0.0,0.0,0.0,3.479472788435899,46.71482535157032,1.842626509444889,0.0,68.33995312259256,0.0,0.0,0.0,0.0,0.0,0.0,13.832305981408865,8.573170709502556,12.039565590614624,5.833599874704633,1.6530557377363582,0.0,52.0,7.8,40.0,45.0,0.05143398589996714,0.409925582714893,1.0,26.02854811213477,8.584562870133299,11.664620369086729,41.9815292131206,54.67342091005172,54.67342091005172,0.0,0.0,0.0,0.0,0.0,0.0,0.0,0.0,0.0,0.0,0.0,0.0,0.0,0.0,-0.0018248570662251495,0.0
2,summer_commercial,夏季商业制冷日,75.0,6.0,0.25,42.462030920587246,15.746394332433168,17.26194542093495,0.0,5.0,-5.0,2.6472107589242206,52.87884657923959,0.0,0.0,0.0,-0.0,-0.0,5.4534133240499925,17.450922636959977,5.753981806978317,17.26194542093495,-0.0,0.0,0.0,3.143368713451739,45.88528731728913,1.704528304526809,0.0,68.71060861835639,0.0,0.0,0.0,0.0,0.0,0.0,14.188211516811846,8.782750609618112,12.132733495601082,5.861836745664072,1.6724216238937528,0.0,52.0,7.8,40.0,45.0,0.07933865767178114,0.40931848210357286,1.0,26.326459170764092,8.660516882838243,11.738122886235766,42.462030920587246,55.52605733816381,55.52605733816381,0.0,0.0,0.0,0.0,0.0,0.0,0.0,0.0,-7.105427357601002e-15,0.0,0.0,0.0,0.0,0.0,0.10809193698387887,0.0
2,summer_commercial,夏季商业制冷日,75.0,6.25,0.25,43.20969859500142,15.915448782266502,17.52325152738938,0.0,5.0,-5.0,3.6188037113502443,51.871383323502954,0.0,0.0,0.0,-0.0,-0.0,5.4534133240499925,17.450922636959977,5.841083842463127,17.52325152738938,-0.0,0.0,0.0,4.01400872666134,44.82667496695975,1.5354738546934747,0.0,69.04092835453692,0.0,0.0,0.0,0.0,0.0,0.0,14.527999227786704,9.011824024409306,12.227342213542741,5.892847541038627,1.6934805816070466,0.0,52.0,7.8,40.0,45.0,0.10845794120029374,0.4015200266286544,1.0,26.79001312890088,8.753496830246577,11.91581103862478,43.20969859500142,55.4901870348532,55.4901870348532,0.0,0.0,0.0,0.0,0.0,0.0,0.0,0.0,0.0,0.0,0.0,0.0,0.0,0.0,0.2613061064544304,0.0
2,summer_commercial,夏季商业制冷日,75.0,6.5,0.25,44.119424428031124,16.004595975669435,17.70452059712296,0.0,5.0,-5.0,4.594334573210068,54.57220779142652,0.0,0.0,0.0,-0.0,-0.0,5.4534133240499925,17.450922636959977,5.9015068657076535,17.70452059712296,-0.0,0.0,0.0,1.3078022531521771,44.48027514553978,1.4463266612905414,0.0,69.34991047241616,0.0,0.0,0.0,0.0,0.0,0.0,14.837299198464097,9.260159442097738,12.322795433355283,5.926737841814067,1.7162651668298874,0.0,52.0,7.8,40.0,45.0,0.13769524647960857,0.4224262574402903,1.0,27.354043145379297,8.80252778661819,12.039074006043615,44.119424428031124,59.16654236463659,59.16654236463659,0.0,0.0,0.0,0.0,0.0,0.0,0.0,0.0,0.0,0.0,0.0,0.0,0.0,0.0,0.18126906973358103,0.0
2,summer_commercial,夏季商业制冷日,75.0,6.75,0.25,44.653121011777735,16.084910951957507,17.971156002941537,0.0,5.0,-5.0,5.7346870159684125,55.31058527382525,0.0,0.0,0.0,-0.0,-0.0,5.4534133240499925,17.450922636959977,5.990385334313846,17.971156002941537,-0.0,0.0,0.0,0.05164738034791494,44.46445971590147,1.3660116850024693,0.0,69.63966329236804,0.0,0.0,0.0,0.0,0.0,0.0,15.102312561332887,9.527126367008094,12.418472412072257,5.963591017812332,1.7407904742722486,0.0,52.0,7.8,40.0,45.0,0.1718723635739614,0.4281418047690696,1.0,27.684935027302195,8.84670102357663,12.220386082000246,44.653121011777735,61.04527228979366,61.04527228979366,0.0,0.0,0.0,0.0,0.0,0.0,0.0,0.0,7.105427357601002e-15,0.0,0.0,0.0,0.0,0.0,0.26663540581857603,0.0
2,summer_commercial,夏季商业制冷日,75.0,7.0,0.25,45.254240751301325,16.245549593812953,18.377467511599388,0.0,5.0,-5.0,7.120971047312319,54.23581125177202,0.0,0.0,0.0,-0.0,-0.0,5.4534133240499925,17.450922636959977,6.125822503866463,18.377467511599388,-0.0,0.0,0.0,0.47669428013343396,44.336790629722664,1.2053730431470235,0.0,69.89111955846928,0.0,0.0,0.0,0.0,0.0,0.0,15.311066222788588,9.811661340673462,12.513740522191886,6.003464041952302,1.7670518352263433,0.0,88.0,13.2,40.0,45.0,0.2134202130709721,0.4198223178708078,1.0,28.05762926580682,8.935052276597125,12.496677907887586,45.254240751301325,61.35678229908434,61.35678229908434,0.0,0.0,0.0,0.0,0.0,0.0,0.0,0.0,0.0,0.0,0.0,0.0,0.0,0.0,0.4063115086578506,0.0
2,summer_commercial,夏季商业制冷日,75.0,7.25,0.25,45.875426078845,16.038703674726076,18.721698392102986,0.0,5.0,-5.0,8.987999624711131,55.28209717371442,0.0,0.0,0.0,-0.0,-0.0,5.4534133240499925,17.450922636959977,6.240566130700995,18.721698392102986,-0.0,0.0,1.70069126482956,0.0,44.7384879655882,1.4122189622339008,0.0,70.1915760022206,0.0,0.0,0.0,0.0,0.0,0.0,15.454567176677592,10.11224439645156,12.607968776886102,6.046383329976434,1.795022656174443,0.0,88.0,13.2,40.0,45.0,0.2693762946433639,0.4279212873665596,1.0,28.4427641688839,8.821287021099343,12.730754906630033,45.875426078845,64.27009679842556,64.27009679842556,0.0,0.0,0.0,0.0,0.0,0.0,0.0,0.0,0.0,0.0,0.0,0.0,0.0,0.0,0.3442308805035985,0.0
2,summer_commercial,夏季商业制冷日,75.0,7.5,0.25,46.54060149859507,15.897597652725262,19.126199776372072,0.0,5.0,-5.0,10.823370492653279,57.14432949407298,0.0,0.0,0.0,-0.0,-0.0,5.4534133240499925,17.450922636959977,6.375399925457358,19.126199776372072,-0.0,0.0,4.598285238623834,0.0,45.828343785363074,1.553324984234715,0.0,70.52539489797525,0.0,0.0,0.0,0.0,0.0,0.0,15.527698394151825,10.426888378998203,12.70054191093976,6.0923407116461,1.8246524673583497,0.0,88.0,13.2,40.0,45.0,0.3243835737206057,0.4423362407175398,1.0,28.855172929128944,8.743678708998894,13.00581584793301,46.54060149859507,67.96769998672626,67.96769998672626,0.0,0.0,0.0,0.0,0.0,0.0,0.0,0.0,7.105427357601002e-15,0.0,0.0,0.0,0.0,0.0,0.40450138426908566,0.0
2,summer_commercial,夏季商业制冷日,75.0,7.75,0.25,47.207013927180846,15.693760856905353,19.453004619395852,0.0,5.0,-5.0,12.64883623491721,59.11159202234337,0.0,0.0,0.0,-0.0,-0.0,5.4534133240499925,17.450922636959977,6.48433487313195,19.453004619395852,-0.0,0.0,7.615666132897799,0.0,47.63477307473703,1.7571617800546235,0.0,70.90745812328923,0.0,0.0,0.0,0.0,0.0,0.0,15.52972842191521,10.753143307173115,12.790874532445669,6.141289648305275,1.8558652521421384,0.0,88.0,13.2,40.0,45.0,0.37909398962866825,0.4575641997987618,1.0,29.268348634852124,8.631568471297944,13.22804314118918,47.207013927180846,71.76042825726059,71.76042825726059,0.0,0.0,0.0,0.0,0.0,0.0,0.0,0.0,0.0,0.0,0.0,0.0,0.0,0.0,0.32680484302377977,0.0
2,summer_commercial,夏季商业制冷日,75.0,8.0,0.25,47.75255949210258,15.614153863925724,19.957239709903103,0.0,5.0,-5.0,14.348167200483788,58.328939782637825,0.0,0.0,0.0,-0.0,-0.0,5.4534133240499925,17.450922636959977,6.652413236634367,19.957239709903103,-0.0,0.0,7.818720930334672,0.0,49.48933755703778,1.8367687730342528,0.0,71.30823697782323,0.0,0.0,0.0,0.0,0.0,0.0,15.464360295347765,11.088117559811154,12.878424812916375,6.1931418178771125,1.8885581275123642,0.0,88.0,13.2,40.0,45.0,0.4300240628363389,0.4515059355306261,1.0,29.6065868851036,8.587784625159149,13.57092300273411,47.75255949210258,72.67710698312162,72.67710698312162,0.0,0.0,0.0,0.0,0.0,0.0,0.0,0.0,1.4210854715202004e-14,0.0,0.0,0.0,0.0,0.0,0.504235090507251,0.0
2,summer_commercial,夏季商业制冷日,75.0,8.25,0.25,48.049387784677215,15.284407566268262,20.368964492182595,0.0,5.0,-5.0,7.3973701344199725,58.549590149720586,8.538618161596618,0.0,0.0,-0.0,-0.0,5.4534133240499925,17.450922636959977,6.789654830727532,20.368964492182595,-0.0,0.0,0.6545043446858233,0.0,49.64230787202281,2.1665150706917142,0.0,71.7871301886236,0.0,0.0,0.0,0.0,0.0,0.0,15.339312754053797,11.42851712035285,12.962707155780647,6.247764191248742,1.922600443223189,0.0,88.0,13.2,40.0,45.0,0.47761211147123633,0.45321392046548226,1.0,29.790620426499874,8.406424161447545,13.850895854684167,48.049387784677215,74.48557844573718,65.94696028414056,8.538618161596618,0.0,0.0,0.0,0.0,0.0,0.0,0.0,-7.105427357601002e-15,0.0,0.0,0.0,0.0,0.0,0.4117247822794923,0.0
2,summer_commercial,夏季商业制冷日,75.0,8.5,0.25,48.771845029594516,14.986813281834818,20.93300320956981,0.0,5.0,-5.0,9.16586129725949,57.047515805091855,8.337811932102596,0.0,0.0,-0.0,-0.0,5.4534133240499925,17.450922636959977,6.97766773652327,20.93300320956981,-0.0,0.0,0.010451012183568167,0.0,49.64230787202281,2.4641093551251583,0.0,72.33646259537151,0.0,0.0,0.0,0.0,0.0,0.0,15.165495458486799,11.770703439166885,13.043303278890782,6.304976723146637,1.9578333617716144,0.0,88.0,13.2,40.0,45.0,0.5245966660045718,0.4415868364702059,1.0,30.2385439183486,8.24274730500915,14.234442182507474,48.771845029594516,74.55118903445394,66.21337710235134,8.337811932102596,0.0,0.0,0.0,0.0,0.0,0.0,0.0,0.0,0.0,0.0,0.0,0.0,0.0,0.5640387173872163,0.0
2,summer_commercial,夏季商业制冷日,75.0,8.75,0.25,49.185275447655094,14.542516434469343,21.479433997782195,0.0,5.0,-5.0,19.025952469578602,47.78299864690411,0.0,8.115387293626888,0.0,-0.0,-0.0,5.4534133240499925,17.450922636959977,7.159811332594065,21.479433997782195,-0.0,0.0,0.010451012183568167,0.0,49.64230787202281,2.9084062024906334,0.0,72.99104083716536,0.0,0.0,0.0,0.0,0.0,0.0,14.95589706842274,12.110769680878416,13.119871168558655,6.364550775640581,1.9940699735316383,0.0,88.0,13.2,40.0,45.0,0.5702203818773035,0.432691784434661,1.0,30.494870777546158,7.9983840389581395,14.606015118491893,49.185275447655094,74.9243384101096,66.80895111648272,8.115387293626888,0.0,0.0,0.0,0.0,0.0,0.0,0.0,0.0,0.0,0.0,0.0,0.0,0.0,0.5464307882123833,0.0
2,summer_commercial,夏季商业制冷日,75.0,9.0,0.25,49.36759073834346,14.102070477307992,22.247311591427316,0.0,5.0,-5.0,11.321738974540246,55.925486630512545,9.516814576320229,0.0,0.0,-0.0,-0.0,5.4534133240499925,17.450922636959977,7.415770530475772,22.247311591427316,-0.0,0.0,0.010451012183568167,0.0,49.64230787202281,3.348852159651985,0.0,73.74989770466412,0.0,0.0,0.0,0.0,0.0,0.0,14.724340407256731,12.444634246080303,13.19215141257412,6.426208383100325,2.031095991035345,0.0,88.0,13.2,40.0,45.0,0.6245452353852895,0.4329015623327205,1.0,30.607906257772946,7.756138762519396,15.128171882170577,49.36759073834346,76.76404018137302,67.24722560505279,9.516814576320229,0.0,0.0,0.0,0.0,0.0,0.0,0.0,7.105427357601002e-15,0.0,0.0,0.0,0.0,0.0,0.767877593645121,0.0
2,summer_commercial,夏季商业制冷日,75.0,9.25,0.25,49.69931503189781,13.60441986448528,23.047841659378015,0.0,5.0,-5.0,12.761884503319408,55.083908751271295,9.842471523835506,0.0,0.0,-0.0,-0.0,5.4534133240499925,17.450922636959977,7.682613886459339,23.047841659378015,-0.0,0.0,0.010451012183568167,0.0,49.64230787202281,3.8465027724746967,0.0,74.62656716427453,0.0,0.0,0.0,0.0,0.0,0.0,14.48426710943498,12.76814952824087,13.259970498125346,6.489622453680367,2.068671053718672,0.0,88.0,13.2,40.0,45.0,0.6774675037428118,0.4263871732643664,1.0,30.813575319776643,7.482430925466905,15.672532328377052,49.69931503189781,77.6882647784262,67.8457932545907,9.842471523835506,0.0,0.0,0.0,0.0,0.0,0.0,0.0,0.0,0.0,0.0,0.0,0.0,0.0,0.8005300679506995,0.0
2,summer_commercial,夏季商业制冷日,75.0,9.5,0.25,49.68907840377054,13.360984094100578,23.929460312803695,0.0,5.0,-5.0,14.561837154570327,53.56759235636834,9.66406281298763,0.0,0.0,-0.0,-0.0,5.4534133240499925,17.450922636959977,7.976486770934565,23.929460312803695,-0.0,0.0,0.010451012183568167,0.0,49.64230787202281,4.089938542859398,0.0,75.56061428462151,0.0,0.0,0.0,0.0,0.0,0.0,14.247695559661754,13.077222929872617,13.323240766499385,6.554417984311854,2.106530659712633,0.0,88.0,13.2,40.0,45.0,0.7260662483473668,0.4146498460475108,1.0,30.807228610337734,7.348541251755319,16.272033012706512,49.68907840377054,77.7934923239263,68.12942951093866,9.66406281298763,0.0,0.0,0.0,0.0,0.0,0.0,0.0,7.105427357601002e-15,0.0,0.0,0.0,0.0,0.0,0.8816186534256794,0.0
2,summer_commercial,夏季商业制冷日,75.0,9.75,0.25,49.720512275599596,13.096972547931145,24.908012804837902,0.0,5.0,-5.0,15.866933271609113,52.62011427517001,9.732371660166088,0.0,0.0,-0.0,-0.0,5.4534133240499925,17.450922636959977,8.302670934945967,24.908012804837902,-0.0,0.0,0.010451012183568167,0.0,49.64230787202281,4.353950089028832,0.0,76.55689712362354,0.0,0.0,0.0,0.0,0.0,0.0,14.024456330119106,13.367946264551717,13.381956847194502,6.620174344007675,2.144388724825195,0.0,88.0,13.2,40.0,45.0,0.767228103682617,0.4073157168992634,1.0,30.82671761087175,7.203334901362131,16.937448707289775,49.720512275599596,78.21941920694522,68.48704754677912,9.732371660166088,0.0,0.0,0.0,0.0,0.0,0.0,0.0,7.105427357601002e-15,0.0,0.0,0.0,0.0,0.0,0.9785524920342077,0.0
2,summer_commercial,夏季商业制冷日,75.0,10.0,0.25,50.041212534289585,12.762151819109977,26.041514122471142,0.0,5.0,-5.0,19.303249552767937,49.88233202524559,7.8134534961351605,0.0,0.0,-0.0,-0.0,5.4534133240499925,17.450922636959977,8.68050470749038,26.041514122471142,-0.0,0.0,0.010451012183568167,0.0,49.64230787202281,4.688770817849999,0.0,77.6322017443011,0.0,0.0,0.0,0.0,0.0,0.0,13.821758047603364,13.63672886368265,13.43618854522113,6.686428654497108,2.181940751190348,0.0,88.0,13.2,40.0,45.0,0.8127055290673412,0.3861234075475475,1.0,31.025551771259543,7.019183500510488,17.708229603280376,50.041212534289585,76.99903507414868,69.18558157801353,7.8134534961351605,0.0,0.0,0.0,0.0,0.0,0.0,0.0,7.105427357601002e-15,0.0,0.0,0.0,0.0,0.0,1.1335013176332396,0.0
2,summer_commercial,夏季商业制冷日,75.0,10.25,0.25,50.13303177625218,12.306771711800968,27.037327789359132,0.0,5.0,-5.0,27.967116274775954,41.64222243416283,0.0,3.436344706990049,0.0,-0.0,-0.0,5.4534133240499925,17.450922636959977,9.012442596453043,27.037327789359132,-0.0,0.0,0.010451012183568167,0.0,49.64230787202281,5.144150925159009,0.0,78.81512148815422,0.0,0.0,0.0,0.0,0.0,0.0,13.644084206682432,13.88042904028454,13.486070320856909,6.752680268444092,2.2188675697091758,0.0,88.0,13.2,40.0,45.0,0.8381929760262303,0.3489389778948925,1.0,31.082479701276352,6.768724441490533,18.38538289676421,50.13303177625218,73.04568341592883,69.6093387089388,3.436344706990049,0.0,0.0,0.0,0.0,0.0,0.0,0.0,1.4210854715202004e-14,0.0,0.0,0.0,0.0,0.0,0.9958136668879902,0.0
2,summer_commercial,夏季商业制冷日,75.0,10.5,0.25,50.27061884379118,11.970590817284956,28.079718378474887,0.0,5.0,-5.0,26.882421922612338,43.211967383570695,2.026662782834574,0.0,0.0,-0.0,-0.0,5.4534133240499925,17.450922636959977,9.359906126158295,28.079718378474887,-0.0,0.0,0.010451012183568167,0.0,49.64230787202281,5.480331819675021,0.0,80.07729273458297,0.0,0.0,0.0,0.0,0.0,0.0,13.493377205678009,14.096478086199372,13.531787673434247,6.81839631458311,2.2548396019890076,0.0,88.0,13.2,40.0,45.0,0.866424393040038,0.33449021758913344,1.0,31.16778368315053,6.5838249495067265,19.094208497362924,50.27061884379118,72.12105208901761,70.09438930618303,2.026662782834574,0.0,0.0,0.0,0.0,0.0,0.0,0.0,0.0,0.0,0.0,0.0,0.0,0.0,1.0423905891157546,0.0
2,summer_commercial,夏季商业制冷日,75.0,10.75,0.25,50.59294747941569,11.633793077091635,28.874237700082155,0.0,5.0,-5.0,29.206981463381624,40.08436972248923,0.0,0.0,0.0,-0.0,-0.0,4.063206794244195,13.002261741581425,9.624745900027385,28.874237700082155,-0.0,0.0,0.010451012183574864,0.0,49.64230787202281,1.3684686644897894,0.0,80.36226539603203,0.0,0.0,0.0,0.0,0.0,0.0,13.369436128256174,14.282990739455872,13.573560911182161,6.883018246991057,2.289521569660788,0.0,88.0,13.2,40.0,45.0,0.8753525559449516,0.310280470023135,1.0,31.36762743723773,6.3985861924003995,19.634481636055867,50.59294747941569,69.29135118587085,69.29135118587085,0.0,0.0,0.0,0.0,0.0,0.0,0.0,0.0,0.0,0.0,0.0,0.0,0.0,-4.448660895378552,0.7945193216072681,0.0
2,summer_commercial,夏季商业制冷日,75.0,11.0,0.25,50.605848819241466,11.521492570774793,29.943436375487707,0.0,3.40797277447691,-3.40797277447691,29.323786564855325,38.27164691572607,0.0,0.0,0.0,-0.0,-0.0,3.6004664283671226,11.521492570774793,9.981145458495902,29.943436375487707,-0.0,0.0,0.0,0.0,49.63982575662921,0.0,0.0,80.32208426333402,0.0,0.0,0.0,0.0,0.0,0.0,13.270441989687328,14.438856093728655,13.611626948260016,6.945969303480762,2.3225775623986644,0.0,70.0,10.5,40.0,45.0,0.878853282106969,0.2962487542097623,1.0,31.375626267929707,6.336820913926137,20.361536735331644,50.605848819241466,67.59543348058139,67.59543348058139,0.0,0.0,0.0,0.0,0.0,0.0,0.0,0.0,0.0,0.0,0.0,1.5920272255230898,0.0,-1.4807691708066315,1.069198675405552,0.0
2,summer_commercial,夏季商业制冷日,75.0,11.25,0.25,50.869173103926286,11.490510305037311,30.963896116667943,0.0,1.887266336215248,-1.887266336215248,29.198516440083225,37.47000617593845,0.0,0.0,0.0,-0.0,-0.0,3.59078447032416,11.490510305037311,10.32129870555598,30.963896116667943,-0.0,0.0,0.0,0.0,49.63734376534138,0.0,0.0,80.28192322120236,0.0,0.0,0.0,0.0,0.0,0.0,13.193527110222497,14.563803261131435,13.646219908200074,7.006662746906379,2.3536763613451477,0.0,70.0,10.5,40.0,45.0,0.8750988535967759,0.2900435059483323,1.0,31.5388873244343,6.319780667770522,21.055449359334204,50.869173103926286,66.66852261602168,66.66852261602168,0.0,0.0,0.0,0.0,0.0,0.0,0.0,0.0,0.0,0.0,0.0,1.5207064382616622,0.0,-0.03098226573748164,1.020459741180236,0.0
2,summer_commercial,夏季商业制冷日,75.0,11.5,0.25,51.080979902603616,11.352779780902049,31.980578637777782,0.0,1.5032264733065503,-1.5032264733065503,29.572252930170897,36.120244715637725,0.0,0.0,0.0,-0.0,-0.0,3.5863824852925084,11.476423952936027,10.660192879259261,31.980578637777782,-0.0,0.0,0.0,1.1382840946533037,49.335313452191706,0.1236441720339787,0.0,80.27114775044984,0.0,0.0,0.0,0.0,0.0,0.0,13.135320058074466,14.658436760164262,13.677551420646282,7.064510734197663,2.3824969025845952,0.0,70.0,10.5,40.0,45.0,0.8862999834450728,0.2795954279762779,1.0,31.670207539614243,6.244028879496128,21.746793473688893,51.080979902603616,65.69249764580863,65.69249764580863,0.0,0.0,0.0,0.0,0.0,0.0,0.0,0.0,-1.4210854715202004e-14,0.0,0.0,0.3840398629086976,0.0,-0.01408635210128395,1.0166825211098391,0.0
2,summer_commercial,夏季商业制冷日,75.0,11.75,0.25,51.068239978988586,11.243287687643889,32.91078383966839,0.0,1.5032264733065503,-1.5032264733065503,30.249896330882695,36.48356333652571,0.0,0.0,0.0,-0.0,-0.0,3.5863824852925084,11.476423952936027,10.970261279889463,32.91078383966839,-0.0,0.0,0.0,0.39465055006870675,49.22899127860628,0.2331362652921385,0.0,80.28638203958151,0.0,0.0,0.0,0.0,0.0,0.0,13.092418964157934,14.724237585173887,13.705791567134506,7.1189336323540084,2.40873375636107,0.0,70.0,10.5,40.0,45.0,0.9066094044503211,0.2824077628898049,1.0,31.662308786972922,6.183808228204139,22.379333010974506,51.068239978988586,66.73345966740841,66.73345966740841,0.0,0.0,0.0,0.0,0.0,0.0,0.0,0.0,0.0,0.0,0.0,0.0,0.0,0.0,0.9302052018906082,0.0
2,summer_commercial,夏季商业制冷日,75.0,12.0,0.25,51.01000747541365,11.156144487812417,33.85539198067387,0.0,1.5032264733065503,-1.5032264733065503,31.514711653276454,37.62067983245757,0.0,0.0,0.0,-0.0,-0.0,3.5863824852925084,11.476423952936027,11.285130660224624,33.85539198067387,-0.0,0.0,1.7506443914966823,0.0,49.64230787202281,0.32027946512361005,0.0,80.3223052215286,0.0,0.0,0.0,0.0,0.0,0.0,13.061768698594138,14.76352720809155,13.73105145490168,7.169369579523042,2.432102492359528,0.0,70.0,10.5,40.0,45.0,0.9445167563840984,0.2912098232258277,1.0,31.626204634756462,6.13587946829683,23.021666546858235,51.01000747541365,69.13539148573402,69.13539148573402,0.0,0.0,0.0,0.0,0.0,0.0,0.0,0.0,0.0,0.0,0.0,0.0,0.0,0.0,0.9446081410054816,0.0
2,summer_commercial,夏季商业制冷日,75.0,12.25,0.25,51.121408256776874,11.139070996665634,34.903083162608816,0.0,0.6668305675157811,-0.6668305675157811,32.031324995193856,34.98810838077778,0.0,0.0,0.0,-0.0,-0.0,3.5863824852925084,11.476423952936027,11.63436105420294,34.903083162608816,-0.0,0.0,0.010451012183538248,0.0,49.642307872022805,0.33735295627039363,0.0,80.36226539603203,0.0,0.0,0.0,0.0,0.0,0.0,13.040937198469715,14.779393334761169,13.753368370720553,7.215284073631873,2.4523447998951764,0.0,70.0,10.5,40.0,45.0,0.96,0.2708319174971914,1.0,31.695273119201662,6.126489048166099,23.734096550573998,51.121408256776874,67.01943337597163,67.01943337597163,0.0,0.0,0.0,0.0,0.0,0.0,0.0,0.0,-7.105427357601002e-15,0.0,0.0,0.8363959057907693,0.0,0.0,1.047691181934944,0.0
2,summer_commercial,夏季商业制冷日,75.0,12.5,0.25,51.16906218792246,11.07626837383098,35.80113644181478,0.0,0.0,0.0,32.031324995193856,34.26975744521554,0.0,0.0,0.0,-0.0,-0.0,3.1983081052153466,10.23458593668911,11.933712147271594,35.80113644181478,-0.0,0.0,0.0,0.0,49.6398257566292,0.0,0.8416824371418699,80.10058888513879,0.0,0.0,0.0,0.0,0.0,0.0,13.02830051528454,14.775578034280047,13.772694387592276,7.256179361629174,2.469233234476344,0.0,70.0,10.5,40.0,45.0,0.96,0.26527138935440364,1.0,31.724818556511924,6.091947605607039,24.344772780434056,51.16906218792246,66.3010824404094,66.3010824404094,0.0,0.0,0.0,0.0,0.0,0.0,0.0,0.0,7.105427357601002e-15,0.0,0.0,0.6668305675157811,0.0,-1.241838016246918,0.8980532792059677,0.0
2,summer_commercial,夏季商业制冷日,75.0,12.75,0.25,51.228920904474386,11.115772703188515,36.55587703435101,0.0,0.0,0.0,32.03132499519386,34.54281047331836,0.0,0.0,0.0,-0.0,-0.0,3.1599222192541703,10.111751101613345,12.18529234478367,36.55587703435101,-0.0,0.0,0.0,0.0,49.63734376534137,0.0,1.00402160157517,79.7963223797554,0.0,0.0,0.0,0.0,0.0,0.0,13.0231539344843,14.756330807681888,13.788889166874203,7.291603399816559,2.4825754689579003,0.0,70.0,10.5,40.0,45.0,0.96,0.26738500676906013,1.0,31.76193096077412,6.113674986753684,24.857996383358692,51.228920904474386,66.57413546851222,66.57413546851222,0.0,0.0,0.0,0.0,0.0,0.0,0.0,0.0,0.0,0.0,0.0,0.0,0.0,-0.1228348350757642,0.7547405925362298,0.0
2,summer_commercial,夏季商业制冷日,75.0,13.0,0.25,51.232607628436554,11.044371383757314,37.32280056423927,0.0,0.0,0.0,32.031324995193856,33.20603637257238,0.0,0.0,0.0,-0.0,-0.0,3.1396259636562123,10.04680308369988,12.440933521413092,37.32280056423927,-0.0,0.0,0.0,1.5758057457396193,49.22017617559005,0.0,0.9975683000574342,79.4939062448662,0.0,0.0,0.0,0.0,0.0,0.0,13.025768209732236,14.726231169993511,13.801717521347303,7.321158160333602,2.4922179382602434,0.0,75.60000000000001,11.340000000000002,40.0,45.0,0.96,0.257037459853248,1.0,31.764216729630665,6.074404261066523,25.379504383682708,51.232607628436554,65.23736136776623,65.23736136776623,0.0,0.0,0.0,0.0,0.0,0.0,0.0,0.0,-2.1316282072803006e-14,0.0,0.0,0.0,0.0,-0.0649480179134656,0.7669235298882597,0.0
2,summer_commercial,夏季商业制冷日,75.0,13.25,0.25,51.141742033102055,11.080683611587913,37.96758504404042,0.0,0.0,0.0,31.913251070429727,34.415578953296325,0.0,0.0,0.0,-0.0,-0.0,3.1396259636562123,10.04680308369988,12.655861681346806,37.96758504404042,-0.0,0.0,0.0,0.6083996543790215,49.05760999457626,0.0,1.0338805278880336,79.18208546861534,0.0,0.0,0.0,0.0,0.0,0.0,13.037406863655322,14.689987278441514,13.81085208825159,7.344507070676325,2.4980487811074754,0.0,75.60000000000001,11.340000000000002,40.0,45.0,0.9564612463645955,0.26640014768040526,1.0,31.707880060523273,6.094375986373353,25.81795782994749,51.141742033102055,66.32883002372606,66.32883002372606,0.0,0.0,0.0,0.0,0.0,0.0,0.0,0.0,7.105427357601002e-15,0.0,0.0,0.0,0.0,0.0,0.644784479801146,0.0
2,summer_commercial,夏季商业制冷日,75.0,13.5,0.25,51.14503529313214,11.060922077749035,38.6012487409388,0.0,0.0,0.0,30.817739697025324,37.46652183827277,0.0,0.0,0.0,-0.0,-0.0,3.1396259636562123,10.04680308369988,12.867082913646266,38.6012487409388,-0.0,0.0,1.13251736486347,0.0,49.324129988231604,0.0,1.0141189940491557,78.87562100639443,0.0,0.0,0.0,0.0,0.0,0.0,13.060314374988376,14.65221892820288,13.815881215722763,7.361381391955426,2.5,0.0,75.60000000000001,11.340000000000002,40.0,45.0,0.9236280457827892,0.2900165347888476,1.0,31.709921881741927,6.08350714276197,26.248849143838385,51.14503529313214,68.2842615352981,68.2842615352981,0.0,0.0,0.0,0.0,0.0,0.0,0.0,0.0,7.105427357601002e-15,0.0,0.0,0.0,0.0,0.0,0.6336636968983811,0.0
2,summer_commercial,夏季商业制冷日,75.0,13.75,0.25,51.22922409954255,11.121007910055688,39.15069452824788,0.0,0.0,0.0,29.699068013578977,38.06671089176405,0.0,0.0,0.0,-0.0,-0.0,3.1396259636562123,10.04680308369988,13.05023150941596,39.15069452824788,-0.0,0.0,0.34669733272830694,0.0,49.40400439825516,0.0,1.0742048263558086,78.55349771527129,0.0,0.0,0.0,0.0,0.0,0.0,13.097677678135534,14.617234728265517,13.816321904003782,7.371585366938083,2.4980487811074754,0.0,75.60000000000001,11.340000000000002,40.0,45.0,0.8901007153876329,0.29466240905129193,1.0,31.76211894171638,6.116554350530629,26.622472279208562,51.22922409954255,67.76577890534303,67.76577890534303,0.0,0.0,0.0,0.0,0.0,0.0,0.0,0.0,-7.105427357601002e-15,0.0,0.0,0.0,0.0,0.0,0.5494457873090823,0.0
2,summer_commercial,夏季商业制冷日,75.0,14.0,0.25,51.004275707191,11.127488672644729,39.450073028655225,0.0,0.0,0.0,28.526852961416065,39.78085694279014,0.0,0.0,0.0,-0.0,-0.0,3.1396259636562123,10.04680308369988,13.150024342885075,39.450073028655225,-0.0,0.0,1.0137838904739196,0.0,49.64230787202281,0.0,1.0806855889448492,78.22983002195448,0.0,0.0,0.0,0.0,0.0,0.0,13.153556316098719,14.588814338369328,13.811637378607154,7.375,2.4922179382602434,0.0,75.60000000000001,11.340000000000002,40.0,45.0,0.8549686548111427,0.30793107327335334,1.0,31.62265093845842,6.120118769954601,26.826049659485555,51.004275707191,68.3077099042062,68.3077099042062,0.0,0.0,0.0,0.0,0.0,0.0,0.0,0.0,0.0,0.0,0.0,0.0,0.0,0.0,0.29937850040734304,0.0
2,summer_commercial,夏季商业制冷日,75.0,14.25,0.25,51.00437638575586,10.967773712534942,39.96305621293722,0.0,0.0,0.0,27.267090228761674,40.05023272078127,0.0,0.0,0.0,-0.0,-0.0,2.9919278261413353,9.574169043652274,13.321018737645739,39.96305621293722,-0.0,0.0,0.0,0.0,49.639825756629214,0.0,1.3936046688826682,77.82397703618491,0.0,0.0,0.0,0.0,0.0,0.0,13.232771063136221,14.570007179996383,13.8012586214009,7.371585366938083,2.4825754689579003,0.0,75.60000000000001,11.340000000000002,40.0,45.0,0.8172127323343273,0.3100162262540934,1.0,31.622713359168635,6.032275541894219,27.17487822479731,51.00437638575586,67.31732294954294,67.31732294954294,0.0,0.0,0.0,0.0,0.0,0.0,0.0,0.0,7.105427357601002e-15,0.0,0.0,0.0,0.0,-0.47263404004760545,0.5129831842819925,0.0
2,summer_commercial,夏季商业制冷日,75.0,14.5,0.25,51.24070902115697,10.899268140117057,40.275144732147915,0.0,0.0,0.0,26.008968626812752,40.05189728912789,0.0,0.0,0.0,-0.0,-0.0,1.6217457150974914,5.189586288311973,13.425048244049306,40.275144732147915,-0.0,0.0,0.0,0.2266370643631126,49.577702432614245,0.0,5.709681851805084,76.28251719192863,0.0,0.0,0.0,0.0,0.0,0.0,13.340737782408976,14.562958938621975,13.784608962353852,7.361381391955426,2.469233234476344,0.0,75.60000000000001,11.340000000000002,40.0,45.0,0.779505995630423,0.31002911115293436,1.0,31.76923959311732,5.9945974770643815,27.387098417860585,51.24070902115697,66.06086591594064,66.06086591594064,0.0,0.0,0.0,0.0,0.0,0.0,0.0,0.0,-7.105427357601002e-15,0.0,0.0,0.0,0.0,-4.384582755340301,0.3120885192106968,0.0
2,summer_commercial,夏季商业制冷日,75.0,14.75,0.25,51.350269573359746,10.989821757256346,40.49110796183874,0.0,0.0,0.0,24.990691169355078,41.68163468417136,0.0,0.0,0.0,-0.0,-0.0,1.6217457150974914,5.189586288311973,13.497035987279581,40.49110796183874,-0.0,0.0,0.2032745777896119,0.0,49.62350125971764,0.0,5.800235468944373,74.71799817834732,0.0,0.0,0.0,0.0,0.0,0.0,13.483233299749033,14.568776392509832,13.761130653205921,7.344507070676325,2.4523447998951764,0.0,75.60000000000001,11.340000000000002,40.0,45.0,0.7489875466026028,0.32264439457760197,1.0,31.837167135483043,6.044401966490991,27.533953414050348,51.350269573359746,66.67232585352643,66.67232585352643,0.0,0.0,0.0,0.0,0.0,0.0,0.0,0.0,0.0,0.0,0.0,0.0,0.0,0.0,0.21596322969082848,0.0
2,summer_commercial,夏季商业制冷日,75.0,15.0,0.25,51.6608290046007,10.988240004362082,40.54736610456817,0.0,0.0,0.0,24.0167935474494,41.734242674307204,0.0,0.0,3.2484571096652353,1.1369599883828323,1.461805699349356,1.6217457150974914,5.189586288311973,13.515788701522723,40.54736610456817,-0.0,0.0,0.08963278891851245,0.0,49.64230787202281,0.0,4.3368480167007535,73.53936338538954,0.0,0.0,0.0,0.0,0.0,0.0,13.666083445248145,14.58743961931447,13.730312216287354,7.321158160333602,2.432102492359528,0.0,75.60000000000001,11.340000000000002,40.0,45.0,0.7197991906051617,0.3230516164453607,1.0,32.029713982852435,6.043532002399146,27.572208951106358,51.6608290046007,65.7510362217566,65.7510362217566,0.0,0.6496914219330471,0.16242285548326177,12.181714161244633,0.0,0.0,0.0,0.0,1.4210854715202004e-14,1.7763568394002505e-15,0.0,0.0,1.1369599883828323,0.0,0.0562581427294262,0.0
2,summer_commercial,夏季商业制冷日,75.0,15.25,0.25,51.77015813913848,11.006956197238067,40.63287614069128,0.0,0.0,0.0,22.874241541177888,40.13950161761928,0.0,0.0,6.819176329500552,2.386711715325193,3.0686293482752482,0.07555367590319406,0.241771762890221,13.544292046897093,40.63287614069128,-0.0,0.0,0.010451012183568167,0.0,49.64230787202281,0.0,7.696555086072597,71.47718447051984,0.0,0.0,0.0,0.0,0.0,0.0,13.894770107072713,14.617768479479995,13.69171529576672,7.291603399816559,2.40873375636107,0.0,75.60000000000001,11.340000000000002,40.0,45.0,0.6855561511372275,0.31070722864383055,1.0,32.097498046265855,6.053825908480937,27.630355775670072,51.77015813913848,63.01374315879717,63.01374315879717,0.0,1.3638352659001105,0.3409588164750276,25.571911235627073,0.0,0.0,0.0,0.0,2.842170943040401e-14,0.0,0.0,0.0,1.2497517269423606,-4.947814525421752,0.08551003612311092,0.0
2,summer_commercial,夏季商业制冷日,75.0,15.5,0.25,51.8980907915262,11.128702117957866,40.62399645932565,0.12559063217310928,0.0,0.12559063217310928,21.43599925857934,40.24136961161475,0.0,0.0,10.389895549335867,3.6364634422675532,4.67545299720114,-0.0,-0.0,13.54133215310855,40.62399645932565,-0.0,0.0,0.0,0.0,49.639825756629214,0.0,6.453249120756726,69.74322242545387,0.0,0.0,0.0,0.0,0.0,0.0,14.17396376291249,14.657447542263387,13.644999739768254,7.256179361629174,2.3824969025845952,0.0,75.60000000000001,11.340000000000002,40.0,45.0,0.64245107847783,0.31149575667298635,1.0,32.176816290746245,6.120786164876827,27.624317592341445,51.8980907915262,61.67736887019409,61.67736887019409,0.0,2.1470539575623837,0.5367634893905959,40.25726170429469,0.0,0.0,0.0,0.0,7.105427357601002e-15,0.0,0.0,0.12559063217310928,1.2497517269423604,-0.241771762890221,-0.008879681365627334,0.0
2,summer_commercial,夏季商业制冷日,75.0,15.75,0.25,52.344486134562885,11.181365873324886,40.38406661503656,0.12559063217310928,0.0,0.12559063217310928,20.054223638767315,40.23482634468505,0.0,0.0,13.960614769171183,4.886215169209914,6.282276646127032,-0.0,0.0,13.46135553834552,40.38406661503656,-0.0,0.0,0.0,0.5049858880730227,49.50445274216427,0.0,4.8990892271978534,68.41911680708381,0.0,0.0,0.0,0.0,0.0,0.0,14.506999702519424,14.703110446329843,13.589945710989277,7.215284073631873,2.3536763613451477,0.0,75.60000000000001,11.340000000000002,40.0,45.0,0.6010383490569091,0.31144510730635067,1.0,32.45358140342899,6.149751230328688,27.461165298224863,52.344486134562885,60.28904998345236,60.28904998345236,0.0,2.861197801529447,0.7152994503823618,53.647458778677134,0.0,0.0,0.0,0.0,7.105427357601002e-15,0.0,0.0,0.0,1.2497517269423604,0.0,-0.2399298442890938,0.0
2,summer_commercial,夏季商业制冷日,75.0,16.0,0.25,52.765706435304715,11.276704159861866,40.0062572936096,-0.0,0.0,-0.0,18.333046532711084,41.000614204500316,0.0,0.0,17.531333989006498,6.135966896152274,7.889100295052924,-0.0,0.0,13.335419097869867,40.0062572936096,-0.0,0.0,0.0,0.6314978998109027,49.335793861682184,0.0,3.387603864808942,67.49343254741477,0.0,0.0,0.0,0.0,0.0,0.0,14.89532880307743,14.750481259399088,13.52647175737129,7.169369579523042,2.3225775623986644,0.0,142.56,21.384,40.0,45.0,0.5494535325667419,0.3173728297259995,1.0,32.714737989888924,6.202187287924027,27.20425495965453,52.765706435304715,59.3336607372114,59.3336607372114,0.0,3.5062667978013,0.876566699450325,65.74250245877437,0.0,0.0,0.0,0.0,0.0,0.0,0.0,-0.12559063217310928,1.2497517269423604,0.0,-0.3778093214269589,0.0
2,summer_commercial,夏季商业制冷日,75.0,16.25,0.25,52.955293327944005,11.327469044052089,39.6369094271417,0.0,0.0,0.0,16.56729436400825,41.29928247535774,0.0,0.0,21.102053208841813,7.385718623094634,9.495923943978816,-0.0,0.0,13.212303142380568,39.6369094271417,-0.0,0.0,0.0,0.9153010078639454,49.092458385709115,0.0,1.8315451000732725,66.97770027849022,0.0,0.0,0.0,0.0,0.0,0.0,15.33798565850145,14.7945669433848,13.454647965680827,7.1189336323540084,2.289521569660788,0.0,142.56,21.384,40.0,45.0,0.49653277196102036,0.31968472665999687,1.0,32.832281863325285,6.230107974228649,26.95309841045636,52.955293327944005,57.86657683936599,57.86657683936599,0.0,4.220410641768363,1.0551026604420908,79.13269953315681,0.0,0.0,0.0,0.0,-7.105427357601002e-15,0.0,0.0,0.0,1.2497517269423604,0.0,-0.36934786646789775,0.0
2,summer_commercial,夏季商业制冷日,75.0,16.5,0.25,53.41617768111408,11.574566252436629,39.04072214358024,-0.0,0.0,-0.0,14.910021858730849,44.59196076661548,0.0,0.0,21.530035462684292,7.535512411939502,9.688515958207931,-0.0,0.0,13.01357404786008,39.04072214358024,-0.0,0.0,0.6077433083116759,0.0,49.23434279851385,0.0,1.8860502942286974,66.44788240355396,0.0,0.0,0.0,0.0,0.0,0.0,15.83112623083189,14.82989178597658,13.374703558590024,7.064510734197663,2.2548396019890076,0.0,142.56,21.384,40.0,45.0,0.4468632186314273,0.3451723113449876,1.0,33.11803016229073,6.366011438840147,26.547691057634566,53.41617768111408,59.50198262534633,59.50198262534633,0.0,4.306007092536858,1.0765017731342146,80.7376329850661,0.0,0.0,0.0,0.0,7.105427357601002e-15,0.0,0.0,-0.0,0.1497937888448675,0.0,-0.5961872835614628,0.0
2,summer_commercial,夏季商业制冷日,75.0,16.75,0.25,53.45934131836809,11.648313479153636,38.46374617875871,0.0,0.0,0.0,13.181621726592164,46.04181698187912,0.0,0.0,25.100754682519607,8.785264138881862,11.295339607133824,-0.0,0.0,12.821248726252904,38.46374617875871,-0.0,0.0,1.7281128027321557,0.0,49.64230787202281,0.0,0.35297387201981145,66.32177060129435,0.0,0.0,0.0,0.0,0.0,0.0,16.367692087289825,14.850761870470437,13.287028566191712,7.006662746906379,2.2188675697091758,0.0,142.56,21.384,40.0,45.0,0.39506192327127276,0.35639519126183394,1.0,33.144791617388215,6.406572413534501,26.155347401555925,53.45934131836809,59.223438708471285,59.223438708471285,0.0,5.020150936503922,1.2550377341259804,94.12783005944853,0.0,0.0,0.0,0.0,0.0,0.0,0.0,0.0,1.2497517269423604,0.0,-0.5769759648215285,0.0
2,summer_commercial,夏季商业制冷日,75.0,17.0,0.25,53.772453865951086,11.784462441075263,37.845616030602606,0.0,0.0,0.0,11.282314776051747,45.17019256420122,0.0,0.0,28.416008232616882,9.945602881415908,12.787203704677598,-0.0,0.0,12.615205343534202,37.845616030602606,-0.0,0.0,0.010451012183568167,0.0,49.64230787202281,1.002741263602335,0.0,66.52676076609926,0.0,0.0,0.0,0.0,0.0,0.0,16.937257065050225,14.851545546059981,13.192169490081211,6.945969303480762,2.181940751190348,0.0,142.56,21.384,40.0,45.0,0.33813843750250167,0.34964822141116403,1.0,33.338921396889674,6.4814543425913955,25.735018900809774,53.772453865951086,56.45250734025297,56.45250734025297,0.0,5.683201646523377,1.4208004116308441,106.5600308723133,0.0,0.0,0.0,0.0,2.1316282072803006e-14,0.0,0.0,0.0,1.1603387425340461,0.0,-0.618130148156105,0.0
2,summer_commercial,夏季商业制冷日,75.0,17.25,0.25,54.07835057107072,12.10647842745467,36.9691959034743,0.0,0.0,0.0,9.58070369444744,40.694617447432655,0.0,0.0,31.739726398536146,11.10890423948765,14.282876879341266,-0.0,0.0,12.3230653011581,36.9691959034743,-0.0,0.0,0.0,5.017190490861076,48.31951246956051,2.1763984518865964,0.0,67.01039201803928,0.0,0.0,0.0,0.0,0.0,0.0,17.526103797182568,14.826954612261414,13.090819165559813,6.883018246991057,2.144388724825195,0.0,142.56,21.384,40.0,45.0,0.2871400277088,0.3150042052904445,1.0,33.52857735406385,6.658563135100069,25.139053214362526,54.07835057107072,50.2753211418801,50.2753211418801,0.0,6.347945279707229,1.5869863199268073,119.02397399451054,0.0,0.0,0.0,0.0,0.0,0.0,0.0,0.0,1.1633013580717417,0.0,-0.8764201271283056,0.0
2,summer_commercial,夏季商业制冷日,75.0,17.5,0.25,54.53987271808462,12.46905699244602,36.454344937776746,0.0,0.0,0.0,8.084518406639901,40.146016843518204,0.0,0.0,31.739726398536146,11.10890423948765,14.282876879341266,-0.0,0.0,12.15144831259225,36.454344937776746,-0.0,0.0,0.0,7.351881541031105,46.382390825244634,1.8138198868952458,0.0,67.40766904516789,0.0,0.0,0.0,0.0,0.0,0.0,18.11756173522022,14.772310664871231,12.98380129879141,6.81839631458311,2.106530659712633,0.0,142.56,21.384,40.0,45.0,0.24229836485187006,0.31075766095368645,1.0,33.81472108521246,6.857981345845312,24.78895455768819,54.53987271808462,48.230535250158105,48.230535250158105,0.0,6.347945279707229,1.5869863199268073,119.02397399451054,0.0,0.0,0.0,0.0,-7.105427357601002e-15,0.0,0.0,0.0,0.0,0.0,-0.5148509656975548,0.0
2,summer_commercial,夏季商业制冷日,75.0,17.75,0.25,54.739033588603505,12.469601751167566,35.70192047493701,0.0,0.0,0.0,6.565374416999166,37.10546383891167,0.0,0.0,31.739726398536146,11.10890423948765,14.282876879341266,-0.0,0.0,11.900640158312337,35.70192047493701,-0.0,0.0,0.0,11.85993125151736,43.259037165830385,1.8132751281737,0.0,67.80461805358657,0.0,0.0,0.0,0.0,0.0,0.0,18.692615981019294,14.683781813848869,12.872050395847415,6.752680268444092,2.068671053718672,0.0,142.56,21.384,40.0,45.0,0.19676861451297745,0.28722169863393304,1.0,33.93820082493417,6.858280963142162,24.27730592295717,54.739033588603505,43.67083825591084,43.67083825591084,0.0,6.347945279707229,1.5869863199268073,119.02397399451054,0.0,0.0,0.0,0.0,7.105427357601002e-15,0.0,0.0,0.0,0.0,0.0,-0.7524244628397341,0.0
2,summer_commercial,夏季商业制冷日,75.0,18.0,0.25,55.1655999862857,12.673607309310976,34.928965392106136,0.4449546578851473,0.0,0.4449546578851473,5.075751984168208,33.16539847254407,0.0,0.0,31.739726398536146,11.10890423948765,14.282876879341266,-0.0,0.0,11.642988464035378,34.928965392106136,-0.0,0.0,0.0,17.013579096236,38.77961655706788,1.6092695700302908,0.0,68.15291726744198,0.0,0.0,0.0,0.0,0.0,0.0,19.230769370474007,14.558576741148748,12.756587996795925,6.686428654497108,2.031095991035345,0.0,142.56,21.384,40.0,45.0,0.15212364476126441,0.2567228946796197,1.0,34.202671991497134,6.970484020121037,23.751696466632175,55.1655999862857,38.241150456712276,38.241150456712276,0.0,6.59267034154406,1.648167585386015,123.61256890395111,0.0,0.0,0.0,0.0,7.105427357601002e-15,0.0,0.0,0.4449546578851473,0.0,0.0,-0.772955082830876,0.0
2,summer_commercial,夏季商业制冷日,75.0,18.25,0.25,55.216282738494115,12.865727949393609,34.2872863033267,1.239060343278017,0.0,1.239060343278017,3.8216872970426534,33.462147196892026,0.0,0.0,31.739726398536146,11.10890423948765,14.282876879341266,-0.0,0.0,11.429095434442234,34.2872863033267,-0.0,0.0,0.0,17.013579096236,34.30041991933582,1.4171489299476576,0.0,68.45541367967083,0.0,0.0,0.0,0.0,0.0,0.0,19.71111178079266,14.395085702761358,12.638496270716306,6.620174344007675,1.9940699735316383,0.0,142.56,21.384,40.0,45.0,0.11453849647841405,0.25901993300919557,1.0,34.234095297866354,7.076150372166485,23.31535468626216,55.216282738494115,37.28383449393468,37.28383449393468,0.0,7.0294284685101385,1.7573571171275346,131.8017837845651,0.0,0.0,0.0,0.0,0.0,0.0,0.0,0.7941056853928696,0.0,0.0,-0.6416790887794335,0.0
2,summer_commercial,夏季商业制冷日,75.0,18.5,0.25,55.569380553951916,13.021024527077918,33.49392254448041,2.4704148268853747,0.0,2.4704148268853747,2.6826180376446866,33.458505201858344,0.0,0.0,31.739726398536146,11.10890423948765,14.282876879341266,-0.0,0.0,11.164640848160138,33.49392254448041,-0.0,0.0,0.0,17.013579096236,29.821447241435646,1.2618523522633485,0.0,68.72087590649355,0.0,0.0,0.0,0.0,0.0,0.0,20.113524139478418,14.192961404826635,12.518890110770762,6.554417984311854,1.9578333617716144,0.0,142.56,21.384,40.0,45.0,0.08039983723824451,0.25899174147372434,1.0,34.45301594345019,7.161563489892855,22.775867330246683,55.569380553951916,36.14112323950303,36.14112323950303,0.0,7.706673434494185,1.9266683586235462,144.50012689676598,0.0,0.0,0.0,0.0,7.105427357601002e-15,0.0,0.0,1.2313544836073578,0.0,0.0,-0.7933637588462901,0.0
2,summer_commercial,夏季商业制冷日,75.0,18.75,0.25,55.525793590897216,13.15677550470421,32.39122654813685,4.451411443132802,0.0,4.451411443132802,1.619580740271278,32.1293935878151,0.0,0.0,31.739726398536146,11.10890423948765,14.282876879341266,-0.0,0.0,10.797075516045616,32.39122654813685,-0.0,0.0,0.0,17.013579096236,25.342698512169363,1.1261013746370558,0.0,68.9539645450166,0.0,0.0,0.0,0.0,0.0,0.0,20.41992381186487,13.953136451817752,12.398888890148088,6.489622453680367,1.922600443223189,0.0,142.56,21.384,40.0,45.0,0.04853990619787713,0.24870350745199368,1.0,34.425992026356276,7.236226527587316,22.02603405273306,55.525793590897216,33.748974328086376,33.748974328086376,0.0,8.79622157343027,2.1990553933575674,164.92915450181755,0.0,0.0,0.0,0.0,0.0,0.0,0.0,1.980996616247427,0.0,0.0,-1.102695996343563,0.0
2,summer_commercial,夏季商业制冷日,75.0,19.0,0.25,55.592724608090464,13.306991077217631,31.454021104684823,4.691387537635897,0.0,4.691387537635897,0.7691877983465643,32.49433963794596,0.0,0.0,31.739726398536146,11.10890423948765,14.282876879341266,-0.0,0.0,10.484673701561608,31.454021104684823,-0.0,0.0,0.0,17.013579096236,20.864173720339544,0.975885802123635,0.0,69.15126044074846,0.0,0.0,0.0,0.0,0.0,0.0,20.6154462086356,13.677777992550384,12.279589001575207,6.426208383100325,1.8885581275123642,0.0,142.56,21.384,40.0,45.0,0.023053067162332436,0.251528439782267,1.0,34.46748925701609,7.318845092469698,21.388734351185683,55.592724608090464,33.26352743629253,33.26352743629253,0.0,8.928208425406973,2.2320521063517433,167.40390797638074,0.0,0.0,0.0,0.0,0.0,0.0,0.0,0.23997609450309554,0.0,0.0,-0.9372054434520258,0.0
2,summer_commercial,夏季商业制冷日,75.0,19.25,0.25,55.06839191887619,13.415604069940352,30.37107439469256,3.794905501451137,0.0,3.794905501451137,0.23584487225335113,35.417744760876936,0.0,0.0,31.739726398536146,11.10890423948765,14.282876879341266,-0.0,0.0,10.12369146489752,30.37107439469256,-0.0,0.0,0.0,14.634684009704632,17.011897877520727,0.8672728094009141,0.0,69.3226621027608,0.0,0.0,0.0,0.0,0.0,0.0,20.68945685519949,13.370183983431371,12.162038210481265,6.364550775640581,1.8558652521421384,0.0,142.56,21.384,40.0,45.0,0.007068426841449392,0.27415759727908934,1.0,34.142402989703236,7.378582238467194,20.652330588390942,55.06839191887619,35.65358963313029,35.65358963313029,0.0,8.435143305505354,2.1087858263763386,158.1589369782254,0.0,0.0,0.0,0.0,0.0,0.0,0.0,-0.8964820361847603,0.0,0.0,-1.0829467099922638,0.0
2,summer_commercial,夏季商业制冷日,75.0,19.5,0.25,54.550416841908564,13.479772269296195,29.488671828947314,3.794905501451137,0.0,3.794905501451137,-0.0,35.88659422583997,0.0,0.0,31.739726398536146,11.10890423948765,14.282876879341266,-0.0,0.0,9.829557276315771,29.488671828947314,-0.0,0.0,0.0,13.589570151445582,13.434844611193803,0.8031046100450716,0.0,69.47873811659512,0.0,0.0,0.0,0.0,0.0,0.0,20.636299627902776,13.034628869736677,12.047212713111756,6.304976723146637,1.8246524673583497,0.0,142.56,21.384,40.0,45.0,0.0,0.27778681318957943,1.0,33.82125844198331,7.4138747481129075,20.052296843684175,54.550416841908564,35.88659422583997,35.88659422583997,0.0,8.435143305505354,2.1087858263763386,158.1589369782254,0.0,0.0,0.0,0.0,7.105427357601002e-15,0.0,0.0,0.0,0.0,0.0,-0.8824025657452452,0.0
2,summer_commercial,夏季商业制冷日,75.0,19.75,0.25,53.760625281618196,13.397320108085005,28.44780544891916,3.794905501451137,0.0,3.794905501451137,-0.0,37.29757433788083,0.0,0.0,31.739726398536146,11.10890423948765,14.282876879341266,-0.0,0.0,9.482601816306387,28.44780544891916,-0.0,0.0,0.0,11.041843019104963,10.528424706040884,0.8855567712562618,0.0,69.65431848071019,0.0,0.0,0.0,0.0,0.0,0.0,20.455709546283863,12.676169216773264,11.935997616519531,6.247764191248742,1.795022656174443,0.0,142.56,21.384,40.0,45.0,0.0,0.2887087654464889,1.0,33.331587674603284,7.368526059446753,19.34450770526503,53.760625281618196,37.29757433788083,37.29757433788083,0.0,8.435143305505354,2.1087858263763386,158.1589369782254,0.0,0.0,0.0,0.0,7.105427357601002e-15,0.0,0.0,0.0,0.0,0.0,-1.040866380028156,0.0
2,summer_commercial,夏季商业制冷日,75.0,20.0,0.25,53.11496147888345,13.54180905981207,27.257124727536993,3.794905501451137,0.0,3.794905501451137,-0.0,39.656517254261196,0.0,0.0,31.739726398536146,11.10890423948765,14.282876879341266,-0.0,0.0,9.08570824251233,27.257124727536993,-0.0,0.0,0.0,7.640342726195801,8.51728177791195,0.7410678195291958,0.0,69.79549492860802,0.0,0.0,0.0,0.0,0.0,0.0,20.1528499510045,12.30042172597082,11.8291713594307,6.1931418178771125,1.7670518352263433,0.0,142.56,21.384,40.0,45.0,0.0,0.30696859894067985,1.0,32.93127611690774,7.447994982896639,18.534844814725158,53.11496147888345,39.656517254261196,39.656517254261196,0.0,8.435143305505354,2.1087858263763386,158.1589369782254,0.0,0.0,0.0,0.0,0.0,0.0,0.0,0.0,0.0,0.0,-1.190680721382165,0.0
2,summer_commercial,夏季商业制冷日,75.0,20.25,0.25,52.062546468431954,13.51560578908219,26.23487097498494,3.794905501451137,0.0,3.794905501451137,-0.0,39.60745410414603,0.0,0.0,31.739726398536146,11.10890423948765,14.282876879341266,-0.0,0.0,8.744956991661647,26.23487097498494,-0.0,0.0,0.0,6.296239615008783,6.859950751978637,0.7672710902590758,0.0,69.94282406508026,0.0,0.0,0.0,0.0,0.0,0.0,19.737970326362728,11.913327043087309,11.727394384068832,6.141289648305275,1.7407904742722486,0.0,142.56,21.384,40.0,45.0,0.0,0.3065888165620634,1.0,32.27877881042781,7.433583183995205,17.83971226298976,52.062546468431954,39.60745410414603,39.60745410414603,0.0,8.435143305505354,2.1087858263763386,158.1589369782254,0.0,0.0,0.0,0.0,0.0,0.0,0.0,0.0,0.0,0.0,-1.0222537525520536,0.0
2,summer_commercial,夏季商业制冷日,75.0,20.5,0.25,50.82901701181001,13.460176854362299,25.255447055758715,3.794905501451137,0.0,3.794905501451137,-0.0,40.731518728404396,0.0,0.0,31.739726398536146,11.10890423948765,14.282876879341266,-0.0,0.0,8.418482351919572,25.255447055758715,-0.0,0.0,0.0,3.612170894386398,5.9090364664446176,0.8227000249789675,0.0,70.10324390898023,0.0,0.0,0.0,0.0,0.0,0.0,19.22571792332078,11.520912784231822,11.631202161374672,6.0923407116461,1.7162651668298874,0.0,142.56,21.384,40.0,45.0,0.0,0.31528984647386926,1.0,31.513990547322205,7.4030972698992645,17.17370399791593,50.82901701181001,40.731518728404396,40.731518728404396,0.0,8.435143305505354,2.1087858263763386,158.1589369782254,0.0,0.0,0.0,0.0,0.0,0.0,0.0,0.0,0.0,0.0,-0.9794239192262246,0.0
2,summer_commercial,夏季商业制冷日,75.0,20.75,0.25,49.45549319240351,13.22240632147879,24.45254418186268,3.794905501451137,0.0,3.794905501451137,-0.0,41.211497368255664,0.0,0.0,31.739726398536146,11.10890423948765,14.282876879341266,-0.0,0.0,8.150848060620893,24.45254418186268,-0.0,0.0,0.0,1.4910341438299528,5.51636360835024,1.0604705578624767,0.0,70.32005404451809,0.0,0.0,0.0,0.0,0.0,0.0,18.634169111584043,11.129068326507944,11.541002476848133,6.046383329976434,1.6934805816070466,0.0,142.56,21.384,40.0,45.0,0.0,0.3190052098188631,1.0,30.662405779290175,7.272323476813335,16.627730043666624,49.45549319240351,41.211497368255664,41.211497368255664,0.0,8.435143305505354,2.1087858263763386,158.1589369782254,0.0,0.0,0.0,0.0,0.0,0.0,0.0,0.0,0.0,0.0,-0.8029028738960342,0.0
2,summer_commercial,夏季商业制冷日,75.0,21.0,0.25,48.3733118913656,13.259257136546545,23.480688864802286,3.5980307814818673,0.0,3.5980307814818673,-0.0,42.60416358261228,0.0,0.0,28.565753758682533,9.998013815538885,12.85458919140714,-0.0,0.0,7.826896288267428,23.480688864802286,-0.0,0.0,0.0,0.0,5.516087790169821,0.0,0.40466794513940485,70.17840245298547,0.0,0.0,0.0,0.0,0.0,0.0,17.983671069494836,10.743342259340881,11.457076710910421,6.003464041952302,1.6724216238937528,0.0,142.56,21.384,40.0,45.0,0.0,0.3297853999669814,1.0,29.991453372646674,7.2925914251006,15.966868428065556,48.3733118913656,42.60416358261228,42.60416358261228,0.0,7.692067681551533,1.9230169203878833,144.22626902909124,0.0,0.0,0.0,0.0,0.0,0.0,0.0,-0.19687471996926975,-1.1108904239487654,0.0,-0.9718553170603954,0.0
2,summer_commercial,夏季商业制冷日,75.0,21.25,0.25,46.9607812340069,13.189798585477929,22.47340536193337,0.6058430804733135,0.0,0.6058430804733135,-0.0,45.09781118558152,0.0,0.0,24.995034538847214,8.748262088596524,11.247765542481247,-0.0,0.0,7.491135120644457,22.47340536193337,-0.0,0.0,0.0,0.0,5.515811985780313,0.0,1.9420330429966821,69.6322519246546,0.0,0.0,0.0,0.0,0.0,0.0,17.295598248815807,10.368771149385628,11.379584703508304,5.963591017812332,1.6530557377363582,0.0,142.56,21.384,40.0,45.0,0.0,0.34908793997641707,1.0,29.115684365084277,7.254389222012861,15.281915646114692,46.9607812340069,45.09781118558152,45.09781118558152,0.0,5.332220602029766,1.3330551505074415,99.97913628805811,0.0,0.0,0.0,0.0,0.0,0.0,0.0,-2.992187701008554,-1.2497517269423604,0.0,-1.0072835028689155,0.0
2,summer_commercial,夏季商业制冷日,75.0,21.5,0.25,45.8594007487002,13.088807041543781,21.68862710037906,0.0,0.0,0.0,-0.0,46.75701915928744,0.0,0.0,21.424315319011896,7.498510361654163,9.640941893555354,-0.0,0.0,7.229542366793019,21.68862710037906,-0.0,0.0,1.1665864054483777,0.0,5.7926004664750135,0.0,3.447865147988427,68.69010286501111,0.0,0.0,0.0,0.0,0.0,0.0,16.59112984864744,10.009745649848288,11.308572682495774,5.926737841814067,1.6353352832366128,0.0,142.56,21.384,40.0,45.0,0.0,0.3619313458603511,1.0,28.432828464194127,7.19884387284908,14.748266428257761,45.8594007487002,46.75701915928744,46.75701915928744,0.0,4.284863063802379,1.0712157659505948,80.34118244629461,0.0,0.0,0.0,0.0,0.0,0.0,0.0,-0.6058430804733135,-1.2497517269423613,0.0,-0.7847782615543117,0.0
2,summer_commercial,夏季商业制冷日,75.0,21.75,0.25,44.545305898747124,12.987132114102279,21.01726803391011,0.0,0.0,0.0,-0.0,48.13169912132965,0.0,0.0,17.85359609917658,6.248758634711803,8.034118244629461,-0.0,0.0,7.00575601130337,21.01726803391011,-0.0,0.0,2.829395845990966,0.0,6.464292349874544,0.0,4.953013869472818,67.35233311108577,0.0,0.0,0.0,0.0,0.0,0.0,15.890144801200037,9.669917210172176,11.243983661466974,5.892847541038627,1.6191999284026473,0.0,142.56,21.384,40.0,45.0,0.0,0.37257231009920094,1.0,27.618089657223216,7.142922662756254,14.291742263058875,44.545305898747124,48.13169912132965,48.13169912132965,0.0,3.5707192198353166,0.8926798049588291,66.95098537191218,0.0,0.0,0.0,0.0,0.0,0.0,0.0,0.0,-1.2497517269423604,0.0,-0.6713590664689484,0.0
2,summer_commercial,夏季商业制冷日,75.0,22.0,0.25,43.3858820548181,13.01126488701425,20.219708333342655,2.1727919834293155,0.0,2.1727919834293155,-0.0,50.0719134066333,0.0,0.0,14.282876879341266,4.999006907769442,6.42729459570357,-0.0,0.0,6.739902777780885,20.219708333342655,-0.0,0.0,7.117927465233075,0.0,8.154476908249906,0.0,6.5839702913106795,65.586033183659,0.0,0.0,0.0,0.0,0.0,0.0,15.210311521702177,9.35214593197582,11.18566967513114,5.861836745664072,1.6045790012890015,0.0,62.0,9.299999999999999,40.0,45.0,0.0,0.3875908972581718,1.0,26.89924687398722,7.156195687857838,13.749401666673007,43.3858820548181,50.0719134066333,50.0719134066333,0.0,4.051610966754377,1.0129027416885943,75.96770562664457,0.0,0.0,0.0,0.0,0.0,0.0,0.0,2.1727919834293155,-1.2497517269423604,0.0,-0.7975597005674544,0.0
2,summer_commercial,夏季商业制冷日,75.0,22.25,0.25,42.67109106518706,12.826988749963471,19.642394466539482,2.1727919834293155,0.0,2.1727919834293155,-0.0,52.040243781510036,0.0,0.0,10.71215765950595,3.749255180827082,4.820470946777678,-0.0,0.0,6.547464822179827,19.642394466539482,-0.0,0.0,8.743735058399546,0.0,10.230706260774385,0.0,8.006517803185794,63.44626179780775,0.0,0.0,0.0,0.0,0.0,0.0,14.566424019067494,9.05848766272033,11.133405216853182,5.833599874704633,1.5913937553560473,0.0,62.0,9.299999999999999,40.0,45.0,0.0,0.40282712220335076,1.0,26.45607646041598,7.05484381247991,13.356828237246848,42.67109106518706,52.040243781510036,52.040243781510036,0.0,3.337467122787314,0.8343667806968285,62.57750855226213,0.0,0.0,0.0,0.0,0.0,1.7763568394002505e-15,0.0,0.0,-1.2497517269423604,0.0,-0.5773138668031734,0.0
2,summer_commercial,夏季商业制冷日,75.0,22.5,0.25,41.49483564353291,12.807773111616655,19.07503283232107,2.1727919834293155,0.0,2.1727919834293155,-0.0,51.22707823360809,0.0,0.0,7.141438439670633,2.499503453884721,3.213647297851785,-0.0,0.0,6.358344277440357,19.07503283232107,-0.0,0.0,8.046193749948857,0.0,12.1411657410742,0.0,9.594125813764869,60.889768715918095,0.0,0.0,0.0,0.0,0.0,0.0,13.970007574155687,8.790216369867089,11.086901269739792,5.808013252255753,1.5795595087182277,0.0,62.0,9.299999999999999,40.0,45.0,0.0,0.3965326640353313,1.0,25.726798098990404,7.04427521138916,12.971022325978328,41.49483564353291,51.22707823360809,51.22707823360809,0.0,2.6233232788202505,0.6558308197050626,49.187311477879696,0.0,0.0,0.0,0.0,0.0,0.0,0.0,0.0,-1.2497517269423608,0.0,-0.5673616342184111,0.0
2,summer_commercial,夏季商业制冷日,75.0,22.75,0.25,40.749062834562096,12.663105552076336,18.56684666963737,2.1727919834293155,0.0,2.1727919834293155,-0.0,53.561331665130666,0.0,0.0,3.5707192198353166,1.2497517269423606,1.6068236489258925,-0.0,0.0,6.188948889879124,18.56684666963737,-0.0,0.0,10.045863651061127,0.0,14.526451299914164,0.0,11.056281903150444,57.94977596231001,0.0,0.0,0.0,0.0,0.0,0.0,13.429189713014853,8.547876295826716,11.045819374464855,5.784939071873083,1.5689876259172395,0.0,62.0,9.299999999999999,40.0,45.0,0.0,0.41460138401022933,1.0,25.2644189574285,6.964708053641986,12.625455735353414,40.749062834562096,53.561331665130666,53.561331665130666,0.0,1.909179434853187,0.47729485871329674,35.797114403497254,0.0,0.0,0.0,0.0,0.0,0.0,0.0,0.0,-1.2497517269423606,0.0,-0.5081861626836996,0.0
2,summer_commercial,夏季商业制冷日,75.0,23.0,0.25,40.24450424549429,12.758183560000928,18.245016293093904,2.1727919834293155,0.0,2.1727919834293155,-0.0,55.011125268588785,0.0,0.0,-0.0,-0.0,-0.0,-0.0,0.0,6.081672097697968,18.245016293093904,-0.0,0.0,10.857740908825841,0.0,17.104438443195306,0.0,12.758183560000928,54.56338434801282,0.0,0.0,0.0,0.0,0.0,0.0,12.948808732370972,8.331357405875728,11.00978524794961,5.764229140256898,1.5595873187619862,0.0,62.0,9.299999999999999,40.0,45.0,0.0,0.42582377926882653,1.0,24.95159263220646,7.017000958000511,12.406611079303856,40.24450424549429,55.011125268588785,55.011125268588785,0.0,1.1950355908861237,0.2987588977215309,22.40691732911482,0.0,0.0,0.0,0.0,0.0,0.0,0.0,0.0,-1.2497517269423606,0.0,-0.3218303765434669,0.0
2,summer_commercial,夏季商业制冷日,75.0,23.25,0.25,39.407492563021385,12.542501013254464,17.86376078659694,2.1727919834293155,0.0,2.1727919834293155,-0.0,56.539818006730435,0.0,0.0,0.0,-0.0,-0.0,-0.0,0.0,5.954586928865647,17.86376078659694,-0.0,0.0,13.35053049827272,0.0,20.274334214612917,0.0,12.542501013254464,51.235444494456075,0.0,0.0,0.0,0.0,0.0,0.0,12.530714753909406,8.139987205333004,10.978401550785753,5.745728345355169,1.5512672503706577,0.0,62.0,9.299999999999999,40.0,45.0,0.0,0.4376569078572356,1.0,24.432645389073258,6.898375557289956,12.147357334885921,39.407492563021385,56.539818006730435,56.539818006730435,0.0,1.1950355908861237,0.2987588977215309,22.40691732911482,0.0,0.0,0.0,0.0,0.0,0.0,0.0,0.0,0.0,0.0,-0.38125550649696294,0.0
2,summer_commercial,夏季商业制冷日,75.0,23.5,0.25,38.786301546958256,12.46944052425853,17.564879916204664,2.1727919834293155,0.0,2.1727919834293155,-0.0,57.19450153402718,0.0,0.0,0.0,-0.0,-0.0,-0.0,-0.0,5.8549599720682215,17.564879916204664,-0.0,0.0,14.726031998430019,0.0,23.770753097529315,0.0,12.46944052425853,47.92839505529871,0.0,0.0,0.0,0.0,0.0,0.0,12.174208270260884,7.972632073124122,10.951259491787086,5.729277807833476,1.5439369336234074,0.0,62.0,9.299999999999999,40.0,45.0,0.0,0.44272460666283936,1.0,24.04750695911412,6.858192288342193,11.944118343019172,38.786301546958256,57.19450153402718,57.19450153402718,0.0,1.1950355908861237,0.2987588977215309,22.40691732911482,0.0,0.0,0.0,0.0,0.0,0.0,0.0,0.0,0.0,-0.0,-0.29888087039227784,0.0
2,summer_commercial,夏季商业制冷日,75.0,23.75,0.25,38.35750319100279,12.383165867906888,17.372848355082255,2.1727919834293155,0.0,2.1727919834293155,-0.0,58.015641160434384,0.0,0.0,0.0,-0.0,-0.0,-0.0,-0.0,5.790949451694085,17.372848355082255,-0.0,0.0,16.039980501166827,0.0,27.57905992890156,0.0,12.383165867906888,44.64570299779557,0.0,0.0,0.0,0.0,0.0,0.0,11.876558385707586,7.827801757402305,10.92794904964467,5.71471768814865,1.5375079216242937,0.0,62.0,9.299999999999999,40.0,45.0,0.0,0.44908078965885895,1.0,23.78165197842173,6.810741227348789,11.813536881455933,38.35750319100279,58.015641160434384,58.015641160434384,0.0,1.1950355908861237,0.2987588977215309,22.40691732911482,0.0,0.0,0.0,0.0,-7.105427357601002e-15,0.0,0.0,0.0,0.0,0.0,-0.19203156112240904,0.0
3,autumn_processing,秋季农产品加工日,60.0,0.0,0.25,40.25132509561056,25.739171306944982,7.376727240491255,0.0,2.8086124623641027,-2.8086124623641027,-0.0,57.201662781321915,0.0,0.0,1.5794497314910196,0.5528074060218569,0.7107523791709589,11.151041362823179,35.683332361034175,2.458909080163752,7.376727240491255,-0.0,0.0,1.0845821863821783,0.0,27.835269245170885,10.654913433260152,0.0,47.153922086695964,0.0,0.0,0.0,0.0,0.0,0.0,10.000230459329856,5.508627751869952,11.625870429315905,5.1785218607002745,8.00707135563148,0.0,52.0,7.8,42.5,45.0,0.0,0.44278003962067164,1.0,28.175927566927392,18.532203341000386,4.5735708891045785,40.25132509561056,57.201662781321915,57.201662781321915,0.0,0.31588994629820394,0.07897248657455098,4.738349194473059,0.0,0.0,0.0,0.0,0.0,-3.552713678800501e-15,0.0,-7.5,-1.2497517269423606,-7.105427357601002e-15,-0.5199689854176333,0.0
3,autumn_processing,秋季农产品加工日,60.0,0.25,0.25,40.286179239393846,25.82779585896685,7.204733015291426,0.0,4.819408171328819,-4.819408171328819,-0.0,60.43042517672013,0.0,0.0,0.0,-0.0,-0.0,11.151041362823179,35.683332361034175,2.4015776717638087,7.204733015291426,-0.0,0.0,1.772218731410474,0.0,28.254779430418612,9.855536502067324,0.0,49.471035044893604,0.0,0.0,0.0,0.0,0.0,0.0,10.002573497766807,5.511389523958711,11.640018860480977,5.17937447421421,8.009844404749426,0.0,52.0,7.8,42.5,45.0,0.0,0.46777287150434504,1.0,28.20032546757569,18.596013018456134,4.466934469480684,40.286179239393846,60.43042517672013,60.43042517672013,0.0,0.0,0.0,0.0,0.0,0.0,0.0,0.0,0.0,0.0,0.0,-2.010795708964716,-0.5528074060218569,0.0,-0.1719942251998292,0.0
3,autumn_processing,秋季农产品加工日,60.0,0.5,0.25,40.15470166797393,26.138112780262137,7.110948828281458,0.0,4.819408171328819,-4.819408171328819,-0.0,62.38403646007335,0.0,0.0,0.0,-0.0,-0.0,11.151041362823179,35.683332361034175,2.3703162760938192,7.110948828281458,-0.0,0.0,3.8885689818536004,0.0,29.176901824637323,9.545219580772038,0.0,51.71328917780452,0.0,0.0,0.0,0.0,0.0,0.0,10.009349150666443,5.514943859784401,11.656345069569939,5.1804123152455706,8.013596124629373,0.0,52.0,7.8,42.5,45.0,0.0,0.48289516060201415,1.0,28.10829116758175,18.819441201788738,4.408788273534504,40.15470166797393,62.38403646007335,62.38403646007335,0.0,0.0,0.0,0.0,0.0,0.0,0.0,0.0,0.0,0.0,0.0,0.0,0.0,0.0,-0.09378418700996782,0.0
3,autumn_processing,秋季农产品加工日,60.0,0.75,0.25,40.22019066795745,26.248700448591936,7.00107201112822,0.0,4.819408171328819,-4.819408171328819,-0.0,64.76324272988978,0.0,0.0,0.0,-0.0,-0.0,11.151041362823179,35.683332361034175,2.333690670376073,7.00107201112822,-0.0,0.0,6.2389118574042595,0.0,30.657184545679602,9.434631912442239,0.0,53.928157612420655,0.0,0.0,0.0,0.0,0.0,0.0,10.020641493680687,5.519488090340794,11.675090595162596,5.181670276630986,8.018628585602091,0.0,52.0,7.8,42.5,45.0,0.0,0.5013118463274343,1.0,28.154133467570215,18.899064322986195,4.340664646899496,40.22019066795745,64.76324272988978,64.76324272988978,0.0,0.0,0.0,0.0,0.0,0.0,0.0,0.0,0.0,0.0,0.0,0.0,0.0,0.0,-0.10987681715323827,0.0
3,autumn_processing,秋季农产品加工日,60.0,1.0,0.25,40.03926823105838,26.42301102720145,7.079814400484969,0.0,4.819408171328819,-4.819408171328819,-0.0,65.69669327612881,0.0,0.0,0.0,-0.0,-0.0,11.151041362823179,35.683332361034175,2.3599381334949894,7.079814400484969,-0.0,0.0,7.3270373774234425,0.0,32.395823063590385,9.260321333832724,0.0,56.10051985039972,0.0,0.0,0.0,0.0,0.0,0.0,10.036583118789409,5.525259519071628,11.696506231371472,5.18318857146193,8.025321177756105,0.0,52.0,7.8,42.5,45.0,0.0,0.5085373927495327,1.0,28.027487761740865,19.024567939585044,4.38948492830068,40.03926823105838,65.69669327612881,65.69669327612881,0.0,0.0,0.0,0.0,0.0,0.0,0.0,0.0,0.0,0.0,0.0,0.0,0.0,0.0,0.07874238935674871,0.0
3,autumn_processing,秋季农产品加工日,60.0,1.25,0.25,40.167200905626935,26.69087009384371,7.12150396499166,0.0,4.819408171328819,-4.819408171328819,-0.0,66.78545392006463,0.0,0.0,0.0,-0.0,-0.0,11.151041362823179,35.683332361034175,2.37383465499722,7.12150396499166,-0.0,0.0,8.273968825288476,0.0,34.35927086844322,8.992462267190465,0.0,58.208179378932265,0.0,0.0,0.0,0.0,0.0,0.0,10.05738739604516,5.532540945684865,11.720849024039383,5.1850132711982955,8.03414502534278,0.0,52.0,7.8,42.5,45.0,0.0,0.516965145678714,1.0,28.117040633938853,19.21742646756747,4.415332458294829,40.167200905626935,66.78545392006463,66.78545392006463,0.0,0.0,0.0,0.0,0.0,0.0,0.0,0.0,0.0,0.0,0.0,0.0,0.0,0.0,0.041689564506691035,0.0
3,autumn_processing,秋季农产品加工日,60.0,1.5,0.25,40.212386441395445,26.88239179584925,7.069825991963142,0.0,4.819408171328819,-4.819408171328819,-0.0,66.43739938390196,0.0,0.0,0.0,-0.0,-0.0,11.151041362823179,35.683332361034175,2.3566086639877137,7.069825991963142,-0.0,0.0,7.897954744366805,0.0,36.233317156686915,8.800940565184924,0.0,60.269298673474225,0.0,0.0,0.0,0.0,0.0,0.0,10.083391339407553,5.541666264799497,11.748378621679441,5.187196840685258,8.045678388943415,0.0,52.0,7.8,42.5,45.0,0.0,0.5142709652332711,1.0,28.14867050897681,19.35532209301146,4.383292115017148,40.212386441395445,66.43739938390196,66.43739938390196,0.0,0.0,0.0,0.0,0.0,0.0,0.0,0.0,0.0,0.0,0.0,0.0,0.0,0.0,-0.051677973028517954,0.0
3,autumn_processing,秋季农产品加工日,60.0,1.75,0.25,40.14254346709747,27.227651066596387,7.280883717017881,0.0,4.819408171328819,-4.819408171328819,-0.0,66.2651613283903,0.0,0.0,0.0,-0.0,-0.0,11.151041362823179,35.683332361034175,2.4269612390059603,7.280883717017881,-0.0,0.0,7.725207088134878,0.0,38.06624217426111,8.455681294437788,0.0,62.24738833156647,0.0,0.0,0.0,0.0,0.0,0.0,10.115109715811682,5.553025929154917,11.77935297923482,5.189798655513758,8.060622557272982,0.0,52.0,7.8,42.5,45.0,0.0,0.5129377247410289,1.0,28.099780426968227,19.6039087679494,4.514147904551086,40.14254346709747,66.2651613283903,66.2651613283903,0.0,0.0,0.0,0.0,0.0,0.0,0.0,0.0,0.0,0.0,0.0,0.0,0.0,0.0,0.2110577250547392,0.0
3,autumn_processing,秋季农产品加工日,60.0,2.0,0.25,40.26073255550269,27.344178287265287,7.416257874785805,0.0,4.819408171328819,-4.819408171328819,-0.0,68.49794909537877,0.0,0.0,0.0,-0.0,-0.0,11.151041362823179,35.683332361034175,2.472085958261935,7.416257874785805,-0.0,0.0,9.794681047462147,0.0,40.39057561092466,8.339154073768889,0.0,64.1968137299208,0.0,0.0,0.0,0.0,0.0,0.0,10.153299311641868,5.5670720125138695,11.814023434895214,5.1928854844265695,8.079817524807646,0.0,52.0,7.8,42.5,45.0,0.0,0.5302210309923032,1.0,28.18251278885188,19.687808366831007,4.598079882367199,40.26073255550269,68.49794909537877,68.49794909537877,0.0,0.0,0.0,0.0,0.0,0.0,0.0,0.0,0.0,0.0,0.0,0.0,0.0,0.0,0.13537415776792372,0.0
3,autumn_processing,秋季农产品加工日,60.0,2.25,0.25,40.516851518153466,27.76776867744947,7.4061378530442825,0.0,4.819408171328819,-4.819408171328819,-0.0,67.1898251309349,0.0,0.0,0.0,-0.0,-0.0,11.151041362823179,35.683332361034175,2.4687126176814274,7.4061378530442825,-0.0,0.0,8.233811460948017,0.0,42.344086304119266,7.915563683584704,0.0,66.04466169790722,0.0,0.0,0.0,0.0,0.0,0.0,10.199029566159561,5.5843225517373,11.852629205484138,5.196531916720409,8.104256526605523,0.0,52.0,7.8,42.5,45.0,0.0,0.5200952557500783,1.0,28.361796062707423,19.992793447763617,4.591805468887455,40.516851518153466,67.1898251309349,67.1898251309349,0.0,0.0,0.0,0.0,0.0,0.0,0.0,0.0,0.0,0.0,0.0,0.0,0.0,0.0,-0.010120021741522045,0.0
3,autumn_processing,秋季农产品加工日,60.0,2.5,0.25,40.704863829952316,28.287081694513958,7.504529201906868,0.0,4.819408171328819,-4.819408171328819,-0.0,67.30794531595843,0.0,0.0,0.0,-0.0,-0.0,11.151041362823179,35.683332361034175,2.501509733968956,7.504529201906868,-0.0,0.0,8.131122217885162,0.0,44.273110626551784,7.396250666520217,0.0,67.76824890035682,0.0,0.0,0.0,0.0,0.0,0.0,10.253752091964921,5.605364793957556,11.89539137376926,5.200820711933314,8.135098269852099,0.0,52.0,7.8,42.5,45.0,0.0,0.5210095868667219,1.0,28.49340468096662,20.36669882005005,4.652808105182258,40.704863829952316,67.30794531595843,67.30794531595843,0.0,0.0,0.0,0.0,0.0,0.0,0.0,0.0,0.0,0.0,0.0,0.0,0.0,0.0,0.09839134886258538,0.0
3,autumn_processing,秋季农产品加工日,60.0,2.75,0.25,41.09399573921054,28.4450880457768,7.416108746507095,0.0,4.819408171328819,-4.819408171328819,-0.0,65.85154632946859,0.0,0.0,0.0,-0.0,-0.0,11.151041362823179,35.683332361034175,2.4720362488356984,7.416108746507095,-0.0,0.0,6.3150648072703515,0.0,45.770724862747166,7.238244315257376,0.0,69.45344780078028,0.0,0.0,0.0,0.0,0.0,0.0,10.319357187532734,5.630856927221694,11.942506470666501,5.205843046657778,8.173675479634962,0.0,52.0,7.8,42.5,45.0,0.0,0.5097360614203245,1.0,28.765797017447376,20.480463392959294,4.597987422834398,41.09399573921054,65.85154632946859,65.85154632946859,0.0,0.0,0.0,0.0,0.0,0.0,0.0,0.0,0.0,0.0,0.0,0.0,0.0,0.0,-0.08842045539977317,0.0
3,autumn_processing,秋季农产品加工日,60.0,3.0,0.25,41.290383384030164,28.979428624131092,7.388968779751464,0.0,4.819408171328819,-4.819408171328819,-0.0,65.9792754924637,0.0,0.0,0.0,-0.0,-0.0,11.151041362823179,35.683332361034175,2.4629895932504877,7.388968779751464,-0.0,0.0,6.255452981031047,0.0,47.2541064094989,6.703903736903083,0.0,71.01089821439437,0.0,0.0,0.0,0.0,0.0,0.0,10.398200924913274,5.661527835970989,11.994139785701867,5.211698631222615,8.22149818566607,0.0,52.0,7.8,42.5,45.0,0.0,0.5107247726063594,1.0,28.903268368821113,20.865188609374385,4.581160643445908,41.290383384030164,65.9792754924637,65.9792754924637,0.0,0.0,0.0,0.0,0.0,0.0,0.0,0.0,0.0,0.0,0.0,0.0,0.0,0.0,-0.02713996675563113,0.0
3,autumn_processing,秋季农产品加工日,60.0,3.25,0.25,41.6146826601934,29.44830302452554,7.2669716861916,0.0,4.819408171328819,-4.819408171328819,-0.0,63.19476111178763,0.0,0.0,0.0,-0.0,-0.0,11.151041362823179,35.683332361034175,2.4223238953972,7.2669716861916,-0.0,0.0,3.187305022045029,0.0,48.00872864691412,6.235029336508635,0.0,72.45621223270798,0.0,0.0,0.0,0.0,0.0,0.0,10.493082784548367,5.698174401310606,12.050418569044123,5.218495667393227,8.28025004248385,0.0,52.0,7.8,42.5,45.0,0.0,0.489170724562101,1.0,29.13027786213538,21.202778177658388,4.5055224454387925,41.6146826601934,63.19476111178763,63.19476111178763,0.0,0.0,0.0,0.0,0.0,0.0,0.0,0.0,0.0,0.0,0.0,0.0,0.0,0.0,-0.12199709355986332,0.0
3,autumn_processing,秋季农产品加工日,60.0,3.5,0.25,42.37552056986903,29.818001242454663,7.0802665896187715,0.0,4.819408171328819,-4.819408171328819,-0.0,65.43855674297734,0.0,0.0,0.0,-0.0,-0.0,11.151041362823179,35.683332361034175,2.3600888632062573,7.0802665896187715,-0.0,0.0,4.732497775750053,0.0,49.130296432222416,5.865331118579512,0.0,73.81300026725427,0.0,0.0,0.0,0.0,0.0,0.0,10.607152462632039,5.7416558654963765,12.111425316519579,5.226350617313072,8.35177592606901,0.0,52.0,7.8,42.5,45.0,0.0,0.5065392392200924,1.0,29.66286439890832,21.468960894567356,4.389765285563638,42.37552056986903,65.43855674297734,65.43855674297734,0.0,0.0,0.0,0.0,0.0,0.0,0.0,0.0,0.0,0.0,0.0,0.0,0.0,0.0,-0.18670509657282874,0.0
3,autumn_processing,秋季农产品加工日,60.0,3.75,0.25,42.89005095406277,30.47826221400652,7.087099751107872,0.0,4.819408171328819,-4.819408171328819,-0.0,62.14606989076233,0.0,0.0,0.0,-0.0,-0.0,11.151041362823179,35.683332361034175,2.362366583702624,7.087099751107872,-0.0,0.0,0.923202818844933,0.0,49.34710058687648,5.205070147027655,0.0,75.01229792703971,0.0,0.0,0.0,0.0,0.0,0.0,10.743726880835009,5.79288480563595,12.177191353710693,5.235387753815113,8.438059113425217,0.0,52.0,7.8,42.5,45.0,0.0,0.4810531364043831,1.0,30.02303566784394,21.944348794084693,4.394001845686881,42.89005095406277,62.14606989076233,62.14606989076233,0.0,0.0,0.0,0.0,0.0,0.0,0.0,0.0,0.0,0.0,0.0,0.0,0.0,0.0,0.006833161489100625,0.0
3,autumn_processing,秋季农产品加工日,60.0,4.0,0.25,43.294417626426245,31.194204322100596,7.219476916957848,0.0,4.819408171328819,-4.819408171328819,-0.0,62.92472637223363,0.0,0.0,0.0,-0.0,-0.0,11.151041362823179,35.683332361034175,2.4064923056526157,7.219476916957848,-0.0,0.0,1.253366906002773,0.0,49.64230787202281,4.489128038933579,0.0,76.04095968732292,0.0,0.0,0.0,0.0,0.0,0.0,10.906005849727691,5.852814317999734,12.247690954873722,5.245738463133685,8.541186555136457,0.0,52.0,7.8,42.5,45.0,0.0,0.48708047076763056,1.0,30.30609233849837,22.45982711191243,4.476075688513865,43.294417626426245,62.92472637223363,62.92472637223363,0.0,0.0,0.0,0.0,0.0,0.0,0.0,0.0,0.0,0.0,0.0,0.0,0.0,0.0,0.1323771658499755,0.0
3,autumn_processing,秋季农产品加工日,60.0,4.25,0.25,43.6206545023238,31.935840709349335,7.171264641661804,0.0,3.122578731873432,-3.122578731873432,-0.0,60.28469614424102,0.0,0.0,0.0,-0.0,-0.0,11.151041362823179,35.683332361034175,2.3904215472206016,7.171264641661804,-0.0,0.0,0.0,0.0,49.63982575662921,3.7474916516848396,0.0,76.89296847475443,0.0,0.0,0.0,0.0,0.0,0.0,11.096687861144517,5.922421105353917,12.322836245310848,5.257540273096758,8.663301115661433,0.0,52.0,7.8,42.5,45.0,0.0,0.4666448290028244,1.0,30.53445815162666,22.99380531073152,4.446184077830319,43.6206545023238,60.28469614424102,60.28469614424102,0.0,0.0,0.0,0.0,0.0,0.0,0.0,0.0,0.0,0.0,0.0,1.696829439455387,0.0,0.0,-0.04821227529604322,0.0
3,autumn_processing,秋季农产品加工日,60.0,4.5,0.25,44.301383954825916,32.6651316287688,7.3227598215163425,0.0,1.2507711622798041,-1.2507711622798041,-0.0,59.144116420434344,0.0,0.0,0.0,-0.0,-0.0,11.151041362823179,35.683332361034175,2.4409199405054474,7.3227598215163425,-0.0,0.0,0.0,0.0,49.63734376534138,3.0182007322653774,0.0,77.57134466443009,0.0,0.0,0.0,0.0,0.0,0.0,11.317505545336891,6.0026842877241195,12.402473140380435,5.270935583206797,8.806540194919112,0.0,52.0,7.8,42.5,45.0,0.0,0.45781596091155347,1.0,31.010968768378138,23.518894772713534,4.540111089340132,44.301383954825916,59.144116420434344,59.144116420434344,0.0,0.0,0.0,0.0,0.0,0.0,0.0,0.0,0.0,0.0,0.0,1.8718075695936278,0.0,0.0,0.1514951798545381,0.0
3,autumn_processing,秋季农产品加工日,60.0,4.75,0.25,45.03182268060108,33.27399026637964,7.251455606895371,0.0,-0.0,0.0,-0.0,57.02655124819029,0.0,0.0,0.0,-0.0,-0.0,11.151041362823179,35.683332361034175,2.417151868965124,7.251455606895371,-0.0,0.0,0.0,1.5734646641990935,49.22079224967966,2.4093420946545336,0.0,78.10477773957832,0.0,0.0,0.0,0.0,0.0,0.0,11.568721378689224,6.094559922417775,12.486378569055232,5.286070077726755,8.972960858114199,0.0,52.0,7.8,42.5,45.0,0.0,0.4414245564439942,1.0,31.522275876420753,23.957272991793342,4.4959024762751305,45.03182268060108,57.02655124819029,57.02655124819029,0.0,0.0,0.0,0.0,0.0,0.0,-0.0,0.0,0.0,0.0,0.0,1.2507711622798041,0.0,0.0,-0.07130421462097125,0.0
3,autumn_processing,秋季农产品加工日,60.0,5.0,0.25,45.73082683047458,34.03904428061916,7.394615637970809,0.0,-0.0,0.0,-0.0,55.70530446392086,0.0,0.0,0.0,-0.0,-0.0,11.151041362823179,35.683332361034175,2.464871879323603,7.394615637970809,-0.0,0.0,0.0,3.6414356087004975,48.260058681461786,1.6442880804150164,0.0,78.4562437698071,0.0,0.0,0.0,0.0,0.0,0.0,11.848644711242066,6.198951420061325,12.574259213621621,5.3030908090363456,9.164452473978255,0.0,52.0,7.8,42.5,45.0,0.0,0.4311972015902725,1.0,32.011578781332204,24.508111882045792,4.584661695541901,45.73082683047458,55.70530446392086,55.70530446392086,0.0,0.0,0.0,0.0,0.0,0.0,-0.0,0.0,0.0,0.0,0.0,0.0,0.0,0.0,0.1431600310754373,0.0
3,autumn_processing,秋季农产品加工日,60.0,5.25,0.25,46.33970310913793,34.51639330500807,7.594325764203005,0.0,0.0,0.0,-0.0,54.13025954173289,0.0,0.0,0.0,-0.0,-0.0,11.151041362823179,35.683332361034175,2.5314419214010018,7.594325764203005,-0.0,0.0,0.0,5.891926851629222,46.7071386123095,1.1669390560261022,0.0,78.6941636737284,0.0,0.0,0.0,0.0,0.0,0.0,12.153246440496071,6.316676275220832,12.665751968884981,5.322143946123236,9.382638862291229,0.0,52.0,7.8,42.5,45.0,0.0,0.41900527535699444,1.0,32.43779217639655,24.851803179605813,4.708481973805863,46.33970310913793,54.13025954173289,54.13025954173289,0.0,0.0,0.0,0.0,0.0,0.0,0.0,0.0,0.0,0.0,0.0,0.0,0.0,0.0,0.19971012623219675,0.0
3,autumn_processing,秋季农产品加工日,60.0,5.5,0.25,46.98929966924219,35.013368224323614,7.743209399521452,0.0,0.0,0.0,-0.0,55.89217106915104,0.0,0.0,0.0,-0.0,-0.0,11.151041362823179,35.683332361034175,2.581069799840484,7.743209399521452,-0.0,0.0,0.0,4.829239762754817,45.43395068623288,0.6699641367105613,0.0,78.81393307436029,0.0,0.0,0.0,0.0,0.0,0.0,12.47595278954371,6.448429785326559,12.760426283691972,5.343372192075292,9.628773028753082,0.0,52.0,7.8,42.5,45.0,0.0,0.43264367707445406,1.0,32.89250976846953,25.209625121513,4.8007898277033,46.98929966924219,55.89217106915104,55.89217106915104,0.0,0.0,0.0,0.0,0.0,0.0,0.0,0.0,0.0,0.0,0.0,0.0,0.0,0.0,0.1488836353184464,0.0
3,autumn_processing,秋季农产品加工日,60.0,5.75,0.25,48.04998557022712,35.60633392348908,7.843901840631677,0.0,0.0,0.0,-0.0,56.986303334156894,0.0,0.0,0.0,-0.0,-0.0,11.151041362823179,35.683332361034175,2.6146339468772255,7.843901840631677,-0.0,0.0,0.0,4.829357545770634,44.16079542402209,0.07699843754509317,0.0,78.79281323674007,0.0,0.0,0.0,0.0,0.0,0.0,12.807690723526726,6.59474669961735,12.857788494831153,5.366911884728261,9.903628650216993,0.0,52.0,7.8,42.5,45.0,0.0,0.44111301002901526,1.0,33.63498989915898,25.636560424912137,4.86321914119164,48.04998557022712,56.986303334156894,56.986303334156894,0.0,0.0,0.0,0.0,0.0,0.0,0.0,0.0,0.0,0.0,0.0,0.0,0.0,0.0,0.10069244111022524,0.0
3,autumn_processing,秋季农产品加工日,60.0,6.0,0.25,49.10555412417282,35.974619242186954,7.987009589530832,0.0,0.0,0.0,-0.0,57.75332439583144,0.0,0.0,0.0,-0.0,-0.0,11.151041362823179,35.683332361034175,2.6623365298436106,7.987009589530832,-0.0,0.0,0.0,5.165607621008164,42.7992169576698,0.0,0.2912868811527787,78.67676238771308,0.0,0.0,0.0,0.0,0.0,0.0,13.137232885936893,6.755962007398548,12.957288199185621,5.392889806010945,10.207393482115103,0.0,52.0,7.8,42.5,45.0,0.0,0.4470502782755083,1.0,34.37388788692097,25.901725854374607,4.951945945509116,49.10555412417282,57.75332439583144,57.75332439583144,0.0,0.0,0.0,0.0,0.0,0.0,0.0,0.0,-7.105427357601002e-15,0.0,0.0,0.0,0.0,0.0,0.14310774889915479,0.0
3,autumn_processing,秋季农产品加工日,60.0,6.25,0.25,49.865704639347776,36.43789078977127,8.055764251951304,0.0,-0.0,0.0,-0.0,60.31312420906055,0.0,0.0,0.0,-0.0,-0.0,11.151041362823179,35.683332361034175,2.6852547506504347,8.055764251951304,-0.0,0.0,0.0,3.388876543760844,41.905267380042744,0.0,0.7545584287370914,78.43885599895684,0.0,0.0,0.0,0.0,0.0,0.0,13.45185113683954,6.932172326468697,13.058326635822345,5.421419737755537,10.539570698547848,0.0,52.0,7.8,42.5,45.0,0.0,0.46686488169106966,1.0,34.90599324754344,26.23528136863531,4.994573836209809,49.865704639347776,60.31312420906055,60.31312420906055,0.0,0.0,0.0,0.0,0.0,0.0,-0.0,0.0,0.0,0.0,0.0,0.0,0.0,0.0,0.06875466242047246,0.0
3,autumn_processing,秋季农产品加工日,60.0,6.5,0.25,50.7806169395265,36.781448984083376,8.339856561284941,0.0,0.0,0.0,0.7832660493854793,60.31846583194702,0.0,0.0,0.0,-0.0,-0.0,11.151041362823179,35.683332361034175,2.7799521870949806,8.339856561284941,-0.0,0.0,0.0,3.6098786081121617,40.953204061907385,0.0,1.0981166230492008,78.11065851226022,0.0,0.0,0.0,0.0,0.0,0.0,13.738239998577866,7.123199570844414,13.160266967660982,5.452598814468941,10.898894746609848,0.0,52.0,7.8,42.5,45.0,0.02347500165924714,0.4669062295099671,1.0,35.54643185766855,26.48264326854003,5.170711067996663,50.7806169395265,61.101731881332505,61.101731881332505,0.0,0.0,0.0,0.0,0.0,0.0,0.0,0.0,7.105427357601002e-15,0.0,0.0,0.0,0.0,0.0,0.28409230933363716,0.0
3,autumn_processing,秋季农产品加工日,60.0,6.75,0.25,51.53480924251538,36.841856993949975,8.454760765092413,0.0,-0.0,0.0,1.9943418132805986,61.06190577626997,0.0,0.0,0.0,-0.0,-0.0,11.151041362823179,35.683332361034175,2.8182535883641378,8.454760765092413,-0.0,0.0,0.0,2.447856604152122,40.30698361113794,0.0,1.1585246329157997,77.76672827960519,0.0,0.0,0.0,0.0,0.0,0.0,13.983622741974894,7.32855874385238,13.262446265319886,5.486503736387345,11.283268507968318,0.0,52.0,7.8,42.5,45.0,0.05977174347413497,0.47266096376063627,1.0,36.07436646976076,26.52613703564398,5.241951674357296,51.53480924251538,63.056247589550566,63.056247589550566,0.0,0.0,0.0,0.0,0.0,0.0,-0.0,0.0,-7.105427357601002e-15,0.0,0.0,0.0,0.0,0.0,0.11490420380747146,0.0
3,autumn_processing,秋季农产品加工日,60.0,7.0,0.25,52.48587254139533,36.8157978309267,8.565670224709441,0.0,0.7498416323054391,-0.7498416323054391,2.936289506235801,64.30568943852462,0.0,0.0,0.0,-0.0,-0.0,11.151041362823179,35.683332361034175,2.8552234082364802,8.565670224709441,-0.0,0.0,0.0,0.0,40.30496826195737,0.0,1.132465469892523,77.42982768654632,0.0,0.0,0.0,0.0,0.0,0.0,14.176913169248692,7.547431800518047,13.364188907195219,5.523186918596117,11.689728335149224,0.0,88.0,13.2,42.5,45.0,0.08800253896488272,0.4977700705358155,1.0,36.74011077897673,26.50737443826722,5.310715539319854,52.48587254139533,67.24197894476042,67.24197894476042,0.0,0.0,0.0,0.0,0.0,0.0,0.0,0.0,-7.105427357601002e-15,0.0,0.0,-0.7498416323054391,0.0,0.0,0.11090945961702836,0.0
3,autumn_processing,秋季农产品加工日,60.0,7.25,0.25,53.36438495163477,36.7734085654248,8.655167742898694,0.0,1.6647169102910855,-1.6647169102910855,4.501259585610464,64.56393955343813,0.0,0.0,0.0,-0.0,-0.0,11.151041362823179,35.683332361034175,2.885055914299565,8.655167742898694,-0.0,0.0,0.0,0.0,40.302953013544276,0.0,1.090076204390627,77.1042506136529,0.0,0.0,0.0,0.0,0.0,0.0,14.309784422849622,7.77864953573197,13.464821023858946,5.5626726635783195,12.114442814527765,0.0,88.0,13.2,42.5,45.0,0.134905727528737,0.4997691032658707,1.0,37.355069466144336,26.476854167105856,5.3662040005971905,53.36438495163477,69.0651991390486,69.0651991390486,0.0,0.0,0.0,0.0,0.0,0.0,0.0,0.0,0.0,0.0,0.0,-0.9148752779856464,0.0,0.0,0.089497518189253,0.0
3,autumn_processing,秋季农产品加工日,60.0,7.5,0.25,54.184680999460376,36.72403018099382,8.763111612857832,0.0,2.8017457660420866,-2.8017457660420866,6.035914715215838,65.34517618464322,0.0,0.0,0.0,-0.0,-0.0,11.151041362823179,35.683332361034175,2.9210372042859443,8.763111612857832,-0.0,0.0,0.32258556724747445,0.0,40.37755193811488,0.0,1.0406978199596466,76.79183064098827,0.0,0.0,0.0,0.0,0.0,0.0,14.377498513103541,8.020683368460157,13.563685535955084,5.604953454714412,12.55274988299242,0.0,88.0,13.2,42.5,45.0,0.1809003569935567,0.5058164097548538,1.0,37.929276699622264,26.44130173031555,5.433129199971856,54.184680999460376,71.38109089985906,71.38109089985906,0.0,0.0,0.0,0.0,0.0,0.0,0.0,0.0,0.0,0.0,0.0,-1.137028855751001,0.0,0.0,0.10794386995913818,0.0
3,autumn_processing,秋季农产品加工日,60.0,7.75,0.25,55.02788294460726,36.553289414686134,9.05483155692934,0.0,2.8017457660420866,-2.8017457660420866,7.701371604734418,68.02884668204413,0.0,0.0,0.0,-0.0,-0.0,11.151041362823179,35.683332361034175,3.018277185643113,9.05483155692934,-0.0,0.0,3.7312710276629155,0.0,41.261709929587916,0.0,0.8699570536519587,76.52449865891725,0.0,0.0,0.0,0.0,0.0,0.0,14.37937816844001,8.271648697825473,13.660157267660423,5.649986476440852,12.999235210996195,0.0,88.0,13.2,42.5,45.0,0.23081520173312756,0.5265898570882067,1.0,38.519518061225085,26.318368378574014,5.61399556529619,55.02788294460726,75.73021828677855,75.73021828677855,0.0,0.0,0.0,0.0,0.0,0.0,0.0,0.0,-7.105427357601002e-15,0.0,0.0,0.0,0.0,0.0,0.2917199440715077,0.0
3,autumn_processing,秋季农产品加工日,60.0,8.0,0.25,55.91970904048285,36.197104504365846,9.295002183067389,0.0,2.8017457660420866,-2.8017457660420866,9.638517080666103,67.88170092716194,0.0,0.0,0.0,-0.0,-0.0,11.151041362823179,35.683332361034175,3.098334061022463,9.295002183067389,-0.0,0.0,4.54938777745747,0.0,42.34012644123759,0.0,0.5137721433316713,76.3510332139742,0.0,0.0,0.0,0.0,0.0,0.0,14.318852125322003,8.529321199854733,13.753657567192246,5.6976904724469435,13.447852625355692,0.0,88.0,13.2,42.5,45.0,0.28887273313944467,0.5254508481851644,1.0,39.14379632833799,26.061915243143407,5.762901353501781,55.91970904048285,77.52021800782805,77.52021800782805,0.0,0.0,0.0,0.0,0.0,0.0,0.0,0.0,0.0,0.0,0.0,0.0,0.0,0.0,0.24017062613804896,0.0
3,autumn_processing,秋季农产品加工日,60.0,8.25,0.25,56.54852866058588,35.82672673974123,9.429884674658174,0.0,2.8017457660420866,-2.8017457660420866,11.624928616411621,65.19323924512638,0.0,0.0,0.0,-0.0,-0.0,11.151041362823179,35.683332361034175,3.1432948915527246,9.429884674658174,-0.0,0.0,3.1735571805341345,0.0,43.091729265292386,0.0,0.1433943787070575,76.27512233454958,0.0,0.0,0.0,0.0,0.0,0.0,14.203067364864626,8.791167015656038,13.843667836270596,5.747943055948842,13.892084888583007,0.0,88.0,13.2,42.5,45.0,0.3484068009496844,0.504640313801904,1.0,39.58397006241012,25.795243252613687,5.846528498288068,56.54852866058588,76.818167861538,76.818167861538,0.0,0.0,0.0,0.0,0.0,0.0,0.0,0.0,-7.105427357601002e-15,0.0,0.0,0.0,0.0,0.0,0.13488249159078514,0.0
3,autumn_processing,秋季农产品加工日,60.0,8.5,0.25,57.51536888643013,35.088728913119205,9.780518694949578,0.0,2.8017457660420866,-2.8017457660420866,13.631567074997673,66.0127451371339,0.0,0.0,0.0,-0.0,-0.0,11.151041362823179,35.683332361034175,3.260172898316526,9.780518694949578,-0.0,0.0,4.915983298519665,0.0,44.25712071222755,0.5946034479149702,0.0,76.37820309226211,0.0,0.0,0.0,0.0,0.0,0.0,14.042125424524812,9.054387260897604,13.92974136580569,5.800578585294906,14.325140525004464,0.0,88.0,13.2,42.5,45.0,0.4085470830183048,0.5109838505749461,1.0,40.26075822050109,25.263884817445827,6.0639215908687385,57.51536888643013,79.64431221213158,79.64431221213158,0.0,0.0,0.0,0.0,0.0,0.0,0.0,0.0,-7.105427357601002e-15,0.0,0.0,0.0,0.0,0.0,0.35063402029140356,0.0
3,autumn_processing,秋季农产品加工日,60.0,8.75,0.25,58.1135344998756,34.44935653960746,10.000568977900345,0.0,2.8017457660420866,-2.8017457660420866,15.562111332933807,65.46580462088413,0.0,0.0,0.0,-0.0,-0.0,11.151041362823179,35.683332361034175,3.333522992633448,10.000568977900345,-0.0,0.0,5.628071332443623,0.0,45.5915747976473,1.2339758214267178,0.0,76.63308324830483,0.0,0.0,0.0,0.0,0.0,0.0,13.848052841132166,9.315976677598782,14.0115128984607,5.855386713589334,14.740179765374604,0.0,88.0,13.2,42.5,45.0,0.4664067715543479,0.5067501564534824,1.0,40.67947414991291,24.803536708517367,6.200352766298214,58.1135344998756,81.02791595381794,81.02791595381794,0.0,0.0,0.0,0.0,0.0,0.0,0.0,0.0,0.0,0.0,0.0,0.0,0.0,0.0,0.22005028295076734,0.0
3,autumn_processing,秋季农产品加工日,60.0,9.0,0.25,58.70388513492658,33.70837398314009,10.326676090229228,0.0,2.8017457660420866,-2.8017457660420866,17.43513978823171,63.528796983605694,0.0,0.0,0.0,-0.0,-0.0,11.151041362823179,35.683332361034175,3.4422253634097424,10.326676090229228,-0.0,0.0,4.86503914463581,0.0,46.74474201575842,1.9749583778940831,0.0,77.06381932143053,0.0,0.0,0.0,0.0,0.0,0.0,13.633648525237714,9.572795573907925,14.08870539206945,5.912111712452298,15.130560267112676,0.0,88.0,13.2,42.5,45.0,0.5225426734365143,0.4917563909460269,1.0,41.0927195944486,24.270029267860867,6.402539175942121,58.70388513492658,80.96393677183741,80.96393677183741,0.0,0.0,0.0,0.0,0.0,0.0,0.0,0.0,7.105427357601002e-15,0.0,0.0,0.0,0.0,0.0,0.32610711232888256,0.0
3,autumn_processing,秋季农产品加工日,60.0,9.25,0.25,59.21372365958034,33.01653383112346,10.634953875913395,0.0,2.8017457660420866,-2.8017457660420866,19.012498804478696,63.70933408072472,0.0,0.0,0.0,-0.0,-0.0,11.151041362823179,35.683332361034175,3.544984625304465,10.634953875913395,-0.0,0.0,6.010337471453349,0.0,48.1698599281278,2.6667985299107144,0.0,77.65865206262362,0.0,0.0,0.0,0.0,0.0,0.0,13.411358434662016,9.821653483262208,14.161133541687265,5.970452657385938,15.490091255046035,0.0,88.0,13.2,42.5,45.0,0.5698171666341674,0.49315387170320285,1.0,41.44960656170623,23.77190435840889,6.593671403066304,59.21372365958034,82.72183288520341,82.72183288520341,0.0,0.0,0.0,0.0,0.0,0.0,0.0,0.0,0.0,0.0,0.0,0.0,0.0,0.0,0.30827778568416697,0.0
3,autumn_processing,秋季农产品加工日,60.0,9.5,0.25,59.61771299847755,32.33467521118347,10.91320355998919,0.0,2.8017457660420866,-2.8017457660420866,20.375006405977228,60.9631832775228,0.0,0.0,0.0,-0.0,-0.0,11.151041362823179,35.683332361034175,3.6377345199963966,10.91320355998919,-0.0,0.0,4.129955036160824,0.0,49.14831575621959,3.348657149850702,0.0,78.41512880968185,0.0,0.0,0.0,0.0,0.0,0.0,13.192310703390511,10.059402253748166,14.228703731212935,6.030064545566906,15.813283301116714,0.0,88.0,13.2,42.5,45.0,0.6106524207997335,0.4718967840186272,1.0,41.73239909893428,23.2809661520521,6.766186207193298,59.61771299847755,81.33818968350003,81.33818968350003,0.0,0.0,0.0,0.0,0.0,0.0,0.0,0.0,-7.105427357601002e-15,0.0,0.0,0.0,0.0,0.0,0.27824968407579576,0.0
3,autumn_processing,秋季农产品加工日,60.0,9.75,0.25,59.7865340103739,31.689073924284084,11.389133926839033,0.0,2.8017457660420866,-2.8017457660420866,21.75896217506835,56.95240404501431,0.0,0.0,0.0,-0.0,-0.0,11.151041362823179,35.683332361034175,3.796377975613011,11.389133926839033,-0.0,0.0,1.1756671052304832,0.0,49.42507927792402,3.9942584367500906,0.0,79.32455762400517,0.0,0.0,0.0,0.0,0.0,0.0,12.985607713073245,10.283035588116705,14.291410225159177,6.090560396487061,16.095580272170423,0.0,88.0,13.2,42.5,45.0,0.6521304907367975,0.44085060631800693,1.0,41.850573807261725,22.81613322548454,7.0612630346402,59.7865340103739,78.71136622008267,78.71136622008267,0.0,0.0,0.0,0.0,0.0,0.0,0.0,0.0,0.0,0.0,0.0,0.0,0.0,0.0,0.4759303668498429,0.0
3,autumn_processing,秋季农产品加工日,60.0,10.0,0.25,60.18836202417772,31.147037410133137,11.796144076127606,0.0,2.8017457660420866,-2.8017457660420866,23.110856941228896,55.88739222903344,0.0,0.0,0.0,-0.0,-0.0,11.151041362823179,35.683332361034175,3.9320480253758685,11.796144076127606,-0.0,0.0,0.9250519918434841,0.0,49.64230787202281,4.536294950901038,0.0,80.36226539603203,0.0,0.0,0.0,0.0,0.0,0.0,12.797924118151261,10.489791433602038,14.349327572566256,6.151514362137339,16.33356012623964,0.0,88.0,13.2,42.5,45.0,0.6926476712065051,0.4326066855795616,1.0,42.1318534169244,22.425866935295858,7.313609327199115,60.18836202417772,78.99824917026234,78.99824917026234,0.0,0.0,0.0,0.0,0.0,0.0,0.0,0.0,-7.105427357601002e-15,0.0,0.0,0.0,0.0,0.0,0.40701014928857226,0.0
3,autumn_processing,秋季农产品加工日,60.0,10.25,0.25,60.28974194685266,30.5723407155087,12.169355927104997,0.0,2.649706596075685,-2.649706596075685,24.265699578060744,52.34737833779404,0.0,0.0,0.0,-0.0,-0.0,9.606726385041219,30.7415244321319,4.056451975701665,12.169355927104997,-0.0,0.0,0.010451012183568167,0.0,49.64230787202281,0.16918371662319787,0.0,80.36226539603203,0.0,0.0,0.0,0.0,0.0,0.0,12.633411302483733,10.677253107911184,14.402599371788932,6.212465846968564,16.52509227337895,0.0,88.0,13.2,42.5,45.0,0.7272590690030345,0.4052045539839653,1.0,42.20281936279686,22.012085315166264,7.545000674805098,60.28974194685266,76.61307791585479,76.61307791585479,0.0,0.0,0.0,0.0,0.0,0.0,0.0,0.0,0.0,0.0,0.0,0.15203916996640165,0.0,-4.941807928902275,0.3732118509773912,0.0
3,autumn_processing,秋季农产品加工日,60.0,10.5,0.25,60.74778092571421,29.906003616422062,12.707700940278887,0.1089110490397509,0.0,0.1089110490397509,25.188961503836293,46.742966551232556,0.0,0.0,2.8123475478269455,0.9843216417394309,1.2655563965221255,8.679398208272689,27.774074266472606,4.235900313426296,12.707700940278887,-0.0,0.0,0.0,0.6379187015651596,49.47195241411207,0.0,0.8663729534273301,80.09409138085314,0.0,0.0,0.0,0.0,0.0,0.0,12.493867783035192,10.843444681691825,14.451423728910362,6.27292460941646,16.66944111382777,0.0,88.0,13.2,42.5,45.0,0.7549298396900891,0.36182256905127297,1.0,42.52344664799995,21.532322603823882,7.87877458297291,60.74778092571421,71.93192805506885,71.93192805506885,0.0,0.6223705865372521,0.15559264663431302,9.33555879805878,0.0,0.0,0.0,0.0,-1.4210854715202004e-14,0.0,0.0,2.758617645115436,0.9843216417394309,-2.9674501656592938,0.53834501317389,0.0
3,autumn_processing,秋季农产品加工日,60.0,10.75,0.25,60.89639326335992,29.49585872455815,13.278090155040111,0.5205103478195632,0.0,0.5205103478195632,26.107308020488585,46.38968151326505,0.0,0.0,2.8123475478269455,0.9843216417394309,1.2655563965221255,8.679398208272689,27.774074266472606,4.426030051680037,13.278090155040111,-0.0,0.0,0.0,0.0,49.46947881649136,0.0,0.45622806156341866,79.93398431896182,0.0,0.0,0.0,0.0,0.0,0.0,12.379107526163123,10.986915953427594,14.496035924563476,6.332376787231772,16.767308032419162,0.0,88.0,13.2,42.5,45.0,0.7824532923139965,0.3590879009401963,1.0,42.62747528435194,21.237018281681866,8.232415896124868,60.89639326335992,72.49698953375363,72.49698953375363,0.0,0.8487502008661489,0.21218755021653724,12.731253012992234,0.0,0.0,0.0,0.0,-1.4210854715202004e-14,0.0,0.0,0.4115992987798123,0.0,0.0,0.5703892147612244,0.0
3,autumn_processing,秋季农产品加工日,60.0,11.0,0.25,61.04505141979494,29.039630662994732,13.84896457615775,1.8523370550751572,0.0,1.8523370550751572,26.385886461275252,45.118225995363694,0.0,0.0,2.8123475478269455,0.9843216417394309,1.2655563965221255,8.679398208272689,27.774074266472606,4.616321525385916,13.84896457615775,-0.0,0.0,0.0,0.0,49.467005342550536,0.0,0.0,79.89401732680234,0.0,0.0,0.0,0.0,0.0,0.0,12.287446286747524,11.106812379791272,14.53668897386992,6.3902917592023005,16.820807408580215,0.0,70.0,10.5,42.5,45.0,0.7908024724742093,0.3492459645834771,1.0,42.731535993856454,20.908534077356205,8.586358037217805,61.04505141979494,71.50411245663895,71.50411245663895,0.0,1.5812548898567256,0.3953137224641814,23.718823347850883,0.0,0.0,0.0,0.0,-7.105427357601002e-15,0.0,0.0,1.331826707255594,0.0,0.0,0.5708744211176384,0.0
3,autumn_processing,秋季农产品加工日,60.0,11.25,0.25,61.22302719347305,28.684003877443896,14.378919348648834,4.691387537635897,0.0,4.691387537635897,26.43942281330904,40.63065748711767,0.0,0.0,2.8123475478269455,0.9843216417394309,1.2655563965221255,8.414209775672246,26.92547128215119,4.792973116216278,14.378919348648834,-0.0,0.0,0.0,1.6844206055595485,49.021263411873,0.0,0.49297619877058096,79.72433973951512,0.0,0.0,0.0,0.0,0.0,0.0,12.21622880576157,11.202925585485719,14.573632911669982,6.446129727153869,16.83337588813057,0.0,70.0,10.5,42.5,45.0,0.7924069923609186,0.31450911140006804,1.0,42.856119035431135,20.652482791759603,8.914929996162277,61.22302719347305,67.07008030042671,67.07008030042671,0.0,3.142732655265133,0.7856831638162832,47.14098982897699,0.0,0.0,0.0,0.0,0.0,0.0,0.0,2.83905048256074,0.0,-0.8486029843214169,0.5299547724910845,0.0
3,autumn_processing,秋季农产品加工日,60.0,11.5,0.25,61.49399299082298,28.35613266813845,14.839398452003866,4.691387537635897,0.0,4.691387537635897,26.87345711657043,39.67001807964302,0.0,0.0,2.8123475478269455,0.9843216417394309,1.2655563965221255,8.414209775672246,26.92547128215119,4.9464661506679555,14.839398452003866,-0.0,0.0,0.0,2.635484541574403,48.32526378513019,0.0,0.16510498946513508,79.64102888820717,0.0,0.0,0.0,0.0,0.0,0.0,12.162333387105987,11.27572058474174,14.607093750204768,6.499349875461849,16.80961801163677,0.0,70.0,10.5,42.5,45.0,0.8054152875592426,0.3070731045740271,1.0,43.04579509357608,20.416415521059683,9.200427040242397,61.49399299082298,66.54347519621345,66.54347519621345,0.0,3.142732655265133,0.7856831638162832,47.14098982897699,0.0,0.0,0.0,0.0,-7.105427357601002e-15,0.0,0.0,0.0,0.0,0.0,0.4604791033550324,0.0
3,autumn_processing,秋季农产品加工日,60.0,11.75,0.25,61.63136876649377,27.93109568227861,15.341261196373637,4.691387537635897,0.0,4.691387537635897,27.74419216026955,40.90451594181982,0.0,0.0,2.8123475478269455,0.9843216417394309,1.2655563965221255,8.414209775672246,26.92547128215119,5.113753732124546,15.341261196373637,-0.0,0.0,0.0,0.8349149928258726,48.103133050144656,0.2599319963947053,0.0,79.66294222290682,0.0,0.0,0.0,0.0,0.0,0.0,12.122610151998087,11.326336603979913,14.637253129949473,6.549418941765688,16.755095042051778,0.0,70.0,10.5,42.5,45.0,0.8315117928420112,0.31662896336813123,1.0,43.14195813654564,20.1103888912406,9.511581941751654,61.63136876649377,68.64870810208936,68.64870810208936,0.0,3.142732655265133,0.7856831638162832,47.14098982897699,0.0,0.0,0.0,0.0,0.0,0.0,0.0,0.0,0.0,0.0,0.5018627443697703,0.0
3,autumn_processing,秋季农产品加工日,60.0,12.0,0.25,61.799569365607255,27.71618225239565,15.798871263785063,4.691387537635897,0.0,4.691387537635897,28.85168872628139,38.71251620225767,0.0,0.0,2.8123475478269455,0.9843216417394309,1.2655563965221255,8.414209775672246,26.92547128215119,5.2662904212616874,15.798871263785063,-0.0,0.0,0.0,2.240155454626798,47.51121330016931,0.474845426277664,0.0,79.73588654053631,0.0,0.0,0.0,0.0,0.0,0.0,12.094230276476052,11.356559390839653,14.6642297091183,6.595820013161198,16.676067223061896,0.0,70.0,10.5,42.5,45.0,0.8647041975749061,0.29966138437934786,1.0,43.25969855592508,19.955651221724867,9.79530018354674,61.799569365607255,67.56420492853906,67.56420492853906,0.0,3.142732655265133,0.7856831638162832,47.14098982897699,0.0,0.0,0.0,0.0,0.0,0.0,0.0,0.0,0.0,0.0,0.4576100674114265,0.0
3,autumn_processing,秋季农产品加工日,60.0,12.25,0.25,61.53046582502351,27.43753932500396,16.0952960163682,4.691387537635897,0.0,4.691387537635897,29.684298170061286,39.94976692338187,0.0,0.0,2.8123475478269455,0.9843216417394309,1.2655563965221255,8.414209775672246,26.92547128215119,5.365098672122733,16.0952960163682,-0.0,0.0,0.0,0.0,47.5088377395043,0.7534883536693542,0.0,79.87497208126251,0.0,0.0,0.0,0.0,0.0,0.0,12.07494185043492,11.368764103662437,14.688063308536513,6.638061347741322,16.57920249465755,0.0,70.0,10.5,42.5,45.0,0.8896580534066155,0.30923855218676627,1.0,43.07132607751645,19.75502831400285,9.979083530148284,61.53046582502351,69.63406509344316,69.63406509344316,0.0,3.142732655265133,0.7856831638162832,47.14098982897699,0.0,0.0,0.0,0.0,-7.105427357601002e-15,0.0,0.0,0.0,0.0,0.0,0.2964247525831354,0.0
3,autumn_processing,秋季农产品加工日,60.0,12.5,0.25,61.24459274966937,27.0640240366584,16.480860041226393,4.691387537635897,0.0,4.691387537635897,30.23749129989009,42.22558467072185,0.0,0.0,-0.0,-0.0,-0.0,8.414209775672246,26.92547128215119,5.493620013742131,16.480860041226393,-0.0,0.0,2.002040969164103,0.0,47.9819470277938,0.0,0.13855275450720939,79.79857334403577,0.0,0.0,0.0,0.0,0.0,0.0,12.063241217856055,11.365829257138497,14.708702744030587,6.675685012698839,16.471266702574443,0.0,70.0,10.5,42.5,45.0,0.9062376174650907,0.3268549399513832,1.0,42.87121492476856,19.486097306394047,10.218133225560363,61.24459274966937,72.46307597061194,72.46307597061194,0.0,2.580263145699744,0.645065786424936,38.703947185496155,0.0,0.0,0.0,0.0,-2.1316282072803006e-14,0.0,0.0,0.0,-0.9843216417394309,0.0,0.3855640248581942,0.0
3,autumn_processing,秋季农产品加工日,60.0,12.75,0.25,61.03271847158909,26.92547128215119,16.830292478266216,4.691387537635897,0.0,4.691387537635897,30.37802466542956,42.69135141666445,0.0,0.0,-0.0,-0.0,-0.0,8.414209775672246,26.92547128215119,5.610097492755405,16.830292478266216,-0.0,0.0,2.70373787971317,0.0,48.62168567687429,0.0,0.0,79.75867405736376,0.0,0.0,0.0,0.0,0.0,0.0,12.05847586526324,11.351023698216837,14.725998139380218,6.708275127831233,16.358811429651563,0.0,70.0,10.5,42.5,45.0,0.9104494953982744,0.33046029350571726,1.0,42.72290293011236,19.386339323148857,10.434781336525054,61.03271847158909,73.06937608209401,73.06937608209401,0.0,2.580263145699744,0.645065786424936,38.703947185496155,0.0,0.0,0.0,0.0,-7.105427357601002e-15,0.0,0.0,0.0,0.0,0.0,0.3494324370398232,0.0
3,autumn_processing,秋季农产品加工日,60.0,13.0,0.25,60.91351263309616,26.683856946820814,17.102180239712993,4.691387537635897,0.0,4.691387537635897,29.775868597813183,42.74815686905562,0.0,0.0,0.0,-0.0,-0.0,8.414209775672246,26.92547128215119,5.700726746570997,17.102180239712993,-0.0,0.0,2.1869638491652985,0.0,49.13865850676721,0.24161433533037524,0.0,79.77617812497604,0.0,0.0,0.0,0.0,0.0,0.0,12.06089649049281,11.32787013076424,14.739698323768964,6.735465507506913,16.247875683138307,0.0,70.0,10.5,42.5,45.0,0.8924024797035299,0.33090000660560714,1.0,42.63945884316731,19.212377001710987,10.603351748622055,60.91351263309616,72.5240254668688,72.5240254668688,0.0,2.580263145699744,0.645065786424936,38.703947185496155,0.0,0.0,0.0,0.0,-7.105427357601002e-15,0.0,0.0,0.0,0.0,0.0,0.2718877614467772,0.0
3,autumn_processing,秋季农产品加工日,60.0,13.25,0.25,60.80180807462059,26.455219309968513,17.410669218619745,4.691387537635897,0.0,4.691387537635897,28.634887836897086,43.28124092358372,0.0,0.0,-0.0,-0.0,-0.0,8.414209775672246,26.92547128215119,5.803556406206582,17.410669218619745,-0.0,0.0,1.587942041617275,0.0,49.51333780872597,0.4702519721826768,0.0,79.84797487930695,0.0,0.0,0.0,0.0,0.0,0.0,12.071673021903075,11.29999021418578,14.749453686482282,6.756946505022219,16.143716796579398,0.0,70.0,10.5,42.5,45.0,0.8582065314983338,0.3350264422249258,1.0,42.56126565223441,19.047757903177327,10.794614915544242,60.80180807462059,71.9161287604808,71.9161287604808,0.0,2.580263145699744,0.645065786424936,38.703947185496155,0.0,0.0,0.0,0.0,7.105427357601002e-15,0.0,0.0,0.0,0.0,0.0,0.30848897890675175,0.0
3,autumn_processing,秋季农产品加工日,60.0,13.5,0.25,60.42152452399234,26.425839463173173,17.591775359876635,4.691387537635897,0.0,4.691387537635897,27.353168357170233,42.23478209362787,0.0,0.0,0.5384692744128825,0.18846424604450887,0.24231117348579714,8.182352590527305,26.183528289687377,5.863925119958878,17.591775359876635,-0.0,0.0,0.0,0.0,49.51086214183554,0.0,0.0,79.8080508918673,0.0,0.0,0.0,0.0,0.0,0.0,12.092883680544793,11.270937637079138,14.754824599315574,6.772470880598991,16.05058412054993,0.0,70.0,10.5,42.5,45.0,0.8197925507865649,0.3269261343027486,1.0,42.29506716679464,19.026604413484684,10.906900723123513,60.42152452399234,69.5879504507981,69.5879504507981,0.0,2.6879570005823203,0.6719892501455801,40.3193550087348,0.0,0.0,0.0,0.0,-7.105427357601002e-15,0.0,0.0,0.0,0.18846424604450887,-0.7419429924638123,0.1811061412568904,0.0
3,autumn_processing,秋季农产品加工日,60.0,13.75,0.25,60.07787617709376,26.346696726653764,17.818404235270098,4.691387537635897,0.0,4.691387537635897,26.286256384738955,40.54195754773745,0.0,0.0,4.109188494248199,1.4382159729868695,1.8491348224116897,7.373644980856611,23.595663938741154,5.939468078423366,17.818404235270098,-0.0,0.0,0.0,0.4331717932745818,49.39439402155093,0.0,0.9018979655009205,79.5308052965527,0.0,0.0,0.0,0.0,0.0,0.0,12.127479331606976,11.244026714050397,14.755295237285592,6.781858537583036,15.971546516323137,0.0,70.0,10.5,42.5,45.0,0.7878164931714737,0.3138225131306564,1.0,42.05451332396563,18.96962164319071,11.04741062586746,60.07787617709376,66.8282139324764,66.8282139324764,0.0,3.4021008445493837,0.8505252111373459,51.03151266824076,0.0,0.0,0.0,0.0,0.0,0.0,0.0,0.0,1.2497517269423606,-2.587864350946223,0.22662887539346244,0.0
3,autumn_processing,秋季农产品加工日,60.0,14.0,0.25,60.12101975676653,26.414186490915217,18.0296655774416,4.691387537635897,0.0,4.691387537635897,24.869185015388705,41.751796503165906,0.0,0.0,6.263383449275695,2.192184207246493,2.8185225521740627,7.373644980856611,23.595663938741154,6.009888525813867,18.0296655774416,-0.0,0.0,0.0,0.0,49.391924301849855,0.0,0.0,79.49103989390443,0.0,0.0,0.0,0.0,0.0,0.0,12.179218811202517,11.222164875668714,14.750292346085311,6.785,15.908381512161348,0.0,70.0,10.5,42.5,45.0,0.7453459267874618,0.3231874951009736,1.0,42.084713829736565,19.018214273458955,11.178392658013793,60.12101975676653,66.62098151855461,66.62098151855461,0.0,3.8329398355548827,0.9582349588887207,57.49409753332324,0.0,0.0,0.0,0.0,0.0,0.0,0.0,0.0,0.7539682342596234,0.0,0.21126134217150394,0.0
3,autumn_processing,秋季农产品加工日,60.0,14.25,0.25,60.49065014340375,26.469550234890807,18.18430826826034,4.691387537635897,0.0,4.691387537635897,23.34751363926263,41.40247098840864,0.0,0.0,9.83410266911101,3.4419359341888534,4.425346201099955,6.876168853498956,22.00374033119666,6.061436089420114,18.18430826826034,-0.0,0.0,0.0,0.5449469868268011,49.246047603838235,0.0,0.040463702594192345,79.44064603116954,0.0,0.0,0.0,0.0,0.0,0.0,12.252565799200204,11.207697830766447,14.739208236447563,6.781858537583036,15.86153044817739,0.0,70.0,10.5,42.5,45.0,0.699740429003645,0.3204834764108868,1.0,42.34345510038262,19.05807616912138,11.274271126321413,60.49065014340375,64.74998462767127,64.74998462767127,0.0,4.547083679521946,1.1367709198804865,68.20625519282919,0.0,0.0,0.0,0.0,7.105427357601002e-15,0.0,0.0,0.0,1.2497517269423604,-1.5919236075444942,0.15464269081873994,0.0
3,autumn_processing,秋季农产品加工日,60.0,14.5,0.25,60.650277754614756,26.355033875856755,18.319971821680674,4.691387537635897,0.0,4.691387537635897,22.092352604550356,42.14179221369683,0.0,0.0,12.366574795068448,4.328301178273956,5.564958657780802,6.496898505648734,20.790075218075952,6.106657273893558,18.319971821680674,-0.0,0.0,0.0,0.0,49.24358530145804,0.0,0.0,79.40092570815395,0.0,0.0,0.0,0.0,0.0,0.0,12.352534983712014,11.202276106632288,14.721427047174016,6.772470880598991,15.830120253786582,0.0,70.0,10.5,42.5,45.0,0.6621224224583465,0.32620632895587265,1.0,42.45519442823033,18.97562439061686,11.358382529442018,60.650277754614756,64.23414481824719,64.23414481824719,0.0,5.053578104713434,1.2633945261783586,75.80367157070151,0.0,0.0,0.0,0.0,7.105427357601002e-15,0.0,0.0,0.0,0.8863652440851029,-1.2136651131207081,0.13566355342033276,0.0
3,autumn_processing,秋季农产品加工日,60.0,14.75,0.25,60.6083724864594,26.56871995822424,18.452402025000218,4.691387537635897,0.0,4.691387537635897,20.87260637254849,43.06701744280577,0.0,0.0,13.214458040337284,4.625060314118049,5.946506118151778,6.496898505648734,20.790075218075952,6.150800675000073,18.452402025000218,-0.0,0.0,0.0,0.0,49.24112312219297,0.167861378003491,0.0,79.4010923225757,0.0,0.0,0.0,0.0,0.0,0.0,12.4844752775454,11.20675107116141,14.696353124783023,6.756946505022219,15.81204890213321,0.0,70.0,10.5,42.5,45.0,0.6255658209784675,0.3333682057909753,1.0,42.42586074052158,19.12947836992145,11.440489255500134,60.6083724864594,63.93962381535426,63.93962381535426,0.0,5.223154753767201,1.3057886884418002,78.34732130650801,0.0,0.0,0.0,0.0,0.0,0.0,0.0,0.0,0.2967591358440931,0.0,0.1324302033195437,0.0
3,autumn_processing,秋季农产品加工日,60.0,15.0,0.25,60.656006334601166,26.744681025394918,18.389569677552107,4.691387537635897,0.0,4.691387537635897,19.539688959483655,45.2064232315617,0.0,0.0,14.534244515636919,5.086985580472922,6.540410032036614,6.496898505648734,20.790075218075952,6.129856559184035,18.389569677552107,-0.0,0.0,1.2417239097202284,0.0,49.53357049459541,0.5858042247176476,0.0,79.50052027978487,0.0,0.0,0.0,0.0,0.0,0.0,12.653780967822355,11.221107399472668,14.663440230986495,6.735465507506913,15.804128282568962,0.0,70.0,10.5,42.5,45.0,0.5856174043352521,0.3499286715860249,1.0,42.459204434220815,19.256170338284342,11.401533200082307,60.656006334601166,64.74611219104536,64.74611219104536,0.0,5.487112048827128,1.371778012206782,82.30668073240692,0.0,0.0,0.0,0.0,2.1316282072803006e-14,0.0,0.0,0.0,0.4619252663548723,0.0,-0.06283234744811139,0.0
3,autumn_processing,秋季农产品加工日,60.0,15.25,0.25,60.94601587747242,26.809949930018565,18.470880425216865,4.691387537635897,0.0,4.691387537635897,17.86857749637586,45.16973069477414,0.0,0.0,18.104963735472236,6.336737307415282,8.147233680962506,6.496898505648734,20.790075218075952,6.1569601417389554,18.470880425216865,-0.0,0.0,0.4665585113410735,0.0,49.641901462514184,2.127358969019893,0.0,79.9660177747872,0.0,0.0,0.0,0.0,0.0,0.0,12.865527876919177,11.244437291907689,14.622220218779994,6.708275127831233,15.802275409518089,0.0,70.0,10.5,42.5,45.0,0.5355330882845051,0.3496446462255264,1.0,42.66221111423069,19.303163949613367,11.451945863634457,60.94601587747242,63.038308191149994,63.038308191149994,0.0,6.201255892794191,1.5503139731985478,93.01883839191287,0.0,0.0,0.0,0.0,-7.105427357601002e-15,-3.552713678800501e-15,0.0,0.0,1.2497517269423604,0.0,0.08131074766475876,0.0
3,autumn_processing,秋季农产品加工日,60.0,15.5,0.25,61.29456939552761,27.097111087172564,18.481594316004234,4.691387537635897,0.0,4.691387537635897,16.47316419355068,44.240476100184345,0.0,0.0,21.67568295530755,7.586489034357642,9.754057329888399,5.536416031532873,17.716531300905196,6.160531438668078,18.481594316004234,-0.0,0.0,0.0,0.0,49.63941936744106,0.37347754362103025,0.0,80.01473568250981,0.0,0.0,0.0,0.0,0.0,0.0,13.124040521215267,11.274959647894914,14.572329819169981,6.675685012698839,15.80174068810127,0.0,70.0,10.5,42.5,45.0,0.49371162848185335,0.34245157934243375,1.0,42.90619857686932,19.509919982764245,11.458588475922625,61.29456939552761,60.713640293735025,60.713640293735025,0.0,6.915399736761254,1.7288499341903134,103.7309960514188,0.0,0.0,0.0,0.0,0.0,0.0,0.0,0.0,1.2497517269423604,-3.073543917170756,0.010713890787368285,0.0
3,autumn_processing,秋季农产品加工日,60.0,15.75,0.25,61.43203823040127,27.44567720029434,18.329880491127007,4.691387537635897,0.0,4.691387537635897,14.572152530335073,45.00124612500426,0.0,0.0,25.246402175142865,8.836240761300003,11.36088097881429,5.536416031532873,17.716531300905196,6.109960163709002,18.329880491127007,-0.0,0.0,0.022612528632093287,0.0,49.64230787202281,1.6317350794251446,0.0,80.36226539603203,0.0,0.0,0.0,0.0,0.0,0.0,13.43240713196243,11.310084958715263,14.513534254454568,6.638061347741322,15.797360481274225,0.0,70.0,10.5,42.5,45.0,0.43673705134647695,0.34834046028318105,1.0,43.00242676128089,19.760887584211925,11.364525904498745,61.43203823040127,59.57339865533933,59.57339865533933,0.0,7.629543580728317,1.9073858951820792,114.44315371092475,0.0,0.0,0.0,0.0,-7.105427357601002e-15,0.0,0.0,0.0,1.2497517269423604,0.0,-0.15171382487722695,0.0
3,autumn_processing,秋季农产品加工日,60.0,16.0,0.25,61.36490709570474,27.688731261576052,18.18277178684102,4.691387537635897,0.0,4.691387537635897,12.836425543373883,43.98912529319276,0.0,0.0,28.817121394978184,10.085992488242363,12.967704627740183,4.483464636988724,14.347086838363918,6.060923928947006,18.18277178684102,-0.0,0.0,0.0,0.3063647991955188,49.559203441051444,0.0,0.37393979547195144,80.22367905399928,0.0,0.0,0.0,0.0,0.0,0.0,13.791971113960582,11.346524045691606,14.445746536998465,6.595820013161198,15.783820517930295,0.0,132.0,19.8,42.5,45.0,0.3847161653003093,0.34050595198009836,1.0,42.955434966993316,19.935886508334757,11.273318507841433,61.36490709570474,56.82555083656664,56.82555083656664,0.0,8.34368742469538,2.085921856173845,125.15531137043071,0.0,0.0,0.0,0.0,-4.263256414560601e-14,0.0,0.0,0.0,1.2497517269423604,-3.369444462541278,-0.1471087042859871,0.0
3,autumn_processing,秋季农产品加工日,60.0,16.25,0.25,61.48479579732286,27.8775503216642,17.958872002325084,4.691387537635897,0.0,4.691387537635897,10.993655193263692,45.520951041443595,0.0,0.0,31.739726398536146,11.10890423948765,14.282876879341266,4.483464636988724,14.347086838363918,5.986290667441694,17.958872002325084,-0.0,0.0,0.3603469100775561,0.0,49.64230787202281,0.7524133960409856,0.0,80.36226539603203,0.0,0.0,0.0,0.0,0.0,0.0,14.201838572686528,11.380436110296,14.369041516746515,6.549418941765688,15.755916745296158,0.0,132.0,19.8,42.5,45.0,0.3294871188474628,0.35236333221212796,1.0,43.039357058126,20.071836231598223,11.134500641441551,61.48479579732286,56.51460623470729,56.51460623470729,0.0,8.928208425406973,2.2320521063517433,133.9231263811046,0.0,0.0,0.0,0.0,0.0,0.0,0.0,0.0,1.022911751245287,0.0,-0.22389978451593606,0.0
3,autumn_processing,秋季农产品加工日,60.0,16.5,0.25,61.90777729103759,27.988681620712555,17.81170424531607,4.691387537635897,0.0,4.691387537635897,9.401424074379197,45.4308417781002,0.0,0.0,31.739726398536146,11.10890423948765,14.282876879341266,2.7770945779431044,8.886702649417934,5.93723474843869,17.81170424531607,-0.0,0.0,0.010451012183568167,0.0,49.64230787202281,0.0,4.819102091953354,79.05389950229366,0.0,0.0,0.0,0.0,0.0,0.0,14.65845021373323,11.40760906613583,14.283663994610707,6.499349875461849,15.708801015390595,0.0,132.0,19.8,42.5,45.0,0.2817668988953233,0.3516658248101857,1.0,43.33544410372631,20.15185076691304,11.043256632095963,61.90777729103759,54.832265852479395,54.832265852479395,0.0,8.928208425406973,2.2320521063517433,133.9231263811046,0.0,0.0,0.0,0.0,7.105427357601002e-15,0.0,0.0,0.0,0.0,-5.460384188945984,-0.14716775700901508,0.0
3,autumn_processing,秋季农产品加工日,60.0,16.75,0.25,62.343128236865276,28.53781676863784,17.61752773884561,4.691387537635897,0.0,4.691387537635897,7.616913150606708,44.35200006643935,0.0,0.0,31.739726398536146,11.10890423948765,14.282876879341266,-0.0,0.0,5.8725092462818695,17.61752773884561,-0.0,0.0,0.0,0.4464324889775426,49.522343522687756,0.0,14.254939889296573,75.26307258167499,0.0,0.0,0.0,0.0,0.0,0.0,15.15527045119428,11.423662977284952,14.190030507583382,6.446129727153869,15.638200418268948,0.0,132.0,19.8,42.5,45.0,0.22828392599056097,0.34331485120894967,1.0,43.640189765805694,20.547228073419245,10.922867198084278,62.343128236865276,51.96891321704606,51.96891321704606,0.0,8.928208425406973,2.2320521063517433,133.9231263811046,0.0,0.0,0.0,0.0,-1.4210854715202004e-14,0.0,0.0,0.0,0.0,-8.886702649417934,-0.19417650647045903,0.0
3,autumn_processing,秋季农产品加工日,60.0,17.0,0.25,62.706582214504685,28.853632511575512,17.429738080965915,4.691387537635897,0.0,4.691387537635897,6.2088379644826786,40.76948722984185,0.0,0.0,31.739726398536146,11.10890423948765,14.282876879341266,-0.0,-0.0,5.809912693655305,17.429738080965915,-0.0,0.0,0.0,5.737877936711911,48.00989952742954,0.0,14.570755632234246,71.39103166848041,0.0,0.0,0.0,0.0,0.0,0.0,15.68264543060206,11.424265804661523,14.088724698144985,6.3902917592023005,15.54060101670585,0.0,132.0,19.8,42.5,45.0,0.18608298116914343,0.3155837486744938,1.0,43.894607550153275,20.774615408334366,10.806437610198868,62.706582214504685,46.978325194324526,46.978325194324526,0.0,8.928208425406973,2.2320521063517433,133.9231263811046,0.0,0.0,0.0,0.0,-7.105427357601002e-15,0.0,0.0,0.0,0.0,-0.0,-0.18778965787969426,0.0
3,autumn_processing,秋季农产品加工日,60.0,17.25,0.25,62.85101806904184,29.188903466091226,17.24190508392664,4.691387537635897,0.0,4.691387537635897,4.747576104227258,40.52978222101453,0.0,0.0,31.739726398536146,11.10890423948765,14.282876879341266,-0.0,-0.0,5.747301694642213,17.24190508392664,-0.0,0.0,0.0,7.520669661318728,46.02837543736929,0.0,14.90602658674996,67.43269757718566,0.0,0.0,0.0,0.0,0.0,0.0,16.227873886280154,11.40534970173955,13.980486487491063,6.332376787231772,15.413389057998849,0.0,132.0,19.8,42.5,45.0,0.1422879965390762,0.3137282677645841,1.0,43.99571264832929,21.016010495585682,10.689981152034516,62.85101806904184,45.277358325241785,45.277358325241785,0.0,8.928208425406973,2.2320521063517433,133.9231263811046,0.0,0.0,0.0,0.0,7.105427357601002e-15,0.0,0.0,0.0,0.0,0.0,-0.18783299703927625,0.0
3,autumn_processing,秋季农产品加工日,60.0,17.5,0.25,63.08395080248071,29.709322930197487,17.202389783665307,4.691387537635897,0.0,4.691387537635897,3.4162671550577755,36.849644212730766,0.0,0.0,31.739726398536146,11.10890423948765,14.282876879341266,-0.0,0.0,5.734129927888436,17.202389783665307,-0.0,0.0,0.0,12.751877585457066,42.67031675926661,0.0,15.426446050856221,63.33939016238228,0.0,0.0,0.0,0.0,0.0,0.0,16.775520125203908,11.363315896054793,13.86619556181607,6.27292460941646,15.254945286194673,0.0,132.0,19.8,42.5,45.0,0.1023877866228623,0.2852414795509816,1.0,44.158765561736494,21.39071250974219,10.665481665872491,63.08395080248071,40.26591136778854,40.26591136778854,0.0,8.928208425406973,2.2320521063517433,133.9231263811046,0.0,0.0,0.0,0.0,2.1316282072803006e-14,0.0,0.0,0.0,0.0,0.0,-0.03951530026133199,0.0
3,autumn_processing,秋季农产品加工日,60.0,17.75,0.25,63.62565924921076,30.199337659003135,16.842157268906853,4.691387537635897,0.0,4.691387537635897,2.3064295096547682,35.904234289316214,0.0,0.0,31.739726398536146,11.10890423948765,14.282876879341266,-0.0,-0.0,5.614052422968951,16.842157268906853,-0.0,0.0,0.0,15.22875609608517,38.66061584972203,0.0,15.916460779661868,59.11917815686376,0.0,0.0,0.0,0.0,0.0,0.0,17.30797776020305,11.295216779883745,13.746849937312774,6.212465846968564,15.064690596800894,0.0,132.0,19.8,42.5,45.0,0.06912521819190443,0.2779233593601826,1.0,44.537961474447535,21.743523114482254,10.442137506722249,63.62565924921076,38.210663798970984,38.210663798970984,0.0,8.928208425406973,2.2320521063517433,133.9231263811046,0.0,0.0,0.0,0.0,-7.105427357601002e-15,0.0,0.0,0.0,0.0,-0.0,-0.3602325147584544,0.0
3,autumn_processing,秋季农产品加工日,60.0,18.0,0.25,63.806520783453614,30.27231067317494,16.564975177407693,4.691387537635897,0.0,4.691387537635897,1.217724102465001,35.842713288147245,0.0,0.0,31.739726398536146,11.10890423948765,14.282876879341266,-0.0,0.0,5.521658392469231,16.564975177407693,-0.0,0.0,0.0,16.467450008187058,34.32514334309084,0.0,15.989433793833673,54.88187283256594,0.0,0.0,0.0,0.0,0.0,0.0,17.80626793562408,11.198905185499036,13.623540579102446,6.151514362137339,14.843083816729632,0.0,132.0,19.8,42.5,45.0,0.03649599691994652,0.27744714468371,1.0,44.66456454841753,21.796063684685954,10.27028460999277,63.806520783453614,37.06043739061224,37.06043739061224,0.0,8.928208425406973,2.2320521063517433,133.9231263811046,0.0,0.0,0.0,0.0,7.105427357601002e-15,0.0,0.0,0.0,0.0,0.0,-0.27718209149916007,0.0
3,autumn_processing,秋季农产品加工日,60.0,18.25,0.25,63.664093485945266,30.619400539939324,16.057948737060233,4.691387537635897,0.0,4.691387537635897,0.3742232387385328,37.92213710369477,0.0,0.0,31.739726398536146,11.10890423948765,14.282876879341266,-0.0,-0.0,5.352649579020078,16.057948737060233,-0.0,0.0,0.0,14.920090945408482,30.397087363447774,0.0,16.336523660598058,50.555346722308066,0.0,0.0,0.0,0.0,0.0,0.0,18.25102942665987,11.073142848277968,13.497423201735861,6.090560396487061,14.591574720022926,0.0,132.0,19.8,42.5,45.0,0.01121571802736527,0.29354330893257424,1.0,44.56486544016168,22.04596838875631,9.955928216977345,63.664093485945266,38.2963603424333,38.2963603424333,0.0,8.928208425406973,2.2320521063517433,133.9231263811046,0.0,0.0,0.0,0.0,-7.105427357601002e-15,0.0,0.0,0.0,0.0,-0.0,-0.5070264403474596,0.0
3,autumn_processing,秋季农产品加工日,60.0,18.5,0.25,63.406902976414294,30.950984082447228,15.542233558686712,4.691387537635897,0.0,4.691387537635897,-0.0,38.23905093839189,0.0,0.0,31.739726398536146,11.10890423948765,14.282876879341266,-0.0,-0.0,5.1807445195622375,15.542233558686712,-0.0,-0.0,0.0,14.548304780461088,26.567066251063526,0.0,16.66810720310596,46.143725048129554,0.0,0.0,0.0,0.0,0.0,0.0,18.623633462480015,10.917662619097412,13.369688467813436,6.030064545566906,14.312517391282487,0.0,132.0,19.8,42.5,45.0,0.0,0.29599643902461326,1.0,44.384832083490004,22.284708539362004,9.636184806385762,63.406902976414294,38.23905093839189,38.23905093839189,0.0,8.928208425406973,2.2320521063517433,133.9231263811046,0.0,0.0,0.0,0.0,-7.105427357601002e-15,0.0,0.0,0.0,0.0,0.0,-0.5157151783735205,-0.0
3,autumn_processing,秋季农产品加工日,60.0,18.75,0.25,63.04350557708084,31.09653584881757,15.094936303782896,4.691387537635897,0.0,4.691387537635897,-0.0,38.464593229775325,0.0,0.0,31.739726398536092,11.108904239487632,14.282876879341242,-0.0,0.0,5.0316454345942985,15.094936303782896,-0.0,-0.0,0.0,13.810266004776292,22.931457370178265,0.0,16.81365896947633,41.69600608837488,0.0,0.0,0.0,0.0,0.0,0.0,18.90733686283784,10.733181886013655,13.241531824429998,5.970452657385938,14.009050636577143,0.0,132.0,19.8,42.5,45.0,0.0,0.2977422908033749,1.0,44.130453903956585,22.38950581114865,9.358860508345396,63.04350557708084,38.464593229775325,38.464593229775325,0.0,8.928208425406963,2.2320521063517407,133.92312638110445,0.0,0.0,0.0,0.0,7.105427357601002e-15,0.0,0.0,0.0,-1.7763568394002505e-14,0.0,-0.4472972549038161,0.0
3,autumn_processing,秋季农产品加工日,60.0,19.0,0.25,62.41133560490654,31.202570507993176,14.696600772432303,4.691387537635897,0.0,4.691387537635897,-0.0,37.117045567375825,0.0,0.0,31.739726398536146,11.10890423948765,14.282876879341266,0.03313583099236905,0.10603465917558097,4.898866924144101,14.696600772432303,-0.0,-0.0,0.0,14.426001015543639,19.133994740587745,0.0,16.81365896947633,37.25051098810008,0.0,0.0,0.0,0.0,0.0,0.0,19.088376119107036,10.521367686577218,13.114124176439542,5.912111712452298,13.684953258653099,0.0,132.0,19.8,42.5,45.0,0.0,0.28731134914300727,1.0,43.687934923434575,22.465850765755086,9.111892478908027,62.41133560490654,37.117045567375825,37.117045567375825,0.0,8.928208425406973,2.2320521063517433,133.9231263811046,0.0,0.0,0.0,0.0,0.0,0.0,0.0,0.0,1.7763568394002505e-14,0.10603465917558097,-0.3983355313505932,0.0
3,autumn_processing,秋季农产品加工日,60.0,19.25,0.25,61.71961620538754,31.44587585060932,14.037161751158239,4.691387537635897,0.0,4.691387537635897,-0.0,38.98250700113194,0.0,0.0,31.739726398536146,11.10890423948765,14.282876879341266,0.10916875055991371,0.34934000179172386,4.679053917052746,14.037161751158239,-0.0,-0.0,0.0,11.725040094744703,16.047501173812638,0.0,16.81365896947633,32.80723863537542,0.0,0.0,0.0,0.0,0.0,0.0,19.156904495555082,10.284756910331824,12.988584496630478,5.855386713589334,13.344482633477131,0.0,132.0,19.8,42.5,45.0,0.0,0.3017512980428682,1.0,43.203731343771274,22.64103061243871,8.703040285718108,61.71961620538754,38.98250700113194,38.98250700113194,0.0,8.928208425406973,2.2320521063517433,133.9231263811046,0.0,0.0,0.0,0.0,-7.105427357601002e-15,0.0,0.0,0.0,0.0,0.2433053426161429,-0.6594390212740642,0.0
3,autumn_processing,秋季农产品加工日,60.0,19.5,0.25,60.77789656815891,31.54666140791552,13.684293736874926,4.691387537635897,0.0,4.691387537635897,-0.0,35.27032746917556,0.0,0.0,31.739726398536146,11.10890423948765,14.282876879341266,0.14066423721810106,0.4501255590979234,4.561431245624975,13.684293736874926,-0.0,-0.0,0.0,14.409372804702873,12.254758586990034,0.0,16.81365896947633,28.366187918827123,0.0,0.0,0.0,0.0,0.0,0.0,19.107684840650716,10.026637592105136,12.865955324682458,5.800578585294906,12.99220515314225,0.0,132.0,19.8,42.5,45.0,0.0,0.2730164864951276,1.0,42.54452759771123,22.713596213699173,8.484262116862453,60.77789656815891,35.27032746917556,35.27032746917556,0.0,8.928208425406973,2.2320521063517433,133.9231263811046,0.0,0.0,0.0,0.0,0.0,0.0,0.0,0.0,0.0,0.10078555730619954,-0.35286801428331316,0.0
3,autumn_processing,秋季农产品加工日,60.0,19.75,0.25,59.72958650284708,31.466193422445063,13.200199669999215,4.691387537635897,0.0,4.691387537635897,-0.0,36.30607506829617,0.0,0.0,31.739726398536146,11.10890423948765,14.282876879341266,0.14066423721810106,0.4501255590979234,4.400066556666405,13.200199669999215,-0.0,-0.0,0.0,12.163950451311873,9.053106256610192,0.0,16.733190984005873,23.948533513287217,0.0,0.0,0.0,0.0,0.0,0.0,18.940471802114686,9.750899397517895,12.74718192055484,5.747943055948842,12.632826768908181,0.0,132.0,19.8,42.5,45.0,0.0,0.2810338821559647,1.0,41.810710551992955,22.655659264160445,8.184123795399513,59.72958650284708,36.30607506829617,36.30607506829617,0.0,8.928208425406973,2.2320521063517433,133.9231263811046,0.0,0.0,0.0,0.0,7.105427357601002e-15,0.0,0.0,0.0,0.0,0.0,-0.484094066875711,0.0
3,autumn_processing,秋季农产品加工日,60.0,20.0,0.25,58.41812663367307,31.360679913643548,12.920146024656015,4.691387537635897,0.0,4.691387537635897,-0.0,38.02953073501183,0.0,0.0,31.739726398536146,11.10890423948765,14.282876879341266,0.14066423721810106,0.4501255590979234,4.306715341552005,12.920146024656015,-0.0,-0.0,0.0,9.035683700307796,6.674842101216363,0.0,16.627677475204358,19.560854647792585,0.0,0.0,0.0,0.0,0.0,0.0,18.660046250930094,9.4618628661314,12.633095626576477,5.6976904724469435,12.271031134891508,0.0,132.0,19.8,42.5,45.0,0.0,0.29437460917836195,1.0,40.89268864357115,22.579689537823352,8.01049053528673,58.41812663367307,38.02953073501183,38.02953073501183,0.0,8.928208425406973,2.2320521063517433,133.9231263811046,0.0,0.0,0.0,0.0,0.0,0.0,0.0,0.0,0.0,0.0,-0.2800536453431999,0.0
3,autumn_processing,秋季农产品加工日,60.0,20.25,0.25,57.020753886255584,31.46959973235632,12.65490761387436,4.691387537635897,0.0,4.691387537635897,-0.0,41.17638266565042,0.0,0.0,31.739726398536146,11.10890423948765,14.282876879341266,0.14066423721810106,0.4501255590979234,4.21830253795812,12.65490761387436,-0.0,0.0,0.0,4.403046218657832,5.515811985780313,0.0,16.73659729391713,15.14670651154313,0.0,0.0,0.0,0.0,0.0,0.0,18.27589845033586,9.164097725451775,12.524401769393899,5.649986476440852,11.911331793925557,0.0,132.0,19.8,42.5,45.0,0.0,0.31873339797538125,1.0,39.914527720378906,22.65811180729655,7.846042720602104,57.020753886255584,41.17638266565042,41.17638266565042,0.0,8.928208425406973,2.2320521063517433,133.9231263811046,0.0,0.0,0.0,0.0,-7.105427357601002e-15,0.0,0.0,0.0,0.0,0.0,-0.2652384107816541,0.0
3,autumn_processing,秋季农产品加工日,60.0,20.5,0.25,55.64312296369843,31.35902608438265,12.254415803414975,4.466676624244776,0.0,4.466676624244776,-0.0,44.29417282856506,0.0,0.0,31.739726398536146,11.10890423948765,14.282876879341266,0.14066423721810106,0.4501255590979234,4.084805267804992,12.254415803414975,-0.0,0.0,0.0011612235759553427,0.0,5.515811985780313,0.0,16.62602364594346,10.763863777775924,0.0,0.0,0.0,0.0,0.0,0.0,17.80159066974146,8.862240603255247,12.421672211176835,5.604953454714412,11.557943551461126,0.0,132.0,19.8,42.5,45.0,0.0,0.3428672287897375,1.0,38.9501860745889,22.578498780755506,7.597737798117285,55.64312296369843,44.29417282856506,44.29417282856506,0.0,8.804617423041856,2.201154355760464,132.06926134562784,0.0,0.0,0.0,0.0,0.0,0.0,0.0,-0.22471091339112093,0.0,0.0,-0.40049181045938553,0.0
3,autumn_processing,秋季农产品加工日,60.0,20.75,0.25,54.11689211112902,31.21317794160201,11.77034536040638,0.7959239903279496,0.0,0.7959239903279496,-0.0,49.255049910300244,0.0,0.0,31.739726398536146,11.10890423948765,14.282876879341266,3.1183763519420737,9.978804326214636,3.9234484534687932,11.77034536040638,-0.0,0.0,0.0011612235759553427,0.0,5.515811985780313,0.0,6.951496736046107,8.929140599559114,0.0,0.0,0.0,0.0,0.0,0.0,17.25386028850374,8.560821789621496,12.32534245100286,5.5626726635783195,11.21467674636287,0.0,132.0,19.8,42.5,45.0,0.0,0.3812678144370701,1.0,37.88182447779031,22.473488117953444,7.297614123451955,54.11689211112902,49.255049910300244,49.255049910300244,0.0,6.785703474387601,1.6964258685969003,101.78555211581401,0.0,0.0,0.0,0.0,0.0,0.0,0.0,-3.670752633916827,0.0,9.528678767116713,-0.48407044300859603,0.0
3,autumn_processing,秋季农产品加工日,60.0,21.0,0.25,52.81915754491815,31.23096428517906,11.304578539286203,-0.0,0.0,-0.0,-0.0,51.13462429081801,0.0,0.0,31.739726398536146,11.10890423948765,14.282876879341266,5.3021517489292815,16.9668855965737,3.768192846428734,11.304578539286203,-0.0,0.0,0.35402639002949776,0.0,5.599617462813029,0.018798190735907383,0.0,8.929140599559114,0.0,0.0,0.0,0.0,0.0,0.0,16.65154728656929,8.264109430262216,12.235712992234431,5.523186918596117,10.884856644005794,0.0,132.0,19.8,42.5,45.0,0.0,0.3958170072089174,1.0,36.9734102814427,22.48629428532892,7.008838694357445,52.81915754491815,51.13462429081801,51.13462429081801,0.0,6.347945279707229,1.5869863199268073,95.21917919560843,0.0,0.0,0.0,0.0,0.0,0.0,0.0,-0.7959239903279496,0.0,6.988081270359064,-0.46576682112017664,0.0
3,autumn_processing,秋季农产品加工日,60.0,21.25,0.25,51.48128773732707,30.890339513638587,10.87566428985179,0.0,0.0,0.0,-0.0,54.59144555477349,0.0,0.0,31.739726398536146,11.10890423948765,14.282876879341266,6.482394061406069,20.743660996499422,3.6252214299505963,10.87566428985179,-0.0,0.0,4.111446565577403,0.0,6.575806041264522,4.1361983622021015,0.0,9.907023140282334,0.0,0.0,0.0,0.0,0.0,0.0,16.0144428229776,7.975977807219714,12.152954537727314,5.486503736387345,10.571268735731614,0.0,132.0,19.8,42.5,45.0,0.0,0.4225751709019417,1.0,36.03690141612895,22.241044449819782,6.7429118597081095,51.48128773732707,54.59144555477349,54.59144555477349,0.0,6.347945279707229,1.5869863199268073,95.21917919560843,0.0,0.0,0.0,0.0,0.0,0.0,0.0,0.0,0.0,3.7767753999257216,-0.42891424943441336,0.0
3,autumn_processing,秋季农产品加工日,60.0,21.5,0.25,50.21961497650711,30.461085267856397,10.466266104738244,-0.0,0.0,-0.0,-0.0,54.99006169908113,0.0,0.0,31.739726398536146,11.10890423948765,14.282876879341266,10.139075580898009,32.44504185887363,3.4887553682460815,10.466266104738244,-0.0,0.0,2.251520012917581,0.0,7.110213254030383,16.2668334703585,0.0,13.765442577922336,0.0,0.0,0.0,0.0,0.0,0.0,15.362157267266147,7.699804346037144,12.077116457034323,5.452598814468941,10.276129406514727,0.0,132.0,19.8,42.5,45.0,0.0,0.42566073281724337,1.0,35.15373048355497,21.931981392856606,6.489084984937711,50.21961497650711,54.99006169908113,54.99006169908113,0.0,6.347945279707229,1.5869863199268073,95.21917919560843,0.0,0.0,0.0,0.0,0.0,0.0,0.0,-0.0,0.0,11.701380862374208,-0.4093981851135453,0.0
3,autumn_processing,秋季农产品加工日,60.0,21.75,0.25,49.284320212465374,30.137077731746885,9.937158342500794,0.0,0.0,0.0,-0.0,54.26273755956686,0.0,0.0,31.739726398536146,11.10890423948765,14.282876879341266,10.208706194338108,32.66785982188195,3.3123861141669315,9.937158342500794,-0.0,0.0,2.5662292780840925,0.0,7.719337196912654,16.81365896947633,0.0,17.751803861884003,0.0,0.0,0.0,0.0,0.0,0.0,14.713097038148181,7.438397853978596,12.008137890887062,5.421419737755537,10.001080291245833,0.0,132.0,19.8,42.5,45.0,0.0,0.42003074593133144,1.0,34.49902414872576,21.698695966857755,6.161038172350493,49.284320212465374,54.26273755956686,54.26273755956686,0.0,6.347945279707229,1.5869863199268073,95.21917919560843,0.0,0.0,0.0,0.0,7.105427357601002e-15,0.0,0.0,0.0,0.0,0.22281796300831758,-0.5291077622374498,0.0
3,autumn_processing,秋季农产品加工日,60.0,22.0,0.25,48.01779228115547,29.961951564466577,9.583109247330976,4.691387537635897,0.0,4.691387537635897,-0.0,55.28236925648157,0.0,0.0,30.145203490173547,10.55082122156074,13.565341570578097,10.378209051051503,33.21026896336481,3.1943697491103253,9.583109247330976,-0.0,0.0,8.934206934360914,0.0,9.840825376963526,16.81365896947633,0.0,21.736171965203688,0.0,0.0,0.0,0.0,0.0,0.0,14.083621779353868,7.1939584092121684,11.945860818101217,5.392889806010945,9.74720372315027,0.0,62.0,9.299999999999999,42.5,45.0,0.0,0.4279233934734901,1.0,33.61245459680883,21.572605126415937,5.941527733345205,48.01779228115547,55.28236925648157,55.28236925648157,0.0,8.609303843734454,2.1523259609336134,129.1395576560168,0.0,0.0,0.0,0.0,7.105427357601002e-15,3.552713678800501e-15,0.0,4.691387537635897,-0.5580830179269096,0.5424091414828638,-0.35404909516981853,0.0
3,autumn_processing,秋季农产品加工日,60.0,22.25,0.25,46.90923024576306,29.555392647543258,9.177543577574472,4.691387537635897,0.0,4.691387537635897,-0.0,56.684225859176216,0.0,0.0,26.574484270338232,9.30106949461838,11.958517921652204,10.753291779802307,34.410533695367384,3.059181192524824,9.177543577574472,-0.0,0.0,9.9549796733403,0.0,12.204641008113,16.81365896947633,0.0,25.718547884471715,0.0,0.0,0.0,0.0,0.0,0.0,13.487429647284715,6.968067432861792,11.890044406348059,5.366911884728261,9.515056010483105,0.0,62.0,9.299999999999999,42.5,45.0,0.0,0.4387747235206005,1.0,32.83646117203414,21.279882706231145,5.690077018096172,46.90923024576306,56.684225859176216,56.684225859176216,0.0,7.89515999976739,1.9737899999418476,118.42739999651086,0.0,0.0,0.0,0.0,-1.4210854715202004e-14,0.0,0.0,0.0,-1.2497517269423604,1.200264732002573,-0.40556566975650377,0.0
3,autumn_processing,秋季农产品加工日,60.0,22.5,0.25,46.26854932679874,29.262406317535852,8.75381887185192,4.691387537635897,0.0,4.691387537635897,-0.0,56.373294717653486,0.0,0.0,23.003765050502917,8.05131776767602,10.351694272726313,11.15104136282318,35.68333236103418,2.9179396239506397,8.75381887185192,-0.0,0.0,8.778469709392843,0.0,14.288917332043395,16.772620316224643,0.0,29.689185935632835,0.0,0.0,0.0,0.0,0.0,0.0,12.935192198292302,6.761704899897761,11.840379996809487,5.343372192075292,9.304714866400865,0.0,62.0,9.299999999999999,42.5,45.0,0.0,0.4363679035704698,1.0,32.38798452875912,21.068932548625813,5.42736770054819,46.26854932679874,56.373294717653486,56.373294717653486,0.0,7.181016155800327,1.7952540389500817,107.71524233700491,0.0,0.0,0.0,0.0,7.105427357601002e-15,0.0,0.0,0.0,-1.2497517269423604,1.272798665666798,-0.4237247057225524,0.0
3,autumn_processing,秋季农产品加工日,60.0,22.75,0.25,45.286342930668326,29.05495573800322,8.684253248850139,4.691387537635897,0.0,4.691387537635897,-0.0,57.887068014119855,0.0,0.0,19.4330458306676,6.801566040733659,8.74487062380042,11.15104136282318,35.68333236103418,2.8947510829500462,8.684253248850139,-0.0,0.0,10.047886216047862,0.0,16.674575862488158,15.373247246831383,0.0,33.325487563787476,0.0,0.0,0.0,0.0,0.0,0.0,12.434434919458196,6.575289458328243,11.796506128069264,5.322143946123236,9.115837151792075,0.0,62.0,9.299999999999999,42.5,45.0,0.0,0.44808554546400153,1.0,31.700440051467826,20.91956813136232,5.384237014287086,45.286342930668326,57.887068014119855,57.887068014119855,0.0,6.466872311833264,1.616718077958316,97.00308467749895,0.0,0.0,0.0,0.0,0.0,-3.552713678800501e-15,0.0,0.0,-1.2497517269423604,0.0,-0.06956562300178071,0.0
3,autumn_processing,秋季农产品加工日,60.0,23.0,0.25,44.34584270469493,28.776010747724094,8.330919709702119,4.691387537635897,0.0,4.691387537635897,-0.0,58.88957794480665,0.0,0.0,15.862326610832284,5.551814313791299,7.138046974874528,11.15104136282318,35.68333236103418,2.776973236567373,8.330919709702119,-0.0,0.0,10.858922492148364,0.0,19.252736225580268,14.045368588184616,0.0,36.644599859699426,0.0,0.0,0.0,0.0,0.0,0.0,11.989637715158308,6.408736466058253,11.758023080334537,5.3030908090363456,8.947723147939667,0.0,62.0,9.299999999999999,42.5,45.0,0.0,0.4558456588111709,1.0,31.042089893286448,20.71872773836135,5.165170220015313,44.34584270469493,58.88957794480665,58.88957794480665,0.0,5.7527284678662,1.43818211696655,86.290927017993,0.0,0.0,0.0,0.0,0.0,0.0,0.0,0.0,-1.2497517269423604,0.0,-0.3533335391480197,0.0
3,autumn_processing,秋季农产品加工日,60.0,23.25,0.25,43.56874234700598,28.448525632719974,8.168272206499948,4.691387537635897,0.0,4.691387537635897,-0.0,61.25126344157134,0.0,0.0,12.291607390996969,4.302062586848939,5.531223325948636,11.15104136282318,35.68333236103418,2.7227574021666494,8.168272206499948,-0.0,0.0,12.802172454060367,0.0,22.292289546608323,12.766030054262842,0.0,39.658209697657,0.0,0.0,0.0,0.0,0.0,0.0,11.602513661027226,6.261528619486926,11.724506510547892,5.286070077726755,8.799383820755047,0.0,62.0,9.299999999999999,42.5,45.0,0.0,0.4741267217555594,1.0,30.498119642904182,20.48293845555838,5.064328768029967,43.56874234700598,61.25126344157134,61.25126344157134,0.0,5.038584623899138,1.2596461559747845,75.57876935848707,0.0,0.0,0.0,0.0,-1.4210854715202004e-14,3.552713678800501e-15,0.0,0.0,-1.2497517269423604,0.0,-0.16264750320217125,0.0
3,autumn_processing,秋季农产品加工日,60.0,23.5,0.25,42.814224853956866,28.2847806880716,8.077975633935292,4.691387537635897,0.0,4.691387537635897,-0.0,60.611686002061454,0.0,0.0,8.720888171161652,3.0523108599065782,3.924399677022744,11.15104136282318,35.68333236103418,2.6926585446450972,8.077975633935292,-0.0,0.0,11.697459638178783,0.0,25.069321596198453,11.322951349985328,0.0,42.32758153842969,0.0,0.0,0.0,0.0,0.0,0.0,11.272415065056373,6.13279390240317,11.69551984559786,5.270935583206797,8.669607929738786,0.0,62.0,9.299999999999999,42.5,45.0,0.0,0.46917595441354526,1.0,29.969957397769804,20.36504209541155,5.008344893039881,42.814224853956866,60.611686002061454,60.611686002061454,0.0,4.3244407799320745,1.0811101949830186,64.86661169898112,0.0,0.0,0.0,0.0,7.105427357601002e-15,-3.552713678800501e-15,0.0,0.0,-1.2497517269423604,0.0,-0.09029657256465562,0.0
3,autumn_processing,秋季农产品加工日,60.0,23.75,0.25,42.50323366435175,28.151286283299164,7.896696225908888,4.691387537635897,0.0,4.691387537635897,-0.0,60.365157479384656,0.0,0.0,5.150168951326337,1.8025591329642174,2.3175760280968514,11.15104136282318,35.68333236103418,2.6322320753029627,7.896696225908888,-0.0,0.0,10.57259704750688,0.0,27.57905992890156,9.84962210583187,0.0,44.64570299779557,0.0,0.0,0.0,0.0,0.0,0.0,10.996813320099616,6.0213859672325425,11.670625198649649,5.257540273096758,8.557026328483346,0.0,62.0,9.299999999999999,42.5,45.0,0.0,0.46726765483393756,1.0,29.75226356504622,20.268926123975398,4.895951660063511,42.50323366435175,60.365157479384656,60.365157479384656,0.0,3.6102969359650112,0.9025742339912528,54.15445403947517,0.0,0.0,0.0,0.0,0.0,0.0,0.0,0.0,-1.2497517269423608,0.0,-0.18127940802640374,0.0
4,winter_heating,冬季采暖日,80.0,0.0,0.25,34.47491881844127,46.32566071261451,2.4688575889905713,0.0,5.0,-5.0,-0.0,60.039270922317215,0.0,0.0,0.0,-0.0,-0.0,18.2834075974597,58.50690431187105,0.8229525296635237,2.4688575889905713,-0.0,0.0,1.457991976752723,0.0,27.92395407038389,12.18124359925654,0.0,47.5164255011201,0.0,0.0,0.0,0.0,0.0,0.0,11.80027194200923,5.949317972019548,10.991732042262308,4.14281748856022,1.5033616864879322,0.0,52.0,7.8,46.0,45.0,0.0,0.46474506972654656,1.0,26.89043667838419,42.619607855605345,0.7406572766971714,34.47491881844127,60.039270922317215,60.039270922317215,0.0,0.0,0.0,0.0,0.0,0.0,0.0,0.0,0.0,0.0,0.0,-5.0,0.0,0.0,-0.03019169542650335,0.0
4,winter_heating,冬季采暖日,80.0,0.25,0.25,34.698747814229726,46.559036183703384,2.565527348121853,0.0,5.0,-5.0,-0.0,62.91243727781032,0.0,0.0,0.0,-0.0,-0.0,18.2834075974597,58.50690431187105,0.8551757827072843,2.565527348121853,-0.0,0.0,4.075106083413608,0.0,28.890395567491105,11.947868128167663,0.0,50.33028596880936,0.0,0.0,0.0,0.0,0.0,0.0,11.803036727364832,5.952300685875409,11.005108740818377,4.143499579371369,1.5041430289633455,0.0,52.0,7.8,46.0,45.0,0.0,0.4869853447616531,1.0,27.065023295099188,42.83431328900711,0.7696582044365559,34.698747814229726,62.91243727781032,62.91243727781032,0.0,0.0,0.0,0.0,0.0,0.0,0.0,0.0,0.0,0.0,0.0,0.0,0.0,0.0,0.09666975913128173,0.0
4,winter_heating,冬季采暖日,80.0,0.5,0.25,34.58584715125811,46.90246477661515,2.597345027428337,0.0,5.0,-5.0,-0.0,65.94233376681001,0.0,0.0,0.0,-0.0,-0.0,18.2834075974597,58.50690431187105,0.8657816758094458,2.597345027428337,-0.0,0.0,7.207297342282757,0.0,30.600684166504884,11.6044395352559,0.0,53.06117521544824,0.0,0.0,0.0,0.0,0.0,0.0,11.811031997786403,5.956139368567153,11.02054442941158,4.144329852196457,1.5050860692310126,0.0,52.0,7.8,46.0,45.0,0.0,0.5104388183534012,1.0,26.976960777981326,43.15026759448594,0.7792035082285012,34.58584715125811,65.94233376681001,65.94233376681001,0.0,0.0,0.0,0.0,0.0,0.0,0.0,0.0,0.0,0.0,0.0,0.0,0.0,0.0,0.03181767930648416,0.0
4,winter_heating,冬季采暖日,80.0,0.75,0.25,34.4206429175955,47.27639939973859,2.5386675702172274,0.0,5.0,-5.0,-0.0,72.52482959229516,0.0,0.0,0.0,-0.0,-0.0,18.2834075974597,58.50690431187105,0.8462225234057424,2.5386675702172274,-0.0,-0.0,13.97455655383422,0.0,33.918111313832185,11.23050491213246,0.0,55.701889544471975,0.0,0.0,0.0,0.0,0.0,0.0,11.82435696254321,5.961047137568058,11.03826747179009,4.145336221304789,1.5062194231045318,0.0,52.0,7.8,46.0,45.0,0.0,0.561391843505022,1.0,26.84810147572449,43.494287447759504,0.7616002710651683,34.4206429175955,72.52482959229516,72.52482959229516,0.0,0.0,0.0,0.0,0.0,0.0,0.0,0.0,0.0,0.0,0.0,0.0,0.0,0.0,-0.05867745721110973,-0.0
4,winter_heating,冬季采暖日,80.0,1.0,0.25,34.35067792554186,47.52958083339371,2.6570410615668694,0.0,5.0,-5.0,-0.0,74.399863711753,0.0,0.0,0.0,-0.0,-0.0,18.2834075974597,58.50690431187105,0.8856803538556232,2.6570410615668694,-0.0,-0.0,15.880097834895814,0.0,37.68793864405425,10.977323478477338,0.0,58.28115292583811,0.0,0.0,0.0,0.0,0.0,0.0,11.843168080171502,5.967280280597358,11.058514982387573,4.146550857169545,1.50757567744426,0.0,52.0,7.8,46.0,45.0,0.0,0.5759058915472538,1.0,26.79352878192265,43.727214366722215,0.7971123184700608,34.35067792554186,74.399863711753,74.399863711753,0.0,0.0,0.0,0.0,0.0,0.0,0.0,0.0,0.0,0.0,0.0,0.0,0.0,0.0,0.11837349134964192,0.0
4,winter_heating,冬季采暖日,80.0,1.25,0.25,34.505096388015545,47.963040054860464,2.547195414795819,0.0,5.0,-5.0,0.0,75.65114821997652,-0.0,1.7581346166642078,0.0,-0.0,-0.0,18.2834075974597,58.50690431187105,0.849065138265273,2.547195414795819,-0.0,-0.0,17.013579096236,0.0,41.72677928247809,10.543864257010583,0.0,60.75618011041521,0.0,0.0,0.0,0.0,0.0,0.0,11.867717127333288,5.975144221339654,11.081529986364508,4.148010616958637,1.5091917114992284,0.0,52.0,7.8,46.0,45.0,0.0,0.5992008563185943,1.0,26.913975182652127,44.12599685047163,0.7641586244387456,34.505096388015545,77.40928283664073,75.65114821997652,1.7581346166642078,0.0,0.0,0.0,0.0,0.0,0.0,0.0,0.0,0.0,0.0,0.0,0.0,0.0,-0.10984564677105046,0.0
4,winter_heating,冬季采暖日,80.0,1.5,0.25,34.27958520063453,48.30898898601336,2.5251238873028687,0.0,5.0,-5.0,0.0,75.41827985676451,-0.0,2.864586137525734,0.0,-0.0,-0.0,18.2834075974597,58.50690431187105,0.8417079624342896,2.5251238873028687,-0.0,-0.0,17.013579096236,0.0,45.76541797887001,10.197915325857686,0.0,63.147806910251205,0.0,0.0,0.0,0.0,0.0,0.0,11.898401780500912,5.984999565983458,11.107557969587834,4.149757472548207,1.5111089965382423,0.0,52.0,7.8,46.0,45.0,0.0,0.605962988157921,1.0,26.738076456494934,44.44426986713229,0.7575371661908606,34.27958520063453,78.28286599429025,75.41827985676451,2.864586137525734,0.0,0.0,0.0,0.0,0.0,0.0,0.0,-7.105427357601002e-15,0.0,0.0,0.0,0.0,0.0,-0.02207152749295016,0.0
4,winter_heating,冬季采暖日,80.0,1.75,0.25,34.45489502407934,48.57765160434517,2.426954150607698,0.0,5.0,-5.0,0.0,74.88066908178405,-0.0,3.3399260771728194,0.0,-0.0,-0.0,18.2834075974597,58.50690431187105,0.8089847168692327,2.426954150607698,-0.0,0.0,16.333381743375767,0.0,49.64230787202281,9.929252707525876,0.0,65.47443052483348,0.0,0.0,0.0,0.0,0.0,0.0,11.935829464657784,5.997268003487311,11.136842816731102,4.151838924411007,1.5133738613170247,0.0,52.0,7.8,46.0,45.0,0.0,0.6054809692515558,1.0,26.87481811878189,44.69143947599756,0.7280862451823095,34.45489502407934,78.22059515895687,74.88066908178405,3.3399260771728194,0.0,0.0,0.0,0.0,0.0,0.0,0.0,7.105427357601002e-15,0.0,0.0,0.0,0.0,0.0,-0.0981697366951706,0.0
4,winter_heating,冬季采暖日,80.0,2.0,0.25,34.42675247506539,49.15772345349021,2.444647077793212,0.0,5.0,-5.0,0.0,58.53549344397306,-0.0,17.600945900491915,0.0,-0.0,-0.0,18.2834075974597,58.50690431187105,0.814882359264404,2.444647077793212,-0.0,-0.0,0.010451012183568167,0.0,49.64230787202281,9.349180858380834,0.0,67.66212376343651,0.0,0.0,0.0,0.0,0.0,0.0,11.980893187737404,6.012437773514979,11.169622156628202,4.154308387541256,1.5160377092753505,0.0,52.0,7.8,46.0,45.0,0.0,0.5893481760905552,1.0,26.852866930551006,45.225105577210996,0.7333941233379636,34.42675247506539,76.13643934446497,58.53549344397306,17.600945900491915,0.0,0.0,0.0,0.0,0.0,0.0,0.0,0.0,0.0,0.0,0.0,0.0,0.0,0.017692927185513962,-0.0
4,winter_heating,冬季采暖日,80.0,2.25,0.25,34.52588597872573,49.64576662855635,2.404757105361467,0.0,5.0,-5.0,0.0,58.62133029015615,-0.0,17.365455469511616,0.0,-0.0,-0.0,18.2834075974597,58.50690431187105,0.8015857017871557,2.404757105361467,-0.0,-0.0,0.010451012183568167,0.0,49.64230787202281,8.861137683314695,0.0,69.73281290134204,0.0,0.0,0.0,0.0,0.0,0.0,12.034854888068281,6.031068355876284,11.206122157912276,4.157225533376328,1.519157171837129,0.0,52.0,7.8,46.0,45.0,0.0,0.5881897548666967,1.0,26.93019106340607,45.67410529827185,0.7214271316084401,34.52588597872573,75.98678575966777,58.62133029015615,17.365455469511616,0.0,0.0,0.0,0.0,0.0,0.0,0.0,0.0,0.0,0.0,0.0,0.0,0.0,-0.03988997243174497,0.0
4,winter_heating,冬季采暖日,80.0,2.5,0.25,34.7290448625068,50.12697540542935,2.5479203426725103,0.0,5.0,-5.0,0.0,58.8722102530409,-0.0,17.000069183957727,0.0,-0.0,-0.0,18.2834075974597,58.50690431187105,0.8493067808908368,2.5479203426725103,-0.0,0.0,0.010451012183568167,0.0,49.64230787202281,8.379928906441698,0.0,71.68817961017129,0.0,0.0,0.0,0.0,0.0,0.0,12.099427468518607,6.053793977474161,11.246551844290934,4.160656569546652,1.5227941808836123,0.0,52.0,7.8,46.0,45.0,0.0,0.5873033975193223,1.0,27.088654992755302,46.116817372995,0.764376102801753,34.7290448625068,75.87227943699862,58.8722102530409,17.000069183957727,0.0,0.0,0.0,0.0,0.0,0.0,0.0,0.0,0.0,0.0,0.0,0.0,0.0,0.1431632373110432,0.0
4,winter_heating,冬季采暖日,80.0,2.75,0.25,34.70885352591989,50.699532558397834,2.508734448409157,0.0,5.0,-5.0,0.0,58.838956951699544,-0.0,14.38921183171422,0.0,-0.0,-0.0,18.2834075974597,58.50690431187105,0.8362448161363857,2.508734448409157,-0.0,0.0,0.010451012183568167,0.0,49.64230787202281,7.8073717534732126,0.0,73.5065863118161,0.0,0.0,0.0,0.0,0.0,0.0,12.176841481288626,6.081325481399429,11.291097026811965,4.164674437326223,1.5270159424802652,0.0,52.0,7.8,46.0,45.0,0.0,0.5668361704662996,1.0,27.072905750217515,46.64356995372601,0.752620334522747,34.70885352591989,73.22816878341376,58.838956951699544,14.38921183171422,0.0,0.0,0.0,0.0,0.0,0.0,0.0,0.0,0.0,0.0,0.0,0.0,0.0,-0.039185894263353394,0.0
4,winter_heating,冬季采暖日,80.0,3.0,0.25,35.12771510927401,51.17313942925682,2.477359551337696,0.0,5.0,-5.0,0.0,59.24736023602984,-0.0,11.740474770747873,0.0,-0.0,-0.0,18.2834075974597,58.50690431187105,0.8257865171125652,2.477359551337696,-0.0,-0.0,0.010451012183568167,0.0,49.64230787202281,7.333764882614226,0.0,75.21160217828107,0.0,0.0,0.0,0.0,0.0,0.0,12.269877091397662,6.114450062848668,11.339913979209037,4.169358904978092,1.5318947933621572,0.0,52.0,7.8,46.0,45.0,0.0,0.5494944529331103,1.0,27.399617785233726,47.07928827491628,0.7432078654013087,35.12771510927401,70.98783500677771,59.24736023602984,11.740474770747873,0.0,0.0,0.0,0.0,0.0,0.0,0.0,0.0,0.0,0.0,0.0,0.0,0.0,-0.03137489707146113,-0.0
4,winter_heating,冬季采暖日,80.0,3.25,0.25,35.42830137178927,52.15582571728036,2.475770384769521,0.0,5.0,-5.0,0.0,59.5474167763557,-0.0,8.77724042385752,0.0,-0.0,-0.0,18.2834075974597,58.50690431187105,0.8252567949231736,2.475770384769521,-0.0,0.0,0.010451012183568167,0.0,49.64230787202281,6.351078594590689,0.0,76.68237754340721,0.0,0.0,0.0,0.0,0.0,0.0,12.381837685767072,6.1540283534154545,11.393123010732625,4.174796533914582,1.5375079216242937,0.0,52.0,7.8,46.0,45.0,0.0,0.5288796330595075,1.0,27.634075069995628,47.98335965989793,0.7427311154308562,35.42830137178927,68.32465720021322,59.5474167763557,8.77724042385752,0.0,0.0,0.0,0.0,0.0,0.0,0.0,0.0,0.0,0.0,0.0,0.0,0.0,-0.0015891665681748712,0.0
4,winter_heating,冬季采暖日,80.0,3.5,0.25,35.56957619726598,53.037838634396195,2.650332218662188,0.0,5.0,-5.0,0.0,59.74687887979664,-0.0,7.147801640963266,0.0,-0.0,-0.0,18.2834075974597,58.50690431187105,0.883444072887396,2.650332218662188,-0.0,0.0,0.010451012183568167,0.0,49.64230787202281,5.469065677474852,0.0,77.94293945303579,0.0,0.0,0.0,0.0,0.0,0.0,12.516439905905806,6.2009883347360875,11.450802117436693,4.181080493850458,1.5439369336234074,0.0,52.0,7.8,46.0,45.0,0.0,0.5178106343626423,1.0,27.744269433867466,48.7948115436445,0.7950996655986564,35.56957619726598,66.8946805207599,59.74687887979664,7.147801640963266,0.0,0.0,0.0,0.0,0.0,0.0,0.0,0.0,0.0,0.0,0.0,0.0,0.0,0.1745618338926671,0.0
4,winter_heating,冬季采暖日,80.0,3.75,0.25,35.871603230499005,54.049487774785185,2.5832581768328695,0.0,5.0,-5.0,0.0,60.02654789908656,-0.0,7.620841496814585,0.0,-0.0,-0.0,18.2834075974597,58.50690431187105,0.8610860589442898,2.5832581768328695,-0.0,0.0,0.010451012183568167,0.0,49.64230787202281,4.457416537085862,0.0,78.96260441086716,0.0,0.0,0.0,0.0,0.0,0.0,12.67759771938531,6.256315590086826,11.512980916235565,4.18831020305209,1.5512672503706577,0.0,52.0,7.8,46.0,45.0,0.0,0.5236371164848839,1.0,27.979850519789224,49.72552875280237,0.7749774530498609,35.871603230499005,67.64738939590114,60.02654789908656,7.620841496814585,0.0,0.0,0.0,0.0,0.0,0.0,0.0,0.0,0.0,0.0,0.0,0.0,0.0,-0.06707404182931853,0.0
4,winter_heating,冬季采暖日,80.0,4.0,0.25,36.38514982080636,55.27345491195955,2.575479389204729,0.0,5.0,-5.0,0.0,60.53750156018454,-0.0,8.183026219223677,0.0,-0.0,-0.0,18.2834075974597,58.50690431187105,0.8584931297349097,2.575479389204729,-0.0,0.0,0.010451012183568167,0.0,49.64230787202281,3.2334493999114997,0.0,79.69106734114071,0.0,0.0,0.0,0.0,0.0,0.0,12.869086902678674,6.321039463439713,11.579635084607881,4.196590770506949,1.5595873187619862,0.0,52.0,7.8,46.0,45.0,0.0,0.5319439424207705,1.0,28.380416860228962,50.851578519002786,0.7726438167614187,36.38514982080636,68.72052777940821,60.53750156018454,8.183026219223677,0.0,0.0,0.0,0.0,0.0,0.0,0.0,0.0,0.0,0.0,0.0,0.0,0.0,-0.007778787628140549,0.0
4,winter_heating,冬季采暖日,80.0,4.25,0.25,36.66083634529535,56.33999482901824,2.437118654269297,0.0,5.0,-5.0,0.0,60.76706783969505,-0.0,8.001107475424114,0.0,-0.0,-0.0,18.2834075974597,58.50690431187105,0.8123728847564323,2.437118654269297,-0.0,0.0,0.010451012183568167,0.0,49.64230787202281,2.166909482852809,0.0,80.16586280964768,0.0,0.0,0.0,0.0,0.0,0.0,13.09409167615053,6.396214793782231,11.650681541021164,4.206032218477407,1.5689876259172395,0.0,52.0,7.8,46.0,45.0,0.0,0.5323127669745352,1.0,28.595452349330376,51.83279524269678,0.7311355962807891,36.66083634529535,68.76817531511917,60.76706783969505,8.001107475424114,0.0,0.0,0.0,0.0,0.0,0.0,0.0,0.0,0.0,0.0,0.0,0.0,0.0,-0.1383607349354321,0.0
4,winter_heating,冬季采暖日,80.0,4.5,0.25,37.12371118962946,57.511175815916616,2.402180923512912,0.0,5.0,-5.0,0.0,61.21829677377703,-0.0,10.059756643625462,0.0,-0.0,-0.0,18.2834075974597,58.50690431187105,0.800726974504304,2.402180923512912,-0.0,0.0,0.010451012183568167,0.0,49.64230787202281,0.995728495954431,0.0,80.36226539603203,0.0,0.0,0.0,0.0,0.0,0.0,13.35465654349753,6.4828990307420495,11.725974605450592,4.216748466565439,1.5795595087182277,0.0,52.0,7.8,46.0,45.0,0.0,0.5517409421627388,1.0,28.95649472791098,52.910281750643286,0.7206542770538735,37.12371118962946,71.27805341740249,61.21829677377703,10.059756643625462,0.0,0.0,0.0,0.0,0.0,0.0,0.0,0.0,0.0,0.0,0.0,0.0,0.0,-0.034937730756384955,0.0
4,winter_heating,冬季采暖日,80.0,4.75,0.25,37.39094041990202,58.927376497598615,2.4379838355862886,0.0,5.0,-5.0,0.0,61.497460308074054,-0.0,10.418577540585574,0.0,-0.0,-0.0,18.2834075974597,58.50690431187105,0.8126612785287629,2.4379838355862886,-0.0,0.0,0.010451012183568167,0.0,49.64230787202281,0.0,0.4204721857275686,80.21143368814255,0.0,0.0,0.0,0.0,0.0,0.0,13.651091226853284,6.582124716211198,11.805303374379491,4.228856062181404,1.5913937553560473,0.0,52.0,7.8,46.0,45.0,0.0,0.5566793785300405,1.0,29.16493352752358,54.21318637779073,0.7313951506758866,37.39094041990202,71.91603784865963,61.497460308074054,10.418577540585574,0.0,0.0,0.0,0.0,0.0,0.0,0.0,0.0,0.0,0.0,0.0,0.0,0.0,0.035802912073376714,0.0
4,winter_heating,冬季采暖日,80.0,5.0,0.25,37.93559194054703,60.18921828705399,2.5730860282444636,0.0,5.0,-5.0,0.0,62.087145892938445,-0.0,4.954779383750683,0.0,-0.0,-0.0,18.2834075974597,58.50690431187105,0.8576953427481545,2.5730860282444636,-0.0,0.0,0.010451012183568167,0.0,49.64230787202281,0.0,1.682313975182943,79.72861376730297,0.0,0.0,0.0,0.0,0.0,0.0,13.981400759265638,6.6948675336662316,11.888390529242258,4.242472647229077,1.6045790012890015,0.0,52.0,7.8,46.0,45.0,0.0,0.518950409601581,1.0,29.589761713626682,55.374080824089674,0.771925808473339,37.93559194054703,67.04192527668913,62.087145892938445,4.954779383750683,0.0,0.0,0.0,0.0,0.0,0.0,0.0,0.0,0.0,0.0,0.0,0.0,0.0,0.13510219265817502,0.0
4,winter_heating,冬季采暖日,80.0,5.25,0.25,38.760101322197805,61.720066079138505,2.3611540306541294,0.0,5.0,-5.0,0.0,62.84101127539245,-0.0,2.0598872828369537,0.0,-0.0,-0.0,18.2834075974597,58.50690431187105,0.7870513435513765,2.3611540306541294,-0.0,0.0,0.010451012183568167,0.0,49.64230787202281,0.0,3.213161767267458,78.84318057429631,0.0,0.0,0.0,0.0,0.0,0.0,14.340830799785364,6.822010377238499,11.974892770582164,4.257715156898589,1.6191999284026473,0.0,52.0,7.8,46.0,45.0,0.0,0.5023773967006682,1.0,30.23287903131429,56.78246079280743,0.7083462091962388,38.760101322197805,64.9008985582294,62.84101127539245,2.0598872828369537,0.0,0.0,0.0,0.0,0.0,0.0,0.0,0.0,0.0,0.0,0.0,0.0,0.0,-0.2119319975903342,0.0
4,winter_heating,冬季采暖日,80.0,5.5,0.25,39.17186672136496,62.910370710335066,2.3537720527641515,0.0,5.0,-5.0,0.0,63.25031601526294,-0.0,0.7395932426456753,0.0,-0.0,-0.0,18.2834075974597,58.50690431187105,0.7845906842547171,2.3537720527641515,-0.0,0.0,0.010451012183568167,0.0,49.64230787202281,0.0,4.403466398464019,77.64495203704494,0.0,0.0,0.0,0.0,0.0,0.0,14.721624291661577,6.964304168152685,12.064403031854226,4.274697753660234,1.6353352832366128,0.0,52.0,7.8,46.0,45.0,0.0,0.4953257157026508,1.0,30.554056042664666,57.87754105350826,0.7061316158292454,39.17186672136496,63.989909257908614,63.25031601526294,0.7395932426456753,0.0,0.0,0.0,0.0,0.0,0.0,0.0,0.0,0.0,0.0,0.0,0.0,0.0,-0.007381977889977964,0.0
4,winter_heating,冬季采暖日,80.0,5.75,0.25,39.86102265716776,63.98519778503888,2.3566576118724294,0.0,5.0,-5.0,-0.0,60.06744095496743,0.0,0.0,0.0,-0.0,-0.0,18.2834075974597,58.50690431187105,0.7855525372908098,2.3566576118724294,-0.0,0.0,0.0,3.8625418369508395,48.623367378484254,0.0,5.478293473167831,76.164473383877,0.0,0.0,0.0,0.0,0.0,0.0,15.113075053761536,7.122326435586738,12.15645457693127,4.29352950778261,1.6530557377363582,0.0,52.0,7.8,46.0,45.0,0.0,0.46496312506911,1.0,31.091597672590854,58.86638196223577,0.7069972835617288,39.86102265716776,60.06744095496743,60.06744095496743,0.0,0.0,0.0,0.0,0.0,0.0,0.0,0.0,0.0,0.0,0.0,0.0,0.0,0.0,0.002885559108277924,0.0
4,winter_heating,冬季采暖日,80.0,6.0,0.25,40.78811148000454,64.91791303681008,2.378995889316104,0.0,5.0,-5.0,-0.0,57.977350947303464,0.0,0.0,0.0,-0.0,-0.0,18.2834075974597,58.50690431187105,0.7929986297720347,2.378995889316104,-0.0,0.0,0.0,6.887166759932811,46.80852390486986,0.0,6.41100872493903,74.43928358799057,0.0,0.0,0.0,0.0,0.0,0.0,15.501934805405533,7.296438967990432,12.250527024684587,4.314311844808757,1.6724216238937528,0.0,52.0,7.8,46.0,45.0,0.0,0.4487843971894301,1.0,31.81472695440354,59.72447999386527,0.7136987667948312,40.78811148000454,57.977350947303464,57.977350947303464,0.0,0.0,0.0,0.0,0.0,0.0,0.0,0.0,0.0,0.0,0.0,0.0,0.0,0.0,0.02233827744367467,0.0
4,winter_heating,冬季采暖日,80.0,6.25,0.25,41.501147252385074,65.53120376834283,2.3925199202045646,0.0,5.0,-5.0,-0.0,60.705049259424165,0.0,0.0,0.0,-0.0,-0.0,18.2834075974597,58.50690431187105,0.7975066400681882,2.3925199202045646,-0.0,0.0,0.0,4.877012230488795,45.52275920749335,0.0,7.0242994564717876,72.55356408923032,0.0,0.0,0.0,0.0,0.0,0.0,15.873184341470656,7.486746112586193,12.346054273868399,4.33713579020443,1.6934805816070466,0.0,52.0,7.8,46.0,45.0,0.0,0.4698986499574181,1.0,32.37089485686036,60.28870746687541,0.7177559760613693,41.501147252385074,60.705049259424165,60.705049259424165,0.0,0.0,0.0,0.0,0.0,0.0,0.0,0.0,0.0,0.0,0.0,0.0,0.0,0.0,0.013524030888460548,0.0
4,winter_heating,冬季采暖日,80.0,6.5,0.25,42.15578670351661,65.86845605857319,2.4400142836244783,0.0,5.0,-5.0,-0.0,62.52901703221014,0.0,0.0,0.0,-0.0,-0.0,18.2834075974597,58.50690431187105,0.8133380945414928,2.4400142836244783,-0.0,0.0,0.0,3.723515363307662,44.54061060550465,0.0,7.3615517467021405,70.58003684752725,0.0,0.0,0.0,0.0,0.0,0.0,16.211123198321882,7.6930555365119675,12.442434223970382,4.3620790515751535,1.7162651668298874,0.0,52.0,7.8,46.0,45.0,0.0,0.48401740950796585,1.0,32.88151362874296,60.598979573887334,0.7320042850873435,42.15578670351661,62.52901703221014,62.52901703221014,0.0,0.0,0.0,0.0,0.0,0.0,0.0,0.0,0.0,0.0,0.0,0.0,0.0,0.0,0.04749436341991364,0.0
4,winter_heating,冬季采暖日,80.0,6.75,0.25,43.07404365234997,66.13179922590001,2.3842526176815926,0.0,5.0,-5.0,-0.0,61.85894074794096,0.0,0.0,0.0,-0.0,-0.0,18.2834075974597,58.50690431187105,0.7947508725605309,2.3842526176815926,-0.0,0.0,0.0,5.293261374429235,43.145420055387724,0.0,7.624894914028964,68.53819553593797,0.0,0.0,0.0,0.0,0.0,0.0,16.500674835530376,7.914843443360571,12.539040105393347,4.389202989109877,1.7407904742722486,0.0,52.0,7.8,46.0,45.0,0.0,0.47883056022297515,1.0,33.597754048832975,60.84125528782801,0.7152757853044778,43.07404365234997,61.85894074794096,61.85894074794096,0.0,0.0,0.0,0.0,0.0,0.0,0.0,0.0,0.0,0.0,0.0,0.0,0.0,0.0,-0.055761665942885674,0.0
4,winter_heating,冬季采暖日,80.0,7.0,0.25,43.748021937727266,66.17252835564756,2.7020401074484397,0.0,5.0,-5.0,0.12945069476414156,65.45922200144075,0.0,0.0,0.0,-0.0,-0.0,18.2834075974597,58.50690431187105,0.9006800358161465,2.7020401074484397,-0.0,0.0,0.0,2.3434368747982184,42.526568869964365,0.0,7.665624043776511,66.48665695296566,0.0,0.0,0.0,0.0,0.0,0.0,16.728757539713456,8.151226344559491,12.635233148620934,4.418549534876894,1.7670518352263433,0.0,93.28,13.991999999999999,46.0,45.0,0.0038797229584546502,0.5066992024714437,1.0,34.12345711142727,60.87872608719576,0.8106120322345319,43.748021937727266,65.5886726962049,65.5886726962049,0.0,0.0,0.0,0.0,0.0,0.0,0.0,0.0,0.0,0.0,0.0,0.0,0.0,0.0,0.3177874897668471,0.0
4,winter_heating,冬季采暖日,80.0,7.25,0.25,44.47583575100579,66.05409834656163,2.7353541249301765,0.0,5.0,-5.0,0.7364070880477712,65.22902650933213,0.0,0.0,0.0,-0.0,-0.0,18.2834075974597,58.50690431187105,0.9117847083100589,2.7353541249301765,-0.0,0.0,0.0,2.705594459395654,41.81244399957465,0.0,7.547194034690584,64.46730993114956,0.0,0.0,0.0,0.0,0.0,0.0,16.885545618962553,8.400941498590528,12.730376240739366,4.450138130862656,1.795022656174443,0.0,93.28,13.991999999999999,46.0,45.0,0.02207060758903776,0.5049173317327204,1.0,34.691151885784514,60.769770478836705,0.8206062374790529,44.47583575100579,65.9654335973799,65.9654335973799,0.0,0.0,0.0,0.0,0.0,0.0,0.0,0.0,7.105427357601002e-15,0.0,0.0,0.0,0.0,0.0,0.03331401748173679,0.0
4,winter_heating,冬季采暖日,80.0,7.5,0.25,44.793317300000545,65.5358143835163,2.7561760214628306,0.0,5.0,-5.0,1.456315589854691,66.73286457816523,0.0,0.0,0.0,-0.0,-0.0,18.2834075974597,58.50690431187105,0.9187253404876102,2.7561760214628306,-0.0,0.0,0.0,0.806270069927939,41.59817704318311,0.0,7.0289100716452495,62.58536309943524,0.0,0.0,0.0,0.0,0.0,0.0,16.965448245462177,8.66233803793697,12.823848143084806,4.4839627637715305,1.8246524673583497,0.0,93.28,13.991999999999999,46.0,45.0,0.043646741634018445,0.5165580681610751,1.0,34.93878749400043,60.29294923283499,0.8268528064388492,44.793317300000545,68.18918016801993,68.18918016801993,0.0,0.0,0.0,0.0,0.0,0.0,0.0,0.0,7.105427357601002e-15,0.0,0.0,0.0,0.0,0.0,0.020821896532654094,0.0
4,winter_heating,冬季采暖日,80.0,7.75,0.25,45.19766616561387,64.71751769897661,2.9746806449329863,0.0,5.0,-5.0,2.266014932871323,65.3161449486188,0.0,0.0,0.0,-0.0,-0.0,18.2834075974597,58.50690431187105,0.9915602149776621,2.9746806449329863,-0.0,0.0,0.0,1.8904740965610984,41.098603951025396,0.0,6.21061338710556,60.91969847391038,0.0,0.0,0.0,0.0,0.0,0.0,16.96766623875921,8.933380593651512,12.915057780333491,4.519989181152683,1.8558652521421384,0.0,93.28,13.991999999999999,46.0,45.0,0.0679139665899826,0.5055916881084521,1.0,35.25417960917882,59.54011628305848,0.8924041934798959,45.19766616561387,67.58215988149013,67.58215988149013,0.0,0.0,0.0,0.0,0.0,0.0,0.0,0.0,-7.105427357601002e-15,0.0,0.0,0.0,0.0,0.0,0.21850462347015576,0.0
4,winter_heating,冬季采暖日,80.0,8.0,0.25,45.53587347028913,63.6428024357787,3.057881872171108,0.0,5.0,-5.0,3.3301570093025865,66.43227484183194,0.0,0.0,0.0,-0.0,-0.0,18.2834075974597,58.50690431187105,1.0192939573903692,3.057881872171108,-0.0,0.0,0.0,0.07614317400466541,41.07651134345819,0.0,5.135898123907651,59.53768648680299,0.0,0.0,0.0,0.0,0.0,0.0,16.896245507879964,9.211666895843113,13.003458063527212,4.558152377957555,1.8885581275123642,0.0,93.28,13.991999999999999,46.0,45.0,0.09980700858956568,0.5142312977685424,1.0,35.517981306825526,58.55137824091641,0.9173645616513323,45.53587347028913,69.76243185113452,69.76243185113452,0.0,0.0,0.0,0.0,0.0,0.0,0.0,0.0,-7.105427357601002e-15,0.0,0.0,0.0,0.0,0.0,0.08320122723812151,0.0
4,winter_heating,冬季采暖日,80.0,8.25,0.25,45.96841038559368,62.403761849110744,3.1702801076405587,0.0,5.0,-5.0,4.5642388733841885,66.83657646308295,0.0,0.0,0.0,-0.0,-0.0,18.2834075974597,58.50690431187105,1.0567600358801863,3.1702801076405587,-0.0,0.0,1.092237317533578,0.0,41.33386388080525,0.0,3.896857537239697,58.4824288179702,0.0,0.0,0.0,0.0,0.0,0.0,16.75961949054026,9.494460376908522,13.088558681564926,4.5983544447590745,1.922600443223189,0.0,93.28,13.991999999999999,46.0,45.0,0.13679325844641985,0.517360869168601,1.0,35.85536010076307,57.41146090118189,0.9510840322921675,45.96841038559368,71.40081533646713,71.40081533646713,0.0,0.0,0.0,0.0,0.0,0.0,0.0,0.0,-7.105427357601002e-15,0.0,0.0,0.0,0.0,0.0,0.11239823546945082,0.0
4,winter_heating,冬季采暖日,80.0,8.5,0.25,46.07516499135085,61.10295659859727,3.2318172931550837,0.0,5.0,-5.0,6.049278543102426,68.95162997460113,0.0,0.0,0.0,-0.0,-0.0,18.2834075974597,58.50690431187105,1.0772724310516946,3.2318172931550837,-0.0,0.0,4.565063497841303,0.0,42.41599976834852,0.0,2.59605228672622,57.77001594915958,0.0,0.0,0.0,0.0,0.0,0.0,16.56970800093928,9.778738241769414,13.169937291307198,4.640462868235925,1.9578333617716144,0.0,93.28,13.991999999999999,46.0,45.0,0.1813008797559791,0.5337328316622447,1.0,35.93862869325367,56.21472007070949,0.9695451879465251,46.07516499135085,75.00090851770356,75.00090851770356,0.0,0.0,0.0,0.0,0.0,0.0,0.0,0.0,7.105427357601002e-15,0.0,0.0,0.0,0.0,0.0,0.06153718551452503,0.0
4,winter_heating,冬季采暖日,80.0,8.75,0.25,46.21290678587723,59.967969591738225,3.268418764304312,0.0,5.0,-5.0,7.510155361659649,67.17421414140436,0.0,0.0,0.0,-0.0,-0.0,18.2834075974597,58.50690431187105,1.0894729214347707,3.268418764304312,-0.0,0.0,4.098582198292313,0.0,43.38729224045453,0.0,1.461065279867178,57.35664007806206,0.0,0.0,0.0,0.0,0.0,0.0,16.340702352535956,10.061254811806684,13.247248558544662,4.684309370871468,1.9940699735316383,0.0,93.28,13.991999999999999,46.0,45.0,0.22508432443163218,0.5199744160012536,1.0,36.04606729298424,55.17053202439917,0.9805256292912935,46.21290678587723,74.684369503064,74.684369503064,0.0,0.0,0.0,0.0,0.0,0.0,0.0,0.0,-1.4210854715202004e-14,0.0,0.0,0.0,0.0,0.0,0.03660147114922818,0.0
4,winter_heating,冬季采暖日,80.0,9.0,0.25,46.42833142780973,58.82091424535816,3.456830297492857,0.0,5.0,-5.0,9.393788224122321,69.63539664001891,0.0,0.0,0.0,-0.0,-0.0,18.2834075974597,58.50690431187105,1.1522767658309523,3.456830297492857,-0.0,0.0,8.165169073040847,0.0,45.324350530689706,0.0,0.3140099334871138,57.2453275650001,0.0,0.0,0.0,0.0,0.0,0.0,16.087705259780503,10.33861921982056,13.320230552502023,4.729689369961839,2.031095991035345,0.0,93.28,13.991999999999999,46.0,45.0,0.2815380474117303,0.5390256538720186,1.0,36.21409851369159,54.11524110572951,1.037049089247857,46.42833142780973,79.02918486414123,79.02918486414123,0.0,0.0,0.0,0.0,0.0,0.0,0.0,0.0,0.0,0.0,0.0,0.0,0.0,0.0,0.1884115331885452,0.0
4,winter_heating,冬季采暖日,80.0,9.25,0.25,46.78493660173909,57.34522096311757,3.6005324001621473,0.0,5.0,-5.0,10.925516441710014,69.58052857877527,0.0,0.0,0.0,-0.0,-0.0,18.2834075974597,58.50690431187105,1.2001774667207157,3.6005324001621473,-0.0,0.0,9.237523354565779,0.0,47.515996109872546,1.1616833487534777,0.0,57.49260469654656,0.0,0.0,0.0,0.0,0.0,0.0,15.825402952901179,10.607385761923187,13.38870807577705,4.776362125908751,2.068671053718672,0.0,93.28,13.991999999999999,46.0,45.0,0.3274449553871206,0.5386009375062681,1.0,36.49225054935649,52.75760328606817,1.0801597200486441,46.78493660173909,80.50604502048529,80.50604502048529,0.0,0.0,0.0,0.0,0.0,0.0,0.0,0.0,0.0,0.0,0.0,0.0,0.0,0.0,0.14370210266929018,0.0
4,winter_heating,冬季采暖日,80.0,9.5,0.25,46.959121764495514,55.830127906330134,3.5801462114798857,0.0,5.0,-5.0,12.312913927474266,67.00294119591167,0.0,0.0,0.0,-0.0,-0.0,18.2834075974597,58.50690431187105,1.1933820704932951,3.5801462114798857,-0.0,0.0,7.879943690937434,0.0,49.3851069366647,2.676776405540913,0.0,58.09959279051426,0.0,0.0,0.0,0.0,0.0,0.0,15.566926630000802,10.86415443404802,13.45259261860132,4.824051636453525,2.106530659712633,0.0,93.28,13.991999999999999,46.0,45.0,0.3690261758496999,0.5186486461214318,1.0,36.6281149763065,51.36371767382373,1.0740438634439657,46.959121764495514,79.31585512338594,79.31585512338594,0.0,0.0,0.0,0.0,0.0,0.0,0.0,0.0,0.0,0.0,0.0,0.0,0.0,0.0,-0.020386188682261608,0.0
4,winter_heating,冬季采暖日,80.0,9.75,0.25,47.03256067979546,54.37898716804968,3.5665514206082674,0.0,5.0,-5.0,13.689749894180194,58.9084170280003,0.0,5.929637734639371,0.0,-0.0,-0.0,18.2834075974597,58.50690431187105,1.1888504735360892,3.5665514206082674,-0.0,0.0,1.0933481713892421,0.0,49.64230787202281,4.127917143821364,0.0,59.05092331577658,0.0,0.0,0.0,0.0,0.0,0.0,15.323017101426428,11.105678435166043,13.511878758332314,4.872448317189649,2.144388724825195,0.0,93.28,13.991999999999999,46.0,45.0,0.4102908605992697,0.5018909426895757,1.0,36.68539733024046,50.02866819460571,1.0699654261824803,47.03256067979546,78.52780465681987,72.5981669221805,5.929637734639371,0.0,0.0,0.0,0.0,0.0,0.0,0.0,7.105427357601002e-15,0.0,0.0,0.0,0.0,0.0,-0.0135947908716183,0.0
4,winter_heating,冬季采暖日,80.0,10.0,0.25,46.86779494581851,53.1196242610948,3.7143372928308174,0.0,5.0,-5.0,15.212786727993075,56.18697925841231,0.0,12.148365049553746,0.0,-0.0,-0.0,18.2834075974597,58.50690431187105,1.2381124309436058,3.7143372928308174,-0.0,0.0,0.010451012183568167,0.0,49.64230787202281,5.387280050776248,0.0,60.30087686617806,0.0,0.0,0.0,0.0,0.0,0.0,15.101550459418487,11.328974748290202,13.566636977699005,4.921211489709872,2.181940751190348,0.0,88.0,13.2,46.0,45.0,0.45593728205326045,0.5289623585916711,1.0,36.55688005773844,48.87005432020722,1.1143011878492453,46.86779494581851,83.54813103595913,71.39976598640538,12.148365049553746,0.0,0.0,0.0,0.0,0.0,0.0,0.0,0.0,0.0,0.0,0.0,0.0,0.0,0.14778587222255002,0.0
4,winter_heating,冬季采暖日,80.0,10.25,0.25,46.813252844046865,51.987644507336825,3.8655523664796174,0.0,5.0,-5.0,16.267032768949264,55.12859614023407,0.0,11.098893572982313,0.0,-0.0,-0.0,18.2834075974597,58.50690431187105,1.2885174554932057,3.8655523664796174,-0.0,0.0,0.010451012183568167,0.0,49.64230787202281,6.519259804534222,0.0,61.81905063132185,0.0,0.0,0.0,0.0,0.0,0.0,14.907425336930803,11.53143335654408,13.617003042418625,4.969972677574852,2.2188675697091758,0.0,88.0,13.2,46.0,45.0,0.48753373332306577,0.5126461206433814,1.0,36.51433721835656,47.82863294674988,1.1596657099438852,46.813252844046865,82.49452248216565,71.39562890918333,11.098893572982313,0.0,0.0,0.0,0.0,0.0,0.0,0.0,-7.105427357601002e-15,0.0,0.0,0.0,0.0,0.0,0.15121507364880005,0.0
4,winter_heating,冬季采暖日,80.0,10.5,0.25,46.86136638479261,51.074255582790684,4.059298728141686,0.0,5.0,-5.0,10.698255252150474,60.81006931833262,6.583079439750399,0.0,0.0,-0.0,-0.0,18.2834075974597,58.50690431187105,1.3530995760472286,4.059298728141686,-0.0,0.0,0.010451012183568167,0.0,49.64230787202281,7.432648729080363,0.0,63.55339517916278,0.0,0.0,0.0,0.0,0.0,0.0,14.742763983981526,11.71092025622717,13.663164252787977,5.018339687533169,2.2548396019890076,0.0,88.0,13.2,46.0,45.0,0.5179330329517776,0.470711577127424,1.0,36.551865780138236,46.98831513616743,1.2177896184425057,46.86136638479261,78.0914040102335,71.5083245704831,6.583079439750399,0.0,0.0,0.0,0.0,0.0,0.0,0.0,-7.105427357601002e-15,0.0,0.0,0.0,0.0,0.0,0.19374636166206827,0.0
4,winter_heating,冬季采暖日,80.0,10.75,0.25,46.859758222158845,50.15908624814144,4.192304429399224,0.0,5.0,-5.0,18.276526294568125,53.27452534703372,0.0,6.08780533124682,0.0,-0.0,-0.0,18.2834075974597,58.50690431187105,1.3974348097997413,4.192304429399224,-0.0,0.0,0.010451012183568167,0.0,49.64230787202281,8.347818063729605,0.0,65.50422527170898,0.0,0.0,0.0,0.0,0.0,0.0,14.607346880872484,11.865869229701802,13.705343055950921,5.065901429785418,2.289521569660788,0.0,88.0,13.2,46.0,45.0,0.5477595836393908,0.4595050886927564,1.0,36.5506114132839,46.146359348290126,1.257691328819767,46.859758222158845,77.63885697284867,71.55105164160184,6.08780533124682,0.0,0.0,0.0,0.0,0.0,0.0,0.0,-7.105427357601002e-15,0.0,0.0,0.0,0.0,0.0,0.13300570125753808,0.0
4,winter_heating,冬季采暖日,80.0,11.0,0.25,47.021657389786945,49.19221971035419,4.450063959743037,0.0,5.0,-5.0,18.94991957245886,52.84895108021903,0.0,4.815355011710189,0.0,-0.0,-0.0,18.2834075974597,58.50690431187105,1.4833546532476791,4.450063959743037,-0.0,0.0,0.010451012183568167,0.0,49.64230787202281,9.31468460151686,0.0,67.68371075193338,0.0,0.0,0.0,0.0,0.0,0.0,14.499186618362078,11.995357370174574,13.743778666204287,5.112233407361841,2.3225775623986644,0.0,70.0,10.5,46.0,45.0,0.5679416256520801,0.4463612156466915,1.0,36.676892764033816,45.25684213352586,1.3350191879229112,47.021657389786945,76.61422566438807,71.79887065267789,4.815355011710189,0.0,0.0,0.0,0.0,0.0,0.0,0.0,0.0,0.0,0.0,0.0,0.0,0.0,0.2577595303438134,0.0
4,winter_heating,冬季采暖日,80.0,11.25,0.25,47.087831001972994,48.13080917743489,4.644583690441407,0.0,2.3839300372411323,-2.3839300372411323,19.18572783422847,50.128086378109394,0.0,0.0,0.0,-0.0,-0.0,18.2834075974597,58.50690431187105,1.548194563480469,4.644583690441407,-0.0,0.0,0.010451012183568167,0.0,49.64230787202281,10.376095134436156,0.0,70.11419149098599,0.0,0.0,0.0,0.0,0.0,0.0,14.415149990798652,12.099159632324577,13.778707480124346,5.156903781723095,2.3536763613451477,0.0,70.0,10.5,46.0,45.0,0.5750089552531126,0.38802571452267826,1.0,36.728508181538935,44.280344443240104,1.393375107132422,47.087831001972994,69.31381421233786,69.31381421233786,0.0,0.0,0.0,0.0,0.0,0.0,0.0,0.0,0.0,0.0,0.0,2.6160699627588677,0.0,0.0,0.19451973069836992,0.0
4,winter_heating,冬季采暖日,80.0,11.5,0.25,47.367324048720235,47.49360119568154,4.7883280760644436,0.0,0.0,0.0,19.635060302868713,42.51080128768688,0.0,0.0,-0.0,-0.0,-0.0,14.84175037365048,47.49360119568154,1.5961093586881479,4.7883280760644436,-0.0,0.0,0.0,1.6593221905032678,49.20316202228625,0.0,0.0,70.07913439524052,0.0,0.0,0.0,0.0,0.0,0.0,14.351553396785064,12.17777823152108,13.81034318201178,5.1994799003694805,2.3824969025845952,0.0,70.0,10.5,46.0,45.0,0.5884757465881372,0.32906271187303243,1.0,36.94651275800179,43.69411310002702,1.436498422819333,47.367324048720235,62.1458615905556,62.1458615905556,0.0,0.0,0.0,0.0,0.0,0.0,0.0,0.0,7.105427357601002e-15,0.0,0.0,2.3839300372411323,0.0,-11.013303116189505,0.14374438562303649,0.0
4,winter_heating,冬季采暖日,80.0,11.75,0.25,47.78550214385134,47.00711365972239,4.99494190454006,-0.0,0.0,-0.0,20.36687400853013,44.6480552737963,0.0,0.0,0.0,-0.0,-0.0,14.84175037365048,47.49360119568154,1.6649806348466865,4.99494190454006,-0.0,0.0,0.7226961299779333,0.0,49.37234219505489,0.4864875359591494,0.0,70.15963561783319,0.0,0.0,0.0,0.0,0.0,0.0,14.304679979357742,12.232443532298307,13.8388575046795,5.23953515341255,2.40873375636107,0.0,70.0,10.5,46.0,45.0,0.6104086874683653,0.3456065212421191,1.0,37.27269167220405,43.2465445669446,1.4984825713620178,47.78550214385134,65.01492928232643,65.01492928232643,0.0,0.0,0.0,0.0,0.0,0.0,0.0,0.0,-7.105427357601002e-15,0.0,0.0,-0.0,0.0,0.0,0.20661382847561605,0.0
4,winter_heating,冬季采暖日,80.0,12.0,0.25,48.08533120904721,46.442876281066766,5.108657473552294,1.6534509392268433,0.0,1.6534509392268433,21.144050890634198,40.48523337661369,0.0,0.0,0.0,-0.0,-0.0,14.513398837833364,46.442876281066766,1.7028858245174314,5.108657473552294,-0.0,0.0,0.0,1.0188806649232802,49.101747087175845,0.0,0.0,70.12455580002428,0.0,0.0,0.0,0.0,0.0,0.0,14.27119172624174,12.265084142106826,13.864362634075484,5.276656010528959,2.432102492359528,0.0,70.0,10.5,46.0,45.0,0.6337011927559815,0.3133834292034348,1.0,37.506558343056824,42.727446178581424,1.5325972420656881,48.08533120904721,61.62928426724789,61.62928426724789,0.0,0.9093980165747638,0.22734950414369096,18.187960331495276,0.0,0.0,0.0,0.0,7.105427357601002e-15,0.0,0.0,1.6534509392268433,0.0,-1.0507249146147757,0.11371556901223467,0.0
4,winter_heating,冬季采暖日,80.0,12.25,0.25,48.02032985163299,45.894128324638515,5.1295451628864015,1.6534509392268433,0.0,1.6534509392268433,21.524377377087852,41.06574876078046,0.0,0.0,0.0,-0.0,-0.0,14.513398837833364,46.442876281066766,1.7098483876288004,5.1295451628864015,-0.0,0.0,0.0,0.0,49.09929199982149,0.5487479564282509,0.0,70.219821161776,0.0,0.0,0.0,0.0,0.0,0.0,14.248431383513205,12.278265231955434,13.886896218979976,5.3104490781930584,2.4523447998951764,0.0,70.0,10.5,46.0,45.0,0.6450998291548907,0.3178770157934684,1.0,37.45585728427373,42.22259805866744,1.5388635488659204,48.02032985163299,62.59012613786831,62.59012613786831,0.0,0.9093980165747638,0.22734950414369096,18.187960331495276,0.0,0.0,0.0,0.0,0.0,0.0,0.0,0.0,0.0,0.0,0.02088768933410723,0.0
4,winter_heating,冬季采暖日,80.0,12.5,0.25,48.16238286807056,45.60513135634602,5.1920259760763265,1.6534509392268433,0.0,1.6534509392268433,21.789199577198325,39.46781681360172,0.0,0.0,0.0,-0.0,-0.0,14.251603548858132,45.60513135634602,1.7306753253587754,5.1920259760763265,-0.0,0.0,0.0,1.2341944122605781,48.77204903199503,0.0,0.0,70.18471125119511,0.0,0.0,0.0,0.0,0.0,0.0,14.234624637070144,12.275095597709578,13.906409867083463,5.340548010159072,2.469233234476344,0.0,70.0,10.5,46.0,45.0,0.6530367256817812,0.30550792831452944,1.0,37.56665863709504,41.95672084783834,1.557607792822898,48.16238286807056,61.25701639080005,61.25701639080005,0.0,0.9093980165747638,0.22734950414369096,18.187960331495276,0.0,0.0,0.0,0.0,7.105427357601002e-15,0.0,0.0,0.0,0.0,-0.8377449247207451,0.062480813189925044,0.0
4,winter_heating,冬季采暖日,80.0,12.75,0.25,48.11241787175783,45.12758111095152,5.279732377895272,1.6534509392268433,0.0,1.6534509392268433,21.549150232556617,40.80913836957165,0.0,0.0,0.0,-0.0,-0.0,14.179715800051387,45.37509056016444,1.7599107926317572,5.279732377895272,-0.0,0.0,0.0,0.040304923085862754,48.75900387083663,0.24750944921292017,0.0,70.20840238975758,0.0,0.0,0.0,0.0,0.0,0.0,14.229001521010623,12.259105594074185,13.922761877232205,5.366620102264988,2.4825754689579003,0.0,70.0,10.5,46.0,45.0,0.6458422880214404,0.3158906756477128,1.0,37.52768593997111,41.5173746220754,1.5839197133685814,48.11241787175783,62.35828860212827,62.35828860212827,0.0,0.9093980165747638,0.22734950414369096,18.187960331495276,0.0,0.0,0.0,0.0,0.0,0.0,0.0,0.0,0.0,-0.23004079618158357,0.08770640181894507,0.0
4,winter_heating,冬季采暖日,80.0,13.0,0.25,48.363434549558754,44.87476657314236,5.407727056173411,1.6534509392268433,0.0,1.6534509392268433,20.778636542364257,40.7739678675337,0.0,0.0,0.0,-0.0,-0.0,14.179715800051387,45.37509056016444,1.802575685391137,5.407727056173411,-0.0,0.0,0.0,1.1396706858764816,48.45665258225454,0.5003239870220781,0.0,70.29212513548046,0.0,0.0,0.0,0.0,0.0,0.0,14.231857858781515,12.234099741225378,13.935714778836111,5.388372406005531,2.4922179382602434,0.0,70.0,10.5,46.0,45.0,0.6227494830033634,0.3156184318784123,1.0,37.72347894865583,41.28478524729097,1.6223181168520233,48.363434549558754,61.55260440989795,61.55260440989795,0.0,0.9093980165747638,0.22734950414369096,18.187960331495276,0.0,0.0,0.0,0.0,0.0,0.0,0.0,0.0,0.0,0.0,0.1279946782781396,0.0
4,winter_heating,冬季采暖日,80.0,13.25,0.25,48.46171010799698,44.87384733888487,5.694851416776341,1.6534509392268433,0.0,1.6534509392268433,19.632999601893147,44.07960450632431,0.0,0.0,0.0,-0.0,-0.0,14.179715800051387,45.37509056016444,1.8982838055921138,5.694851416776341,-0.0,0.0,0.8263453338038182,0.0,48.65048676640383,0.5012432212795659,0.0,70.37602433796663,0.0,0.0,0.0,0.0,0.0,0.0,14.244574165845629,12.203989431320643,13.944938030855974,5.405557204017775,2.4980487811074754,0.0,70.0,10.5,46.0,45.0,0.5884139860166704,0.3412063230467296,1.0,37.800133884237646,41.28393955177408,1.7084554250329023,48.46171010799698,63.712604108217455,63.712604108217455,0.0,0.9093980165747638,0.22734950414369096,18.187960331495276,0.0,0.0,0.0,0.0,0.0,0.0,0.0,0.0,0.0,0.0,0.2871243606029301,0.0
4,winter_heating,冬季采暖日,80.0,13.5,0.25,48.30506915979641,44.8386282024023,5.8494308938297435,1.6534509392268433,0.0,1.6534509392268433,18.35371204270574,42.41763948001152,0.0,0.0,0.0,-0.0,-0.0,14.179715800051387,45.37509056016444,1.949810297943248,5.8494308938297435,-0.0,0.0,0.0,2.009792795846934,48.11916140105316,0.5364623577621401,0.0,70.46824613576617,0.0,0.0,0.0,0.0,0.0,0.0,14.269602743042855,12.172612648045469,13.95001598480745,5.4179767044791936,2.5,0.0,70.0,10.5,46.0,45.0,0.5500728915722731,0.32834157568768546,1.0,37.6779539446412,41.251537946210114,1.754829268148923,48.30506915979641,60.77135152271727,60.77135152271727,0.0,0.9093980165747638,0.22734950414369096,18.187960331495276,0.0,0.0,0.0,0.0,7.105427357601002e-15,0.0,0.0,0.0,0.0,0.0,0.15457947705340214,0.0
4,winter_heating,冬季采暖日,80.0,13.75,0.25,48.40449288043235,44.58065378416142,6.0504745384387615,1.6534509392268433,0.0,1.6534509392268433,16.93629173526787,46.516868925280285,0.0,0.0,0.0,-0.0,-0.0,14.179715800051387,45.37509056016444,2.0168248461462537,6.0504745384387615,-0.0,0.0,0.5055780731450028,0.0,48.23683023535505,0.7944367760030175,0.0,70.62169074699901,0.0,0.0,0.0,0.0,0.0,0.0,14.31042561129623,12.14354885117443,13.950460951615469,5.425486830066429,2.4980487811074754,0.0,70.0,10.5,46.0,45.0,0.5075918672829398,0.3600724186026749,1.0,37.755504446737234,41.01420148142851,1.8151423615316284,48.40449288043235,63.45316066054815,63.45316066054815,0.0,0.9093980165747638,0.22734950414369096,18.187960331495276,0.0,0.0,0.0,0.0,0.0,0.0,0.0,0.0,0.0,0.0,0.20104364460901802,0.0
4,winter_heating,冬季采暖日,80.0,14.0,0.25,48.48804496858572,44.499899443298666,6.081562050306796,1.6534509392268433,0.0,1.6534509392268433,15.65149708549385,50.89515354591186,0.0,0.0,0.0,-0.0,-0.0,14.179715800051387,45.37509056016444,2.0271873501022655,6.081562050306796,-0.0,0.0,3.5051534518931824,0.0,49.06689233866791,0.8751911168657713,0.0,70.79423779188113,0.0,0.0,0.0,0.0,0.0,0.0,14.37147819721897,12.119938065722211,13.945730945389748,5.428000000000001,2.4922179382602434,0.0,70.0,10.5,46.0,45.0,0.46908572169051976,0.3939633396621733,1.0,37.820675075496865,40.93990748783477,1.8244686150920386,48.48804496858572,66.54665063140571,66.54665063140571,0.0,0.9093980165747638,0.22734950414369096,18.187960331495276,0.0,0.0,0.0,0.0,7.105427357601002e-15,0.0,0.0,0.0,0.0,0.0,0.03108751186803449,0.0
4,winter_heating,冬季采暖日,80.0,14.25,0.25,48.51184670484524,44.72604419262712,6.114599499555779,1.6534509392268433,0.0,1.6534509392268433,14.329689612430675,51.17975390420053,0.0,0.0,0.0,-0.0,-0.0,14.179715800051387,45.37509056016444,2.0381998331852595,6.114599499555779,-0.0,0.0,2.4331321177761644,0.0,49.64230787202281,0.6490463675373164,0.0,70.9129891852753,0.0,0.0,0.0,0.0,0.0,0.0,14.458027643056239,12.104313657227763,13.935251423550422,5.425486830066429,2.4825754689579003,0.0,70.0,10.5,46.0,45.0,0.42947027729878623,0.39616634131967515,1.0,37.83924042977929,41.147960657216956,1.8343798498667336,48.51184670484524,65.50944351663121,65.50944351663121,0.0,0.9093980165747638,0.22734950414369096,18.187960331495276,0.0,0.0,0.0,0.0,0.0,0.0,0.0,0.0,0.0,0.0,0.03303744924898311,0.0
4,winter_heating,冬季采暖日,80.0,14.5,0.25,48.438045041106406,44.956809580772536,6.053036727987571,1.898537005514699,0.0,1.898537005514699,12.789481135072498,49.82147542826308,0.0,0.0,0.0,-0.0,-0.0,14.053769618414675,44.97206277892696,2.0176789093291903,6.053036727987571,-0.0,0.0,0.0,0.0,49.6398257566292,0.015253198154425718,0.0,70.88115532524434,0.0,0.0,0.0,0.0,0.0,0.0,14.575991280780174,12.098458195162872,13.91844011732816,5.4179767044791936,2.469233234476344,0.0,70.0,10.5,46.0,45.0,0.3833092103280722,0.3856523358144388,1.0,37.781675132063,41.36026481431073,1.8159110183962712,48.438045041106406,62.61095656333558,62.61095656333558,0.0,1.0441953530330845,0.26104883825827113,20.88390706066169,0.0,0.0,0.0,0.0,0.0,0.0,0.0,0.24508606628785579,0.0,-0.4030277812374763,-0.061562771568207886,0.0
4,winter_heating,冬季采暖日,80.0,14.75,0.25,48.30094585892686,44.97206277892696,5.967000098416508,3.0146137813421703,0.0,3.0146137813421703,11.468305523561545,49.86079620524332,0.0,0.0,-0.0,-0.0,-0.0,14.053769618414675,44.97206277892696,1.9890000328055029,5.967000098416508,-0.0,0.0,0.0,0.0,49.63734376534137,0.0,0.0,70.84571474758172,0.0,0.0,0.0,0.0,0.0,0.0,14.73168082750357,12.103291156854324,13.89473386343122,5.405557204017775,2.4523447998951764,0.0,70.0,10.5,46.0,45.0,0.34371270324505826,0.3859567055537554,1.0,37.67473776996295,41.374297756612805,1.7901000295249525,48.30094585892686,61.329101728804865,61.329101728804865,0.0,1.6580375797381939,0.41450939493454847,33.16075159476388,0.0,0.0,0.0,0.0,0.0,0.0,0.0,1.1160767758274712,0.0,0.0,-0.08603662957106284,0.0
4,winter_heating,冬季采暖日,80.0,15.0,0.25,48.14829848632945,45.20879259172856,5.893140708682939,3.0146137813421703,0.0,3.0146137813421703,10.425150421661552,47.09924829669772,0.0,0.0,3.5707192198353166,1.2497517269423606,1.6068236489258925,11.676085504086705,37.36347361307746,1.9643802362276463,5.893140708682939,-0.0,0.0,0.0,0.0,49.6348618981531,0.0,6.238495329725211,69.16858259291183,0.0,0.0,0.0,0.0,0.0,0.0,14.931461542030378,12.118795991430483,13.863616218387232,5.388372406005531,2.432102492359528,0.0,70.0,10.5,46.0,45.0,0.3124486547558293,0.3645804337304218,1.0,37.555672819336976,41.592089184390275,1.7679422126048816,48.14829848632945,57.52439871835928,57.52439871835928,0.0,2.372181423705257,0.5930453559263142,47.44362847410514,0.0,0.0,0.0,0.0,0.0,0.0,0.0,0.0,1.2497517269423606,-7.6085891658495015,-0.07385938973356954,0.0
4,winter_heating,冬季采暖日,80.0,15.25,0.25,48.64534791152624,45.69621271305224,5.753805534251053,3.0146137813421703,0.0,3.0146137813421703,8.855608794721055,48.20711518934588,0.0,0.0,6.177230937964344,2.16203082828752,2.779753922083955,11.676085504086705,37.36347361307746,1.9179351780836844,5.753805534251053,-0.0,0.0,0.0,0.0,49.632380155058186,0.0,5.552985177890825,67.67268641269673,0.0,0.0,0.0,0.0,0.0,0.0,15.181322894764628,12.143992275260304,13.824644570482901,5.366620102264988,2.40873375636107,0.0,70.0,10.5,46.0,45.0,0.2654084538871809,0.3731560821079259,1.0,37.94337137099047,42.040515696008065,1.726141660275316,48.64534791152624,57.062723984066935,57.062723984066935,0.0,2.8934837673310625,0.7233709418327656,57.86967534662125,0.0,0.0,0.0,0.0,0.0,0.0,0.0,0.0,0.9122791013451594,0.0,-0.1393351744318858,0.0
4,winter_heating,冬季采暖日,80.0,15.5,0.25,48.647456929544326,45.95307683685784,5.670542415525096,3.0146137813421703,0.0,3.0146137813421703,7.376871016204588,48.90347245710243,0.0,0.0,8.339331383305375,2.918765984156881,3.7526991224874187,11.676085504086705,37.36347361307746,1.8901808051750322,5.670542415525096,-0.0,0.0,0.0,0.0,49.62989853605043,0.0,4.836904101292959,66.36598056915014,0.0,0.0,0.0,0.0,0.0,0.0,15.486367815034015,12.176956419726508,13.777475465397073,5.340548010159072,2.3824969025845952,0.0,70.0,10.5,46.0,45.0,0.22108970442587042,0.37854636420140503,1.0,37.945016405044576,42.27683068990921,1.701162724657529,48.647456929544326,56.28034347330702,56.28034347330702,0.0,3.325903856399269,0.8314759640998173,66.51807712798538,0.0,0.0,0.0,0.0,0.0,0.0,0.0,0.0,0.7567351558693609,0.0,-0.08326311872595671,0.0
4,winter_heating,冬季采暖日,80.0,15.75,0.25,49.206028303440156,46.460227453573395,5.848521128494523,2.6714873365318317,0.0,2.6714873365318317,6.15335588672258,51.08801164294707,0.0,0.0,8.339331383305375,2.918765984156881,3.7526991224874187,11.676085504086705,37.36347361307746,1.9495070428315078,5.848521128494523,-0.0,0.0,0.0,0.0,49.62741704112363,0.0,5.344054718008515,64.92646738991596,0.0,0.0,0.0,0.0,0.0,0.0,15.850240415715666,12.214891755412486,13.721886931484319,5.3104490781930584,2.3536763613451477,0.0,70.0,10.5,46.0,45.0,0.18442014659524783,0.39545619339568927,1.0,38.38070207668332,42.743409257287524,1.754556338548357,49.206028303440156,57.24136752966965,57.24136752966965,0.0,3.1371843117535825,0.7842960779383956,62.74368623507165,0.0,0.0,0.0,0.0,-7.105427357601002e-15,0.0,0.0,-0.3431264448103386,0.0,0.0,0.17797871296942702,0.0
4,winter_heating,冬季采暖日,80.0,16.0,0.25,49.3767505674285,47.063678645261064,6.006392042405845,-0.0,0.0,-0.0,4.7330126984363,52.88199454706093,0.0,0.0,11.910050603140691,4.168517711099241,5.359522771413311,11.190554860388454,35.80977555324306,2.0021306808019483,6.006392042405845,-0.0,0.0,0.0,0.7859111520224378,49.41811694605513,0.0,5.8943803206046965,63.3428514402724,0.0,0.0,0.0,0.0,0.0,0.0,16.274525914473486,12.254245969346934,13.657796725889458,5.276656010528959,2.3225775623986644,0.0,132.0,19.8,46.0,45.0,0.14185152163329512,0.409342849530128,1.0,38.51386544259423,43.29858435364018,1.8019176127217533,49.3767505674285,57.615007245497225,57.615007245497225,0.0,2.3820101206281383,0.5955025301570346,47.640202412562765,0.0,0.0,0.0,0.0,0.0,0.0,0.0,-2.6714873365318317,1.2497517269423604,-1.553698059834403,0.1578709139113217,0.0
4,winter_heating,冬季采暖日,80.0,16.25,0.25,49.74467150809025,47.6600660868287,5.986800942965759,0.0,0.0,0.0,3.316301080408075,54.19625616435095,0.0,0.0,15.480769822976008,5.4182694380416025,6.966346420339204,11.190554860388454,35.80977555324306,1.9956003143219199,5.986800942965759,-0.0,0.0,0.0,0.0,49.415646040207825,0.0,4.8839441132464385,62.02593156369794,0.0,0.0,0.0,0.0,0.0,0.0,16.758169515770103,12.29087099911968,13.585275615833067,5.23953515341255,2.289521569660788,0.0,132.0,19.8,46.0,45.0,0.09939173723439299,0.4195161344082316,1.0,38.800843776310394,43.847260799882406,1.7960402828897277,49.74467150809025,57.51255724475902,57.51255724475902,0.0,3.0961539645952016,0.7740384911488004,61.92307929190403,0.0,0.0,0.0,0.0,7.105427357601002e-15,0.0,0.0,0.0,1.2497517269423613,0.0,-0.019591099440085635,0.0
4,winter_heating,冬季采暖日,80.0,16.5,0.25,50.27768378603609,48.02575707567873,5.8912026935088795,0.0,0.0,0.0,2.2984412602388518,51.61845437559565,0.0,0.0,19.05148904281133,6.668021164983964,8.573170069265098,10.722000744703488,34.31040238305116,1.9637342311696264,5.8912026935088795,-0.0,0.0,0.0,2.378501961090743,48.787253689197726,0.0,5.142184623362475,60.64171211808386,0.0,0.0,0.0,0.0,0.0,0.0,17.29697125220521,12.320217791426698,13.504555049450122,5.1994799003694805,2.2548396019890076,0.0,132.0,19.8,46.0,45.0,0.06888580507239,0.39956218337497573,1.0,39.21659335310815,44.18369650962444,1.7673608080526637,50.27768378603609,53.9168956358345,53.9168956358345,0.0,3.8102978085622663,0.9525744521405666,76.20595617124533,0.0,0.0,0.0,0.0,0.0,0.0,0.0,0.0,1.2497517269423613,-1.4993731701918946,-0.09559824945687989,0.0
4,winter_heating,冬季采暖日,80.0,16.75,0.25,51.05236347515117,48.77822889072003,5.905680096846772,0.0,0.0,0.0,1.3227382805786916,48.86411817766505,0.0,0.0,22.622208262646645,7.917772891926325,10.17999371819099,10.722000744703488,34.31040238305116,1.9685600322822572,5.905680096846772,-0.0,0.0,0.0,5.638294901966846,47.3010525102062,0.0,4.287832789477875,59.48301421216222,0.0,0.0,0.0,0.0,0.0,0.0,17.88321913240925,12.337556015467749,13.416028843533379,5.156903781723095,2.2188675697091758,0.0,132.0,19.8,46.0,45.0,0.039643341308736854,0.3782417351301288,1.0,39.82084351061791,44.87597057946243,1.7717040290540316,51.05236347515117,50.18685645824374,50.18685645824374,0.0,4.524441652529329,1.1311104131323322,90.48883305058658,0.0,0.0,0.0,0.0,0.0,0.0,0.0,0.0,1.2497517269423613,0.0,0.01447740333789227,0.0
4,winter_heating,冬季采暖日,80.0,17.0,0.25,51.38060700456254,49.515401691255875,5.7315420358976406,0.0,0.0,0.0,0.6354318846595033,47.806150790467484,0.0,0.0,26.192927482481963,9.167524618868686,11.786817367116884,10.722000744703488,34.31040238305116,1.91051401196588,5.7315420358976406,-0.0,0.0,0.0,6.404014467236239,45.61342049251852,0.0,3.4181819410878305,58.55375114161197,0.0,0.0,0.0,0.0,0.0,0.0,18.50552160811043,12.338207069034446,13.320248805518894,5.112233407361841,2.181940751190348,0.0,139.92000000000002,20.988000000000003,46.0,45.0,0.019044313944697976,0.3700523430942442,1.0,40.07687346355878,45.554169555955404,1.719462610769292,51.38060700456254,48.44158267512699,48.44158267512699,0.0,5.238585496496393,1.3096463741240982,104.77170992992785,0.0,0.0,0.0,0.0,7.105427357601002e-15,0.0,0.0,0.0,1.2497517269423613,0.0,-0.1741380609491312,0.0
4,winter_heating,冬季采暖日,80.0,17.25,0.25,52.04340004784825,50.22219085047666,5.6176105590658265,0.0,0.0,0.0,-0.0,45.259219208940635,0.0,0.0,29.76364670231728,10.417276345811047,13.393641016042777,10.722000744703488,34.31040238305116,1.8725368530219422,5.6176105590658265,-0.0,0.0,0.0,8.961442090821999,43.25286558706705,0.0,2.518147451382717,57.86180388409835,0.0,0.0,0.0,0.0,0.0,0.0,19.14889118581058,12.317777677878714,13.217914497264278,5.065901429785418,2.144388724825195,0.0,139.92000000000002,20.988000000000003,46.0,45.0,0.0,0.3503373486037722,1.0,40.59385203732164,46.20441558243853,1.685283167719748,52.04340004784825,45.259219208940635,45.259219208940635,0.0,5.952729340463456,1.488182335115864,119.05458680926913,0.0,0.0,0.0,0.0,7.105427357601002e-15,0.0,0.0,0.0,1.2497517269423604,0.0,-0.11393147683181404,0.0
4,winter_heating,冬季采暖日,80.0,17.5,0.25,52.309147307966164,50.829599475536476,5.398360964972501,0.0,0.0,0.0,-0.0,42.18024696371047,0.0,0.0,31.739726398536146,11.10890423948765,14.282876879341266,10.722000744703488,34.31040238305116,1.7994536549908338,5.398360964972501,-0.0,0.0,0.0,11.541450504462363,40.21347912682391,0.0,2.2363202131440474,57.24436766290787,0.0,0.0,0.0,0.0,0.0,0.0,19.79511374774061,12.272381167739177,13.109857622080646,5.018339687533169,2.106530659712633,0.0,139.92000000000002,20.988000000000003,46.0,45.0,0.0,0.3265039950534429,1.0,40.80113490021361,46.76323151749356,1.6195082894917503,52.309147307966164,42.18024696371047,42.18024696371047,0.0,6.347945279707229,1.5869863199268073,126.95890559414458,0.0,0.0,0.0,0.0,7.105427357601002e-15,0.0,0.0,0.0,0.6916278936766034,0.0,-0.21924959409332523,0.0
4,winter_heating,冬季采暖日,80.0,17.75,0.25,52.88272819208328,51.462335732497706,5.112916429902514,0.0,0.0,0.0,-0.0,42.34708480730432,0.0,0.0,31.739726398536146,11.10890423948765,14.282876879341266,10.722000744703488,34.31040238305116,1.7043054766341712,5.112916429902514,-0.0,0.0,0.0,11.853045366628963,37.092245987965214,0.0,2.869056470105278,56.4607306185224,0.0,0.0,0.0,0.0,0.0,0.0,20.423413757039597,12.198834122274446,12.997021758913895,4.969972677574852,2.068671053718672,0.0,139.92000000000002,20.988000000000003,46.0,45.0,0.0,0.3277954342075654,1.0,41.24852798982496,47.34534887389789,1.533874928970754,52.88272819208328,42.34708480730432,42.34708480730432,0.0,6.347945279707229,1.5869863199268073,126.95890559414458,0.0,0.0,0.0,0.0,0.0,0.0,0.0,0.0,0.0,0.0,-0.28544453506998746,0.0
4,winter_heating,冬季采暖日,80.0,18.0,0.25,53.371652428752725,52.08929554559045,5.069999038520286,0.0,0.0,0.0,-0.0,40.6139504456591,0.0,0.0,31.739726398536146,11.10890423948765,14.282876879341266,10.722000744703488,34.31040238305116,1.689999679506762,5.069999038520286,-0.0,0.0,0.0,14.060798167816225,33.390181331503655,0.0,3.496016283198024,55.51249596816103,0.0,0.0,0.0,0.0,0.0,0.0,21.011396164036416,12.09481760033896,12.880438365696858,4.921211489709872,2.031095991035345,0.0,139.92000000000002,20.988000000000003,46.0,45.0,0.0,0.3143797874587825,1.0,41.629888894427125,47.92215190194322,1.5209997115560856,53.371652428752725,40.6139504456591,40.6139504456591,0.0,6.347945279707229,1.5869863199268073,126.95890559414458,0.0,0.0,0.0,0.0,0.0,0.0,0.0,0.0,0.0,0.0,-0.042917391382228054,0.0
4,winter_heating,冬季采暖日,80.0,18.25,0.25,53.638270886660116,52.805454832131126,5.063293250060887,0.0,0.0,0.0,-0.0,38.55620314899501,0.0,0.0,31.739726398536146,11.10890423948765,14.282876879341266,10.722000744703488,34.31040238305116,1.6877644166869625,5.063293250060887,-0.0,0.0,0.0,16.382928659567902,29.07721480676132,0.0,4.212175569738697,54.37627246498256,0.0,0.0,0.0,0.0,0.0,0.0,21.536214723458645,11.958994276140206,12.761200118004814,4.872448317189649,1.9940699735316383,0.0,139.92000000000002,20.988000000000003,46.0,45.0,0.0,0.2984514143093962,1.0,41.837851291594895,48.58101844556064,1.5189879750182662,53.638270886660116,38.55620314899501,38.55620314899501,0.0,6.347945279707229,1.5869863199268073,126.95890559414458,0.0,0.0,0.0,0.0,0.0,0.0,0.0,0.0,0.0,0.0,-0.0067057884593983985,0.0
4,winter_heating,冬季采暖日,80.0,18.5,0.25,53.51448030360206,53.31660818272907,4.81102057641134,0.0,0.0,0.0,-0.0,37.73226094981147,0.0,0.0,31.739726398536146,11.10890423948765,14.282876879341266,10.722000744703488,34.31040238305116,1.6036735254704466,4.81102057641134,-0.0,0.0,0.0,16.99898938447688,24.60234268694812,0.0,4.723328920336641,53.10610303392464,0.0,0.0,0.0,0.0,0.0,0.0,21.975887485726417,11.791075628625205,12.64043273320543,4.824051636453525,1.9578333617716144,0.0,139.92000000000002,20.988000000000003,46.0,45.0,0.0,0.2920735374809842,1.0,41.74129463680961,49.05127952811075,1.443306172923402,53.51448030360206,37.73226094981147,37.73226094981147,0.0,6.347945279707229,1.5869863199268073,126.95890559414458,0.0,0.0,0.0,0.0,7.105427357601002e-15,0.0,0.0,0.0,0.0,0.0,-0.2522726736495473,0.0
4,winter_heating,冬季采暖日,80.0,18.75,0.25,53.491837217413874,54.05760125000676,4.646814192469617,0.0,0.0,0.0,-0.0,39.8250260218918,0.0,0.0,31.739726398536146,11.10890423948765,14.282876879341266,10.722000744703488,34.31040238305116,1.5489380641565391,4.646814192469617,-0.0,0.0,0.0,14.828845764894448,20.698784736946813,0.0,5.464321987614333,51.64157051198286,0.0,0.0,0.0,0.0,0.0,0.0,22.31065749814865,11.591836436894749,12.519266452188361,4.776362125908751,1.922600443223189,0.0,139.92000000000002,20.988000000000003,46.0,45.0,0.0,0.3082729721910371,1.0,41.72363302958282,49.73299315000622,1.3940442577408851,53.491837217413874,39.8250260218918,39.8250260218918,0.0,6.347945279707229,1.5869863199268073,126.95890559414458,0.0,0.0,0.0,0.0,0.0,0.0,0.0,0.0,0.0,0.0,-0.16420638394172293,0.0
4,winter_heating,冬季采暖日,80.0,19.0,0.25,53.034804266024736,54.27971704841315,4.642416618911538,0.0,0.0,0.0,-0.0,40.803079288626144,0.0,0.0,31.739726398536146,11.10890423948765,14.282876879341266,10.722000744703488,34.31040238305116,1.547472206303846,4.642416618911538,-0.0,0.0,0.0,13.392293688918274,17.173461984836734,0.0,5.6864377860207185,50.11931873040563,0.0,0.0,0.0,0.0,0.0,0.0,22.5242838205463,11.363077101503396,12.398808312270113,4.729689369961839,1.8885581275123642,0.0,139.92000000000002,20.988000000000003,46.0,45.0,0.0,0.3158437742121484,1.0,41.367147327499296,49.9373396845401,1.3927249856734614,53.034804266024736,40.803079288626144,40.803079288626144,0.0,6.347945279707229,1.5869863199268073,126.95890559414458,0.0,0.0,0.0,0.0,0.0,0.0,0.0,0.0,0.0,0.0,-0.0043975735580792374,0.0
4,winter_heating,冬季采暖日,80.0,19.25,0.25,52.67558369260594,54.6541296229231,4.515794763520318,0.0,0.0,0.0,-0.0,42.71795444232463,0.0,0.0,31.739726398536146,11.10890423948765,14.282876879341266,10.722000744703488,34.31040238305116,1.5052649211734392,4.515794763520318,-0.0,0.0,0.0,11.075990676670587,14.25786892313997,0.0,6.060850360530672,48.499298449848155,0.0,0.0,0.0,0.0,0.0,0.0,22.605147304754997,11.107537463158371,12.280116251359724,4.684309370871468,1.8558652521421384,0.0,139.92000000000002,20.988000000000003,46.0,45.0,0.0,0.33066621914114636,1.0,41.08695528023264,50.281799253089254,1.3547384290560953,52.67558369260594,42.71795444232463,42.71795444232463,0.0,6.347945279707229,1.5869863199268073,126.95890559414458,0.0,0.0,0.0,0.0,0.0,0.0,0.0,0.0,0.0,0.0,-0.12662185539122017,0.0
4,winter_heating,冬季采暖日,80.0,19.5,0.25,52.027646202137795,54.99292401815789,4.407043001846346,0.0,0.0,0.0,-0.0,44.74713312614296,0.0,0.0,30.93937046946804,10.828779664313814,13.92271671126062,10.722000744703488,34.31040238305116,1.469014333948782,4.407043001846346,-0.0,0.0,0.0,8.642748490333291,11.982748532237684,0.0,6.7598049238461115,46.69615276803215,0.0,0.0,0.0,0.0,0.0,0.0,22.547068111967842,10.828768599473547,12.164175943336142,4.640462868235925,1.8246524673583497,0.0,139.92000000000002,20.988000000000003,46.0,45.0,0.0,0.34637345166432193,1.0,40.58156403766748,50.59349009670527,1.3221129005539038,52.027646202137795,44.74713312614296,44.74713312614296,0.0,6.187874093893608,1.546968523473402,123.75748187787217,0.0,0.0,0.0,0.0,7.105427357601002e-15,0.0,0.0,0.0,-0.2801245751738364,0.0,-0.10875176167397171,0.0
4,winter_heating,冬季采暖日,80.0,19.75,0.25,51.21531557339779,55.15494696887155,4.3465479558439934,0.0,0.0,0.0,-0.0,46.35397628225958,0.0,0.0,27.368651249632727,9.579027937371453,12.315893062334727,10.722000744703488,34.31040238305116,1.4488493186146645,4.3465479558439934,-0.0,0.0,0.0,7.4531614170849085,10.02079112715715,0.0,8.528651523485657,44.42842271178349,0.0,0.0,0.0,0.0,0.0,0.0,22.34975672649533,10.530971349319326,12.051881088524576,4.5983544447590745,1.795022656174443,0.0,139.92000000000002,20.988000000000003,46.0,45.0,0.0,0.3588115180025236,1.0,39.94794614725028,50.74255121136183,1.303964386753198,51.21531557339779,46.35397628225958,46.35397628225958,0.0,5.473730249926546,1.3684325624816365,109.47460499853092,0.0,0.0,0.0,0.0,0.0,0.0,0.0,0.0,-1.2497517269423604,0.0,-0.06049504600235256,0.0
4,winter_heating,冬季采暖日,80.0,20.0,0.25,50.46716523144605,55.333345487820026,4.209540835782559,0.0,0.0,0.0,-0.0,50.069112353257985,0.0,0.0,23.797932029797412,8.329276210429093,10.709069413408836,10.722000744703488,34.31040238305116,1.4031802785941865,4.209540835782559,-0.0,0.0,0.0,4.193957691056648,8.916617011006938,0.0,10.31387369136003,41.692031213227594,0.0,0.0,0.0,0.0,0.0,0.0,22.01885457609751,10.218811895421911,11.944017683308669,4.558152377957555,1.7670518352263433,0.0,139.92000000000002,20.988000000000003,46.0,45.0,0.0,0.38756921518698373,1.0,39.364388880527926,50.90667784879442,1.2628622507347678,50.46716523144605,50.069112353257985,50.069112353257985,0.0,4.759586405959483,1.1898966014898706,95.19172811918965,0.0,0.0,0.0,0.0,0.0,0.0,0.0,0.0,-1.2497517269423604,0.0,-0.13700712006143423,0.0
4,winter_heating,冬季采暖日,80.0,20.25,0.25,49.64589395863777,55.210280518050304,4.064345533390724,0.0,0.0,0.0,-0.0,49.081037860334426,0.0,0.0,20.227212809962094,7.079524483486733,9.102245764482943,10.722000744703488,34.31040238305116,1.3547818444635746,4.064345533390724,-0.0,0.0,0.0,5.56211420398367,7.452456915950159,0.0,11.7976323705162,38.56654510011672,0.0,0.0,0.0,0.0,0.0,0.0,21.565560171396314,9.897225543487918,11.841252581972414,4.519989181152683,1.7407904742722486,0.0,139.92000000000002,20.988000000000003,46.0,45.0,0.0,0.37992084201298354,1.0,38.72379728773746,50.793458076606285,1.2193036600172171,49.64589395863777,49.081037860334426,49.081037860334426,0.0,4.045442561992419,1.0113606404981048,80.90885123984839,0.0,0.0,0.0,0.0,-7.105427357601002e-15,0.0,0.0,0.0,-1.2497517269423604,0.0,-0.1451953023918353,0.0
4,winter_heating,冬季采暖日,80.0,20.5,0.25,48.564598231690724,55.12303540780165,4.053938857784965,0.0,0.0,0.0,-0.0,54.31546704795143,0.0,0.0,16.656493590126775,5.829772756544371,7.49542211555705,10.722000744703488,34.31040238305116,1.3513129525949885,4.053938857784965,-0.0,0.0,0.0,0.4926721244933976,7.322433734027151,0.0,13.317210909193442,35.04273264093681,0.0,0.0,0.0,0.0,0.0,0.0,21.005876990294922,9.571219851515666,11.744126454203553,4.4839627637715305,1.7162651668298874,0.0,139.92000000000002,20.988000000000003,46.0,45.0,0.0,0.420438908278733,1.0,37.88038662071877,50.71319257517752,1.2161816573354896,48.564598231690724,54.31546704795143,54.31546704795143,0.0,3.331298718025355,0.8328246795063388,66.6259743605071,0.0,0.0,0.0,0.0,0.0,0.0,0.0,0.0,-1.2497517269423613,0.0,-0.010406675605758586,0.0
4,winter_heating,冬季采暖日,80.0,20.75,0.25,47.4822793001088,54.89016706046987,3.738244099384193,0.0,0.0,0.0,-0.0,54.34599513912682,0.0,0.0,13.085774370291459,4.58002102960201,5.888598466631157,10.842513478724225,34.69604313191752,1.2460813664613977,3.738244099384193,-0.0,0.0,0.0,0.6448579765655928,7.152368144823188,0.0,14.305525461921194,31.260599310952873,0.0,0.0,0.0,0.0,0.0,0.0,20.359555140434413,9.245687532791216,11.653051044584522,4.450138130862656,1.6934805816070466,0.0,139.92000000000002,20.988000000000003,46.0,45.0,0.0,0.4206752166089971,1.0,37.03617785408486,50.49895369563228,1.1214732298152579,47.4822793001088,54.34599513912682,54.34599513912682,0.0,2.6171548740582917,0.6542887185145729,52.343097481165834,0.0,0.0,0.0,0.0,0.0,0.0,0.0,0.0,-1.2497517269423613,0.3856407488663578,-0.3156947584007721,0.0
4,winter_heating,冬季采暖日,80.0,21.0,0.25,45.90549580553022,54.526420331052336,3.532611117328945,0.0,0.0,0.0,-0.0,58.25195854019639,0.0,0.0,9.51505515045614,3.3302693026596484,4.281774817705263,14.499194998216165,46.39742399429173,1.1775370391096482,3.532611117328945,-0.0,0.0,0.0,0.0,7.152010526415947,0.0,3.8472215190553456,30.23254229575652,0.0,0.0,0.0,0.0,0.0,0.0,19.648825798151762,8.925238184683195,11.568310465385279,4.418549534876894,1.6724216238937528,0.0,139.92000000000002,20.988000000000003,46.0,45.0,0.0,0.45091004800007345,1.0,35.80628672831357,50.16430670456815,1.0597833351986834,45.90549580553022,58.25195854019639,58.25195854019639,0.0,1.9030110300912282,0.47575275752280705,38.06022060182456,0.0,0.0,0.0,0.0,0.0,0.0,0.0,0.0,-1.2497517269423617,11.701380862374208,-0.20563298205524827,0.0
4,winter_heating,冬季采暖日,80.0,21.25,0.25,44.91484303804647,54.25310915933355,3.2510502968489816,0.0,0.0,0.0,-0.0,56.96556993877917,0.0,0.0,5.944335930620821,2.080517575717287,2.6749511687793697,14.499194998216165,46.39742399429173,1.0836834322829938,3.2510502968489816,-0.0,0.0,0.0,1.451633954049175,6.769643990613528,0.0,5.18073399626245,28.85407497296063,0.0,0.0,0.0,0.0,0.0,0.0,18.897042531113566,8.614056031797292,11.490066108396734,4.389202989109877,1.6530557377363582,0.0,139.92000000000002,20.988000000000003,46.0,45.0,0.0,0.44095251935128943,1.0,35.03357756967625,49.91286042658687,0.9753150890546944,44.91484303804647,56.96556993877917,56.96556993877917,0.0,1.1888671861241642,0.29721679653104105,23.777343722483284,0.0,0.0,0.0,0.0,0.0,0.0,0.0,0.0,-1.2497517269423613,0.0,-0.28156082047996334,0.0
4,winter_heating,冬季采暖日,80.0,21.5,0.25,43.82345969924589,53.9096060231235,2.915762015240676,0.0,0.0,0.0,-0.0,62.26385470144682,0.0,0.0,2.373616710785503,0.8307658487749259,1.0681275198534763,18.155876517708105,58.098804856665936,0.9719206717468919,2.915762015240676,-0.0,0.0,0.1433636615208549,0.0,6.803354378025201,5.257326353395911,0.0,30.08826294440568,0.0,0.0,0.0,0.0,0.0,0.0,18.12734557537405,8.315788693720116,11.418364650286996,4.3620790515751535,1.6353352832366128,0.0,139.92000000000002,20.988000000000003,46.0,45.0,0.0,0.48196487149399,1.0,34.18229856541179,49.59683754127362,0.8747286045722027,43.82345969924589,62.26385470144682,62.26385470144682,0.0,0.47472334215710066,0.11868083553927516,9.494466843142014,0.0,0.0,0.0,0.0,-7.105427357601002e-15,0.0,0.0,0.0,-1.2497517269423613,11.701380862374208,-0.3352882816083058,0.0
4,winter_heating,冬季采暖日,80.0,21.75,0.25,42.27050193189844,53.54475931214235,2.7817344947908325,0.0,0.0,0.0,-0.0,63.13118087257278,0.0,0.0,0.0,-0.0,-0.0,18.2834075974597,58.50690431187105,0.9272448315969442,2.7817344947908325,-0.0,0.0,1.6500265116176962,0.0,7.194895506815502,4.9621449997287,0.0,31.251728250369045,0.0,0.0,0.0,0.0,0.0,0.0,17.36145450501485,8.033469682296884,11.35314855138413,4.33713579020443,1.6191999284026473,0.0,139.92000000000002,20.988000000000003,46.0,45.0,0.0,0.4886785699730593,1.0,32.97099150688078,49.26117856717096,0.8345203484372498,42.27050193189844,63.13118087257278,63.13118087257278,0.0,0.0,0.0,0.0,0.0,0.0,0.0,0.0,0.0,0.0,0.0,0.0,-0.8307658487749259,0.40809945520511093,-0.13402752044984334,0.0
4,winter_heating,冬季采暖日,80.0,22.0,0.25,41.199473381177526,53.006873108314714,2.712663952732198,-0.0,0.0,-0.0,-0.0,66.0838946660232,0.0,0.0,0.0,-0.0,-0.0,18.2834075974597,58.50690431187105,0.9042213175773993,2.712663952732198,-0.0,0.0,5.69679236980857,0.0,8.547523949869698,5.500031203556333,0.0,32.54235979708849,0.0,0.0,0.0,0.0,0.0,0.0,16.61867369963756,7.7694750819491425,11.29426840984115,4.314311844808757,1.6045790012890015,0.0,62.0,9.299999999999999,46.0,45.0,0.0,0.5115345966492522,1.0,32.13558923731847,48.76632325964954,0.8137991858196594,41.199473381177526,66.0838946660232,66.0838946660232,0.0,0.0,0.0,0.0,0.0,0.0,0.0,0.0,0.0,0.0,0.0,-0.0,0.0,0.0,-0.06907054205863439,0.0
4,winter_heating,冬季采暖日,80.0,22.25,0.25,40.149659703048286,52.41603868139728,2.5064075676980506,-0.0,0.0,-0.0,-0.0,67.93135317255572,0.0,0.0,0.0,-0.0,-0.0,18.2834075974597,58.50690431187105,0.8354691892326835,2.5064075676980506,-0.0,0.0,8.662816682815048,0.0,10.604515535840779,6.090865630473765,0.0,33.97266920442746,0.0,0.0,0.0,0.0,0.0,0.0,15.915166983795963,7.525512827490736,11.241496529638164,4.29352950778261,1.5913937553560473,0.0,62.0,9.299999999999999,46.0,45.0,0.0,0.5258351905646291,1.0,31.316734568377665,48.222755586885505,0.7519222703094152,40.149659703048286,67.93135317255572,67.93135317255572,0.0,0.0,0.0,0.0,0.0,0.0,0.0,0.0,0.0,0.0,0.0,0.0,0.0,0.0,-0.20625638503414745,0.0
4,winter_heating,冬季采暖日,80.0,22.5,0.25,39.39195184700237,52.095094812554485,2.5524588854081447,-0.0,0.0,-0.0,-0.0,70.27157709955956,0.0,0.0,0.0,-0.0,-0.0,18.2834075974597,58.50690431187105,0.8508196284693815,2.5524588854081447,-0.0,0.0,11.745398026628116,0.0,13.393517341388165,6.411809499316561,0.0,35.47848762591293,0.0,0.0,0.0,0.0,0.0,0.0,15.263526793984916,7.302641291889582,11.194541087892606,4.274697753660234,1.5795595087182277,0.0,62.0,9.299999999999999,46.0,45.0,0.0,0.5439501262629381,1.0,30.725722440661848,47.92748722755013,0.7657376656224434,39.39195184700237,70.27157709955956,70.27157709955956,0.0,0.0,0.0,0.0,0.0,0.0,0.0,0.0,0.0,0.0,0.0,0.0,0.0,0.0,0.046051317710094075,0.0
4,winter_heating,冬季采暖日,80.0,22.75,0.25,38.8693116374335,51.518560602085095,2.358137446142924,-0.0,0.0,-0.0,-0.0,68.42464128595063,0.0,0.0,0.0,-0.0,-0.0,18.2834075974597,58.50690431187105,0.7860458153809747,2.358137446142924,-0.0,0.0,10.485876235676457,0.0,15.883243271494255,6.988343709785951,0.0,37.120480013174145,0.0,0.0,0.0,0.0,0.0,0.0,14.67263320496067,7.1013126149945025,11.153060339265485,4.257715156898589,1.5689876259172395,0.0,62.0,9.299999999999999,46.0,45.0,0.0,0.5296535783487115,1.0,30.31806307719813,47.39707575391829,0.7074412338428772,38.8693116374335,68.42464128595063,68.42464128595063,0.0,0.0,0.0,0.0,0.0,0.0,0.0,0.0,0.0,0.0,0.0,0.0,0.0,0.0,-0.1943214392652206,0.0
4,winter_heating,冬季采暖日,80.0,23.0,0.25,37.82110861991985,51.11431613400963,2.5182418919848955,-0.0,0.0,-0.0,-0.0,68.82264322015833,0.0,0.0,0.0,-0.0,-0.0,18.2834075974597,58.50690431187105,0.8394139639949652,2.5182418919848955,-0.0,0.0,11.878713038783815,0.0,18.70364345604184,7.39258817786142,0.0,38.85765946540965,0.0,0.0,0.0,0.0,0.0,0.0,14.147772503886802,6.921435383342914,11.116676366861743,4.242472647229077,1.5595873187619862,0.0,62.0,9.299999999999999,46.0,45.0,0.0,0.5327343858572502,1.0,29.500464723537483,47.02517084328886,0.7554725675954687,37.82110861991985,68.82264322015833,68.82264322015833,0.0,0.0,0.0,0.0,0.0,0.0,0.0,0.0,0.0,0.0,0.0,0.0,0.0,0.0,0.16010444584197137,0.0
4,winter_heating,冬季采暖日,80.0,23.25,0.25,37.15925271698336,50.69010454499307,2.5552793528939794,-0.0,0.0,-0.0,-0.0,69.16292710079614,0.0,0.0,0.0,-0.0,-0.0,18.2834075974597,58.50690431187105,0.8517597842979931,2.5552793528939794,-0.0,0.0,12.868507002055082,0.0,21.758978686857116,7.816799766877978,0.0,40.69472058031046,0.0,0.0,0.0,0.0,0.0,0.0,13.690966120012126,6.762450909045881,11.084987973608916,4.228856062181404,1.5512672503706577,0.0,62.0,9.299999999999999,46.0,45.0,0.0,0.5353684161078582,1.0,28.98421711924702,46.63489618139363,0.7665838058681939,37.15925271698336,69.16292710079614,69.16292710079614,0.0,0.0,0.0,0.0,0.0,0.0,0.0,0.0,0.0,0.0,0.0,0.0,0.0,0.0,0.037037460909084,0.0
4,winter_heating,冬季采暖日,80.0,23.5,0.25,36.80879567858604,50.29470034279601,2.5364937344888996,-0.0,0.0,-0.0,-0.0,68.21667346570602,0.0,0.0,0.0,-0.0,-0.0,18.2834075974597,58.50690431187105,0.8454979114962998,2.5364937344888996,-0.0,0.0,12.278972278163984,0.0,24.674146653986718,8.212203969075034,0.0,42.62477166267563,0.0,0.0,0.0,0.0,0.0,0.0,13.30144977676652,6.6234174145954245,11.05758239947434,4.216748466565439,1.5439369336234074,0.0,62.0,9.299999999999999,46.0,45.0,0.0,0.5280437650109462,1.0,28.71086062929711,46.27112431537233,0.7609481203466698,36.80879567858604,68.21667346570602,68.21667346570602,0.0,0.0,0.0,0.0,0.0,0.0,0.0,0.0,0.0,0.0,0.0,0.0,0.0,0.0,-0.018785618405079862,0.0
4,winter_heating,冬季采暖日,80.0,23.75,0.25,36.25516544163341,49.90798338154976,2.4990492844170746,0.0,0.0,0.0,-0.0,67.60799781353815,0.0,0.0,0.0,-0.0,-0.0,18.2834075974597,58.50690431187105,0.8330164281390249,2.4990492844170746,-0.0,0.0,12.236408346306014,0.0,27.57905992890156,8.598920930321285,0.0,44.64570299779557,0.0,0.0,0.0,0.0,0.0,0.0,12.976239717717545,6.503096844611147,11.034045642359668,4.206032218477407,1.5375079216242937,0.0,62.0,9.299999999999999,46.0,45.0,0.0,0.5233321986634197,1.0,28.27902904447406,45.91534471102578,0.7497147853251224,36.25516544163341,67.60799781353815,67.60799781353815,0.0,0.0,0.0,0.0,0.0,0.0,0.0,0.0,0.0,0.0,0.0,0.0,0.0,0.0,-0.03744445007182495,0.0
5,holiday_return,春节返乡日,30.0,0.0,0.25,33.656376854183634,34.79212211199601,3.4910532506853715,0.0,5.0,-5.0,-0.0,60.186913199079676,0.0,0.0,0.0,-0.0,-0.0,14.282136385629354,45.70283643401393,1.163684416895124,3.4910532506853715,-0.0,0.0,6.084715542371562,0.0,29.022800917218362,10.910714322017924,0.0,47.214674797775935,0.0,0.0,0.0,0.0,0.0,0.0,14.200327252248394,6.169663082094346,7.609660644643136,4.503062487565456,1.1275212648659492,0.0,52.0,7.8,45.0,45.0,0.0,0.4658879220489429,1.0,24.232591335012216,30.617067458556487,1.22186863773988,33.656376854183634,60.186913199079676,60.186913199079676,0.0,0.0,0.0,0.0,0.0,0.0,0.0,0.0,0.0,0.0,0.0,-5.0,0.0,-2.064999494544587,-0.21720849505995643,0.0
5,holiday_return,春节返乡日,30.0,0.25,0.25,33.696753291066955,34.91822815693481,3.4382924611746706,0.0,5.0,-5.0,-0.0,61.3785185852036,0.0,0.0,0.0,-0.0,-0.0,14.282136385629354,45.70283643401393,1.1460974870582235,3.4382924611746706,-0.0,0.0,7.253531421449075,0.0,30.744063489766656,10.784608277079123,0.0,49.75241192618334,0.0,0.0,0.0,0.0,0.0,0.0,14.203654366828866,6.172756266833757,7.618921435951184,4.503803890621053,1.1281072717225091,0.0,52.0,7.8,45.0,45.0,0.0,0.47511176370713404,1.0,24.261662369568207,30.72804077810263,1.2034023614111347,33.696753291066955,61.3785185852036,61.3785185852036,0.0,0.0,0.0,0.0,0.0,0.0,0.0,0.0,-7.105427357601002e-15,0.0,0.0,0.0,0.0,0.0,-0.052760789510700956,0.0
5,holiday_return,春节返乡日,30.0,0.5,0.25,33.667759191150694,35.05785528581147,3.4919767666596964,0.0,5.0,-5.0,-0.0,64.97337462164664,0.0,0.0,0.0,-0.0,-0.0,14.282136385629354,45.70283643401393,1.163992255553232,3.4919767666596964,-0.0,0.0,10.859486789313365,0.0,33.32165439905409,10.644981148202461,0.0,52.25571874291834,0.0,0.0,0.0,0.0,0.0,0.0,14.213275793946348,6.17673712295853,7.629607681900323,4.504706361083105,1.1288145519232595,0.0,52.0,7.8,45.0,45.0,0.0,0.5029384110605849,1.0,24.240786617628498,30.850912651514093,1.2221918683308937,33.667759191150694,64.97337462164664,64.97337462164664,0.0,0.0,0.0,0.0,0.0,0.0,0.0,0.0,-7.105427357601002e-15,0.0,0.0,0.0,0.0,0.0,0.053684305485025785,0.0
5,holiday_return,春节返乡日,30.0,0.75,0.25,33.67039155022113,35.31744220533712,3.4723150935257636,0.0,5.0,-5.0,-0.0,67.61260523814781,0.0,0.0,0.0,-0.0,-0.0,14.282136385629354,45.70283643401393,1.157438364508588,3.4723150935257636,-0.0,0.0,13.502638937788731,0.0,36.52686506405897,10.385394228676809,0.0,54.69612201285763,0.0,0.0,0.0,0.0,0.0,0.0,14.229310921026574,6.18182666118169,7.641877480470062,4.505800240548684,1.129664567328399,0.0,52.0,7.8,45.0,45.0,0.0,0.5233678632849014,1.0,24.242681916159214,31.079349140696667,1.2153102827340172,33.67039155022113,67.61260523814781,67.61260523814781,0.0,0.0,0.0,0.0,0.0,0.0,0.0,0.0,0.0,0.0,0.0,0.0,0.0,0.0,-0.019661673133932744,0.0
5,holiday_return,春节返乡日,30.0,1.0,0.25,33.69108830384894,35.50999981624779,3.516159970481648,0.0,5.0,-5.0,-0.0,70.2518722006894,0.0,0.0,0.0,-0.0,-0.0,14.282136385629354,45.70283643401393,1.1720533234938826,3.516159970481648,-0.0,0.0,16.10659418771722,0.0,40.350354840388604,10.19283661776614,0.0,57.08957264857066,0.0,0.0,0.0,0.0,0.0,0.0,14.25194802868096,6.188290661360224,7.655894987806781,4.5071204969234175,1.130681758083195,0.0,52.0,7.8,45.0,45.0,0.0,0.5437975968524592,1.0,24.25758357877124,31.24879983829806,1.2306559896685767,33.69108830384894,70.2518722006894,70.2518722006894,0.0,0.0,0.0,0.0,0.0,0.0,0.0,0.0,0.0,0.0,0.0,0.0,0.0,0.0,0.04384487695588435,0.0
5,holiday_return,春节返乡日,30.0,1.25,0.25,33.55604383170575,35.73152307557666,3.5214195033300464,0.0,5.0,-5.0,0.0,71.02556581468112,-0.0,0.8602067042966013,0.0,-0.0,-0.0,14.282136385629354,45.70283643401393,1.1738065011100154,3.5214195033300464,-0.0,0.0,17.013579096236,0.0,44.38906235800263,9.971313358437271,0.0,59.42921478487523,0.0,0.0,0.0,0.0,0.0,0.0,14.281490102384126,6.196445859167049,7.671828452098505,4.508707192346344,1.1318937836244212,0.0,52.0,7.8,45.0,45.0,0.0,0.5564451041536659,1.0,24.16035155882814,31.44374030650746,1.2324968261655163,33.55604383170575,71.88577251897772,71.02556581468112,0.8602067042966013,0.0,0.0,0.0,0.0,0.0,0.0,0.0,-7.105427357601002e-15,0.0,0.0,0.0,0.0,0.0,0.005259532848398418,0.0
5,holiday_return,春节返乡日,30.0,1.5,0.25,34.06598624629612,35.85341398806333,3.4939362931526765,0.0,5.0,-5.0,0.0,71.52634715921236,-0.0,3.6996800422372615,0.0,-0.0,-0.0,14.282136385629354,45.70283643401393,1.1646454310508922,3.4939362931526765,-0.0,0.0,17.013579096236,0.0,48.42756794024078,9.849422445950601,0.0,61.73873800839606,0.0,0.0,0.0,0.0,0.0,0.0,14.318415701958726,6.206666216575438,7.689847825099269,4.510605948421964,1.1333317474036817,0.0,52.0,7.8,45.0,45.0,0.0,0.582300962685299,1.0,24.527510097333206,31.55100430949573,1.2228777026034368,34.06598624629612,75.22602720144963,71.52634715921236,3.6996800422372615,0.0,0.0,0.0,0.0,0.0,0.0,0.0,-7.105427357601002e-15,0.0,0.0,0.0,0.0,0.0,-0.027483210177369877,0.0
5,holiday_return,春节返乡日,30.0,1.75,0.25,34.06447911137858,36.06670888679635,3.335747335366945,0.0,5.0,-5.0,0.0,59.58342100253324,-0.0,14.298013287988198,0.0,-0.0,-0.0,14.282136385629354,45.70283643401393,1.1119157784556484,3.335747335366945,-0.0,0.0,5.12488972706966,0.0,49.64230787202281,9.636127547217583,0.0,63.996448931856044,0.0,0.0,0.0,0.0,0.0,0.0,14.363455796452588,6.219389040653508,7.710121950044608,4.51286839609892,1.1350303959877686,0.0,52.0,7.8,45.0,45.0,0.0,0.5718928928246295,1.0,24.52642496019258,31.73870382038079,1.1675115673784306,34.06447911137858,73.88143429052144,59.58342100253324,14.298013287988198,0.0,0.0,0.0,0.0,0.0,0.0,0.0,0.0,0.0,0.0,0.0,0.0,0.0,-0.1581889577857316,0.0
5,holiday_return,春节返乡日,30.0,2.0,0.25,34.15160494967234,36.53484356226991,3.400116745935563,0.0,5.0,-5.0,0.0,54.57756459613044,-0.0,19.262911442164338,0.0,-0.0,-0.0,14.282136385629354,45.70283643401393,1.1333722486451876,3.400116745935563,-0.0,0.0,0.010451012183568167,0.0,49.64230787202281,9.16799287174402,0.0,66.14184901442933,0.0,0.0,0.0,0.0,0.0,0.0,14.417685022531453,6.235120654015534,7.732815339204139,4.515552595153539,1.137028281956513,0.0,52.0,7.8,45.0,45.0,0.0,0.57157584790562,1.0,24.589155563764084,32.150662334797524,1.1900408610774469,34.15160494967234,73.84047603829478,54.57756459613044,19.262911442164338,0.0,0.0,0.0,0.0,0.0,0.0,0.0,-7.105427357601002e-15,0.0,0.0,0.0,0.0,0.0,0.06436941056861789,0.0
5,holiday_return,春节返乡日,30.0,2.25,0.25,34.353801168746095,36.98776693876495,3.2786679466845623,0.0,5.0,-5.0,0.0,54.73927788212053,-0.0,19.765436182090752,0.0,-0.0,-0.0,14.282136385629354,45.70283643401393,1.0928893155615207,3.2786679466845623,-0.0,0.0,0.010451012183568167,0.0,49.64230787202281,8.715069495248983,0.0,68.17860709504374,0.0,0.0,0.0,0.0,0.0,0.0,14.482621983946576,6.254441257945776,7.758084570862344,4.518723405843835,1.1393678788778467,0.0,52.0,7.8,45.0,45.0,0.0,0.5767175050731264,1.0,24.734736841497188,32.549234906113156,1.1475337813395967,34.353801168746095,74.50471406421129,54.73927788212053,19.765436182090752,0.0,0.0,0.0,0.0,0.0,0.0,0.0,-7.105427357601002e-15,0.0,0.0,0.0,0.0,0.0,-0.1214487992510005,0.0
5,holiday_return,春节返乡日,30.0,2.5,0.25,34.60588894597937,37.52778597275994,3.3568687423712853,0.0,5.0,-5.0,0.0,55.01743259124939,-0.0,18.60052606936351,0.0,-0.0,-0.0,14.282136385629354,45.70283643401393,1.118956247457095,3.3568687423712853,-0.0,0.0,0.010451012183568167,0.0,49.64230787202281,8.175050461253988,0.0,70.08609227604406,0.0,0.0,0.0,0.0,0.0,0.0,14.560327970590187,6.278008569232464,7.7860743537398776,4.522452792985491,1.1420956356627092,0.0,52.0,7.8,45.0,45.0,0.0,0.5698534110302632,1.0,24.916240041105148,33.02445165602875,1.1749040598299498,34.60588894597937,73.6179586606129,55.01743259124939,18.60052606936351,0.0,0.0,0.0,0.0,0.0,0.0,0.0,0.0,0.0,0.0,0.0,0.0,0.0,0.078200795686723,0.0
5,holiday_return,春节返乡日,30.0,2.75,0.25,34.821856582587316,37.98986699770107,3.256012089146887,0.0,5.0,-5.0,0.0,55.1997813434492,-0.0,16.12872015452875,0.0,-0.0,-0.0,14.282136385629354,45.70283643401393,1.0853373630489622,3.256012089146887,-0.0,0.0,0.010451012183568167,0.0,49.64230787202281,7.712969436312861,0.0,71.88287947103035,0.0,0.0,0.0,0.0,0.0,0.0,14.653487206296482,6.306559758488298,7.816913326254436,4.526820040571981,1.145261956860199,0.0,52.0,7.8,45.0,45.0,0.0,0.5521314448514698,1.0,25.071736739462867,33.43108295797694,1.1396042312014103,34.821856582587316,71.32850149797795,55.1997813434492,16.12872015452875,0.0,0.0,0.0,0.0,0.0,0.0,0.0,0.0,0.0,0.0,0.0,0.0,0.0,-0.10085665322439841,0.0
5,holiday_return,春节返乡日,30.0,3.0,0.25,34.76141106965162,38.489760847641236,3.291449768186045,0.0,5.0,-5.0,0.0,55.15114839019323,-0.0,16.56935454302942,0.0,-0.0,-0.0,14.282136385629354,45.70283643401393,1.0971499227286816,3.291449768186045,-0.0,0.0,0.010451012183568167,0.0,49.64230787202281,7.213075586372696,0.0,73.56004348305835,0.0,0.0,0.0,0.0,0.0,0.0,14.765445313376848,6.340911176287508,7.850709677913948,4.531911853237057,1.1489210950216178,0.0,52.0,7.8,45.0,45.0,0.0,0.5551658043891035,1.0,25.028215970149166,33.87098954592429,1.1520074188651157,34.76141106965162,71.72050293322265,55.15114839019323,16.56935454302942,0.0,0.0,0.0,0.0,0.0,0.0,0.0,0.0,0.0,0.0,0.0,0.0,0.0,0.035437679039158176,0.0
5,holiday_return,春节返乡日,30.0,3.25,0.25,34.87516807150168,39.26201803422321,3.340326773336533,0.0,5.0,-5.0,0.0,55.28119772709344,-0.0,14.065949338560216,0.0,-0.0,-0.0,14.282136385629354,45.70283643401393,1.1134422577788443,3.340326773336533,-0.0,0.0,0.010451012183568167,0.0,49.64230787202281,6.440818399790722,0.0,75.05295783126712,0.0,0.0,0.0,0.0,0.0,0.0,14.900177554058681,6.381955329467879,7.88754669973797,4.5378223194723715,1.1531309412182202,0.0,52.0,7.8,45.0,45.0,0.0,0.5367944047832288,1.0,25.110121011481212,34.550575870116425,1.1691143706677865,34.87516807150168,69.34714706565366,55.28119772709344,14.065949338560216,0.0,0.0,0.0,0.0,0.0,0.0,0.0,-7.105427357601002e-15,0.0,0.0,0.0,0.0,0.0,0.048877005150488095,0.0
5,holiday_return,春节返乡日,30.0,3.5,0.25,35.182230946800026,39.77180679071162,3.468271347006536,0.0,5.0,-5.0,0.0,55.63090879361512,-0.0,10.2574351109146,0.0,-0.0,-0.0,14.282136385629354,45.70283643401393,1.1560904490021786,3.468271347006536,-0.0,0.0,0.010451012183568167,0.0,49.64230787202281,5.93102964330231,0.0,76.42405089263579,0.0,0.0,0.0,0.0,0.0,0.0,15.062156496937494,6.4306545693559425,7.927478388994633,4.54465271070702,1.1579527002175556,0.0,52.0,7.8,45.0,45.0,0.0,0.5100208998489869,1.0,25.331206281696016,34.999189975826226,1.2138949714522875,35.182230946800026,65.88834390452972,55.63090879361512,10.2574351109146,0.0,0.0,0.0,0.0,0.0,0.0,0.0,-7.105427357601002e-15,0.0,0.0,0.0,0.0,0.0,0.1279445736700029,0.0
5,holiday_return,春节返乡日,30.0,3.75,0.25,35.50860108715578,40.74472907442868,3.5260456086661134,0.0,5.0,-5.0,0.0,55.97653702119074,-0.0,6.181575402854477,0.0,-0.0,-0.0,14.282136385629354,45.70283643401393,1.1753485362220377,3.5260456086661134,-0.0,0.0,0.010451012183568167,0.0,49.64230787202281,4.958107359585249,0.0,77.56338936509097,0.0,0.0,0.0,0.0,0.0,0.0,15.256092170785712,6.488030982312265,7.970525249701544,4.552511090274011,1.1634504377779933,0.0,52.0,7.8,45.0,45.0,0.0,0.4811463538582972,1.0,25.56619278275216,35.85536158549724,1.2341159630331395,35.50860108715578,62.158112424045214,55.97653702119074,6.181575402854477,0.0,0.0,0.0,0.0,0.0,0.0,0.0,-7.105427357601002e-15,0.0,0.0,0.0,0.0,0.0,0.05777426165957733,0.0
5,holiday_return,春节返乡日,30.0,4.0,0.25,35.93853827799786,41.40362114915331,3.5129866483841146,0.0,5.0,-5.0,0.0,56.402121225272154,-0.0,4.893954608018994,0.0,-0.0,-0.0,14.282136385629354,45.70283643401393,1.1709955494613715,3.5129866483841146,-0.0,0.0,0.010451012183568167,0.0,49.64230787202281,4.299215284860622,0.0,78.54567130056283,0.0,0.0,0.0,0.0,0.0,0.0,15.486528306613321,6.555152036159702,8.01667044319007,4.56151170707277,1.1696904890714896,0.0,52.0,7.8,45.0,45.0,0.0,0.4744736003534255,1.0,25.875747560158455,36.43518661125491,1.22954532693444,35.93853827799786,61.29607583329115,56.402121225272154,4.893954608018994,0.0,0.0,0.0,0.0,0.0,0.0,0.0,0.0,0.0,0.0,0.0,0.0,0.0,-0.013058960281998822,0.0
5,holiday_return,春节返乡日,30.0,4.25,0.25,36.376592858544655,42.12915810554625,3.4557077037017336,0.0,5.0,-5.0,0.0,56.821082824258156,-0.0,1.3550937922400834,0.0,-0.0,-0.0,14.282136385629354,45.70283643401393,1.1519025679005779,3.4557077037017336,-0.0,0.0,0.010451012183568167,0.0,49.64230787202281,3.573678328467679,0.0,79.35514706792362,0.0,0.0,0.0,0.0,0.0,0.0,15.757296762825213,6.633111637996388,8.06585645147619,4.57177415051892,1.1767407194379296,0.0,52.0,7.8,45.0,45.0,0.0,0.45032344401784524,1.0,26.191146858152152,37.0736591328807,1.2094976962956068,36.376592858544655,58.17617661649824,56.821082824258156,1.3550937922400834,0.0,0.0,0.0,0.0,0.0,0.0,0.0,0.0,0.0,0.0,0.0,0.0,0.0,-0.05727894468238093,0.0
5,holiday_return,春节返乡日,30.0,4.5,0.25,36.83448590596004,43.159378622446916,3.5088888582384383,0.0,5.0,-5.0,0.0,57.29670292318576,-0.0,1.3456971218332114,0.0,-0.0,-0.0,14.282136385629354,45.70283643401393,1.1696296194128128,3.5088888582384383,-0.0,0.0,0.010451012183568167,0.0,49.64230787202281,2.5434578115670163,0.0,79.91954072463683,0.0,0.0,0.0,0.0,0.0,0.0,16.070857874378383,6.7230064022510145,8.117982419158102,4.583422246266781,1.1846696315386707,0.0,52.0,7.8,45.0,45.0,0.0,0.45393233260805427,1.0,26.520829852291225,37.980253187753284,1.2281111003834533,36.83448590596004,58.642400045018974,57.29670292318576,1.3456971218332114,0.0,0.0,0.0,0.0,0.0,0.0,0.0,-7.105427357601002e-15,0.0,0.0,0.0,0.0,0.0,0.05318115453670469,0.0
5,holiday_return,春节返乡日,30.0,4.75,0.25,37.51507281687095,44.03817039101838,3.5182314382444204,0.0,5.0,-5.0,0.0,57.980404027432,-0.0,1.9668268282420982,0.0,-0.0,-0.0,14.282136385629354,45.70283643401393,1.1727438127481402,3.5182314382444204,-0.0,0.0,0.010451012183568167,0.0,49.64230787202281,1.6646660429955489,0.0,80.27493913948597,0.0,0.0,0.0,0.0,0.0,0.0,16.4275843577387,6.825907113107909,8.172902336108878,4.596582676284135,1.1935453165170355,0.0,52.0,7.8,45.0,45.0,0.0,0.464032616584918,1.0,27.010852428147082,38.75358994409618,1.231381003385547,37.51507281687095,59.9472308556741,57.980404027432,1.9668268282420982,0.0,0.0,0.0,0.0,0.0,0.0,0.0,-7.105427357601002e-15,0.0,0.0,0.0,0.0,0.0,0.009342580005982093,0.0
5,holiday_return,春节返乡日,30.0,5.0,0.25,38.41199678766314,45.16614706089473,3.4984228599878375,0.0,5.0,-5.0,0.0,58.87072513880534,-0.0,1.6118340797020423,0.0,-0.0,-0.0,14.282136385629354,45.70283643401393,1.1661409533292793,3.4984228599878375,-0.0,0.0,0.010451012183568167,0.0,49.64230787202281,0.5366893731192022,0.0,80.36226539603203,0.0,0.0,0.0,0.0,0.0,0.0,16.825075489963734,6.9428255904686855,8.230424212552332,4.611383312205518,1.203434250966751,0.0,52.0,7.8,45.0,45.0,0.0,0.46817642468734244,1.0,27.65663768711746,39.746209413587366,1.224448000995743,38.41199678766314,60.48255921850738,58.87072513880534,1.6118340797020423,0.0,0.0,0.0,0.0,0.0,0.0,0.0,-7.105427357601002e-15,0.0,0.0,0.0,0.0,0.0,-0.019808578256582887,0.0
5,holiday_return,春节返乡日,30.0,5.25,0.25,38.95494687211559,46.046447756591206,3.4720386168845847,0.0,5.0,-5.0,0.0,59.40488047555671,-0.0,1.2094084565060683,0.0,-0.0,-0.0,14.282136385629354,45.70283643401393,1.157346205628195,3.4720386168845847,-0.0,0.0,0.010451012183568167,0.0,49.64230787202281,0.0,0.34361132257727434,80.23166023107684,0.0,0.0,0.0,0.0,0.0,0.0,17.25760994550442,7.074677428247333,8.290310379633805,4.6279512574984665,1.2143999463019854,0.0,52.0,7.8,45.0,45.0,0.0,0.4691961028741507,1.0,28.047561747923226,40.52087402580026,1.2152135159096045,38.95494687211559,60.61428893206278,59.40488047555671,1.2094084565060683,0.0,0.0,0.0,0.0,0.0,0.0,0.0,0.0,0.0,0.0,0.0,0.0,0.0,-0.026384243103252825,0.0
5,holiday_return,春节返乡日,30.0,5.5,0.25,39.677275364647016,46.756977160446866,3.3634050199916143,0.0,5.0,-5.0,0.0,60.0909977691238,-0.0,0.9626810453183055,0.0,-0.0,-0.0,14.282136385629354,45.70283643401393,1.1211350066638714,3.3634050199916143,-0.0,0.0,0.010451012183568167,0.0,49.64230787202281,0.0,1.0541407264329337,79.91413894663685,0.0,0.0,0.0,0.0,0.0,0.0,17.715852961152066,7.222241359565747,8.352279022052926,4.646410601804602,1.2265014624274597,0.0,52.0,7.8,45.0,45.0,0.0,0.47259728144255364,1.0,28.567638262545852,41.146139901193244,1.177191756997065,39.677275364647016,61.05367881444211,60.0909977691238,0.9626810453183055,0.0,0.0,0.0,0.0,0.0,0.0,0.0,-7.105427357601002e-15,0.0,0.0,0.0,0.0,0.0,-0.10863359689297036,0.0
5,holiday_return,春节返乡日,30.0,5.75,0.25,40.16259907466876,47.62878253291188,3.4654440210956676,0.0,5.0,-5.0,-0.0,59.57107182117475,0.0,0.0,0.0,-0.0,-0.0,14.07730166399294,45.04736532477741,1.1551480070318891,3.4654440210956676,-0.0,0.0,0.0,0.8239769245188455,49.4229897238611,0.0,2.581417208134468,79.19486155923342,0.0,0.0,0.0,0.0,0.0,0.0,18.18692082740795,7.386116303571432,8.416007014798572,4.666879899763706,1.2397918033022686,0.0,52.0,7.8,45.0,45.0,0.0,0.461120888077374,1.0,28.91707133376151,41.913328628962454,1.2129054073834835,40.16259907466876,59.57107182117475,59.57107182117475,0.0,0.0,0.0,0.0,0.0,0.0,0.0,0.0,0.0,0.0,0.0,0.0,0.0,-0.6554711092365224,0.10203900110405328,0.0
5,holiday_return,春节返乡日,30.0,6.0,0.25,40.772098900088025,48.11043753337233,3.5069515504162294,0.0,5.0,-5.0,-0.0,56.96014985674421,0.0,0.0,0.0,-0.0,-0.0,14.07730166399294,45.04736532477741,1.168983850138743,3.5069515504162294,-0.0,0.0,0.0,4.058234557475501,48.352562111881355,0.0,3.0630722085949174,78.34919249461304,0.0,0.0,0.0,0.0,0.0,0.0,18.654870698030386,7.566677448286375,8.481134094012406,4.6894693965312575,1.2543162179203147,0.0,52.0,7.8,45.0,45.0,0.0,0.44091056420485664,1.0,29.355911208063375,42.337185029367646,1.2274330426456803,40.772098900088025,56.96014985674421,56.96014985674421,0.0,0.0,0.0,0.0,0.0,0.0,0.0,0.0,0.0,0.0,0.0,0.0,0.0,0.0,0.04150752932056179,0.0
5,holiday_return,春节返乡日,30.0,6.25,0.25,41.59399164487001,48.87532527405701,3.561590102610363,0.0,5.0,-5.0,-0.0,59.28987816386527,0.0,0.0,0.0,-0.0,-0.0,14.07730166399294,45.04736532477741,1.187196700870121,3.561590102610363,-0.0,0.0,0.0,2.5686118458677996,47.674193998021074,0.0,3.8279599492796024,77.30266001697636,0.0,0.0,0.0,0.0,0.0,0.0,19.101628614312148,7.764033005644941,8.547268343447353,4.714278032830902,1.270110436205285,0.0,52.0,7.8,45.0,45.0,0.0,0.45894425661824045,1.0,29.947673984306405,43.01028624117017,1.246556535913627,41.59399164487001,59.28987816386527,59.28987816386527,0.0,0.0,0.0,0.0,0.0,0.0,0.0,0.0,0.0,0.0,0.0,0.0,0.0,0.0,0.054638552194133716,0.0
5,holiday_return,春节返乡日,30.0,6.5,0.25,42.20419616553493,49.31765630118919,3.6237778943899186,0.0,5.0,-5.0,-0.0,59.447427621611475,0.0,0.0,0.0,-0.0,-0.0,14.07730166399294,45.04736532477741,1.2079259647966396,3.6237778943899186,-0.0,0.0,0.0,3.0419961727130342,46.871284979712485,0.0,4.270290976411779,76.14024790370162,0.0,0.0,0.0,0.0,0.0,0.0,19.508300797980567,7.977983519345744,8.613992924287187,4.741390273451254,1.2871988751224155,0.0,52.0,7.8,45.0,45.0,0.0,0.46016379730554124,1.0,30.38702123918515,43.399537545046485,1.2683222630364714,42.20419616553493,59.447427621611475,59.447427621611475,0.0,0.0,0.0,0.0,0.0,0.0,0.0,0.0,0.0,0.0,0.0,0.0,0.0,0.0,0.06218779177955547,0.0
5,holiday_return,春节返乡日,30.0,6.75,0.25,42.56238821757537,49.5470852237989,3.6789644037467686,0.0,5.0,-5.0,-0.0,61.21871604676071,0.0,0.0,0.0,-0.0,-0.0,14.07730166399294,45.04736532477741,1.2263214679155896,3.6789644037467686,-0.0,0.0,0.0,1.6472953027231867,46.43544265158897,0.0,4.499719899021493,74.91804096421781,0.0,0.0,0.0,0.0,0.0,0.0,19.85674429360435,8.207985793114666,8.68087391911847,4.7708728142498655,1.3055928557041865,0.0,52.0,7.8,45.0,45.0,0.0,0.4738747826324103,1.0,30.644919516654262,43.601434996943034,1.287637541311369,42.56238821757537,61.21871604676071,61.21871604676071,0.0,0.0,0.0,0.0,0.0,0.0,0.0,0.0,0.0,0.0,0.0,0.0,0.0,0.0,0.05518650935684999,0.0
5,holiday_return,春节返乡日,30.0,7.0,0.25,43.135579652182884,49.678320622586526,3.769265194753665,0.0,5.0,-5.0,0.4416526058627797,63.057346602723754,0.0,0.0,0.0,-0.0,-0.0,14.07730166399294,45.04736532477741,1.256421731584555,3.769265194753665,-0.0,0.0,0.02969616082615706,0.0,46.4401737176526,0.0,4.630955297809116,73.66190949694384,0.0,0.0,0.0,0.0,0.0,0.0,20.13121670033314,8.453123616580214,8.747469102891415,4.802771233561842,1.3252888764197575,0.0,88.0,13.2,45.0,45.0,0.013236620767073657,0.4881070421653084,1.0,31.057617349571675,43.71692214787614,1.3192428181637827,43.135579652182884,63.49899920858653,63.49899920858653,0.0,0.0,0.0,0.0,0.0,0.0,0.0,0.0,0.0,0.0,0.0,0.0,0.0,0.0,0.09030079100689647,0.0
5,holiday_return,春节返乡日,30.0,7.25,0.25,43.653302730328726,49.427393216602226,3.9547130078154376,0.0,5.0,-5.0,1.3380689152920051,66.99115151837617,0.0,0.0,0.0,-0.0,-0.0,14.07730166399294,45.04736532477741,1.3182376692718125,3.9547130078154376,-0.0,0.0,4.280378370074708,0.0,47.45444157185946,0.0,4.380027891824817,72.4724396232941,0.0,0.0,0.0,0.0,0.0,0.0,20.319893880446465,8.712087480019807,8.813337397434944,4.837106663981148,1.3462669921308321,0.0,88.0,13.2,45.0,45.0,0.04010281057287093,0.5185573859441491,1.0,31.43037796583668,43.49610603060996,1.384149552735403,43.653302730328726,68.32922043366817,68.32922043366817,0.0,0.0,0.0,0.0,0.0,0.0,0.0,0.0,-7.105427357601002e-15,0.0,0.0,0.0,0.0,0.0,0.1854478130617725,0.0
5,holiday_return,春节返乡日,30.0,7.5,0.25,44.11727535832173,49.09586448636901,4.08120999489733,0.0,5.0,-5.0,2.381659302369361,68.82963014166081,0.0,0.0,0.0,-0.0,-0.0,14.07730166399294,45.04736532477741,1.3604033316324433,4.08120999489733,-0.0,0.0,6.656309090083074,0.0,49.032942258675604,0.0,4.0484991615916,71.37080888727414,0.0,0.0,0.0,0.0,0.0,0.0,20.41604788860703,8.983165372675376,8.878048714443327,4.87387256931688,1.3684893505187623,0.0,88.0,13.2,45.0,45.0,0.07137990484682256,0.5327884694140783,1.0,31.764438257991642,43.20436074800473,1.4284234982140656,44.11727535832173,71.21128944403017,71.21128944403017,0.0,0.0,0.0,0.0,0.0,0.0,0.0,0.0,-7.105427357601002e-15,0.0,0.0,0.0,0.0,0.0,0.1264969870818926,0.0
5,holiday_return,春节返乡日,30.0,7.75,0.25,44.56705852101984,48.76157109020138,4.2084558194734445,0.0,5.0,-5.0,3.4103099206585035,64.21294154646706,0.0,5.970214672897853,0.0,-0.0,-0.0,14.07730166399294,45.04736532477741,1.402818606491148,4.2084558194734445,-0.0,0.0,2.576072675621653,0.0,49.64230787202281,0.0,3.7142057654239693,70.3577009129821,0.0,0.0,0.0,0.0,0.0,0.0,20.418716999184813,9.26424654156453,8.941193847923186,4.91303171864422,1.391898939106604,0.0,88.0,13.2,45.0,45.0,0.10220924436698749,0.5432656881027128,1.0,32.088282135134286,42.91018255937721,1.4729595368157056,44.56705852101984,73.59346614002342,67.62325146712557,5.970214672897853,0.0,0.0,0.0,0.0,0.0,0.0,0.0,-7.105427357601002e-15,0.0,0.0,0.0,0.0,0.0,0.12724582457611433,0.0
5,holiday_return,春节返乡日,30.0,8.0,0.25,44.92594054533344,48.174151460626994,4.262358649719252,0.0,5.0,-5.0,0.0,65.43447943808303,4.930351398746839,6.615209539387308,0.0,-0.0,-0.0,14.07730166399294,45.04736532477741,1.4207862165730838,4.262358649719252,-0.0,0.0,0.010451012183568167,0.0,49.64230787202281,0.0,3.126786135849585,69.49968360572308,0.0,0.0,0.0,0.0,0.0,0.0,20.332770017957245,9.552839743837302,9.002394043980377,4.95451345430169,1.4164185956342732,0.0,88.0,13.2,45.0,45.0,0.14776589302837612,0.5577139297866428,1.0,32.34667719264007,42.393253285351754,1.491825527401738,44.92594054533344,76.98004037621718,65.43447943808303,11.545560938134148,0.0,0.0,0.0,0.0,0.0,0.0,0.0,0.0,0.0,0.0,0.0,0.0,0.0,0.05390283024580711,0.0
5,holiday_return,春节返乡日,30.0,8.25,0.25,45.34617677080739,47.45073931459577,4.3810331995710605,0.0,5.0,-5.0,6.60420377977029,59.29007006707063,0.0,13.174180456308477,0.0,-0.0,-0.0,14.07730166399294,45.04736532477741,1.4603443998570202,4.3810331995710605,-0.0,0.0,0.010451012183568167,0.0,49.64230787202281,0.0,2.4033739898183626,68.83246692449433,0.0,0.0,0.0,0.0,0.0,0.0,20.168355658107767,9.846107057534763,9.061309856468025,4.998211352998994,1.4419503324173917,0.0,88.0,13.2,45.0,45.0,0.19793235620227292,0.5609229200291892,1.0,32.64924727498132,41.75665059684428,1.5333616198498712,45.34617677080739,79.0684543031494,65.89427384684092,13.174180456308477,0.0,0.0,0.0,0.0,0.0,0.0,0.0,0.0,0.0,0.0,0.0,0.0,0.0,0.11867454985180892,0.0
5,holiday_return,春节返乡日,30.0,8.5,0.25,45.68899937291842,46.40866044421703,4.463062844479962,0.0,5.0,-5.0,0.0,66.26443966392158,8.01777916071047,3.1386974840917645,0.0,-0.0,-0.0,14.07730166399294,45.04736532477741,1.487687614826654,4.463062844479962,-0.0,0.0,0.010451012183568167,0.0,49.64230787202281,0.0,1.3612951194396175,68.43981513328482,0.0,0.0,0.0,0.0,0.0,0.0,19.93981810282523,10.140913732205318,9.117648893981904,5.0439813785173095,1.4683750213287108,0.0,88.0,13.2,45.0,45.0,0.2402981455009107,0.5372278063607382,1.0,32.89607954850126,40.83962119091098,1.5620719955679867,45.68899937291842,77.42091630872382,66.26443966392158,11.156476644802234,0.0,0.0,0.0,0.0,0.0,0.0,0.0,0.0,0.0,0.0,0.0,0.0,0.0,0.08202964490890174,0.0
5,holiday_return,春节返乡日,30.0,8.75,0.25,45.89873467233848,45.575217357220154,4.6508053023497675,0.0,5.0,-5.0,9.730260049262943,56.80649573336863,0.0,9.954555330732596,0.0,-0.0,-0.0,14.07730166399294,45.04736532477741,1.550268434116589,4.6508053023497675,-0.0,0.0,0.010451012183568167,0.0,49.64230787202281,0.0,0.5278520324427447,68.26668679612798,0.0,0.0,0.0,0.0,0.0,0.0,19.664235034407675,10.433893878910636,9.171172078992457,5.0916406205124645,1.4955524801487288,0.0,88.0,13.2,45.0,45.0,0.2916223305996241,0.516776250863337,1.0,33.047088964083706,40.10619127435373,1.6277818558224186,45.89873467233848,76.49131111336416,66.53675578263157,9.954555330732596,0.0,0.0,0.0,0.0,0.0,0.0,0.0,0.0,0.0,0.0,0.0,0.0,0.0,0.18774245786980526,0.0
5,holiday_return,春节返乡日,30.0,9.0,0.25,46.03015538071711,44.514984789479314,4.756056918485088,0.0,5.0,-5.0,0.0,66.7032603630553,11.573080746788511,0.48849750499326205,0.0,-0.0,-0.0,14.07730166399294,45.04736532477741,1.585352306161696,4.756056918485088,-0.0,0.0,0.010451012183568167,0.0,49.64230787202281,0.5323805352980955,0.0,68.35899382986322,0.0,0.0,0.0,0.0,0.0,0.0,19.359780905837553,10.721531042776878,9.221698074809092,5.14096670648026,1.5233219932765087,0.0,88.0,13.2,45.0,45.0,0.34685288599781605,0.5201102164588087,1.0,33.14171187411632,39.173186614741795,1.6646199214697808,46.03015538071711,78.76483861483707,66.7032603630553,12.061578251781773,0.0,0.0,0.0,0.0,0.0,0.0,0.0,-7.105427357601002e-15,0.0,0.0,0.0,0.0,0.0,0.10525161613532052,0.0
5,holiday_return,春节返乡日,30.0,9.25,0.25,46.454664786262256,43.427424129164166,4.814240441087901,0.0,5.0,-5.0,12.837997768231165,54.30916650790357,0.0,10.4679129654657,0.0,-0.0,-0.0,14.07730166399294,45.04736532477741,1.604746813695967,4.814240441087901,-0.0,0.0,0.010451012183568167,0.0,49.64230787202281,1.6199411956132437,0.0,68.70955036690644,0.0,0.0,0.0,0.0,0.0,0.0,19.044128977220062,11.000251901253675,9.269105590922573,5.191697962944294,1.5515032902890038,0.0,88.0,13.2,45.0,45.0,0.3847632859193663,0.5014189521968824,1.0,33.447358646108825,38.216133233664465,1.6849841543807653,46.454664786262256,77.61507724160043,67.14716427613473,10.4679129654657,0.0,0.0,0.0,0.0,0.0,0.0,0.0,0.0,0.0,0.0,0.0,0.0,0.0,0.05818352260281312,0.0
5,holiday_return,春节返乡日,30.0,9.5,0.25,46.72048890428404,42.33083300326939,4.946370305376501,0.0,5.0,-5.0,14.315788287490555,53.14124339476216,0.0,10.00217177791557,0.0,-0.0,-0.0,14.07730166399294,45.04736532477741,1.648790101792167,4.946370305376501,-0.0,0.0,0.010451012183568167,0.0,49.64230787202281,2.7165323215080193,0.0,69.32037201808114,0.0,0.0,0.0,0.0,0.0,0.0,18.733081198814524,11.266530524197947,9.313333351339375,5.2435343874494835,1.579897994784475,0.0,88.0,13.2,45.0,45.0,0.4290536453940955,0.4887732718334914,1.0,33.638752011084506,37.251133042877065,1.7312296068817752,46.72048890428404,77.45920346016828,67.4570316822527,10.00217177791557,0.0,0.0,0.0,0.0,0.0,0.0,0.0,0.0,0.0,0.0,0.0,0.0,0.0,0.13212986428859974,0.0
5,holiday_return,春节返乡日,30.0,9.75,0.25,46.72447275998074,41.369842080177555,5.150614405943767,0.0,5.0,-5.0,4.464004166302836,63.06509273850234,11.685599298978335,0.0,0.0,-0.0,-0.0,14.07730166399294,45.04736532477741,1.7168714686479223,5.150614405943767,-0.0,0.0,0.010451012183568167,0.0,49.64230787202281,3.677523244599854,0.0,70.15912360266458,0.0,0.0,0.0,0.0,0.0,0.0,18.439562952564007,11.516999858690712,9.35437760192237,5.29613947520614,1.6082915436188965,0.0,88.0,13.2,45.0,45.0,0.48401429940835,0.48816700256051687,1.0,33.64162038718613,36.405461030556246,1.8027150420803182,46.72447275998074,79.2146962037835,67.52909690480517,11.685599298978335,0.0,0.0,0.0,0.0,0.0,0.0,0.0,0.0,0.0,0.0,0.0,0.0,0.0,0.20424410056726572,0.0
5,holiday_return,春节返乡日,30.0,10.0,0.25,46.74461181243801,40.261680502552586,5.213746460249064,0.0,5.0,-5.0,17.451960117837963,50.11831985752624,0.0,11.655536033613693,0.0,-0.0,-0.0,14.07730166399294,45.04736532477741,1.737915486749688,5.213746460249064,-0.0,0.0,0.010451012183568167,0.0,49.64230787202281,4.785684822224823,0.0,71.26064418614165,0.0,0.0,0.0,0.0,0.0,0.0,18.17305224777479,11.748566405634284,9.392287138407003,5.349142923597687,1.636455563392761,0.0,88.0,13.2,45.0,45.0,0.5230467898420775,0.4781719451682082,1.0,33.65612050495537,35.430278842246274,1.8248112610871723,46.74461181243801,79.22581600897789,67.5702799753642,11.655536033613693,0.0,0.0,0.0,0.0,0.0,0.0,0.0,0.0,0.0,0.0,0.0,0.0,0.0,0.06313205430529756,0.0
5,holiday_return,春节返乡日,30.0,10.25,0.25,46.848258822425564,39.33452217748477,5.409450785786169,0.0,5.0,-5.0,18.79384827284616,48.94531348768463,0.0,8.905755197973413,0.0,-0.0,-0.0,14.07730166399294,45.04736532477741,1.803150261928723,5.409450785786169,-0.0,0.0,0.010451012183568167,0.0,49.64230787202281,5.712843147292638,0.0,72.58181411153058,0.0,0.0,0.0,0.0,0.0,0.0,17.939444049526898,11.958523480860528,9.427155952443664,5.402144214755273,1.664150677281882,0.0,88.0,13.2,45.0,45.0,0.5632640655558095,0.44780688601062907,1.0,33.730746352146404,34.6143795161866,1.893307775025159,46.848258822425564,76.6449169585042,67.73916176053079,8.905755197973413,0.0,0.0,0.0,0.0,0.0,0.0,0.0,0.0,0.0,0.0,0.0,0.0,0.0,0.19570432553710493,0.0
5,holiday_return,春节返乡日,30.0,10.5,0.25,46.78864716056742,38.49999028519533,5.5889904909922254,0.0,5.0,-5.0,19.99952583015813,47.739870836916545,0.0,9.110257106403495,0.0,-0.0,-0.0,14.07730166399294,45.04736532477741,1.8629968303307418,5.5889904909922254,-0.0,0.0,0.010451012183568167,0.0,49.64230787202281,6.547375039582079,0.0,74.10052477637556,0.0,0.0,0.0,0.0,0.0,0.0,17.74129225190997,12.144658043494845,9.459113713468598,5.454717051666488,1.6911297014917557,0.0,88.0,13.2,45.0,45.0,0.5993990195482891,0.44005891925580454,1.0,33.687825955608545,33.87999145097189,1.9561466718472789,46.78864716056742,76.84965377347817,67.73939666707467,9.110257106403495,0.0,0.0,0.0,0.0,0.0,0.0,0.0,0.0,0.0,0.0,0.0,0.0,0.0,0.17953970520605633,0.0
5,holiday_return,春节返乡日,30.0,10.75,0.25,46.72242244072376,37.82539189146889,5.881681389879488,0.0,5.0,-5.0,20.948450653002617,46.822284927190815,0.0,7.4001571991246,0.0,-0.0,-0.0,14.07730166399294,45.04736532477741,1.9605604632931628,5.881681389879488,-0.0,0.0,0.010451012183568167,0.0,49.64230787202281,7.22197343330852,0.0,75.77869320439817,0.0,0.0,0.0,0.0,0.0,0.0,17.578332687151633,12.305345867838907,9.488314423350637,5.506414597592846,1.717141177245591,0.0,88.0,13.2,45.0,45.0,0.6278389242374456,0.41971883168506524,1.0,33.64014415732111,33.28634486449263,2.0585884864578206,46.72242244072376,75.17089277931802,67.77073558019343,7.4001571991246,0.0,0.0,0.0,0.0,0.0,0.0,0.0,0.0,0.0,0.0,0.0,0.0,0.0,0.29269089888726274,0.0
5,holiday_return,春节返乡日,30.0,11.0,0.25,46.5961507881338,36.987156740404,6.142839340838049,0.0,5.0,-5.0,18.17709438172509,49.5544221961979,3.150188843000887,0.0,0.0,-0.0,-0.0,14.07730166399294,45.04736532477741,2.047613113612683,6.142839340838049,-0.0,0.0,0.010451012183568167,0.0,49.64230787202281,8.060208584373413,0.0,77.65510339658465,0.0,0.0,0.0,0.0,0.0,0.0,17.448173727181484,12.439629865366225,9.514923691987583,5.55677544278461,1.7419331717989983,0.0,70.0,10.5,45.0,45.0,0.6391927870236086,0.38358516092956363,1.0,33.54922856745633,32.548697931555516,2.149993769293317,46.5961507881338,70.88170542092388,67.73151657792299,3.150188843000887,0.0,0.0,0.0,0.0,0.0,0.0,0.0,0.0,0.0,0.0,0.0,0.0,0.0,0.26115795095856065,0.0
5,holiday_return,春节返乡日,30.0,11.25,0.25,46.697327438803896,36.26511590288973,6.369234095777654,0.0,5.0,-5.0,21.867080766683618,46.041077380222674,0.0,2.624021838446623,0.0,-0.0,-0.0,14.07730166399294,45.04736532477741,2.1230780319258846,6.369234095777654,-0.0,0.0,0.010451012183568167,0.0,49.64230787202281,8.782249421887677,0.0,79.70206008258468,0.0,0.0,0.0,0.0,0.0,0.0,17.34704490418143,12.547276655744007,9.539105178547624,5.605330197525103,1.7652572710088608,0.0,70.0,10.5,45.0,45.0,0.6553708764519133,0.376701192106296,1.0,33.6220757559388,31.913301994542966,2.2292319335221786,46.697327438803896,70.53217998535291,67.90815814690629,2.624021838446623,0.0,0.0,0.0,0.0,0.0,0.0,0.0,0.0,0.0,0.0,0.0,0.0,0.0,0.22639475493960504,0.0
5,holiday_return,春节返乡日,30.0,11.5,0.25,46.844066992631426,35.58801605108061,6.8273060230657485,0.0,5.0,-5.0,22.061743797761594,44.11092466511955,0.0,0.0,0.0,-0.0,-0.0,12.0423817837109,38.53562170787488,2.2757686743552497,6.8273060230657485,-0.0,0.0,0.010451012183568167,0.0,49.64230787202281,2.9476056567942734,0.0,80.36226539603203,0.0,0.0,0.0,0.0,0.0,0.0,17.2705134096905,12.62880705491075,9.561006818315848,5.6516085873581305,1.7868726769384464,0.0,70.0,10.5,45.0,45.0,0.6612050562700411,0.3414487625227514,1.0,33.727728234694624,31.317454124950935,2.389557108073012,46.844066992631426,66.17266846288115,66.17266846288115,0.0,0.0,0.0,0.0,0.0,0.0,0.0,0.0,0.0,0.0,0.0,0.0,0.0,-6.511743616902528,0.45807192728809465,0.0
5,holiday_return,春节返乡日,30.0,11.75,0.25,46.639492542245875,35.20640333880808,7.069734580470442,0.0,1.0451881836199102,-1.0451881836199102,22.721063671796223,37.314569510567274,0.0,0.0,0.0,-0.0,-0.0,10.665458027477412,34.12946568792772,2.3565781934901473,7.069734580470442,-0.0,0.0,0.0,0.6710837644698524,49.463224765979255,0.0,1.0769376508803603,80.0386796183655,0.0,0.0,0.0,0.0,0.0,0.0,17.214106415837282,12.685496996457504,9.580747503239655,5.695146905883207,1.8065503172708026,0.0,70.0,10.5,45.0,45.0,0.6809653090590911,0.28884031972078034,1.0,33.58043463041703,30.98163493815111,2.4744071031646544,46.639492542245875,60.0356331823635,60.0356331823635,0.0,0.0,0.0,0.0,0.0,0.0,0.0,0.0,0.0,0.0,0.0,3.95481181638009,0.0,-4.406156019947161,0.24242855740469338,0.0
5,holiday_return,春节返乡日,30.0,12.0,0.25,46.46212702448516,34.704137382124244,7.225327606705329,0.0,1.0451881836199102,-1.0451881836199102,23.458929625560337,32.886305842580995,0.0,0.0,0.0,-0.0,-0.0,10.665458027477412,34.12946568792772,2.408442535568443,7.225327606705329,-0.0,0.0,0.0,4.235980303009594,48.34601994605422,0.0,0.5746716941965246,79.84743088534671,0.0,0.0,0.0,0.0,0.0,0.0,17.173806992595992,12.719346517740412,9.598404900513795,5.735495663618433,1.8240768692696459,0.0,70.0,10.5,45.0,45.0,0.7030796398187408,0.2545625266108572,1.0,33.45273145762932,30.539640896269336,2.528864662346865,46.46212702448516,56.34523546814133,56.34523546814133,0.0,0.0,0.0,0.0,0.0,0.0,0.0,0.0,7.105427357601002e-15,0.0,0.0,0.0,0.0,0.0,0.1555930262348868,0.0
5,holiday_return,春节返乡日,30.0,12.25,0.25,46.45144517844682,34.39481776371137,7.471377029261611,0.0,1.0451881836199102,-1.0451881836199102,23.88076995937418,34.26513395757338,0.0,0.0,0.0,-0.0,-0.0,10.665458027477412,34.12946568792772,2.4904590097538706,7.471377029261611,-0.0,0.0,0.0,2.506646482350444,47.683958833912065,0.0,0.26535207578365316,79.73767767627676,0.0,0.0,0.0,0.0,0.0,0.0,17.146417427617585,12.733015796101931,9.614005074678444,5.772227258905498,1.8392585999213824,0.0,70.0,10.5,45.0,45.0,0.7157224736859645,0.2652356003940511,1.0,33.445040528481705,30.267439632066008,2.614981960241564,46.45144517844682,58.14590391694756,58.14590391694756,0.0,0.0,0.0,0.0,0.0,0.0,0.0,0.0,-7.105427357601002e-15,0.0,0.0,0.0,0.0,0.0,0.2460494225562826,0.0
5,holiday_return,春节返乡日,30.0,12.5,0.25,46.611059977407635,34.17807606432705,7.509279747424025,0.0,1.0451881836199102,-1.0451881836199102,24.028100262050863,33.27839973078378,0.0,0.0,0.0,-0.0,-0.0,10.665458027477412,34.12946568792772,2.5030932491413416,7.509279747424025,-0.0,0.0,0.0,3.5182994448116567,46.75570636101993,0.0,0.0486103763993313,79.68501663312301,0.0,0.0,0.0,0.0,0.0,0.0,17.129802529355597,12.729728767995118,9.627514523365473,5.804943489303339,1.851924925857258,0.0,70.0,10.5,45.0,45.0,0.7201380603215732,0.257597601797695,1.0,33.559963183733494,30.076706936607806,2.6282479115984088,46.611059977407635,57.306499992834645,57.306499992834645,0.0,0.0,0.0,0.0,0.0,0.0,0.0,0.0,0.0,0.0,0.0,0.0,0.0,0.0,0.03790271816241386,0.0
5,holiday_return,春节返乡日,30.0,12.75,0.25,46.560566311654874,33.93561484732791,7.782220839408136,0.0,1.0451881836199102,-1.0451881836199102,24.146714939900146,33.819772140090215,0.0,0.0,0.0,-0.0,-0.0,10.665458027477412,34.12946568792772,2.5940736131360453,7.782220839408136,-0.0,0.0,0.0,2.898799055897886,45.99052671888665,0.19385084059980784,0.0,79.69121369944891,0.0,0.0,0.0,0.0,0.0,0.0,17.123035728673802,12.713146542002859,9.638835145776142,5.833282719853247,1.861931601718425,0.0,70.0,10.5,45.0,45.0,0.7236930206846677,0.2617881949585727,1.0,33.523607744391505,29.863341065648562,2.7237772937928475,46.560566311654874,57.96648707999036,57.96648707999036,0.0,0.0,0.0,0.0,0.0,0.0,0.0,0.0,7.105427357601002e-15,0.0,0.0,0.0,0.0,0.0,0.27294109198411043,0.0
5,holiday_return,春节返乡日,30.0,13.0,0.25,46.21992290165741,33.76263181615504,7.9544928286904,0.0,1.0451881836199102,-1.0451881836199102,23.726152466577307,37.207498372769784,0.0,0.0,0.0,-0.0,-0.0,10.665458027477412,34.12946568792772,2.651497609563467,7.9544928286904,-0.0,0.0,0.3515841170288885,0.0,46.07172842034506,0.3668338717726769,0.0,79.73849113714519,0.0,0.0,0.0,0.0,0.0,0.0,17.12647301649979,12.68721454645595,9.64780253919423,5.856926528266881,1.8691634536951827,0.0,70.0,10.5,45.0,45.0,0.7110884851417107,0.2880115157956664,1.0,33.27834448919334,29.71111599821644,2.78407249004164,46.21992290165741,60.933650839347095,60.933650839347095,0.0,0.0,0.0,0.0,0.0,0.0,0.0,0.0,7.105427357601002e-15,0.0,0.0,0.0,0.0,0.0,0.1722719892822644,0.0
5,holiday_return,春节返乡日,30.0,13.25,0.25,46.33852118047744,33.55417070850329,7.828319242805456,0.0,1.0451881836199102,-1.0451881836199102,22.830009291884583,40.94668815914926,0.0,0.0,0.0,-0.0,-0.0,10.665458027477412,34.12946568792772,2.6094397476018187,7.828319242805456,-0.0,0.0,3.1180903118572623,0.0,46.80997128299015,0.5752949794244273,0.0,79.83525444918992,0.0,0.0,0.0,0.0,0.0,0.0,17.141775691102367,12.655989039888075,9.654187867515674,5.87560565654106,1.8735365858306066,0.0,70.0,10.5,45.0,45.0,0.684230481364655,0.31695540520831705,1.0,33.36373524994376,29.527670223482897,2.7399117349819093,46.33852118047744,63.77669745103384,63.77669745103384,0.0,0.0,0.0,0.0,0.0,0.0,0.0,0.0,-7.105427357601002e-15,0.0,0.0,0.0,0.0,0.0,-0.12617358588494376,0.0
5,holiday_return,春节返乡日,30.0,13.5,0.25,46.835707254945696,33.605486259388776,8.090526329078632,0.0,1.0451881836199102,-1.0451881836199102,21.991446699452542,40.75883104169588,0.0,0.0,0.0,-0.0,-0.0,10.665458027477412,34.12946568792772,2.696842109692877,8.090526329078632,-0.0,0.0,1.507082165412523,0.0,47.16556279871147,0.5239794285389436,0.0,79.91978193624333,0.0,0.0,0.0,0.0,0.0,0.0,17.171894826373606,12.623450153528635,9.657703374097466,5.889105113564341,1.875,0.0,70.0,10.5,45.0,45.0,0.659098205729615,0.3155012624812599,1.0,33.7217092235609,29.572827908262123,2.831684215177521,46.835707254945696,62.75027774114842,62.75027774114842,0.0,0.0,0.0,0.0,0.0,0.0,0.0,0.0,7.105427357601002e-15,0.0,0.0,0.0,0.0,0.0,0.26220708627317535,0.0
5,holiday_return,春节返乡日,30.0,13.75,0.25,47.18793226084407,33.56589101926983,8.212615201483581,0.0,1.0451881836199102,-1.0451881836199102,20.833422875219078,40.89718421166442,0.0,0.0,0.0,-0.0,-0.0,10.665458027477412,34.12946568792772,2.737538400494527,8.212615201483581,-0.0,0.0,0.094490214447571,0.0,47.18564594650283,0.5635746686578926,0.0,80.01367102908145,0.0,0.0,0.0,0.0,0.0,0.0,17.221020650881904,12.593309919736447,9.658011428041478,5.897268293550466,1.8735365858306066,0.0,70.0,10.5,45.0,45.0,0.6243914656421872,0.3165722107562167,1.0,33.97531122780773,29.537984096957448,2.8744153205192533,47.18793226084407,61.730607086883495,61.730607086883495,0.0,0.0,0.0,0.0,0.0,0.0,0.0,0.0,0.0,0.0,0.0,0.0,0.0,0.0,0.12208887240494981,0.0
5,holiday_return,春节返乡日,30.0,14.0,0.25,47.30427958807204,33.4927969376646,8.338192668591333,0.0,1.0451881836199102,-1.0451881836199102,19.673767116069314,44.803111837480685,0.0,0.0,0.0,-0.0,-0.0,10.665458027477412,34.12946568792772,2.779397556197111,8.338192668591333,-0.0,0.0,2.682555598183523,0.0,47.82039361877409,0.6366687502631194,0.0,80.12487302175441,0.0,0.0,0.0,0.0,0.0,0.0,17.294490711907574,12.56882466074896,9.654736808346748,5.9,1.8691634536951827,0.0,70.0,10.5,45.0,45.0,0.5896358153857331,0.3468067652223349,1.0,34.05908130341187,29.473661305144848,2.9183674340069663,47.30427958807204,64.47687895355,64.47687895355,0.0,0.0,0.0,0.0,0.0,0.0,0.0,0.0,-7.105427357601002e-15,0.0,0.0,0.0,0.0,0.0,0.12557746710775142,0.0
5,holiday_return,春节返乡日,30.0,14.25,0.25,47.44666567411655,33.583265933723595,8.500664967928424,0.0,1.0451881836199102,-1.0451881836199102,18.228207930157343,47.004517376136036,0.0,0.0,0.0,-0.0,-0.0,10.665458027477412,34.12946568792772,2.8335549893094747,8.500664967928424,-0.0,0.0,3.24185843177003,0.0,48.587943976638535,0.5461997542041246,0.0,80.21453302686702,0.0,0.0,0.0,0.0,0.0,0.0,17.398643434864287,12.552621570458422,9.647481754765677,5.897268293550466,1.861931601718425,0.0,70.0,10.5,45.0,45.0,0.5463114502936329,0.3638471515368611,1.0,34.16159928536392,29.553274021676764,2.9752327387749484,47.44666567411655,65.23272530629337,65.23272530629337,0.0,0.0,0.0,0.0,0.0,0.0,0.0,0.0,-7.105427357601002e-15,0.0,0.0,0.0,0.0,0.0,0.16247229933709129,0.0
5,holiday_return,春节返乡日,30.0,14.5,0.25,47.88887429313761,33.61206126872684,8.330936543584928,0.0,1.0451881836199102,-1.0451881836199102,16.81057215153553,46.951547454611244,0.0,0.0,0.0,-0.0,-0.0,10.665458027477412,34.12946568792772,2.7769788478616424,8.330936543584928,-0.0,0.0,1.3856202540501987,0.0,48.914599389776626,0.5174044192008793,0.0,80.2973093099138,0.0,0.0,0.0,0.0,0.0,0.0,17.540599676871057,12.546549239428163,9.635843158150264,5.889105113564341,1.851924925857258,0.0,70.0,10.5,45.0,45.0,0.5038239681903749,0.36343712807231404,1.0,34.47998949105908,29.57861391647962,2.9158277902547245,47.88887429313761,63.762119606146776,63.762119606146776,0.0,0.0,0.0,0.0,0.0,0.0,0.0,0.0,7.105427357601002e-15,0.0,0.0,0.0,0.0,0.0,-0.16972842434349644,0.0
5,holiday_return,春节返乡日,30.0,14.75,0.25,48.424664821019306,33.763107082890556,8.370523732135725,0.0,1.0451881836199102,-1.0451881836199102,15.303430976079431,49.717381109880776,0.0,0.0,0.0,-0.0,-0.0,10.665458027477412,34.12946568792772,2.790174577378575,8.370523732135725,-0.0,0.0,2.095326476465008,0.0,49.40979369796758,0.36635860503716344,0.0,80.34417082395517,0.0,0.0,0.0,0.0,0.0,0.0,17.72795489411447,12.55156119970078,9.619431136221614,5.87560565654106,1.8392585999213824,0.0,70.0,10.5,45.0,45.0,0.4586539501328968,0.38484657451002,1.0,34.8657586711339,29.71153423294369,2.9296833062475036,48.424664821019306,65.0208120859602,65.0208120859602,0.0,0.0,0.0,0.0,0.0,0.0,0.0,0.0,-7.105427357601002e-15,0.0,0.0,0.0,0.0,0.0,0.039587188550797237,0.0
5,holiday_return,春节返乡日,30.0,15.0,0.25,48.5309347784545,33.88413239323807,8.59164497167405,0.0,1.0451881836199102,-1.0451881836199102,13.784462755586226,50.310409001675374,0.0,0.0,0.0,-0.0,-0.0,10.665458027477412,34.12946568792772,2.8638816572246832,8.59164497167405,-0.0,0.0,0.9894091104850948,0.0,49.64230787202281,0.24533329468965093,0.0,80.36226539603203,0.0,0.0,0.0,0.0,0.0,0.0,17.968368974307744,12.56764028740939,9.59788815119116,5.856926528266881,1.8240768692696459,0.0,70.0,10.5,45.0,45.0,0.41312946771163345,0.38943701647721957,1.0,34.94227304048724,29.818036506049502,3.0070757400859174,48.5309347784545,64.0948717572616,64.0948717572616,0.0,0.0,0.0,0.0,0.0,0.0,0.0,0.0,0.0,0.0,0.0,0.0,0.0,0.0,0.2211212395383253,0.0
5,holiday_return,春节返乡日,30.0,15.25,0.25,48.691585263149484,34.04073630178717,8.675964263742548,-0.0,0.0,-0.0,12.301870627154278,45.919115987877966,0.0,0.0,3.5707192198353166,1.2497517269423606,1.6068236489258925,7.887164990910939,25.238927970915007,2.8919880879141826,8.675964263742548,-0.0,0.0,0.0,0.0,49.639825756629214,0.0,7.1949846819462735,78.4286672417692,0.0,0.0,0.0,0.0,0.0,0.0,18.269049585225233,12.593769766936612,9.570907779565085,5.833282719853247,1.8065503172708026,0.0,70.0,10.5,45.0,45.0,0.36869520083356244,0.35544540154692605,1.0,35.05794138946763,29.95584794557271,3.036587492309892,48.691585263149484,58.220986615032245,58.220986615032245,0.0,0.7141438439670633,0.17853596099176583,5.356078829752975,0.0,0.0,0.0,0.0,0.0,7.105427357601002e-15,0.0,1.0451881836199102,1.2497517269423606,-8.890537717012712,0.08431929206849809,0.0
5,holiday_return,春节返乡日,30.0,15.5,0.25,48.74301751981785,34.455731752192506,8.769427437855976,-0.0,0.0,-0.0,10.927720736991793,43.513051822434036,0.0,0.0,7.141438439670633,2.499503453884721,3.213647297851785,6.452427084935872,20.64776667179479,2.923142479285325,8.769427437855976,-0.0,0.0,0.0,1.1783110707284923,49.327261904623356,0.0,10.594317782545929,75.60147454432045,0.0,0.0,0.0,0.0,0.0,0.0,18.636137540125677,12.627954805642304,9.538252245274895,5.804943489303339,1.7868726769384464,0.0,70.0,10.5,45.0,45.0,0.32751101957493756,0.33682081731800373,1.0,35.09497261426885,30.321043941929407,3.069299603249591,48.74301751981785,54.44077255942583,54.44077255942583,0.0,1.4282876879341266,0.35707192198353166,10.71215765950595,0.0,0.0,0.0,0.0,0.0,0.0,0.0,0.0,1.2497517269423606,-4.591161299120216,0.09346317411342753,0.0
5,holiday_return,春节返乡日,30.0,15.75,0.25,49.188188175333245,34.85431088828765,8.666516755671465,-0.0,0.0,-0.0,9.123434324664759,44.47834141586121,0.0,0.0,10.71215765950595,3.749255180827082,4.820470946777678,6.452427084935872,20.64776667179479,2.888838918557155,8.666516755671465,-0.0,0.0,0.0,1.1784232574732219,49.01468415798254,0.0,9.38607326971518,73.09365452554431,0.0,0.0,0.0,0.0,0.0,0.0,19.07401812738665,12.667295153761096,9.49976787564299,5.772227258905498,1.7652572710088608,0.0,70.0,10.5,45.0,45.0,0.2734353621959859,0.34429281976760157,1.0,35.415495486239934,30.67179358169313,3.0332808644850124,49.188188175333245,53.601775740525966,53.601775740525966,0.0,2.14243153190119,0.5356078829752975,16.068236489258926,0.0,0.0,0.0,0.0,0.0,0.0,0.0,0.0,1.2497517269423608,0.0,-0.10291068218451116,0.0
5,holiday_return,春节返乡日,30.0,16.0,0.25,49.70996515322983,35.25390757320811,8.473211051963736,0.0,0.0,0.0,7.616863461244944,43.665907365771304,0.0,0.0,14.282876879341266,4.999006907769442,6.42729459570357,6.452427084935872,20.64776667179479,2.824403683987912,8.473211051963736,-0.0,0.0,0.0,2.705018187367921,48.30038653236203,0.0,8.178846305709747,70.90477972309476,0.0,0.0,0.0,0.0,0.0,0.0,19.584598981824026,12.7081069311746,9.455397733308086,5.735495663618433,1.7419331717989983,0.0,132.0,19.8,45.0,45.0,0.22828243676751755,0.3380040238935513,1.0,35.79117491032547,31.023438664423136,2.9656238681873073,49.70996515322983,51.28277082701625,51.28277082701625,0.0,2.8565753758682533,0.7141438439670633,21.4243153190119,0.0,0.0,0.0,0.0,0.0,0.0,0.0,0.0,1.2497517269423604,0.0,-0.19330570370772904,0.0
5,holiday_return,春节返乡日,30.0,16.25,0.25,49.91561462780452,35.71220768282389,8.421919948714336,0.0,0.0,0.0,6.449827565773252,42.520420633987165,0.0,0.0,17.85359609917658,6.248758634711803,8.034118244629461,6.452427084935872,20.64776667179479,2.8073066495714456,8.421919948714336,-0.0,0.0,0.0,3.956341527839614,47.2568290057092,0.0,7.030322766399635,69.01924239470699,0.0,0.0,0.0,0.0,0.0,0.0,20.16661077321487,12.746088443531521,9.405190810961354,5.695146905883207,1.717141177245591,0.0,132.0,19.8,45.0,45.0,0.19330559894326496,0.32913717220038774,1.0,35.93924253201926,31.42674276088502,2.9476719820500175,49.91561462780452,48.97024819976042,48.97024819976042,0.0,3.5707192198353166,0.8926798049588291,26.780394148764874,0.0,0.0,0.0,0.0,0.0,0.0,0.0,0.0,1.2497517269423604,0.0,-0.05129110324939923,0.0
5,holiday_return,春节返乡日,30.0,16.5,0.25,50.327171205914205,36.181945692733734,8.41533389845437,0.0,0.0,0.0,4.942068036797287,45.28621446099687,0.0,0.0,21.424315319011896,7.498510361654163,9.640941893555354,6.452427084935872,20.64776667179479,2.8051112994847904,8.41533389845437,-0.0,0.0,0.0,1.8579167308865525,46.76554070876245,0.0,5.893237127383589,67.43388089788239,0.0,0.0,0.0,0.0,0.0,0.0,20.814999303501185,12.776522154072131,9.349307341927007,5.6516085873581305,1.6911297014917557,0.0,132.0,19.8,45.0,45.0,0.148117048421733,0.35054631034008965,1.0,36.235563268258225,31.840112209605685,2.9453668644590296,50.327171205914205,50.228282497794154,50.228282497794154,0.0,4.284863063802379,1.0712157659505948,32.136472978517844,0.0,0.0,0.0,0.0,0.0,0.0,0.0,0.0,1.2497517269423604,0.0,-0.0065860502599655035,0.0
5,holiday_return,春节返乡日,30.0,16.75,0.25,50.732021585736504,36.75325839945377,8.243419258776166,0.0,0.0,0.0,3.676348362592163,44.28133693404229,0.0,0.0,24.879973188316928,8.707990615910925,11.195987934742618,6.452427084935872,20.64776667179479,2.7478064195920555,8.243419258776166,-0.0,0.0,0.0,3.266579177719052,45.90357633232727,0.0,4.909503792916361,66.10818927508704,0.0,0.0,0.0,0.0,0.0,0.0,21.520484040695877,12.794502534559147,9.28801996860003,5.605330197525103,1.664150677281882,0.0,132.0,19.8,45.0,45.0,0.11018259246590735,0.3427678701765607,1.0,36.527055541730284,32.34286739151932,2.885196740571658,50.732021585736504,47.95768529663445,47.95768529663445,0.0,4.975994637663386,1.2439986594158465,37.319959782475394,0.0,0.0,0.0,0.0,0.0,0.0,0.0,0.0,1.2094802542567615,0.0,-0.17191463967820475,0.0
5,holiday_return,春节返乡日,30.0,17.0,0.25,51.22646584327299,37.210236401843034,7.883050091697801,0.0,0.0,0.0,2.5447178075044996,42.176709790374154,0.0,0.0,24.879973188316928,8.707990615910925,11.195987934742618,6.452427084935872,20.64776667179479,2.627683363899267,7.883050091697801,-0.0,0.0,0.0,6.877158078318551,44.09150271184787,0.0,5.366481795305624,64.66290312905329,0.0,0.0,0.0,0.0,0.0,0.0,22.269356511454923,12.795177701220908,9.22171071151308,5.55677544278461,1.636455563392761,0.0,132.0,19.8,45.0,45.0,0.07626687611489281,0.3264766149096875,1.0,36.883055407156554,32.74500803362187,2.7590675320942304,51.22646584327299,44.72142759787865,44.72142759787865,0.0,4.975994637663386,1.2439986594158465,37.319959782475394,0.0,0.0,0.0,0.0,0.0,0.0,0.0,0.0,0.0,0.0,-0.36036916707836486,0.0
5,holiday_return,春节返乡日,30.0,17.25,0.25,51.54188690749726,37.69096577022753,7.727781986799599,0.0,0.0,0.0,1.4853713759876999,41.724986264484926,0.0,0.0,24.879973188316928,8.707990615910925,11.195987934742618,6.452427084935872,20.64776667179479,2.5759273289331994,7.727781986799599,-0.0,0.0,0.0,8.65189306498278,41.81248417224313,0.0,5.847211163690119,63.09183189757032,0.0,0.0,0.0,0.0,0.0,0.0,23.04358091851782,12.773991665948296,9.150863882721422,5.506414597592846,1.6082915436188965,0.0,132.0,19.8,45.0,45.0,0.04451756276589088,0.3229799654948713,1.0,37.110158573398024,33.16804987780022,2.7047236953798595,51.54188690749726,43.21035764047262,43.21035764047262,0.0,4.975994637663386,1.2439986594158465,37.319959782475394,0.0,0.0,0.0,0.0,0.0,0.0,0.0,0.0,0.0,0.0,-0.15526810489820253,0.0
5,holiday_return,春节返乡日,30.0,17.5,0.25,52.06417130200628,38.13437683645617,7.521069688466467,0.0,0.0,0.0,0.7407772228968997,41.71190201123186,0.0,0.0,24.879973188316928,8.707990615910925,11.195987934742618,6.452427084935872,20.64776667179479,2.5070232294888224,7.521069688466467,-0.0,0.0,0.0,9.86295176639129,39.21487992529997,0.0,6.29062222991876,61.40485907901134,0.0,0.0,0.0,0.0,0.0,0.0,23.821238577789547,12.72691380358137,9.076055276825063,5.454717051666488,1.579897994784475,0.0,132.0,19.8,45.0,45.0,0.022201583421470317,0.32287868441505463,1.0,37.48620333744452,33.55825161608143,2.632374390963263,52.06417130200628,42.45267923412876,42.45267923412876,0.0,4.975994637663386,1.2439986594158465,37.319959782475394,0.0,0.0,0.0,0.0,0.0,0.0,0.0,0.0,0.0,0.0,-0.20671229833313198,0.0
5,holiday_return,春节返乡日,30.0,17.75,0.25,52.35611204343836,38.66023827436546,7.653253648426261,0.0,0.0,0.0,0.07937244391298312,41.430453499786275,0.0,0.0,24.879973188316928,8.707990615910925,11.195987934742618,6.452427084935872,20.64776667179479,2.5510845494754206,7.653253648426261,-0.0,0.0,0.0,11.14180711823947,36.280864676503846,0.0,6.816483667828052,59.58034515793814,0.0,0.0,0.0,0.0,0.0,0.0,24.577328419488328,12.650642793469796,8.997938140786543,5.402144214755273,1.5515032902890038,0.0,132.0,19.8,45.0,45.0,0.0023788446518493026,0.3207000802103925,1.0,37.69640067127562,34.021009681441605,2.6786387769491915,52.35611204343836,41.509825943699255,41.509825943699255,0.0,4.975994637663386,1.2439986594158465,37.319959782475394,0.0,0.0,0.0,0.0,0.0,0.0,0.0,0.0,0.0,0.0,0.1321839599597947,0.0
5,holiday_return,春节返乡日,30.0,18.0,0.25,52.81084114501592,38.93632559413387,7.8799893254686895,0.0,0.0,0.0,-0.0,43.0788908456544,0.0,0.0,24.879973188316928,8.707990615910925,11.195987934742618,6.452427084935872,20.64776667179479,2.6266631084895633,7.8799893254686895,-0.0,0.0,0.0,10.103049876876028,33.62035329725001,0.0,7.09257098759646,57.68408893599169,0.0,0.0,0.0,0.0,0.0,0.0,25.284900468586194,12.542773807758921,8.917226560867054,5.349142923597687,1.5233219932765087,0.0,132.0,19.8,45.0,45.0,0.0,0.3334601140595137,1.0,38.02380562441146,34.263966522837805,2.757996263914041,52.81084114501592,43.0788908456544,43.0788908456544,0.0,4.975994637663386,1.2439986594158465,37.319959782475394,0.0,0.0,0.0,0.0,-7.105427357601002e-15,0.0,0.0,0.0,0.0,0.0,0.22673567704242803,0.0
5,holiday_return,春节返乡日,30.0,18.25,0.25,53.02100162786685,39.502118933916755,7.497323356241735,0.0,0.0,0.0,-0.0,44.563481712618724,0.0,0.0,24.879973188316928,8.707990615910925,11.195987934742618,6.452427084935872,20.64776667179479,2.4991077854139117,7.497323356241735,-0.0,0.0,0.0,8.701064169686987,31.32891855072015,0.0,7.658364327379346,55.639887858002815,0.0,0.0,0.0,0.0,0.0,0.0,25.916461785857013,12.401919990071326,8.834677004772564,5.29613947520614,1.4955524801487288,0.0,132.0,19.8,45.0,45.0,0.0,0.344951863965595,1.0,38.17512117206413,34.761864661846744,2.6240631746846073,53.02100162786685,44.563481712618724,44.563481712618724,0.0,4.975994637663386,1.2439986594158465,37.319959782475394,0.0,0.0,0.0,0.0,0.0,0.0,0.0,0.0,0.0,0.0,-0.38266596922695406,0.0
5,holiday_return,春节返乡日,30.0,18.5,0.25,53.28160832310843,40.01648333872079,7.306359033520431,0.0,0.0,0.0,-0.0,41.57393560975256,0.0,0.0,24.879973188316928,8.707990615910925,11.195987934742618,6.452427084935872,20.64776667179479,2.435453011173477,7.306359033520431,-0.0,0.0,0.0,11.887562193554295,28.19904626438359,0.0,8.17272873218338,53.46134982665714,0.0,0.0,0.0,0.0,0.0,0.0,26.44555951672162,12.227782133389102,8.751068815296065,5.2435343874494835,1.4683750213287108,0.0,132.0,19.8,45.0,45.0,0.0,0.3218107299930501,1.0,38.362757992638066,35.2145053380743,2.5572256617321507,53.28160832310843,41.57393560975256,41.57393560975256,0.0,4.975994637663386,1.2439986594158465,37.319959782475394,0.0,0.0,0.0,0.0,0.0,0.0,0.0,0.0,0.0,0.0,-0.19096432272130404,0.0
5,holiday_return,春节返乡日,30.0,18.75,0.25,53.239754772805206,40.55407813863845,7.0298309803059835,0.0,0.0,0.0,-0.0,41.081404352662965,0.0,0.0,24.879973188316928,8.707990615910925,11.195987934742618,6.452427084935872,20.64776667179479,2.3432769934353277,7.0298309803059835,-0.0,0.0,0.0,12.246063882602513,24.974987921911815,0.0,8.710323532101043,51.14242874855933,0.0,0.0,0.0,0.0,0.0,0.0,26.84841834522973,12.021163712335294,8.667184466899634,5.191697962944294,1.4419503324173917,0.0,132.0,19.8,45.0,45.0,0.0,0.31799820079503943,1.0,38.332623436419745,35.68758876200184,2.460440843107094,53.239754772805206,41.081404352662965,41.081404352662965,0.0,4.975994637663386,1.2439986594158465,37.319959782475394,0.0,0.0,0.0,0.0,0.0,0.0,0.0,0.0,0.0,0.0,-0.27652805321444784,0.0
5,holiday_return,春节返乡日,30.0,19.0,0.25,53.450967711420276,40.82568497199451,6.798688730444745,0.0,0.0,0.0,-0.0,40.76334423976238,0.0,0.0,24.879973188316928,8.707990615910925,11.195987934742618,6.452427084935872,20.64776667179479,2.266229576814915,6.798688730444745,-0.0,0.0,0.0,12.698289517497756,21.632084036332103,0.0,8.981930365457103,48.753191648538454,0.0,0.0,0.0,0.0,0.0,0.0,27.10549408913199,11.783931808966486,8.583790370033155,5.14096670648026,1.4164185956342732,0.0,132.0,19.8,45.0,45.0,0.0,0.3155361977247745,1.0,38.4846967522226,35.92660277535517,2.3795410556556607,53.450967711420276,40.76334423976238,40.76334423976238,0.0,4.975994637663386,1.2439986594158465,37.319959782475394,0.0,0.0,0.0,0.0,0.0,0.0,0.0,0.0,0.0,0.0,-0.23114224986123855,0.0
5,holiday_return,春节返乡日,30.0,19.25,0.25,53.368146478008086,41.11670700043923,6.708963606832864,0.0,0.0,0.0,-0.0,39.52006433379398,0.0,0.0,24.879973188316928,8.707990615910925,11.195987934742618,6.452427084935872,20.64776667179479,2.236321202277621,6.708963606832864,-0.0,0.0,0.0,13.828839815516673,17.9918340596259,0.0,9.272952393901818,46.28856442274002,0.0,0.0,0.0,0.0,0.0,0.0,27.202804383688214,11.518927739571645,8.501618943249039,5.0916406205124645,1.391898939106604,0.0,132.0,19.8,45.0,45.0,0.0,0.3059123598980876,1.0,38.42506546416582,36.18270216038652,2.3481372623915022,53.368146478008086,39.52006433379398,39.52006433379398,0.0,4.975994637663386,1.2439986594158465,37.319959782475394,0.0,0.0,0.0,0.0,0.0,0.0,0.0,0.0,0.0,0.0,-0.08972512361188123,0.0
5,holiday_return,春节返乡日,30.0,19.5,0.25,52.74865588431536,41.41319727353477,6.220303308449658,0.0,0.0,0.0,-0.0,38.42172658272095,0.0,0.0,24.879973188316928,8.707990615910925,11.195987934742618,6.452427084935872,20.64776667179479,2.073434436149886,6.220303308449658,-0.0,0.0,0.0,14.144800206769249,14.268618624036275,0.0,9.569442666997361,43.74714575447672,0.0,0.0,0.0,0.0,0.0,0.0,27.132912473724016,11.229834103157753,8.42135257615579,5.0439813785173095,1.3684893505187623,0.0,132.0,19.8,45.0,45.0,0.0,0.297410473601597,1.0,37.979032236707056,36.4436136007106,2.1771061579573803,52.74865588431536,38.42172658272095,38.42172658272095,0.0,4.975994637663386,1.2439986594158465,37.319959782475394,0.0,0.0,0.0,0.0,0.0,0.0,0.0,0.0,0.0,0.0,-0.48866029838320557,0.0
5,holiday_return,春节返乡日,30.0,19.75,0.25,52.117325980451874,41.79152946757779,5.670498867626787,0.0,0.0,0.0,-0.0,40.81015731353002,0.0,0.0,24.879973188316928,8.707990615910925,11.195987934742618,6.452427084935872,20.64776667179479,1.8901662892089288,5.670498867626787,-0.0,0.0,0.0,10.941771425155729,11.388491660169356,0.0,9.94777486104038,41.107436691852016,0.0,0.0,0.0,0.0,0.0,0.0,26.895469959002853,10.921007325220042,8.343609984363168,4.998211352998994,1.3462669921308321,0.0,132.0,19.8,45.0,45.0,0.0,0.3158985629716877,1.0,37.52447470592535,36.776545931468455,1.9846746036693752,52.117325980451874,40.81015731353002,40.81015731353002,0.0,4.975994637663386,1.2439986594158465,37.319959782475394,0.0,0.0,0.0,0.0,0.0,0.0,0.0,0.0,0.0,0.0,-0.5498044408228715,0.0
5,holiday_return,春节返乡日,30.0,20.0,0.25,51.330893939815795,41.82030770587755,5.574692908191223,0.0,0.0,0.0,-0.0,43.05747248856259,0.0,0.0,21.424315319011896,7.498510361654163,9.640941893555354,6.452427084935872,20.64776667179479,1.8582309693970744,5.574692908191223,-0.0,0.0,0.0,9.085569143931993,8.996982987183191,0.0,11.531599140527412,38.052251620735724,0.0,0.0,0.0,0.0,0.0,0.0,26.497265676320733,10.597286410067168,8.268935319213693,4.95451345430169,1.3252888764197575,0.0,132.0,19.8,45.0,45.0,0.0,0.33329432130908304,1.0,36.95824363666737,36.80187078117225,1.951142517866928,51.330893939815795,43.05747248856259,43.05747248856259,0.0,4.284863063802379,1.0712157659505948,32.136472978517844,0.0,0.0,0.0,0.0,0.0,0.0,0.0,0.0,-1.2094802542567615,0.0,-0.09580595943556336,0.0
5,holiday_return,春节返乡日,30.0,20.25,0.25,50.51729093175245,41.90039786575194,5.343981041906385,0.0,0.0,0.0,-0.0,45.37619671514154,0.0,0.0,17.85359609917658,6.248758634711803,8.034118244629461,6.452427084935872,20.64776667179479,1.7813270139687951,5.343981041906385,-0.0,0.0,0.0,7.126089680803775,7.121246379927577,0.0,13.218512949327689,34.5546694556286,0.0,0.0,0.0,0.0,0.0,0.0,25.95177579947692,10.26378945250599,8.197790249057824,4.91303171864422,1.3055928557041865,0.0,132.0,19.8,45.0,45.0,0.0,0.35124283460386235,1.0,36.37244947086176,36.87235012186171,1.8703933646672348,50.51729093175245,45.37619671514154,45.37619671514154,0.0,3.5707192198353166,0.8926798049588291,26.780394148764874,0.0,0.0,0.0,0.0,7.105427357601002e-15,0.0,0.0,0.0,-1.2497517269423604,0.0,-0.23071186628483797,0.0
5,holiday_return,春节返乡日,30.0,20.5,0.25,49.69379195599724,41.65189581976404,5.328176177478275,0.0,0.0,0.0,-0.0,49.569937783805116,0.0,0.0,14.282876879341266,4.999006907769442,6.42729459570357,6.452427084935872,20.64776667179479,1.7760587258260916,5.328176177478275,-0.0,0.0,0.0,3.3533330751846453,6.238434245191567,0.0,14.57683455226568,30.701383028199288,0.0,0.0,0.0,0.0,0.0,0.0,25.278258751032872,9.925709475645878,8.130549083679382,4.87387256931688,1.2871988751224155,0.0,132.0,19.8,45.0,45.0,0.0,0.38370526220217394,1.0,35.779530208318015,36.65366832139236,1.8648616621173961,49.69379195599724,49.569937783805116,49.569937783805116,0.0,2.8565753758682533,0.7141438439670633,21.4243153190119,0.0,0.0,0.0,0.0,0.0,0.0,0.0,0.0,-1.2497517269423604,0.0,-0.015804864428110577,0.0
5,holiday_return,春节返乡日,30.0,20.75,0.25,48.398488691388785,41.41090872561896,5.117392887008557,0.0,0.0,0.0,-0.0,54.661610547205555,0.0,0.0,10.71215765950595,3.749255180827082,4.820470946777678,8.306579407641003,26.581054104451212,1.7057976290028523,5.117392887008557,-0.0,0.0,0.0,0.0,6.238122323479308,0.0,10.009383674390072,28.051984001319383,0.0,0.0,0.0,0.0,0.0,0.0,24.50048160967531,9.588120404376076,8.067496877020053,4.837106663981148,1.270110436205285,0.0,132.0,19.8,45.0,45.0,0.0,0.42311829598989276,1.0,34.846911857799924,36.441599678544684,1.7910875104529949,48.398488691388785,54.661610547205555,54.661610547205555,0.0,2.14243153190119,0.5356078829752975,16.068236489258926,0.0,0.0,0.0,0.0,0.0,7.105427357601002e-15,0.0,0.0,-1.2497517269423604,5.933287432656421,-0.21078329046971778,0.0
5,holiday_return,春节返乡日,30.0,21.0,0.25,47.18712144043686,41.116226809523795,4.720417241207267,0.0,0.0,0.0,-0.0,56.77737334715217,0.0,0.0,7.141438439670633,2.499503453884721,3.213647297851785,10.516282946864273,33.65210542996567,1.5734724137357556,4.720417241207267,-0.0,0.0,0.0,0.0,6.237810417363134,0.0,4.2504740817063364,26.919412198343373,0.0,0.0,0.0,0.0,0.0,0.0,23.64519714692839,9.255802561893683,8.008830322189809,4.802771233561842,1.2543162179203147,0.0,132.0,19.8,45.0,45.0,0.0,0.4394957488616685,1.0,33.97472743711454,36.18227959238094,1.6521460344225434,47.18712144043686,56.77737334715217,56.77737334715217,0.0,1.4282876879341266,0.35707192198353166,10.71215765950595,0.0,0.0,0.0,0.0,0.0,0.0,0.0,0.0,-1.2497517269423608,7.0710513255144605,-0.3969756458012901,0.0
5,holiday_return,春节返乡日,30.0,21.25,0.25,46.067310308545025,40.88087054781878,4.601973845624292,0.0,0.0,0.0,-0.0,57.53364319100479,0.0,0.0,3.5707192198353166,1.2497517269423606,1.6068236489258925,11.182093327527369,35.78269864808758,1.5339912818747639,4.601973845624292,-0.0,0.0,0.0,0.0,6.2374985268422645,0.0,3.4913482508053093,25.98717663676912,0.0,0.0,0.0,0.0,0.0,0.0,22.740508808628192,8.93309514408608,7.9546611519669685,4.7708728142498655,1.2397918033022686,0.0,132.0,19.8,45.0,45.0,0.0,0.4453497953201628,1.0,33.16846342215241,35.97516608208053,1.6106908459685019,46.067310308545025,57.53364319100479,57.53364319100479,0.0,0.7141438439670633,0.17853596099176583,5.356078829752975,0.0,0.0,0.0,0.0,0.0,0.0,0.0,0.0,-1.2497517269423606,2.130593218121909,-0.11844339558297534,0.0
5,holiday_return,春节返乡日,30.0,21.5,0.25,44.94192582915679,40.64077404186889,4.517067036487264,0.0,0.0,0.0,-0.0,59.52234989175918,0.0,0.0,0.0,-0.0,-0.0,13.074735050439969,41.8391521614079,1.5056890121624213,4.517067036487264,-0.0,0.0,0.0,0.0,6.2371866519159225,1.198378119539015,0.0,26.25879785184125,0.0,0.0,0.0,0.0,0.0,0.0,21.814263319517927,8.623780867561603,7.90502168096792,4.741390273451254,1.2265014624274597,0.0,132.0,19.8,45.0,45.0,0.0,0.46074374698062837,1.0,32.35818659699289,35.76388115684462,1.5809734627705423,44.94192582915679,59.52234989175918,59.52234989175918,0.0,0.0,0.0,0.0,0.0,0.0,0.0,0.0,0.0,0.0,0.0,0.0,-1.2497517269423606,6.056453513320321,-0.08490680913702775,0.0
5,holiday_return,春节返乡日,30.0,21.75,0.25,43.64812709174945,40.37312479521095,4.4542905169048295,0.0,0.0,0.0,-0.0,60.10694688681049,0.0,0.0,0.0,-0.0,-0.0,14.927448727674536,47.76783592855852,1.484763505634943,4.4542905169048295,-0.0,0.0,0.04660756175155889,0.0,6.247944088499321,7.39471113334757,0.0,28.00191234708538,0.0,0.0,0.0,0.0,0.0,0.0,20.892597794170417,8.331005596456029,7.859872074035167,4.714278032830902,1.2143999463019854,0.0,132.0,19.8,45.0,45.0,0.0,0.46526892803385234,1.0,31.426651506059603,35.52834981978563,1.5590016809166902,43.64812709174945,60.10694688681049,60.10694688681049,0.0,0.0,0.0,0.0,0.0,0.0,0.0,0.0,0.0,0.0,0.0,0.0,0.0,5.928683767150616,-0.06277651958243435,0.0
5,holiday_return,春节返乡日,30.0,22.0,0.25,42.293983960475,40.05854402648247,4.4374305629179664,-0.0,0.0,-0.0,-0.0,59.236380005691416,0.0,0.0,0.0,-0.0,-0.0,14.927448727674536,47.76783592855852,1.4791435209726556,4.4374305629179664,-0.0,0.0,0.5358037965692208,0.0,6.374885092980086,7.709291902076046,0.0,29.818868217654902,0.0,0.0,0.0,0.0,0.0,0.0,19.998742926682493,8.05723341831763,7.8191088991207955,4.6894693965312575,1.203434250966751,0.0,62.0,9.299999999999999,45.0,45.0,0.0,0.4585301442403117,1.0,30.451668451542,35.25151874330458,1.5531006970212882,42.293983960475,59.236380005691416,59.236380005691416,0.0,0.0,0.0,0.0,0.0,0.0,0.0,0.0,0.0,0.0,0.0,-0.0,0.0,0.0,-0.01685995398686302,0.0
5,holiday_return,春节返乡日,30.0,22.25,0.25,40.9745385551477,39.637404486139374,4.315616750098745,-0.0,0.0,-0.0,-0.0,61.6371148239473,0.0,0.0,0.0,-0.0,-0.0,14.927448727674536,47.76783592855852,1.4385389166995817,4.315616750098745,-0.0,0.0,4.2965886244254765,0.0,7.395006147026487,8.130431442419145,0.0,31.734936251120622,0.0,0.0,0.0,0.0,0.0,0.0,19.152150099144293,7.804235524805208,7.782574520518729,4.666879899763706,1.1935453165170355,0.0,62.0,9.299999999999999,45.0,45.0,0.0,0.47711347567264845,1.0,29.501667759706343,34.88091594780265,1.5104658625345608,40.9745385551477,61.6371148239473,61.6371148239473,0.0,0.0,0.0,0.0,0.0,0.0,0.0,0.0,0.0,0.0,0.0,0.0,0.0,0.0,-0.12181381281922121,0.0
5,holiday_return,春节返乡日,30.0,22.5,0.25,39.76535424040546,39.335284120379356,4.2561237162986565,-0.0,0.0,-0.0,-0.0,64.3843895513264,0.0,0.0,0.0,-0.0,-0.0,14.927448727674536,47.76783592855852,1.4187079054328855,4.2561237162986565,-0.0,0.0,8.272878677813518,0.0,9.359445082699846,8.432551808179163,0.0,33.721799837437615,0.0,0.0,0.0,0.0,0.0,0.0,18.367972921575067,7.5731094878854925,7.750066907002573,4.646410601804602,1.1846696315386707,0.0,62.0,9.299999999999999,45.0,45.0,0.0,0.4983792632999793,1.0,28.631055053091927,34.61505002593383,1.4896433007045298,39.76535424040546,64.3843895513264,64.3843895513264,0.0,0.0,0.0,0.0,0.0,0.0,0.0,0.0,0.0,0.0,0.0,0.0,0.0,0.0,-0.059493033800088746,0.0
5,holiday_return,春节返乡日,30.0,22.75,0.25,38.75997388464042,39.14985913522755,4.254964020435328,-0.0,0.0,-0.0,-0.0,67.8478561630025,0.0,0.0,0.0,-0.0,-0.0,14.927448727674536,47.76783592855852,1.4183213401451094,4.254964020435328,-0.0,0.0,12.74211221054244,0.0,12.38522876044954,8.617976793330968,0.0,35.751708425935,0.0,0.0,0.0,0.0,0.0,0.0,17.656897585630638,7.364324193327633,7.721349465645336,4.6279512574984665,1.1767407194379296,0.0,62.0,9.299999999999999,45.0,45.0,0.0,0.5251888665348624,1.0,27.9071811969411,34.45187603900025,1.4892374071523649,38.75997388464042,67.8478561630025,67.8478561630025,0.0,0.0,0.0,0.0,0.0,0.0,0.0,0.0,0.0,0.0,0.0,0.0,0.0,0.0,-0.0011596958633282028,0.0
5,holiday_return,春节返乡日,30.0,23.0,0.25,38.07310692168471,38.82873974914997,4.174670876955123,0.0,0.0,0.0,-0.0,68.22634825066551,0.0,0.0,0.0,-0.0,-0.0,14.927448727674536,47.76783592855852,1.391556958985041,4.174670876955123,-0.0,0.0,13.83423564232122,0.0,15.670240464062807,8.939096179408551,0.0,37.856867914331566,0.0,0.0,0.0,0.0,0.0,0.0,17.025285555524796,7.177784841985243,7.696160561673514,4.611383312205518,1.1696904890714896,0.0,62.0,9.299999999999999,45.0,45.0,0.0,0.5281186544714861,1.0,27.41263698361299,34.16929097925197,1.4611348069342929,38.07310692168471,68.22634825066551,68.22634825066551,0.0,0.0,0.0,0.0,0.0,0.0,0.0,0.0,0.0,0.0,0.0,0.0,0.0,0.0,-0.08029314348020566,0.0
5,holiday_return,春节返乡日,30.0,23.25,0.25,37.142874326809185,38.474921408338005,4.084504941960838,0.0,-0.0,0.0,-0.0,70.44540379804,0.0,0.0,0.0,-0.0,-0.0,14.927448727674536,47.76783592855852,1.3615016473202795,4.084504941960838,-0.0,0.0,17.013579096236,0.0,19.710181987395654,9.292914520220513,0.0,40.045006678926775,0.0,0.0,0.0,0.0,0.0,0.0,16.47556939865866,7.0129120538253575,7.674222443267711,4.596582676284135,1.1634504377779933,0.0,62.0,9.299999999999999,45.0,45.0,0.0,0.5452956639396057,1.0,26.742869515302612,33.85793083933744,1.4295767296862933,37.142874326809185,70.44540379804,70.44540379804,0.0,0.0,0.0,0.0,0.0,0.0,-0.0,0.0,0.0,0.0,0.0,0.0,0.0,0.0,-0.09016593499428449,0.0
5,holiday_return,春节返乡日,30.0,23.5,0.25,36.453229468515204,38.16911699879139,3.9079827569082095,-0.0,0.0,-0.0,-0.0,69.44219244384449,0.0,0.0,0.0,-0.0,-0.0,14.927448727674536,47.76783592855852,1.3026609189694032,3.9079827569082095,-0.0,0.0,16.758853328685348,0.0,23.689424143859053,9.59871892976713,0.0,42.30467992140701,0.0,0.0,0.0,0.0,0.0,0.0,16.006829392380048,6.868729170691552,7.655249353482235,4.583422246266781,1.1579527002175556,0.0,62.0,9.299999999999999,45.0,45.0,0.0,0.5375301210941686,1.0,26.246325217330945,33.58882295893642,1.3677939649178732,36.453229468515204,69.44219244384449,69.44219244384449,0.0,0.0,0.0,0.0,0.0,0.0,0.0,0.0,0.0,0.0,0.0,-0.0,0.0,0.0,-0.17652218505262862,0.0
5,holiday_return,春节返乡日,30.0,23.75,0.25,35.86167879671773,37.82183417550908,3.708261745745328,0.0,0.0,0.0,-0.0,68.40761585192001,0.0,0.0,0.0,-0.0,-0.0,14.927448727674536,47.76783592855852,1.236087248581776,3.708261745745328,-0.0,0.0,16.382401078945968,0.0,27.57905992890156,9.946001753049437,0.0,44.64570299779557,0.0,0.0,0.0,0.0,0.0,0.0,15.615474914541453,6.743952283300448,7.63895467547977,4.57177415051892,1.1531309412182202,0.0,62.0,9.299999999999999,45.0,45.0,0.0,0.5295217898308943,1.0,25.820408733636768,33.28321407444799,1.2978916110108647,35.86167879671773,68.40761585192001,68.40761585192001,0.0,0.0,0.0,0.0,0.0,0.0,0.0,0.0,0.0,0.0,0.0,0.0,0.0,0.0,-0.19972101116288155,0.0
