day_id,day_type,day_name,day_weight,hour,dt,electric_load,heat_load,cooling_load,P_grid_buy,P_grid_sell,P_grid_net,P_PV,P_WT,P_PV_curt,P_WT_curt,G_CHP,P_CHP,H_CHP,P_HP,H_HP,P_EC,C_EC_out,G_GB,H_GB,P_BAT_ch,P_BAT_dis,SOC_BAT,H_TS_ch,H_TS_dis,SOC_TS,P_shift_in,P_shift_out,P_interrupt,P_unmet_e,H_unmet,C_unmet,residential_load,commercial_load,industrial_load,cold_storage_load,agro_processing_load,irrigation_load,electricity_buy_price,electricity_sell_price,gas_price,carbon_price,pv_cf,wt_cf,grid_import_availability,critical_electric_load,critical_heat_load,critical_cooling_load,electric_load_adjusted,renewable_available,renewable_used,renewable_curtailment,co2_emission_rate,co2_emission,co2_emission_annual,battery_simultaneous_overlap,thermal_storage_simultaneous_overlap,grid_import_export_overlap,flexible_load_overlap,electric_balance_error,heat_balance_error,cooling_balance_error,P_grid_net_ramp,P_CHP_ramp,H_HP_ramp,C_EC_out_ramp,H_GB_ramp
0,spring_irrigation,春季灌溉日,55.0,0.0,0.25,31.95037898084261,21.80869137813271,5.676283771110161,0.0,5.0,-5.0,0.0,48.12985639377213,0.0,6.666811307688285,0.0,0.0,0.0,7.19734336754883,23.031498776156255,1.8920945903700537,5.676283771110161,0.0,0.0,2.0900394550106314,0.0,28.17981054772989,1.2228073980235432,0.0,34.13692831908171,0.0,0.0,0.0,0.0,0.0,0.0,9.800225850143258,5.233196364276454,10.568973117559912,4.503062487565456,1.7288659394611219,0.0,52.0,7.8,41.0,45.0,0.0,0.42739800140985446,1.0,21.726257706972977,16.356518533599534,2.5543276969995725,31.95037898084261,54.796667701460414,48.12985639377213,6.666811307688285,0.0,0.0,0.0,0.0,0.0,0.0,0.0,0.0,0.0,0.0,0.0,0.0,-0.8785508696917965,-0.3136005296364601,0.0
0,spring_irrigation,春季灌溉日,55.0,0.25,0.25,31.732889583282425,22.018346827528443,5.722566734623446,0.0,5.0,-5.0,0.0,47.993311978652535,0.0,9.61854614207789,0.0,0.0,0.0,7.262860695484996,23.241154225551988,1.907522244874482,5.722566734623446,0.0,0.0,2.0900394550106314,0.0,28.674785927767527,1.2228073980235432,0.0,34.41027661195277,0.0,0.0,0.0,0.0,0.0,0.0,9.80252202781147,5.235820047760775,10.581835327709978,4.503803890621053,1.7297644833078472,0.0,52.0,7.8,41.0,45.0,0.0,0.4493556643345309,1.0,21.57836491663205,16.51376012064633,2.5751550305805506,31.732889583282425,57.611858120730425,47.993311978652535,9.61854614207789,0.0,0.0,0.0,0.0,0.0,0.0,0.0,0.0,0.0,0.0,0.0,0.0,0.20965544939573277,0.04628296351328487,0.0
0,spring_irrigation,春季灌溉日,55.0,0.5,0.25,31.601613519929185,22.114925780692147,5.694813045539695,0.0,5.0,-5.0,0.0,47.88296560846837,0.0,12.151884476022978,0.0,0.0,0.0,7.293041618348653,23.33773317871569,1.8982710151798983,5.694813045539695,0.0,0.0,2.0900394550106314,0.0,29.169736559036163,1.2228073980235432,0.0,34.68348823067738,0.0,0.0,0.0,0.0,0.0,0.0,9.809162167653113,5.239196666795181,10.596677335972672,4.504706361083105,1.7308489796156643,0.0,52.0,7.8,41.0,45.0,0.0,0.46825429387137696,1.0,21.489097193551846,16.58619433551911,2.5626658704928627,31.601613519929185,60.034850084491346,47.88296560846837,12.151884476022978,0.0,0.0,0.0,0.0,0.0,0.0,0.0,0.0,0.0,0.0,0.0,0.0,0.09657895316370357,-0.02775368908375153,0.0
0,spring_irrigation,春季灌溉日,55.0,0.75,0.25,31.651959135961715,22.299088041727693,5.6950105433735,0.0,5.0,-5.0,0.0,47.99092776368577,0.0,14.18214812534849,0.0,0.0,0.0,7.350592324922261,23.521895439751237,1.8983368477911666,5.6950105433735,0.0,0.0,2.0900394550106314,0.0,29.66466244277324,1.2228073980235432,0.0,34.95656324359264,0.0,0.0,0.0,0.0,0.0,0.0,9.820228663807073,5.243513685823754,10.613718722875086,4.505800240548684,1.7321523365702114,0.0,52.0,7.8,41.0,45.0,0.0,0.4849318305494013,1.0,21.52333221245397,16.72431603129577,2.562754744518075,31.651959135961715,62.17307588903426,47.99092776368577,14.18214812534849,0.0,0.0,0.0,0.0,0.0,0.0,0.0,-7.105427357601002e-15,0.0,0.0,0.0,0.0,0.18416226103554578,0.0001974978338052935,0.0
0,spring_irrigation,春季灌溉日,55.0,1.0,0.25,31.620011249020244,22.373743763795066,5.711438524702766,0.0,5.0,-5.0,0.0,47.98778578366678,0.0,14.10369410880498,0.0,0.0,0.0,7.373922238068316,23.59655116181861,1.9038128415675886,5.711438524702766,0.0,0.0,2.0900394550106314,0.0,30.159563580216126,1.2228073980235432,0.0,35.22950171900144,0.0,0.0,0.0,0.0,0.0,0.0,9.83585145641362,5.248996543118046,10.633187483064974,4.5071204969234175,1.7337120290608987,0.0,52.0,7.8,41.0,45.0,0.0,0.4842954056112307,1.0,21.501607649333767,16.7803078228463,2.5701473361162446,31.620011249020244,62.09147989247176,47.98778578366678,14.10369410880498,0.0,0.0,0.0,0.0,0.0,0.0,0.0,-3.552713678800501e-15,0.0,0.0,0.0,0.0,0.07465572206737292,0.01642798132926604,0.0
0,spring_irrigation,春季灌溉日,55.0,1.25,0.25,31.797135385890993,22.610810784158854,5.632110300507578,0.0,5.0,-5.0,0.0,48.21255062300281,0.0,14.790627692021793,0.0,0.0,0.0,7.448005681931999,23.8336181821824,1.8773701001691927,5.632110300507578,0.0,0.0,2.0900394550106314,0.0,30.65443997260214,1.2228073980235432,0.0,35.50230372517253,0.0,0.0,0.0,0.0,0.0,0.0,9.856239648124257,5.255913898400621,10.655317294581257,4.508707192346344,1.7355704682241124,0.0,52.0,7.8,41.0,45.0,0.0,0.4914063869908013,1.0,21.622052062405878,16.95810808811914,2.5344496352284103,31.797135385890993,63.003178315024606,48.21255062300281,14.790627692021793,0.0,0.0,0.0,0.0,0.0,0.0,0.0,0.0,0.0,0.0,0.0,0.0,0.23706702036378857,-0.07932822419518804,0.0
0,spring_irrigation,春季灌溉日,55.0,1.5,0.25,31.66570872223631,22.78847934649379,5.812943760310877,0.0,5.0,-5.0,0.0,48.19692320501224,0.0,14.65756883663343,0.0,0.0,0.0,7.503527107661667,24.011286744517335,1.9376479201036256,5.812943760310877,0.0,0.0,2.0900394550106314,0.0,31.149291621168537,1.2228073980235432,0.0,35.77496933034054,0.0,0.0,0.0,0.0,0.0,0.0,9.881723512619402,5.264582951559522,10.680344201526763,4.510605948421964,1.7377753460189784,0.0,52.0,7.8,41.0,45.0,0.0,0.49024667749121176,1.0,21.532681931120692,17.091359509870344,2.6158246921398947,31.66570872223631,62.85449204164567,48.19692320501224,14.65756883663343,0.0,0.0,0.0,0.0,0.0,0.0,0.0,3.552713678800501e-15,0.0,0.0,0.0,0.0,0.17766856233493655,0.18083345980329923,0.0
0,spring_irrigation,春季灌溉日,55.0,1.75,0.25,31.733182571248353,22.93126706752056,5.884898676186372,0.0,5.0,-5.0,0.0,48.333003188803644,0.0,15.349395965990979,0.0,0.0,0.0,7.548148270482533,24.154074465544106,1.9616328920621242,5.884898676186372,0.0,0.0,2.0900394550106314,0.0,31.644118527152504,1.2228073980235432,0.0,36.047498602705964,0.0,0.0,0.0,0.0,0.0,0.0,9.912807521495449,5.275374632697171,10.70850270839529,4.51286839609892,1.7403799405145783,0.0,52.0,7.8,41.0,45.0,0.0,0.496704111133722,1.0,21.57856414844888,17.19845030064042,2.6482044042838675,31.733182571248353,63.68239915479462,48.333003188803644,15.349395965990979,0.0,0.0,0.0,0.0,0.0,0.0,0.0,0.0,0.0,0.0,0.0,0.0,0.14278772102677095,0.0719549158754953,0.0
0,spring_irrigation,春季灌溉日,55.0,2.0,0.25,32.15257595396745,23.279687031202833,5.886962283352347,0.0,5.0,-5.0,0.0,48.861965679228774,0.0,17.482524452248597,0.0,0.0,0.0,7.657029509133243,24.502494429226378,1.9623207611174491,5.886962283352347,0.0,0.0,2.0900394550106314,0.0,32.13892069179117,1.2228073980235432,0.0,36.31989161043521,0.0,0.0,0.0,0.0,0.0,0.0,9.95023332540903,5.288718411888175,10.740021304450194,4.515552595153539,1.743443365666653,0.0,52.0,7.8,41.0,45.0,0.0,0.5174676431281153,1.0,21.863751648697868,17.459765273402127,2.6491330275085563,32.15257595396745,66.34449013147737,48.861965679228774,17.482524452248597,0.0,0.0,0.0,0.0,0.0,0.0,0.0,0.0,0.0,0.0,0.0,0.0,0.34841996368227157,0.002063607165974979,0.0
0,spring_irrigation,春季灌溉日,55.0,2.25,0.25,32.42177377391137,23.435186763635294,5.771287069503808,0.0,5.0,-5.0,0.0,49.14119876094166,0.0,19.86282901900701,0.0,0.0,0.0,7.705623175518387,24.657994161658838,1.9237623565012694,5.771287069503808,0.0,0.0,2.0900394550106314,0.0,32.633698116321604,1.2228073980235432,0.0,36.59214842166058,0.0,0.0,0.0,0.0,0.0,0.0,9.99504897483637,5.305106424150434,10.775117459531034,4.518723405843835,1.7470307476126983,0.0,52.0,7.8,41.0,45.0,0.0,0.5382112599083124,1.0,22.04680616625973,17.57639007272647,2.5970791812767136,32.42177377391137,69.00402777994867,49.14119876094166,19.86282901900701,0.0,0.0,0.0,0.0,0.0,0.0,0.0,0.0,0.0,0.0,0.0,0.0,0.1554997324324603,-0.1156752138485393,0.0
0,spring_irrigation,春季灌溉日,55.0,2.5,0.25,32.66353443718609,23.66055283576531,5.771453861645391,0.0,5.0,-5.0,0.0,49.45344191913753,0.0,19.836503041369554,0.0,0.0,0.0,7.776050073059016,24.883360233788853,1.923817953881797,5.771453861645391,0.0,0.0,2.0900394550106314,0.0,33.12845080198081,1.2228073980235432,0.0,36.86426910448034,0.0,0.0,0.0,0.0,0.0,0.0,10.048677050125622,5.325096554259678,10.813992157972052,4.522452792985491,1.751213308016154,0.0,52.0,7.8,41.0,45.0,0.0,0.5404413303973642,1.0,22.21120341728654,17.74541462682398,2.5971542377404258,32.66353443718609,69.28994496050709,49.45344191913753,19.836503041369554,0.0,0.0,0.0,0.0,0.0,0.0,0.0,0.0,0.0,0.0,0.0,0.0,0.22536607213001503,0.0001667921415826612,0.0
0,spring_irrigation,春季灌溉日,55.0,2.75,0.25,32.89926901490866,24.030004370078792,5.727052444964369,0.0,5.0,-5.0,0.0,49.789829629106066,0.0,19.45840196985199,0.0,0.0,0.0,7.89150367753198,25.252811768102337,1.9090174816547896,5.727052444964369,0.0,0.0,2.0900394550106314,0.0,33.623178750005735,1.2228073980235432,0.0,37.1362537269587,0.0,0.0,0.0,0.0,0.0,0.0,10.112970043782079,5.3493140808606086,10.856824064242273,4.526820040571981,1.7560683338523049,0.0,52.0,7.8,41.0,45.0,0.0,0.5401159783621772,1.0,22.37150293013789,18.022503277559096,2.5771736002339662,32.89926901490866,69.24823159895806,49.789829629106066,19.45840196985199,0.0,0.0,0.0,0.0,0.0,0.0,0.0,0.0,0.0,0.0,0.0,0.0,0.3694515343134839,-0.04440141668102182,0.0
0,spring_irrigation,春季灌溉日,55.0,3.0,0.25,32.961012593684394,24.302150984821022,5.621120002110688,0.0,5.0,-5.0,0.0,49.90130821070419,0.0,18.310652485745052,0.0,0.0,0.0,7.976549494638927,25.524958382844567,1.8737066673702294,5.621120002110688,0.0,0.0,2.0900394550106314,0.0,34.11788196163326,1.2228073980235432,0.0,37.40810235712581,0.0,0.0,0.0,0.0,0.0,0.0,10.190236906415008,5.378451444172439,10.90376344154715,4.531911853237057,1.7616790123664805,0.0,52.0,7.8,41.0,45.0,0.0,0.5320333680278329,1.0,22.41348856370539,18.226613238615766,2.5295040009498098,32.961012593684394,68.21196069644924,49.90130821070419,18.310652485745052,0.0,0.0,0.0,0.0,0.0,0.0,0.0,7.105427357601002e-15,0.0,0.0,0.0,0.0,0.2721466147422298,-0.10593244285368097,0.0
0,spring_irrigation,春季灌溉日,55.0,3.25,0.25,33.30069993366272,24.67708585212846,5.464433540616786,0.0,5.0,-5.0,0.0,50.30593387621812,0.0,14.963962099421877,0.0,0.0,0.0,8.0937166406725,25.899893250152004,1.8214778468722619,5.464433540616786,0.0,0.0,2.0900394550106314,0.0,34.6125604381002,1.2228073980235432,0.0,37.679815062977845,0.0,0.0,0.0,0.0,0.0,0.0,10.283221128857399,5.4132656812450755,10.954925971858293,4.5378223194723715,1.7681341098679377,0.0,52.0,7.8,41.0,45.0,0.0,0.5090861226124187,1.0,22.644475954890652,18.507814389096346,2.4589950932775535,33.30069993366272,65.26989597564,50.30593387621812,14.963962099421877,0.0,0.0,0.0,0.0,0.0,0.0,0.0,0.0,0.0,0.0,0.0,0.0,0.37493486730743797,-0.1566864614939023,0.0
0,spring_irrigation,春季灌溉日,55.0,3.5,0.25,33.300260259526816,25.152953826977075,5.442305966332503,0.0,5.0,-5.0,0.0,50.44682708612764,0.0,13.010185010666774,0.0,0.0,0.0,8.242425382812693,26.37576122500062,1.814101988777501,5.442305966332503,0.0,0.0,2.0900394550106314,0.0,35.107214180643325,1.2228073980235432,0.0,37.95139191247695,0.0,0.0,0.0,0.0,0.0,0.0,10.395009413379398,5.4545730722215575,11.010386651381435,4.54465271070702,1.7755274736669184,0.0,52.0,7.8,41.0,45.0,0.0,0.4949461579191624,1.0,22.644176976478235,18.86471537023281,2.4490376848496265,33.300260259526816,63.457012096794415,50.44682708612764,13.010185010666774,0.0,0.0,0.0,0.0,0.0,0.0,0.0,0.0,0.0,0.0,0.0,0.0,0.4758679748486152,-0.02212757428428258,0.0
0,spring_irrigation,春季灌溉日,55.0,3.75,0.25,33.571069034432966,25.68130167573259,5.471932425955609,0.0,5.0,-5.0,0.0,50.892620050310924,0.0,10.419234954131483,0.0,0.0,0.0,8.407534085548791,26.904109073756135,1.8239774753185365,5.471932425955609,0.0,0.0,2.0900394550106314,0.0,35.60184319049932,1.2228073980235432,0.0,38.222832973551306,0.0,0.0,0.0,0.0,0.0,0.0,10.52885234321831,5.503240565354152,11.070173957918811,4.552511090274011,1.7839573379262563,0.0,52.0,7.8,41.0,45.0,0.0,0.4782145592209264,1.0,22.828326943414417,19.260976256799445,2.4623695916800243,33.571069034432966,61.31185500444241,50.892620050310924,10.419234954131483,0.0,0.0,0.0,0.0,0.0,0.0,0.0,0.0,0.0,0.0,0.0,0.0,0.5283478487555158,0.02962645962310617,0.0
0,spring_irrigation,春季灌溉日,55.0,4.0,0.25,33.8556142573304,26.25870180745702,5.536241746417611,0.0,5.0,-5.0,0.0,51.37903925452625,0.0,9.149401351595564,0.0,0.0,0.0,8.587971626712676,27.481509205480563,1.8454139154725369,5.536241746417611,0.0,0.0,2.0900394550106314,0.0,36.09644746890481,1.2228073980235432,0.0,38.494138314095125,0.0,0.0,0.0,0.0,0.0,0.0,10.687885732733138,5.560173602099747,11.134264504430655,4.56151170707277,1.793525416576284,0.0,52.0,7.8,41.0,45.0,0.0,0.47210415575730486,1.0,23.021817694984676,19.694026355592765,2.491308785887925,33.8556142573304,60.52844060612181,51.37903925452625,9.149401351595564,0.0,0.0,0.0,0.0,0.0,0.0,0.0,0.0,0.0,0.0,0.0,0.0,0.5774001317244277,0.06430932046200155,0.0
0,spring_irrigation,春季灌溉日,55.0,4.25,0.25,34.038668911443686,26.767292134928635,5.557418590235083,0.0,5.0,-5.0,0.0,51.728087333913564,0.0,6.372661937214943,0.0,0.0,0.0,8.746906104047556,27.99009953295218,1.8524728634116945,5.557418590235083,0.0,0.0,2.0900394550106314,0.0,36.591027017096394,1.2228073980235432,0.0,38.76530800196867,0.0,0.0,0.0,0.0,0.0,0.0,10.874754103921626,5.62630005008622,11.202578404828042,4.57177415051892,1.8043357698048252,0.0,52.0,7.8,41.0,45.0,0.0,0.45316887249758014,1.0,23.146294859781708,20.075469101196475,2.5008383656057873,34.038668911443686,58.10074927112851,51.728087333913564,6.372661937214943,0.0,0.0,0.0,0.0,0.0,0.0,0.0,0.0,0.0,0.0,0.0,0.0,0.5085903274716159,0.021176843817472424,0.0
0,spring_irrigation,春季灌溉日,55.0,4.5,0.25,34.28806991012923,27.597868290798477,5.602036753365284,0.0,5.0,-5.0,0.0,52.25191610235184,0.0,6.072752665600746,0.0,0.0,0.0,9.00646115275688,28.82067568882202,1.8673455844550946,5.602036753365284,0.0,0.0,2.0900394550106314,0.0,37.08558183631057,1.2228073980235432,0.0,39.036342104998276,0.0,0.0,0.0,0.0,0.0,0.0,11.091155434430153,5.702550073337913,11.27497558216403,4.583422246266781,1.8164934350259616,0.0,52.0,7.8,41.0,45.0,0.0,0.45491537916365543,1.0,23.31588753888788,20.69840121809886,2.5209165390143777,34.28806991012923,58.32466876795259,52.25191610235184,6.072752665600746,0.0,0.0,0.0,0.0,0.0,0.0,0.0,7.105427357601002e-15,0.0,0.0,0.0,0.0,0.8305761558698421,0.04461816313020073,0.0
0,spring_irrigation,春季灌溉日,55.0,4.75,0.25,34.97738486033079,28.15010944061038,5.688768112708146,0.0,5.0,-5.0,0.0,53.1427168649839,0.0,4.11935250745038,0.0,0.0,0.0,9.1790365120731,29.372916838633923,1.8962560375693822,5.688768112708146,0.0,0.0,2.0900394550106314,0.0,37.580111927783776,1.2228073980235432,0.0,39.30724069097637,0.0,0.0,0.0,0.0,0.0,0.0,11.337346951115439,5.789831926296887,11.351253244595664,4.596582676284135,1.8301028186594543,0.0,52.0,7.8,41.0,45.0,0.0,0.4466274142746565,1.0,23.784621705024936,21.112582080457784,2.559945650718666,34.97738486033079,57.26206937243428,53.1427168649839,4.11935250745038,0.0,0.0,0.0,0.0,0.0,0.0,0.0,7.105427357601002e-15,0.0,0.0,0.0,0.0,0.552241149811902,0.08673135934286247,0.0
0,spring_irrigation,春季灌溉日,55.0,5.0,0.25,35.397195637623064,28.656746947505827,5.85103718026324,0.0,5.0,-5.0,0.0,53.77494155236604,0.0,2.431452043774371,0.0,0.0,0.0,9.337360732977928,29.87955434552937,1.9503457267544133,5.85103718026324,0.0,0.0,2.0900394550106314,0.0,38.074617292752414,1.2228073980235432,0.0,39.578003827661476,0.0,0.0,0.0,0.0,0.0,0.0,11.611671817017225,5.889003849058259,11.431144739656018,4.611383312205518,1.8452658514823517,0.0,52.0,7.8,41.0,45.0,0.0,0.4383934515931489,1.0,24.070093033583685,21.49256021062937,2.632966731118458,35.397195637623064,56.20639359614041,53.77494155236604,2.431452043774371,0.0,0.0,0.0,0.0,0.0,0.0,0.0,0.0,0.0,0.0,0.0,0.0,0.5066375068954478,0.1622690675550933,0.0
0,spring_irrigation,春季灌溉日,55.0,5.25,0.25,35.98852569706276,29.291417515687684,5.946920545683205,0.0,5.0,-5.0,0.0,54.59656728616922,0.0,1.224214119814505,0.0,0.0,0.0,9.535695285534759,30.514224913711228,1.9823068485610682,5.946920545683205,0.0,0.0,2.0900394550106314,0.0,38.5690979324528,1.2228073980235432,0.0,39.84863158277824,0.0,0.0,0.0,0.0,0.0,0.0,11.91018151168615,6.00084246145979,11.514319971713618,4.6279512574984665,1.8620799176630443,0.0,52.0,7.8,41.0,45.0,0.0,0.43538578915115245,1.0,24.47219747400268,21.968563136765763,2.676114245557442,35.98852569706276,55.82078140598372,54.59656728616922,1.224214119814505,0.0,0.0,0.0,0.0,0.0,0.0,0.0,0.0,0.0,0.0,0.0,0.0,0.634670568181857,0.09588336541996512,0.0
0,spring_irrigation,春季灌溉日,55.0,5.5,0.25,36.40359827586393,29.954742947580122,6.017184158141165,0.0,5.0,-5.0,0.0,52.77018349969644,0.0,1.1159790845232962,0.0,0.0,0.0,9.360857171118788,29.954742947580122,2.005728052713722,6.017184158141165,0.0,0.0,0.0,0.0,38.56716947755618,0.0,0.0,39.828707266986854,0.0,0.0,0.0,0.0,0.0,0.0,12.226433733752835,6.126008296060231,11.600387530629064,4.646410601804602,1.8806355757221045,0.0,52.0,7.8,41.0,45.0,0.0,0.42029632746314216,1.0,24.754446827587472,22.466057210685094,2.7077328711635245,36.40359827586393,53.88616258421973,52.77018349969644,1.1159790845232962,0.0,0.0,0.0,0.0,0.0,0.0,0.0,0.0,0.0,0.0,0.0,0.0,-0.5594819661311057,0.07026361245796053,0.0
0,spring_irrigation,春季灌溉日,55.0,5.75,0.25,37.06776141742135,30.537613719167645,6.1486277099095386,0.0,3.3383964438803773,-3.3383964438803773,0.0,51.99870471851146,0.0,0.0,0.0,0.0,0.0,9.543004287239889,30.537613719167645,2.049542569969846,6.1486277099095386,0.0,0.0,0.0,0.0,38.5652411190823,0.0,0.0,39.808792913353365,0.0,0.0,0.0,0.0,0.0,0.0,12.55153690905619,6.265009364636482,11.688898631664683,4.666879899763706,1.9010140983968118,0.0,52.0,7.8,41.0,45.0,0.0,0.4055747074561737,1.0,25.206077763846523,22.903210289375735,2.7668824694592926,37.06776141742135,51.99870471851146,51.99870471851146,0.0,0.0,0.0,0.0,0.0,0.0,0.0,0.0,0.0,0.0,0.0,1.6616035561196227,0.0,0.5828707715875225,0.1314435517683732,0.0
0,spring_irrigation,春季灌溉日,55.0,6.0,0.25,37.74600474489888,31.056249958578142,6.153137947921031,0.0,2.3805267323528554,-2.3805267323528554,0.4598593604980721,51.07933392290666,9.992007221626409e-16,0.0,0.0,0.0,0.0,9.361615823512649,29.95717063524048,2.0510459826403435,6.153137947921031,0.0,0.0,0.0,0.0,38.56331285702635,0.0,1.0990793233376606,39.49965711601836,0.0,0.0,0.0,0.0,0.0,0.0,12.874488228218155,6.41816390702862,11.779352908350564,4.6894693965312575,1.9232848674778156,0.0,52.0,7.8,41.0,45.0,0.01388224328883126,0.3984038838079757,1.0,25.667283226531243,23.292187468933605,2.768912076564464,37.74600474489888,51.539193283404735,51.539193283404735,9.992007221626409e-16,0.0,0.0,0.0,0.0,0.0,0.0,0.0,0.0,0.0,0.0,0.9578697115275219,0.0,-0.5804430839271646,0.004510238011492085,0.0
0,spring_irrigation,春季灌溉日,55.0,6.25,0.25,38.49541182901382,31.40015887391489,6.237979742092146,0.08194431986405704,0.0,0.08194431986405704,0.7218336350392818,49.24004781436325,-1.2212453270876722e-15,0.0,0.0,0.0,0.0,9.469087359555383,30.301079550577228,2.079326580697382,6.237979742092146,0.0,0.0,0.0,0.0,38.561384691383495,0.0,1.0990793233376606,39.19067588658203,0.0,0.0,0.0,0.0,0.0,0.0,13.182814114102749,6.585563710145262,11.871206032565768,4.714278032830902,1.9475026688481034,0.0,52.0,7.8,41.0,45.0,0.02179072776690541,0.384057989435435,1.0,26.176880043729398,23.550119155436168,2.807090883941466,38.49541182901382,49.96188144940253,49.96188144940253,-1.2212453270876722e-15,0.04506937592523137,0.011267343981307843,0.6197039189719313,0.0,0.0,0.0,0.0,7.105427357601002e-15,0.0,0.0,2.4624710522169124,0.0,0.3439089153367476,0.08484179417111548,0.0
0,spring_irrigation,春季灌溉日,55.0,6.5,0.25,39.00739886891425,31.741094341032717,6.356028969268824,0.4638359874464758,0.0,0.4638359874464758,1.4687257591818934,48.39742877495034,-3.1086244689504383e-15,0.0,0.757634371372949,0.26517202998053213,0.3409354671178271,9.469087359555383,30.301079550577228,2.1186763230896077,6.356028969268824,0.0,0.0,0.0,0.0,38.55945662214893,0.0,1.0990793233376606,38.88184914776041,0.0,0.0,0.0,0.0,0.0,0.0,13.463475198606309,6.767039592302193,11.963879061509983,4.741390273451254,1.9737049418543704,0.0,52.0,7.8,41.0,45.0,0.04433792168860686,0.37748580706556856,1.0,26.525031230861693,23.805820755774537,2.8602130361709706,39.00739886891425,49.866154534132235,49.866154534132235,-3.1086244689504383e-15,0.40663666737015147,0.10165916684253787,5.591254176339583,0.0,0.0,0.0,0.0,0.0,0.0,0.0,0.38189166758241877,0.26517202998053213,0.0,0.11804922717667754,0.0
0,spring_irrigation,春季灌溉日,55.0,6.75,0.25,39.87236358968557,31.668442756691213,6.38669736464699,0.0,0.26837899075482596,-0.26837899075482596,0.0,51.82256777491238,2.257735840163122,0.7508103083563071,0.0,0.0,0.0,9.552926072922984,30.56936343335355,2.1288991215489967,6.38669736464699,0.0,0.0,0.0,0.0,38.557528649317824,0.0,1.0990793233376606,38.573176822308206,0.0,0.0,0.0,0.0,0.0,0.0,13.703950287135397,6.9621308066597605,12.056769332108987,4.7708728142498655,2.0019090454130857,0.0,52.0,7.8,41.0,45.0,0.06815657330778557,0.41005699183337074,1.0,27.11320724098619,23.751332067518412,2.8740138140911453,39.87236358968557,54.83111392343181,51.82256777491238,3.008546148519429,0.0,0.0,0.0,0.0,0.0,0.0,0.0,0.0,0.0,0.0,-0.7322149782013018,-0.26517202998053213,0.2682838827763234,0.030668395378166124,0.0
0,spring_irrigation,春季灌溉日,55.0,7.0,0.25,48.9269707481529,31.65438691594452,6.374156198015402,0.0,0.26837899075482596,-0.26837899075482596,3.537337124377295,54.79358601938786,1.3322676295501878e-15,0.0,0.0,0.0,0.0,9.548533622689643,30.55530759260686,2.1247187326718007,6.374156198015402,0.0,0.0,0.0,2.537678950504013,37.887790522752724,0.0,1.0990793233376606,38.26465883301872,0.0,0.0,0.0,0.0,0.0,0.0,13.893374905863718,7.170060210492144,12.149262642904743,4.802771233561842,2.0321096105102945,8.5,88.0,13.2,41.0,45.0,0.10678520167999529,0.4273739651898791,1.0,33.27034010874397,23.740790186958392,2.868370289106931,48.9269707481529,58.330923143765155,58.330923143765155,1.3322676295501878e-15,0.0,0.0,0.0,0.0,0.0,0.0,0.0,-7.105427357601002e-15,0.0,0.0,0.0,0.0,-0.014055840746692638,-0.012541166631588219,0.0
0,spring_irrigation,春季灌溉日,55.0,7.25,0.25,49.41538521323825,31.560286578314784,6.403425628603345,0.0,3.937128979924161,-3.937128979924161,4.718337935640967,57.75009978373223,3.552713678800501e-15,0.0,0.0,0.0,0.0,9.51912726718035,30.461207254977122,2.134475209534448,6.403425628603345,0.0,0.0,0.0,2.537678950504013,37.218085883093956,0.0,1.0990793233376606,37.956295102723885,0.0,0.0,0.0,0.0,0.0,0.0,14.02358873439263,7.3897170589453705,12.240746385326313,4.837106663981148,2.0642760546006094,8.5,88.0,13.2,41.0,45.0,0.14243727706346054,0.45043390892415536,1.0,33.60246194500201,23.670214933736087,2.881541532871505,49.41538521323825,62.4684377193732,62.4684377193732,3.552713678800501e-15,0.0,0.0,0.0,0.0,0.0,0.0,0.0,-7.105427357601002e-15,0.0,0.0,-3.668749989169335,0.0,-0.09410033762973669,0.02926943058794329,0.0
0,spring_irrigation,春季灌溉日,55.0,7.5,0.25,49.70894137633568,31.304470111770517,6.565360509033296,0.0,5.0,-5.0,1.192482732604219,62.606417817623814,5.13813289556785,0.0,0.0,0.0,0.0,9.439184621385266,30.205390788432855,2.1884535030110985,6.565360509033296,0.0,0.0,0.0,2.537678950504013,36.54841472866717,0.0,1.0990793233376606,37.6480855542942,0.0,0.0,0.0,0.0,0.0,0.0,14.08994854284147,7.6196492000371485,12.330623214504621,4.87387256931688,2.098350337462102,8.5,88.0,13.2,41.0,45.0,0.19110874729868688,0.4883117710088342,1.0,33.80208013590826,23.47835258382789,2.954412229064983,49.70894137633568,68.93703344579589,63.79890055022803,5.13813289556785,0.0,0.0,0.0,0.0,0.0,0.0,0.0,0.0,0.0,0.0,-1.0628710200758391,0.0,-0.2558164665442675,0.16193488042995074,0.0
0,spring_irrigation,春季灌溉日,55.0,7.75,0.25,50.14237807820871,30.867314754479487,6.946960137798364,0.0,5.0,-5.0,0.0,64.22292607920264,7.907511222314361,1.4213851182890664,0.0,0.0,0.0,9.30257357223182,29.768235431141825,2.3156533792661214,6.946960137798364,0.0,0.0,0.0,2.537678950504013,35.878777057798104,0.0,1.0990793233376606,37.34003011063872,0.0,0.0,0.0,0.0,0.0,0.0,14.091790605071209,7.858066262934199,12.418324788782202,4.91303171864422,2.134245039963459,8.5,88.0,13.2,41.0,45.0,0.23871210206188984,0.5120064519723841,1.0,34.096817093181926,23.150486065859617,3.1261320620092636,50.14237807820871,73.55182241980606,64.22292607920264,9.328896340603428,0.0,0.0,0.0,0.0,0.0,0.0,0.0,0.0,0.0,0.0,0.0,0.0,-0.4371553572910294,0.38159962876506803,0.0
0,spring_irrigation,春季灌溉日,55.0,8.0,0.25,50.57890220879519,30.396302401873587,7.267652722855844,0.0,5.0,-5.0,0.0,64.61915637795227,9.767843137281485,0.5559481389803693,0.0,0.0,0.0,9.155382212042475,29.297223078535925,2.4225509076186147,7.267652722855844,0.0,0.0,0.0,2.537678950504013,35.20917286881258,0.0,1.0990793233376606,37.03212869470507,0.0,0.0,0.0,0.0,0.0,0.0,14.032475082815562,8.102855139861996,12.503325061083858,4.95451345430169,2.1718418466392184,8.5,90.64,13.596,41.0,45.0,0.29487183797240674,0.5083467769240463,1.0,34.39365350198074,22.79722680140519,3.2704437252851295,50.57890220879519,74.94294765421412,64.61915637795227,10.323791276261854,0.0,0.0,0.0,0.0,0.0,0.0,0.0,0.0,0.0,0.0,0.0,0.0,-0.4710123526059,0.32069258505748,0.0
0,spring_irrigation,春季灌溉日,55.0,8.25,0.25,50.812710291729296,29.817708786192604,7.379542483914789,0.0,5.0,-5.0,0.0,64.70945054300572,11.467046739976755,2.530445136565021,0.0,0.0,0.0,8.974571707142168,28.718629462854942,2.459847494638263,7.379542483914789,0.0,0.0,0.0,2.537678950504013,34.53960216003651,0.0,1.0990793233376606,36.72438122947939,0.0,0.0,0.0,0.0,0.0,0.0,13.919006017567334,8.351608664873236,12.585152578427813,4.998211352998994,2.210990509706667,8.5,90.64,13.596,41.0,45.0,0.34616742926867905,0.5244515448462156,1.0,34.55264299837592,22.36328158964445,3.320794117761655,50.812710291729296,78.70694241954749,64.70945054300572,13.997491876541776,0.0,0.0,0.0,0.0,0.0,0.0,0.0,7.105427357601002e-15,0.0,0.0,0.0,0.0,-0.5785936156809832,0.11188976105894533,0.0
0,spring_irrigation,春季灌溉日,55.0,8.5,0.25,50.707506758787346,29.115679644196224,7.556810381411959,0.0,5.0,-5.0,0.0,64.44395220235562,13.513430510697889,2.5077664563842887,0.0,0.0,0.0,8.7551876002683,28.01660032085856,2.5189367938039866,7.556810381411959,0.0,0.0,0.0,2.537678950504013,33.87006492979587,0.0,1.0990793233376606,36.416787637986324,0.0,0.0,0.0,0.0,0.0,0.0,13.761282916034316,8.601667897852723,12.663401241641536,5.0439813785173095,2.2515083660373563,8.5,90.64,13.596,41.0,45.0,0.4079437022072087,0.5222038482631611,1.0,34.481104595975395,21.83675973314717,3.4005646716353817,50.707506758787346,80.4651491694378,64.44395220235562,16.021196967082176,0.0,0.0,0.0,0.0,0.0,0.0,0.0,0.0,0.0,0.0,0.0,0.0,-0.7020291419963804,0.17726789749717042,0.0
0,spring_irrigation,春季灌溉日,55.0,8.75,0.25,50.87872949406257,28.315973262528278,7.760873615172507,0.0,5.0,-5.0,0.234561146805234,64.19872662447456,15.025525565675789,0.0,0.0,0.0,0.0,8.505279355997066,27.216893939190616,2.586957871724169,7.760873615172507,0.0,0.0,0.0,2.537678950504013,33.20056117641675,0.0,1.0990793233376606,36.10934784328901,0.0,0.0,0.0,0.0,0.0,0.0,13.571091784309521,8.850177843718843,12.737738998600635,5.0916406205124645,2.293180469561384,8.5,90.64,13.596,41.0,45.0,0.4606717934845875,0.500731314572743,1.0,34.59753605596255,21.23697994689621,3.4923931268276283,50.87872949406257,79.45881333695559,64.4332877712798,15.025525565675789,0.0,0.0,0.0,0.0,0.0,0.0,0.0,7.105427357601002e-15,0.0,0.0,0.0,0.0,-0.7997063816679457,0.20406323376054747,0.0
0,spring_irrigation,春季灌溉日,55.0,9.0,0.25,51.21587367188964,27.770820515954806,7.964260135294969,0.0,5.0,-5.0,3.586383109107331,61.08148411340281,13.270449608798927,0.0,0.0,0.0,0.0,8.334919122692858,26.671741192617144,2.6547533784316566,7.964260135294969,0.0,0.0,0.0,2.537678950504013,32.531090898225294,0.0,1.0990793233376606,35.80206176848904,0.0,0.0,0.0,0.0,0.0,0.0,13.36097555473296,9.094155795212528,12.807913992790407,5.14096670648026,2.3357603896906465,8.5,90.64,13.596,41.0,45.0,0.508874392848389,0.4764177335644877,1.0,34.82679409688496,20.828115386966104,3.583917060882736,51.21587367188964,77.93831683130907,64.66786722251014,13.270449608798927,0.0,0.0,0.0,0.0,0.0,0.0,0.0,0.0,0.0,0.0,0.0,0.0,-0.5451527465734713,0.2033865201224625,0.0
0,spring_irrigation,春季灌溉日,55.0,9.25,0.25,51.58329830001796,27.208233251952468,8.24326984929252,0.0,5.0,-5.0,6.756484838864438,58.19600172977246,11.673199867285106,0.0,0.0,0.0,0.0,8.159110602692126,26.109153928614806,2.74775661643084,8.24326984929252,0.0,0.0,0.0,2.537678950504013,31.861654093547745,0.0,1.0990793233376606,35.49492933672647,0.0,0.0,0.0,0.0,0.0,0.0,13.143131265968776,9.330570809099097,12.87375776517024,5.191697962944294,2.3789717117764724,8.5,90.64,13.596,41.0,45.0,0.5563556791583297,0.45391181385079526,1.0,35.07664284401221,20.40617493896435,3.709471432181634,51.58329830001796,76.625686435922,64.9524865686369,11.673199867285106,0.0,0.0,0.0,0.0,0.0,0.0,0.0,-7.105427357601002e-15,0.0,0.0,0.0,0.0,-0.5625872640023388,0.27900971399755115,0.0
0,spring_irrigation,春季灌溉日,55.0,9.5,0.25,51.74245221730801,26.750513825116418,8.442498912519962,0.0,5.0,-5.0,13.891950335737214,54.02420375609301,5.984651059771192,0.0,0.0,0.0,0.0,8.35953557034888,26.750513825116418,2.814166304173321,8.442498912519962,0.0,0.0,0.0,0.0,31.86006101084307,0.0,0.0,35.47718187205811,0.0,0.0,0.0,0.0,0.0,0.0,12.928464489322701,9.556432141060757,12.935185210193577,5.2435343874494835,2.422510258669528,8.5,90.64,13.596,41.0,45.0,0.6000352282243624,0.42137300828052954,1.0,35.184867507769454,20.062885368837314,3.799124510633983,51.74245221730801,73.90080515160142,67.91615409183022,5.984651059771192,0.0,0.0,0.0,0.0,0.0,0.0,0.0,7.105427357601002e-15,0.0,0.0,0.0,0.0,0.6413598965016121,0.19922906322744183,0.0
0,spring_irrigation,春季灌溉日,55.0,9.75,0.25,51.687581334955354,26.33510054021609,8.568413040813095,0.0,5.0,-5.0,16.136651563845092,51.63678637019882,5.066920583339201,0.0,0.0,0.0,0.0,8.229718918817527,26.33510054021609,2.8561376802710314,8.568413040813095,0.0,0.0,0.0,0.0,31.858468007792528,0.0,0.0,35.459443281122084,0.0,0.0,0.0,0.0,0.0,0.0,12.72589555881178,9.76888380871087,12.99219111378107,5.29613947520614,2.4660470335489744,8.5,90.64,13.596,41.0,45.0,0.6400938469985369,0.4027518500593496,1.0,35.14755530776964,19.751325405162067,3.8557858683658925,51.687581334955354,72.84035851738311,67.77343793404391,5.066920583339201,0.0,0.0,0.0,0.0,0.0,0.0,0.0,0.0,0.0,0.0,0.0,0.0,-0.41541328490032825,0.12591412829313242,0.0
0,spring_irrigation,春季灌溉日,55.0,10.0,0.25,51.890937372662684,25.8373984789607,8.91234667537874,0.0,5.0,-5.0,16.497302788643367,51.43860383382078,6.236717146041098,0.0,0.0,0.0,0.0,8.074187024675219,25.8373984789607,2.970782225126247,8.91234667537874,0.0,0.0,0.0,0.0,31.85687508439214,0.0,0.0,35.44171355948153,0.0,0.0,0.0,0.0,0.0,0.0,12.541965635788236,9.965301861921935,13.044843247787504,5.349142923597687,2.5092318638689,8.5,90.64,13.596,41.0,45.0,0.6862950344744628,0.40120608416672665,1.0,35.285837413410626,19.378048859220527,4.010556003920433,51.890937372662684,74.17262376850525,67.93590662246415,6.236717146041098,0.0,0.0,0.0,0.0,0.0,0.0,0.0,-7.105427357601002e-15,0.0,0.0,0.0,0.0,-0.49770206125538863,0.3439336345656461,0.0
0,spring_irrigation,春季灌溉日,55.0,10.25,0.25,52.16788743662465,25.129569724768082,9.124913988176566,0.0,5.0,-5.0,16.19757620544963,51.864939766223905,8.051380913487684,0.0,0.0,0.0,0.0,7.852990538990025,25.129569724768082,3.041637996058855,9.124913988176566,0.0,0.0,0.0,0.0,31.85528224063792,0.0,0.0,35.42399270270179,0.0,0.0,0.0,0.0,0.0,0.0,12.380743076434058,10.143390452515625,13.093272156171755,5.402144214755273,2.551697705165552,8.5,90.64,13.596,41.0,45.0,0.7320279875588943,0.4045313799024279,1.0,35.47416345690477,18.84717729357606,4.106211294679455,52.16788743662465,76.11389688516121,68.06251597167353,8.051380913487684,0.0,0.0,0.0,0.0,0.0,0.0,0.0,0.0,0.0,0.0,0.0,0.0,-0.7078287541926187,0.21256731279782493,0.0
0,spring_irrigation,春季灌溉日,55.0,10.5,0.25,52.45401385597061,24.444760267803087,9.576510310015953,0.0,5.0,-5.0,18.627305721728526,49.657865821269205,6.604350457744211,0.0,0.0,0.0,0.0,7.638987583688464,24.444760267803087,3.192170103338651,9.576510310015953,0.0,0.0,0.0,0.0,31.853689476525886,0.0,0.0,35.40628070635044,0.0,0.0,0.0,0.0,0.0,0.0,12.243990427374488,10.301272447607232,13.137657935373054,5.454717051666488,2.5930655422873583,8.5,90.64,13.596,41.0,45.0,0.761693725847407,0.3873168478404306,1.0,35.66872942206002,18.333570200852314,4.309429639507179,52.45401385597061,74.88952200074195,68.28517154299773,6.604350457744211,0.0,0.0,0.0,0.0,0.0,0.0,0.0,7.105427357601002e-15,0.0,0.0,0.0,0.0,-0.6848094569649952,0.45159632183938747,0.0
0,spring_irrigation,春季灌溉日,55.0,10.75,0.25,52.636800661437405,24.07162311724338,9.911854856502037,0.0,5.0,-5.0,19.64129629383733,48.821838210572636,6.290301467700903,0.0,0.0,0.0,0.0,7.522382224138556,24.07162311724338,3.3039516188340126,9.911854856502037,0.0,0.0,0.0,0.0,31.85209679205206,0.0,0.0,35.38857756599727,0.0,0.0,0.0,0.0,0.0,0.0,12.13152537563986,10.437570155756214,13.178214476875885,5.506414597592846,2.632949805109906,8.5,90.64,13.596,41.0,45.0,0.7828235758947747,0.3807960766891285,1.0,35.79302444977744,18.053717337932536,4.4603346854259165,52.636800661437405,74.75343597211086,68.46313450440996,6.290301467700903,0.0,0.0,0.0,0.0,0.0,0.0,0.0,-7.105427357601002e-15,0.0,0.0,0.0,0.0,-0.37313715055970675,0.335344546486084,0.0
0,spring_irrigation,春季灌溉日,55.0,11.0,0.25,52.723105402095186,23.63807124996706,10.227530471494198,0.0,5.0,-5.0,25.182862516162494,45.80848374227178,1.1075056839845416,0.0,0.0,0.0,0.0,7.769024577497063,24.860878647990603,3.4091768238313995,10.227530471494198,0.0,0.0,2.0900394550106314,0.0,32.34688855777748,1.2228073980235432,0.0,35.66130003424486,0.0,0.0,0.0,0.0,0.0,0.0,12.041697361012574,10.551471760801707,13.2151717944272,5.55677544278461,2.670964196758464,8.5,72.10000000000001,10.815000000000001,41.0,45.0,0.7936541448500607,0.3572927920677369,1.0,35.85171167342473,17.728553437475295,4.602388712172389,52.723105402095186,72.09885194241882,70.99134625843428,1.1075056839845416,0.0,0.0,0.0,0.0,0.0,0.0,0.0,-7.105427357601002e-15,0.0,0.0,0.0,0.0,0.7892555307472229,0.3156756149921609,0.0
0,spring_irrigation,春季灌溉日,55.0,11.25,0.25,52.87900864488936,23.188177803896888,10.458044611183482,0.0,3.4322217013734573,-3.4322217013734573,26.14632035998902,43.36939718727906,3.552713678800501e-15,0.0,0.0,0.0,0.0,7.628432875600135,24.410985201920433,3.4860148703944938,10.458044611183482,0.0,0.0,2.0900394550106314,0.0,32.841655583914616,1.2228073980235432,0.0,35.933886141258334,0.0,0.0,0.0,0.0,0.0,0.0,11.97190422964634,10.642779306211432,13.248757192427256,5.605330197525103,2.7067278155469197,8.5,72.10000000000001,10.815000000000001,41.0,45.0,0.7893056258590841,0.3382686294206759,1.0,35.95772587852477,17.391133352922665,4.706120075032567,52.87900864488936,69.51571754726808,69.51571754726808,3.552713678800501e-15,0.0,0.0,0.0,0.0,0.0,0.0,0.0,0.0,0.0,0.0,1.5677782986265427,0.0,-0.44989344607017046,0.23051413968928358,0.0
0,spring_irrigation,春季灌溉日,55.0,11.5,0.25,53.094205263175446,22.73603492418951,10.881823485665642,0.5644651683191455,0.0,0.5644651683191455,26.324873876435383,39.409318394345014,7.105427357601002e-15,0.0,-0.0,0.0,0.0,7.487138225691579,23.958842322213055,3.6272744952218807,10.881823485665642,0.0,0.0,2.0900394550106314,0.0,33.33639787170044,1.2228073980235432,0.0,36.2063359552183,0.0,0.0,0.0,0.0,0.0,0.0,11.919086719363866,10.711934555504651,13.279176136549788,5.6516085873581305,2.739871437972284,8.5,72.10000000000001,10.815000000000001,41.0,45.0,0.7946958028747267,0.3073811716149077,1.0,36.10405957895931,17.052026193142133,4.896820568549539,53.094205263175446,65.7341922707804,65.7341922707804,7.105427357601002e-15,0.31045584257553005,0.07761396064388251,4.268767835413538,0.0,0.0,0.0,0.0,7.105427357601002e-15,0.0,0.0,3.996686869692603,0.0,-0.45214287970737743,0.42377887448216,0.0
0,spring_irrigation,春季灌溉日,55.0,11.75,0.25,53.211406367117974,22.281922923733113,11.176245407356125,1.4608010072459474,0.0,1.4608010072459474,27.124174940317012,37.36365868179433,-7.105427357601002e-15,0.0,0.8630920848013327,0.30208222968046644,0.38839143816059973,7.223855901123768,23.116338883596057,3.7254151357853753,11.176245407356125,0.0,0.0,2.0900394550106314,0.0,33.83111542237188,1.2228073980235432,0.0,36.478649544271285,0.0,0.0,0.0,0.0,0.0,0.0,11.880157948958125,10.760019773780916,13.30659375449952,5.695146905883207,2.77004381981523,8.5,72.10000000000001,10.815000000000001,41.0,45.0,0.818825118885187,0.29142562341492984,1.0,36.183756329640225,16.711442192799836,5.029310433310257,53.211406367117974,64.48783362211134,64.48783362211134,-7.105427357601002e-15,0.9760589709455377,0.24401474273638443,13.420810850501145,0.0,0.0,0.0,0.0,7.105427357601002e-15,0.0,0.0,0.8963358389268019,0.30208222968046644,-0.8425034386169976,0.29442192169048376,0.0
0,spring_irrigation,春季灌溉日,55.0,12.0,0.25,44.86654013995065,21.893531485572513,11.588404721017044,0.0,5.0,-5.0,26.249156078385035,36.79408099137237,2.0450454240155445,0.0,0.0,0.0,0.0,7.223855901123768,23.116338883596057,3.862801573672348,11.588404721017044,0.0,0.0,2.0900394550106314,0.0,34.325808237165745,1.2228073980235432,0.0,36.75082697652958,0.0,0.0,0.0,0.0,0.0,0.0,11.852345670946532,10.788731421297669,13.331117917380272,5.735495663618433,2.7969178662134566,0.0,72.10000000000001,10.815000000000001,41.0,45.0,0.8541459034216738,0.2869830838090498,1.0,30.509247295166446,16.420148614179386,5.2147821244576695,44.86654013995065,65.08828249377295,63.0432370697574,2.0450454240155445,0.0,0.0,0.0,0.0,0.0,0.0,0.0,0.0,0.0,0.0,-6.460801007245948,-0.30208222968046644,0.0,0.4121593136609185,0.0
0,spring_irrigation,春季灌溉日,55.0,12.25,0.25,44.737413723684625,21.661626348217926,12.101471129137142,0.0,5.0,-5.0,26.534028738886278,36.478633695221816,2.734089763565983,0.0,0.0,0.0,0.0,7.151385545700459,22.88443374624147,4.03382370971238,12.101471129137142,0.0,0.0,2.0900394550106314,0.0,34.820476317318914,1.2228073980235432,0.0,37.02286832007191,0.0,0.0,0.0,0.0,0.0,0.0,11.833443013426221,10.800325898479315,13.352784825942283,5.772227258905498,2.8201965198794525,0.0,72.10000000000001,10.815000000000001,41.0,45.0,0.883546528698068,0.2845226870444251,1.0,30.421441332105548,16.246219761163445,5.445662008111714,44.737413723684625,65.74675219767408,63.012662434108094,2.734089763565983,0.0,0.0,0.0,0.0,0.0,0.0,0.0,0.0,0.0,0.0,0.0,0.0,-0.2319051373545875,0.513066408120098,0.0
0,spring_irrigation,春季灌溉日,55.0,12.5,0.25,44.64942648216512,21.546738452897443,12.416096177734127,0.0,5.0,-5.0,28.11579434816123,34.877853393338704,1.690224539029007,0.0,0.0,0.0,0.0,7.115483078412808,22.769545850920988,4.138698725911376,12.416096177734127,0.0,0.0,2.0900394550106314,0.0,35.31511966406807,1.2228073980235432,0.0,37.29477364294247,0.0,0.0,0.0,0.0,0.0,0.0,11.821976393498934,10.797537794281572,13.371547949118714,5.804943489303339,2.8396182196477957,0.0,72.10000000000001,10.815000000000001,41.0,45.0,0.8997846759394349,0.27203706829387336,1.0,30.361610007872283,16.160053839673083,5.587243279980357,44.64942648216512,64.68387228052894,62.993647741499935,1.690224539029007,0.0,0.0,0.0,0.0,0.0,0.0,0.0,0.0,0.0,0.0,0.0,0.0,-0.11488789532048216,0.3146250485969855,0.0
0,spring_irrigation,春季灌溉日,55.0,12.75,0.25,44.605829475018425,21.48648690318358,12.683373344891795,0.0,5.0,-5.0,29.287739801008698,33.73257471311152,0.7372097759043719,0.0,0.0,0.0,0.0,7.096654469127226,22.709294301207123,4.227791114963932,12.683373344891795,0.0,0.0,2.0900394550106314,0.0,35.809738278649895,1.2228073980235432,0.0,37.56654301315159,0.0,0.0,0.0,0.0,0.0,0.0,11.817306347957976,10.783472513305995,13.387271035800197,5.833282719853247,2.8549617893015853,0.0,72.10000000000001,10.815000000000001,41.0,45.0,0.9063937598446362,0.26310422913560155,1.0,30.33196404301253,16.114865177387685,5.707518005201308,44.605829475018425,63.75752429002459,63.020314514120216,0.7372097759043719,0.0,0.0,0.0,0.0,0.0,0.0,0.0,0.0,0.0,0.0,0.0,0.0,-0.060251549713864705,0.26727716715766725,0.0
0,spring_irrigation,春季灌溉日,55.0,13.0,0.25,44.4733756313386,21.23968153108655,13.158234724706752,0.0,5.0,-5.0,27.589760096526064,35.37926102173899,1.8413207327166177,0.0,0.0,0.0,0.0,7.019527790346904,22.462488929110094,4.386078241568917,13.158234724706752,0.0,0.0,2.0900394550106314,0.0,36.30433216230099,1.2228073980235432,0.0,37.83817649867561,0.0,0.0,0.0,0.0,0.0,0.0,11.819678560682954,10.761476624226027,13.399725748880876,5.856926528266881,2.8660506289992798,0.0,72.10000000000001,10.815000000000001,41.0,45.0,0.8884660385781504,0.2759479013291498,1.0,30.241895429310247,15.929761148314913,5.921205626118039,44.4733756313386,64.81034185098167,62.969021118265054,1.8413207327166177,0.0,0.0,0.0,0.0,0.0,0.0,0.0,0.0,0.0,0.0,0.0,0.0,-0.2468053720970289,0.474861379814957,0.0
0,spring_irrigation,春季灌溉日,55.0,13.25,0.25,44.45008766010457,21.187630684387123,13.623299787528133,0.0,5.0,-5.0,27.68225769007892,35.40223125496566,0.6118586486680542,0.0,0.0,0.0,0.0,7.003261900753333,22.410438082410668,4.5410999291760445,13.623299787528133,0.0,0.0,2.0900394550106314,0.0,36.7989013162579,1.2228073980235432,0.0,38.109674167456866,0.0,0.0,0.0,0.0,0.0,0.0,11.830239561465014,10.73499070347649,13.408594260438436,5.87560565654106,2.8727560982735967,0.0,72.10000000000001,10.815000000000001,41.0,45.0,0.8541433324996479,0.2761270624384802,1.0,30.22605960887111,15.890723013290343,6.13048490438766,44.45008766010457,63.69634759371264,63.08448894504458,0.6118586486680542,0.0,0.0,0.0,0.0,0.0,0.0,0.0,0.0,0.0,0.0,0.0,0.0,-0.0520508466994265,0.46506506282138105,0.0
0,spring_irrigation,春季灌溉日,55.0,13.5,0.25,51.11032139633963,21.16750386455271,13.882980842973511,0.9276768461810576,0.0,0.9276768461810576,27.15735278668231,36.739963769033146,0.0,0.0,-0.0,0.0,0.0,6.996972269555079,22.390311262576255,4.62766028099117,13.882980842973511,0.0,0.0,2.0900394550106314,0.0,37.29344574175711,1.2228073980235432,0.0,38.38103608740373,0.0,0.0,0.0,0.0,0.0,0.0,11.851026006933896,10.70739075522518,13.413476908468702,5.889105113564341,2.875,6.5,72.10000000000001,10.815000000000001,41.0,45.0,0.8198266923543969,0.28656098528299256,1.0,34.75501854951095,15.875627898414532,6.2473413793380805,51.11032139633963,63.897316555715456,63.897316555715456,0.0,0.5102222653995817,0.12755556634989543,7.015556149244248,0.0,0.0,0.0,0.0,-7.105427357601002e-15,0.0,0.0,5.927676846181058,0.0,-0.020126819834413112,0.25968105544537856,0.0
0,spring_irrigation,春季灌溉日,55.0,13.75,0.25,50.94321382556272,21.32161257801613,14.144127380061635,0.13265388416336776,0.0,0.13265388416336776,25.874559637391656,38.78588012821794,-7.105427357601002e-15,0.0,-0.0,0.0,0.0,7.045131242512397,22.544419976039674,4.714709126687212,14.144127380061635,0.0,0.0,2.0900394550106314,0.0,37.787965440035045,1.2228073980235432,0.0,38.65226232639062,0.0,0.0,0.0,0.0,0.0,0.0,11.884929744974835,10.681825378347877,13.41390476116872,5.897268293550466,2.8727560982735967,6.5,72.10000000000001,10.815000000000001,41.0,45.0,0.7811017078973856,0.3025185352517473,1.0,34.64138540138266,15.991209433512097,6.364857321027736,50.94321382556272,64.6604397656096,64.6604397656096,-7.105427357601002e-15,0.07295963628985228,0.01823990907246307,1.0031949989854687,0.0,0.0,0.0,0.0,7.105427357601002e-15,0.0,0.0,-0.7950229620176898,0.0,0.15410871346341892,0.2611465370881234,0.0
0,spring_irrigation,春季灌溉日,55.0,14.0,0.25,51.25914493026677,21.351399088209106,14.162562313573138,0.0,0.9062801821814404,-0.9062801821814404,24.422503331554523,41.6082548673764,7.105427357601002e-15,0.0,0.0,0.0,0.0,7.054439526947703,22.57420648623265,4.7208541045243795,14.162562313573138,0.0,0.0,2.0900394550106314,0.0,38.28246041232807,1.2228073980235432,0.0,38.92335295225802,0.0,0.0,0.0,0.0,0.0,0.0,11.935634434978466,10.661056631885277,13.409356678259373,5.9,2.8660506289992798,6.5,72.10000000000001,10.815000000000001,41.0,45.0,0.7372670039894788,0.3245322337729411,1.0,34.85621855258141,16.01354931615683,6.373153041107912,51.25914493026677,66.03075819893093,66.03075819893093,7.105427357601002e-15,0.0,0.0,0.0,0.0,0.0,0.0,0.0,7.105427357601002e-15,0.0,0.0,-1.0389340663448081,0.0,0.02978651019297729,0.018434933511503715,0.0
0,spring_irrigation,春季灌溉日,55.0,14.25,0.25,51.12785302325455,21.383497999023568,14.48699860476694,0.0,0.9062801821814404,-0.9062801821814404,20.917347326035056,45.100295305911104,2.1920462817364843,0.0,0.0,0.0,0.0,7.064470436577222,22.606305397047112,4.828999534922313,14.48699860476694,0.0,0.0,2.0900394550106314,0.0,38.77693065987248,1.2228073980235432,0.0,39.194308032812486,0.0,0.0,0.0,0.0,0.0,0.0,12.0075144832162,10.647312939228124,13.399280214952329,5.897268293550466,2.8549617893015853,6.5,72.10000000000001,10.815000000000001,41.0,45.0,0.6976268221940233,0.3517691291331374,1.0,34.766940055813095,16.037623499267674,6.519149372145123,51.12785302325455,68.20968891368264,66.01764263194616,2.1920462817364843,0.0,0.0,0.0,0.0,0.0,0.0,0.0,7.105427357601002e-15,0.0,0.0,0.0,0.0,0.03209891081446159,0.3244362911938019,0.0
0,spring_irrigation,春季灌溉日,55.0,14.5,0.25,51.197452787653205,21.402267447992504,14.566911676569545,0.0,0.9062801821814404,-0.9062801821814404,20.729919676584977,45.38982586316349,0.8702791519725004,0.0,0.0,0.0,0.0,7.070335889380015,22.625074846016048,4.855637225523181,14.566911676569545,0.0,0.0,2.0900394550106314,0.0,39.27137618390451,1.2228073980235432,0.0,39.465127635826676,0.0,0.0,0.0,0.0,0.0,0.0,12.105484284037773,10.642162301300674,13.383115497430923,5.889105113564341,2.8396182196477957,6.5,72.10000000000001,10.815000000000001,41.0,45.0,0.652067220944216,0.35402738290489827,1.0,34.81426789560418,16.05170058599438,6.555110254456295,51.197452787653205,66.99002469172096,66.11974553974846,0.8702791519725004,0.0,0.0,0.0,0.0,0.0,0.0,0.0,0.0,0.0,0.0,0.0,0.0,0.01876944896893562,0.07991307180260421,0.0
0,spring_irrigation,春季灌溉日,55.0,14.75,0.25,51.37263075684093,21.422646300342127,14.45423414330732,0.0385672053224182,0.0,0.0385672053224182,20.321566850049315,44.975099875134795,0.0,0.0,0.04528633855471753,0.015850218494151136,0.02037885234962289,7.070335889380015,22.625074846016048,4.818078047769107,14.45423414330732,0.0,0.0,2.0900394550106314,0.0,39.76579698566034,1.2228073980235432,0.0,39.735811829039356,0.0,0.0,0.0,0.0,0.0,0.0,12.234785771994492,10.646413517603339,13.36032102253002,5.87560565654106,2.8201965198794525,6.5,72.10000000000001,10.815000000000001,41.0,45.0,0.6134678539914489,0.3507926413439353,1.0,34.933388914651836,16.066984725256596,6.504405364488294,51.37263075684093,65.29666672518411,65.29666672518411,0.0,0.030269230638273515,0.007567307659568379,0.4162019212762608,0.0,0.0,0.0,0.0,7.105427357601002e-15,0.0,0.0,0.9448473875038585,0.015850218494151136,0.0,-0.11267753326222518,0.0
0,spring_irrigation,春季灌溉日,55.0,15.0,0.25,51.58490452146815,21.550794168673704,14.303869137831482,0.0,0.0,0.0,16.74493016634579,46.724681223992405,2.5341661568761964,0.0,0.0,0.0,0.0,7.1167504895928895,22.77360156669725,4.767956379277161,14.303869137831482,0.0,0.0,0.0,0.0,39.76380869581106,1.2228073980235432,0.0,40.00636068015543,0.0,0.0,0.0,0.0,0.0,0.0,12.400705348465907,10.660052029499035,13.330400209987722,5.856926528266881,2.7969178662134566,6.5,72.10000000000001,10.815000000000001,41.0,45.0,0.5819977335198797,0.3644388647945954,1.0,35.077735074598344,16.163095626505278,6.436741112024167,51.58490452146815,66.00377754721438,63.469611390338194,2.5341661568761964,0.0,0.0,0.0,0.0,0.0,0.0,0.0,0.0,0.0,0.0,-0.0385672053224182,-0.015850218494151136,0.14852672068120043,-0.15036500547583742,0.0
0,spring_irrigation,春季灌溉日,55.0,15.25,0.25,51.63142393676842,21.770997717525734,14.387883856403407,0.0,-0.0,0.0,17.019745444478957,46.59320387636642,1.0252986546846152,0.0,0.0,0.0,0.0,7.18556409860915,22.99380511554928,4.795961285467802,14.387883856403407,0.0,0.0,0.0,0.0,39.76182050537627,1.2228073980235432,0.0,40.27677425684595,0.0,0.0,0.0,0.0,0.0,0.0,12.608217319380794,10.682215427312304,13.292927471618174,5.833282719853247,2.77004381981523,6.5,72.10000000000001,10.815000000000001,41.0,45.0,0.544744141058595,0.3634133798889774,1.0,35.10936827700253,16.3282482881443,6.474547735381534,51.63142393676842,64.63824797552999,63.612949320845374,1.0252986546846152,0.0,0.0,0.0,0.0,0.0,-0.0,0.0,0.0,0.0,0.0,0.0,0.0,0.2202035488520302,0.08401471857192533,0.0
0,spring_irrigation,春季灌溉日,55.0,15.5,0.25,52.0113677021314,22.139734087560264,14.326711301487562,0.0,0.0,0.0,16.424132282077906,46.75394864619116,-3.552713678800501e-15,0.0,1.075208377180336,0.37632293201311756,0.48384376973115123,6.767465724321597,21.655890317829112,4.775570433829187,14.326711301487562,0.0,0.0,0.0,0.0,39.759832414351,0.0,0.0,40.25663586971753,0.0,0.0,0.0,0.0,0.0,0.0,12.861559710790962,10.711211665500167,13.2475725628818,5.804943489303339,2.739871437972284,6.5,72.10000000000001,10.815000000000001,41.0,45.0,0.49581202370394767,0.3646671421384353,1.0,35.367730037449356,16.604800565670196,6.447020085669402,52.0113677021314,63.17808092826907,63.17808092826907,-3.552713678800501e-15,0.21504167543606723,0.053760418859016806,2.9568230372459245,0.0,0.0,0.0,0.0,0.0,0.0,0.0,0.0,0.37632293201311756,-1.3379147977201669,-0.06117255491584572,0.0
0,spring_irrigation,春季灌溉日,55.0,15.75,0.25,52.06770381505439,22.29165084235032,14.204894110965618,0.0,0.0,0.0,15.040196630385601,47.694646521314915,1.7763568394002505e-15,0.0,2.1074471444454637,0.7376065005559123,0.9483512150004587,6.669781133546833,21.343299627349865,4.734964703655206,14.204894110965618,0.0,0.0,0.0,0.0,39.75784442273029,0.0,0.0,40.23650755178267,0.0,0.0,0.0,0.0,0.0,0.0,13.163758989323181,10.7445807107795,13.194122049504152,5.772227258905498,2.7067278155469197,6.5,72.10000000000001,10.815000000000001,41.0,45.0,0.45403374742384517,0.3720043107770253,1.0,35.40603859423698,16.71873813176274,6.392202349934529,52.06770381505439,62.73484315170052,62.73484315170052,1.7763568394002505e-15,0.42148942888909274,0.10537235722227319,5.795479647225025,0.0,0.0,0.0,0.0,0.0,0.0,0.0,0.0,0.3612835685427947,-0.31259069047924726,-0.12181719052194317,0.0
0,spring_irrigation,春季灌溉日,55.0,16.0,0.25,52.46877899286416,22.457955570808704,13.870709364431118,0.0,-0.0,0.0,12.398875515059629,49.04595621009701,0.9032402881576065,0.0,5.433127483778745,1.9015946193225606,2.444907367700435,6.254077563471334,20.01304820310827,4.623569788143706,13.870709364431118,0.0,0.0,0.0,0.0,39.75585653050915,0.0,0.0,40.21638929800678,0.0,0.0,0.0,0.0,0.0,0.0,13.51613169168137,10.779197843407024,13.132496851816786,5.735495663618433,2.670964196758464,6.5,135.96,20.394000000000002,41.0,45.0,0.4015645297215658,0.38254413161828144,1.0,35.67876971514763,16.843466678106527,6.241819213994003,52.46877899286416,62.348072013314244,61.44483172515664,0.9032402881576065,1.086625496755749,0.27165637418893723,14.941100580391549,0.0,0.0,-0.0,0.0,0.0,0.0,0.0,0.0,1.1639881187666483,-1.3302514242415953,-0.3341847465345005,0.0
0,spring_irrigation,春季灌溉日,55.0,16.25,0.25,52.89941797417849,22.640776554728664,13.78946807870279,0.9916884003150219,0.0,0.9916884003150219,11.562043067098976,47.72012845147046,-1.7763568394002505e-15,0.0,8.758807823112027,3.0655827380892093,3.9414635204004123,5.843535323227578,18.699313034328252,4.596489359567596,13.78946807870279,0.0,0.0,0.0,0.0,39.75386873768262,0.0,0.0,40.196281103357784,0.0,0.0,0.0,0.0,0.0,0.0,13.917801801232796,10.811414304781199,13.062765015224103,5.695146905883207,2.632949805109906,6.5,135.96,20.394000000000002,41.0,45.0,0.34903518023329505,0.37220306238870865,1.0,35.97160422244138,16.9805824160465,6.205260635416256,52.89941797417849,59.282171518569434,59.282171518569434,-1.7763568394002505e-15,2.2971901847956677,0.5742975461989169,31.586365040940432,0.0,0.0,0.0,0.0,0.0,0.0,0.0,0.9916884003150219,1.1639881187666488,-1.313735168780017,-0.08124128572832845,0.0
0,spring_irrigation,春季灌溉日,55.0,16.5,0.25,53.168680496820315,22.915731577818505,13.633086878818506,0.0,0.0,0.0,9.785548877403876,49.587790185041904,0.0,0.0,11.211964016065872,3.924187405623055,5.045383807229642,5.58448367830902,17.870347770588864,4.5443622929395024,13.633086878818506,0.0,0.0,0.0,0.0,39.75188104424574,0.0,0.0,40.17618296280611,0.0,0.0,0.0,0.0,0.0,0.0,14.365281209458566,10.837228612829039,12.985149086009732,5.6516085873581305,2.5930655422873583,6.5,135.96,20.394000000000002,41.0,45.0,0.2954063391984373,0.3867702783476606,1.0,36.154702737837816,17.18679868336388,6.134889095468328,53.168680496820315,59.37333906244578,59.37333906244578,0.0,2.2423928032131744,0.5605982008032936,30.83290104418115,0.0,0.0,0.0,0.0,0.0,0.0,0.0,-0.9916884003150219,0.8586046675338457,-0.8289652637393878,-0.156381199884283,0.0
0,spring_irrigation,春季灌溉日,55.0,16.75,0.25,53.271959058255575,23.275897897029616,13.420712729831042,0.0,-0.0,0.0,8.196550464220394,49.70472566865309,-1.7763568394002505e-15,0.0,14.50796826119241,5.0777888914173435,6.5285857175365845,5.233535056091571,16.74731217949303,4.473570909943681,13.420712729831042,0.0,0.0,0.0,0.0,39.74989345019353,0.0,0.0,40.15609487132471,0.0,0.0,0.0,0.0,0.0,0.0,14.852165042170395,10.852479828420703,12.90002773416671,5.605330197525103,2.551697705165552,6.5,135.96,20.394000000000002,41.0,45.0,0.24743762429941246,0.38768234096178894,1.0,36.22493215961379,17.456923422772213,6.039320728423969,53.271959058255575,57.901276132873484,57.901276132873484,-1.7763568394002505e-15,2.901593652238482,0.7253984130596205,39.896912718279125,0.0,0.0,-0.0,0.0,0.0,0.0,0.0,0.0,1.1536014857942885,-1.1230355910958352,-0.21237414898746465,0.0
0,spring_irrigation,春季灌溉日,55.0,17.0,0.25,53.382265762686266,23.659831172501946,13.159061384009211,0.0,0.0,0.0,5.354686904056358,48.17685481102656,1.073211688822325,0.0,17.83364860052569,6.241777010183991,8.025141870236562,4.542378118414913,14.535609978927722,4.386353794669737,13.159061384009211,0.0,0.0,0.0,2.537678950504013,39.08009570538839,0.0,1.0990793233376606,39.84678542301072,0.0,0.0,0.0,0.0,0.0,0.0,15.368992521990018,10.853052514428446,12.807931543768166,5.55677544278461,2.5092318638689,6.5,135.96,20.394000000000002,41.0,45.0,0.19404552732302577,0.37576539457885155,1.0,36.299940718626665,17.744873379376457,5.921577622804145,53.382265762686266,54.60475340390524,53.531541715082916,1.073211688822325,3.5667297201051387,0.8916824300262847,49.04253365144566,0.0,0.0,0.0,0.0,0.0,0.0,0.0,0.0,1.1639881187666479,-2.2117022005653073,-0.26165134582183036,0.0
0,spring_irrigation,春季灌溉日,55.0,17.25,0.25,53.49869250363845,24.044653381231306,13.01171839851818,0.04359068464586535,0.0,0.04359068464586535,4.802088477207349,47.241769989427404,-1.7763568394002505e-15,0.0,21.159328939858973,7.40576512895064,9.521698022936539,4.194961260924095,13.423876034957106,4.3372394661727265,13.01171839851818,0.0,0.0,0.0,2.537678950504013,38.41033145047049,0.0,1.0990793233376606,39.53763062942089,0.0,0.0,0.0,0.0,0.0,0.0,15.90331640855455,10.835082216652571,12.70953317044642,5.506414597592846,2.4660470335489744,6.5,135.96,20.394000000000002,41.0,45.0,0.1449655400357235,0.3684720061181237,1.0,36.37911090247415,18.033490035923478,5.855273279333181,53.49869250363845,52.04385846663475,52.04385846663475,-1.7763568394002505e-15,4.25584066452702,1.063960166131755,58.51780913724653,0.0,0.0,0.0,0.0,0.0,0.0,0.0,0.04359068464586535,1.1639881187666488,-1.1117339439706164,-0.1473429854910311,0.0
0,spring_irrigation,春季灌溉日,55.0,17.5,0.25,53.899033246319945,24.370660194145714,12.868832794581243,0.7489093360440524,0.0,0.7489093360440524,3.383422211399349,46.77804502442342,-2.6645352591003757e-15,0.0,24.485009279192255,8.569753247717289,11.018254175636516,3.8291645922411046,12.253326695171536,4.289610931527081,12.868832794581243,0.0,0.0,0.0,2.537678950504013,37.74060068376533,0.0,1.0990793233376606,39.228630413227854,0.0,0.0,0.0,0.0,0.0,0.0,16.44000972269983,10.795150101252053,12.605632328923699,5.454717051666488,2.422510258669528,6.5,135.96,20.394000000000002,41.0,45.0,0.10213881530346279,0.36485508684985085,1.0,36.65134260749757,18.277995145609285,5.7909747575615595,53.899033246319945,50.16146723582277,50.16146723582277,-2.6645352591003757e-15,5.30890199066268,1.32722549766567,72.99740237161186,0.0,0.0,0.0,0.0,-7.105427357601002e-15,0.0,0.0,0.7053186513981871,1.1639881187666488,-1.1705493397855697,-0.1428856039369375,0.0
0,spring_irrigation,春季灌溉日,55.0,17.75,0.25,54.22497743352303,24.566954384968387,12.736213260721076,5.154943929170546,0.0,5.154943929170546,2.1733453758143497,42.293504960945,-1.7763568394002505e-15,0.0,27.810689618525537,9.733741366483937,12.514810328336491,3.422832729154448,10.953064733294234,4.245404420240359,12.736213260721076,0.0,0.0,0.0,2.537678950504013,37.07090340359851,0.0,1.0990793233376606,38.919784697142916,0.0,0.0,0.0,0.0,0.0,0.0,16.961818204998988,10.730455940889557,12.497136306647976,5.402144214755273,2.3789717117764724,6.5,135.96,20.394000000000002,41.0,45.0,0.06560899233416302,0.32987698433428464,1.0,36.872984654795665,18.42521578872629,5.731295967324485,54.22497743352303,44.46685033675935,44.46685033675935,-1.7763568394002505e-15,8.397357084748908,2.099339271187227,115.46365991529748,0.0,0.0,0.0,0.0,7.105427357601002e-15,0.0,0.0,4.406034593126494,1.1639881187666479,-1.3002619618773021,-0.13261953386016678,0.0
0,spring_irrigation,春季灌溉日,55.0,18.0,0.25,54.39315562552749,24.9018608851169,12.518862860675796,8.602189624326652,0.0,8.602189624326652,1.2142139422363059,39.14673515353832,-3.3306690738754696e-15,0.0,29.561603016295837,10.346561055703543,13.302721357333127,3.2812688138894095,10.500060204446111,4.172954286891932,12.518862860675796,0.0,0.0,0.0,2.537678950504013,36.4012396082957,0.0,1.0990793233376606,38.611093403916016,0.0,0.0,0.0,0.0,0.0,0.0,17.4501425769116,10.638959926224084,12.385036890093131,5.349142923597687,2.3357603896906465,6.5,132.0,19.8,41.0,45.0,0.03665471402508483,0.30533309903983924,1.0,36.987345825358695,18.676395663837674,5.633488287304108,54.39315562552749,40.36094909577463,40.36094909577463,-3.3306690738754696e-15,10.643524896638827,2.6608812241597066,146.34846732878387,0.0,0.0,0.0,0.0,1.4210854715202004e-14,0.0,0.0,3.4472456951561057,0.6128196892196058,-0.4530045288481226,-0.21735040004528017,0.0
0,spring_irrigation,春季灌溉日,55.0,18.25,0.25,54.470661269014144,25.04557334570586,12.264282645295266,10.491238334560627,0.0,10.491238334560627,0.41090226167440846,38.09855383949343,2.7200464103316335e-15,0.0,29.561603016295837,10.346561055703543,13.302721357333127,3.32617895782346,10.643772665035073,4.088094215098422,12.264282645295266,0.0,0.0,0.0,2.537678950504013,35.73160929618265,0.0,1.0990793233376606,38.30255645633573,0.0,0.0,0.0,0.0,0.0,0.0,17.88600883812667,10.519485705864069,12.270384728850782,5.29613947520614,2.293180469561384,6.5,132.0,19.8,41.0,45.0,0.012404325440536691,0.2971575909746653,1.0,37.04004966292962,18.784180009279396,5.51892719038287,54.470661269014144,38.509456101167835,38.509456101167835,2.7200464103316335e-15,11.682501687267514,2.9206254218168786,160.6343981999283,0.0,0.0,0.0,0.0,0.0,0.0,0.0,1.8890487102339755,0.0,0.14371246058896148,-0.2545802153805301,0.0
0,spring_irrigation,春季灌溉日,55.0,18.5,0.25,54.651863345767715,25.289468063222227,11.95230259172726,11.550241671457599,0.0,11.550241671457599,0.004685680028856609,37.599192909030116,-2.2230481344642783e-15,0.0,29.561603016295837,10.346561055703543,13.302721357333127,3.402396057047324,10.887667382551438,3.9841008639090867,11.95230259172726,0.0,0.0,0.0,2.537678950504013,35.062012465585205,0.0,1.0990793233376606,37.994173777229236,0.0,0.0,0.0,0.0,0.0,0.0,18.251160793230415,10.37177948814254,12.154262243466759,5.2435343874494835,2.2515083660373563,6.5,132.0,19.8,41.0,45.0,0.00014145139954033193,0.2932627215854361,1.0,37.16326707512205,18.96710104741667,5.378536166277267,54.651863345767715,37.60387858905897,37.60387858905897,-2.2230481344642783e-15,12.264953522560848,3.066238380640212,168.64311093521167,0.0,0.0,0.0,0.0,0.0,0.0,0.0,1.0590033368969713,0.0,0.2438947175163655,-0.3119800535680053,0.0
0,spring_irrigation,春季灌溉日,55.0,18.75,0.25,54.75935365666705,25.478049940541315,11.627427262260992,14.177617729030821,0.0,14.177617729030821,0.0,35.03463290255854,0.0,0.0,29.561603016295837,10.346561055703543,13.302721357333127,3.461327893709539,11.076249259870526,3.875809087420331,11.627427262260992,0.0,0.0,0.0,2.537678950504013,34.3924491148293,0.0,1.0990793233376606,37.685945289462296,0.0,0.0,0.0,0.0,0.0,0.0,18.529190125581085,10.196522791712972,12.03775620402727,5.191697962944294,2.210990509706667,6.5,132.0,19.8,41.0,45.0,0.0,0.2732599026689059,1.0,37.2363604865336,19.108537455405987,5.2323422680174465,54.75935365666705,35.03463290255854,35.03463290255854,0.0,13.710010354226121,3.4275025885565302,188.51264237060917,0.0,0.0,0.0,0.0,0.0,0.0,0.0,2.6273760575732226,0.0,0.1885818773190877,-0.32487532946626807,0.0
0,spring_irrigation,春季灌溉日,55.0,19.0,0.25,48.10392785346929,25.774928130871384,11.28679738761977,8.36516480230647,0.0,8.36516480230647,0.0,34.1708911690162,0.0,0.0,29.561603016295837,10.346561055703543,13.302721357333127,3.554102328187686,11.373127450200595,3.7622657958732564,11.28679738761977,0.0,0.0,0.0,2.537678950504013,33.72291924224093,0.0,1.0990793233376606,37.37787091593924,0.0,0.0,0.0,0.0,0.0,0.0,18.706608596724895,9.995299302248357,11.921931069490492,5.14096670648026,2.1718418466392184,0.0,132.0,19.8,41.0,45.0,0.0,0.26652296945498266,1.0,32.710670940359115,19.331196098153537,5.079058824428897,48.10392785346929,34.1708911690162,34.1708911690162,0.0,10.513161244527726,2.6282903111319316,144.55596711225624,0.0,0.0,0.0,0.0,0.0,0.0,0.0,-5.812452926724351,0.0,0.29687819033006946,-0.3406298746412233,0.0
0,spring_irrigation,春季灌溉日,55.0,19.25,0.25,47.740351596306816,25.971280214386358,10.863204841025007,10.323759236559084,0.0,10.323759236559084,0.0,31.768882988167963,0.0,0.0,29.561603016295837,10.346561055703543,13.302721357333127,3.615462354286115,11.569479533715569,3.621068280341669,10.863204841025007,0.0,0.0,0.0,2.537678950504013,33.053422846146184,0.0,1.0990793233376606,37.069950579602946,0.0,0.0,0.0,0.0,0.0,0.0,18.77376640564398,9.770519064815232,11.807804087845888,5.0916406205124645,2.134245039963459,0.0,132.0,19.8,41.0,45.0,0.0,0.2477880072952801,1.0,32.46343908548864,19.47846016078977,4.888442178461253,47.740351596306816,31.768882988167963,31.768882988167963,0.0,11.590388183366665,2.897597045841666,159.36783752129165,0.0,0.0,0.0,0.0,7.105427357601002e-15,0.0,0.0,1.958594434252614,0.0,0.19635208351497369,-0.42359254659476164,0.0
0,spring_irrigation,春季灌溉日,55.0,19.5,0.25,47.15419669720043,26.09856931180329,10.645154490631745,11.131546748269987,0.0,11.131546748269987,0.0,31.26987304291681,0.0,0.0,27.67046809093648,9.684663831827768,12.451710640921418,3.921181046107565,12.547779347544209,3.5483848302105816,10.645154490631745,0.0,0.0,0.0,2.537678950504013,32.38395992487124,0.0,1.0990793233376606,36.76218420343482,0.0,0.0,0.0,0.0,0.0,0.0,18.725531143837703,9.525305712499879,11.696323022438598,5.0439813785173095,2.098350337462102,0.0,132.0,19.8,41.0,45.0,0.0,0.24389587548817937,1.0,32.0648537540963,19.573926983852466,4.790319520784285,47.15419669720043,31.26987304291681,31.26987304291681,0.0,11.65644432973579,2.9141110824339473,160.2761095338671,0.0,0.0,0.0,0.0,0.0,0.0,0.0,0.8077875117109024,-0.6618972238757745,0.9782998138286398,-0.2180503503932627,0.0
0,spring_irrigation,春季灌溉日,55.0,19.75,0.25,46.4126267441864,26.256526746864658,10.367153500364521,11.73451612776098,0.0,11.73451612776098,0.0,31.513690328598106,0.0,0.0,24.344787751603203,8.52067571306112,10.955154488221442,4.438216542282985,14.202292935305554,3.4557178334548406,10.367153500364521,0.0,0.0,0.0,2.537678950504013,31.714530476742368,0.0,1.0990793233376606,36.45457171045478,0.0,0.0,0.0,0.0,0.0,0.0,18.561662366072394,9.263354427642,11.5883472005044,4.998211352998994,2.0642760546006094,0.0,132.0,19.8,41.0,45.0,0.0,0.2457975790949953,1.0,31.560586186046752,19.692395060148492,4.665219075164035,46.4126267441864,31.513690328598106,31.513690328598106,0.0,11.32294142058918,2.830735355147295,155.6904445331012,0.0,0.0,0.0,0.0,0.0,0.0,0.0,0.6029693794909932,-1.1639881187666479,1.654513587761345,-0.27800099026722336,0.0
0,spring_irrigation,春季灌溉日,55.0,20.0,0.25,45.689172635068466,26.36464132940889,10.020864308714021,10.456453482510142,0.0,10.456453482510142,0.0,33.61831685771132,0.0,0.0,21.01910741226992,7.356687594294472,9.458598335521465,4.939676147046801,15.806963670549763,3.340288102904674,10.020864308714021,0.0,0.0,0.0,2.537678950504013,31.045134500085897,0.0,1.0990793233376606,36.147113023721225,0.0,0.0,0.0,0.0,0.0,0.0,18.286845325911493,8.988769722824829,11.484632387796797,4.95451345430169,2.0321096105102945,0.0,132.0,19.8,41.0,45.0,0.0,0.2622130512393566,1.0,31.068637391846558,19.773480997056666,4.50938893892131,45.689172635068466,33.61831685771132,33.61831685771132,0.0,9.954870897834564,2.488717724458641,136.87947484522525,0.0,0.0,0.0,0.0,7.105427357601002e-15,0.0,0.0,-1.278062645250838,-1.1639881187666479,1.6046707352442091,-0.3462891916505004,0.0
0,spring_irrigation,春季灌溉日,55.0,20.25,0.25,44.69487566062338,26.41544258919033,9.595982531101228,5.116052758009994,0.0,5.116052758009994,0.0,39.4703306587292,0.0,0.0,17.693427072936636,6.192699475527823,7.962042182821486,5.423225338447244,17.35432108303118,3.1986608437004094,9.595982531101228,0.0,0.0,0.0,2.537678950504013,30.37577199322826,0.0,1.0990793233376606,35.83980806633104,0.0,0.0,0.0,0.0,0.0,0.0,17.910380481329142,8.705892839179185,11.38581979035809,4.91303171864422,2.0019090454130857,0.0,132.0,19.8,41.0,45.0,0.0,0.30785704945480413,1.0,30.3925154492239,19.811581941892747,4.318192138995553,44.69487566062338,39.4703306587292,39.4703306587292,0.0,6.352514431492825,1.5881286078732062,87.34707343302634,0.0,0.0,0.0,0.0,-7.105427357601002e-15,-3.552713678800501e-15,0.0,-5.340400724500148,-1.1639881187666496,1.5473574124814178,-0.4248817776127929,0.0
0,spring_irrigation,春季灌溉日,55.0,20.5,0.25,43.765703834025985,26.433786149460225,9.202103395209956,0.0,0.0,0.0,0.0,45.16331282391444,0.0,0.0,14.367746733603356,5.028711356761175,6.46548603012151,5.896631498750328,18.869220796001052,3.067367798403319,9.202103395209956,0.0,0.0,0.0,2.537678950504013,29.706442954495962,0.0,1.0990793233376606,35.532656761419545,0.0,0.0,0.0,0.0,0.0,0.0,17.445558856346633,8.419128573092484,11.292429282888031,4.87387256931688,1.9737049418543704,0.0,132.0,19.8,41.0,45.0,0.0,0.3522606473655082,1.0,29.76067860713767,19.82533961209517,4.140946527844481,43.765703834025985,45.16331282391444,45.16331282391444,0.0,2.8735493467206714,0.7183873366801679,39.51130351740923,0.0,0.0,0.0,0.0,0.0,0.0,0.0,-5.116052758009994,-1.1639881187666479,1.5148997129698714,-0.39387913589127166,0.0
0,spring_irrigation,春季灌溉日,55.0,20.75,0.25,42.77260415266844,26.525363811084578,8.907766955056648,0.0,1.807245024948159,-1.807245024948159,0.0,47.5396259565303,0.0,0.0,11.042066394270073,3.864723237994525,4.968929877421533,6.392923315726682,20.457354610325382,2.969255651685549,8.907766955056648,0.0,0.0,0.0,2.537678950504013,29.0371473822156,0.0,1.0990793233376606,35.22565903216051,0.0,0.0,0.0,0.0,0.0,0.0,16.908783082733667,8.13278070014042,11.204856773638964,4.837106663981148,1.9475026688481034,0.0,132.0,19.8,41.0,45.0,0.0,0.3707951956547821,1.0,29.085370823814543,19.894022858313434,4.008495129775492,42.77260415266844,47.5396259565303,47.5396259565303,0.0,2.2084132788540147,0.5521033197135037,30.365682584242702,0.0,0.0,0.0,0.0,7.105427357601002e-15,0.0,0.0,-1.807245024948159,-1.1639881187666496,1.5881338143243298,-0.29433644015330884,0.0
0,spring_irrigation,春季灌溉日,55.0,21.0,0.25,41.70647768986648,26.426629567834848,8.590325930271833,0.0,2.8851107880342832,-2.8851107880342832,0.0,49.04635904735604,0.0,1.7154315308515464,7.71638605493679,2.7007351192278763,3.472373724721556,6.829742662429884,21.85517651977563,2.8634419767572776,8.590325930271833,0.0,0.0,0.0,2.537678950504013,28.367885274713853,0.0,1.0990793233376606,34.9188148017661,0.0,0.0,0.0,0.0,0.0,0.0,16.318516340837903,7.850903958749106,11.123375447485845,4.802771233561842,1.9232848674778156,0.0,132.0,19.8,41.0,45.0,0.0,0.3959271384769495,1.0,28.36040482910921,19.819972175876135,3.865646668622325,41.70647768986648,50.76179057820759,49.04635904735604,1.7154315308515464,1.543277210987358,0.3858193027468395,21.220061651076172,0.0,0.0,0.0,0.0,7.105427357601002e-15,0.0,0.0,-1.0778657630861241,-1.1639881187666488,1.397821909450247,-0.31744102478481473,0.0
0,spring_irrigation,春季灌溉日,55.0,21.25,0.25,40.81773922804567,26.274026403192188,8.149650052174453,0.0,2.8851107880342832,-2.8851107880342832,0.0,49.59470205370398,0.0,3.3401515208837935,4.3907057156035085,1.5367470004612278,1.975817572021579,7.249727971197795,23.199129507832946,2.716550017391484,8.149650052174453,0.0,0.0,0.0,2.537678950504013,27.698656630317483,0.0,1.0990793233376606,34.6121239934869,0.0,0.0,0.0,0.0,0.0,0.0,15.694153966518048,7.577178916858728,11.048140488843012,4.7708728142498655,1.9010140983968118,0.0,132.0,19.8,41.0,45.0,0.0,0.4128763950750081,1.0,27.756062675071057,19.705519802394143,3.6673425234785038,40.81773922804567,52.93485357458778,49.59470205370398,3.3401515208837935,0.8781411431207018,0.21953528578017545,12.07444071790965,0.0,0.0,0.0,0.0,-7.105427357601002e-15,0.0,0.0,0.0,-1.1639881187666485,1.3439529880573176,-0.4406758780973803,0.0
0,spring_irrigation,春季灌溉日,55.0,21.5,0.25,39.89563657487446,26.0990628874435,7.608293322078402,0.0,2.8851107880342832,-2.8851107880342832,0.0,52.60681192548537,0.0,0.0,1.0650253762702266,0.3727588816945793,0.479261419321602,7.662725670245073,24.520722144784234,2.536097774026134,7.608293322078402,0.0,0.0,0.0,0.0,27.697271697485967,0.0,1.0990793233376606,34.305586530611826,0.0,0.0,0.0,0.0,0.0,0.0,15.054914121920824,7.314814128735287,10.97919677912211,4.741390273451254,1.8806355757221045,0.0,132.0,19.8,41.0,45.0,0.0,0.41031776603629694,1.0,27.129032870914635,19.574297165582625,3.423731994935281,39.89563657487446,52.60681192548537,52.60681192548537,0.0,0.21300507525404533,0.05325126881351133,2.928819784743123,0.0,0.0,0.0,0.0,0.0,0.0,0.0,0.0,-1.1639881187666485,1.3215926369512871,-0.5413567300960507,0.0
0,spring_irrigation,春季灌溉日,55.0,21.75,0.25,39.029996347158004,25.820933754552147,7.366341367926599,0.0,4.421904250302497,-4.421904250302497,0.0,53.63292722985722,0.0,0.0,0.0,0.0,0.0,7.725579509754526,24.721854431214485,2.4554471226421994,7.366341367926599,0.0,0.0,0.0,0.0,27.695886833901092,0.0,1.0990793233376606,33.999202336468194,0.0,0.0,0.0,0.0,0.0,0.0,14.418835097385218,7.066477961279666,10.916488991715509,4.714278032830902,1.8620799176630443,0.0,132.0,19.8,41.0,45.0,0.0,0.418321165671726,1.0,26.540397516067443,19.36570031591411,3.3148536155669697,39.029996347158004,53.63292722985722,53.63292722985722,0.0,0.0,0.0,0.0,0.0,0.0,0.0,0.0,0.0,0.0,0.0,-1.5367934622682133,-0.3727588816945793,0.20113228643025138,-0.24195195415180315,0.0
0,spring_irrigation,春季灌溉日,55.0,22.0,0.25,38.21590504594782,25.487398978201064,7.1981673717139785,0.0,5.0,-5.0,0.0,53.58010635054031,0.0,3.748655976103464,0.0,0.0,0.0,7.964812180687832,25.487398978201064,2.3993891239046596,7.1981673717139785,0.0,0.0,0.0,0.0,27.694502039559396,0.0,0.0,33.982202735299964,0.0,0.0,0.0,0.0,0.0,0.0,13.80194934376679,6.83426048875156,10.859873471001105,4.6894693965312575,1.8452658514823517,0.0,62.0,9.299999999999999,41.0,45.0,0.0,0.4471475998358033,1.0,25.98681543124452,19.115549233650796,3.2391753172712905,38.21590504594782,57.328762326643776,53.58010635054031,3.748655976103464,0.0,0.0,0.0,0.0,0.0,0.0,0.0,0.0,0.0,0.0,-0.5780957496975034,0.0,0.7655445469865789,-0.1681739962126203,0.0
0,spring_irrigation,春季灌溉日,55.0,22.25,0.25,37.21801272490741,25.28825622300658,6.969587935684451,0.0,5.0,-5.0,0.0,52.44378877315845,0.0,5.687072233451552,0.0,0.0,0.0,7.902580069689556,25.28825622300658,2.3231959785614835,6.969587935684451,0.0,0.0,0.0,0.0,27.693117314457417,0.0,0.0,33.96521163393231,0.0,0.0,0.0,0.0,0.0,0.0,13.217681054339021,6.619664061218702,10.809131278498235,4.666879899763706,1.8301028186594543,0.0,62.0,9.299999999999999,41.0,45.0,0.0,0.45340373523839295,1.0,25.308248652937042,18.966192167254935,3.1363145710580027,37.21801272490741,58.130861006610004,52.44378877315845,5.687072233451552,0.0,0.0,0.0,0.0,0.0,0.0,0.0,0.0,0.0,0.0,0.0,0.0,-0.1991427551944831,-0.2285794360295279,0.0
0,spring_irrigation,春季灌溉日,55.0,22.5,0.25,36.44886626089837,25.168545133834595,6.64861681283527,0.0,5.0,-5.0,0.0,51.5302422195001,0.0,9.570882719211724,0.0,0.0,0.0,7.86517035432331,25.168545133834595,2.2162056042784233,6.64861681283527,0.0,0.0,0.0,0.0,27.691732658591693,0.0,0.0,33.94822902811535,0.0,0.0,0.0,0.0,0.0,0.0,12.676488354326455,6.423619654902873,10.763981815281351,4.646410601804602,1.8164934350259616,0.0,62.0,9.299999999999999,41.0,45.0,0.0,0.4765709262646141,1.0,24.785229057410895,18.876408850375945,2.9918775657758716,36.44886626089837,61.10112493871183,51.5302422195001,9.570882719211724,0.0,0.0,0.0,0.0,0.0,0.0,0.0,0.0,0.0,0.0,0.0,0.0,-0.11971108917198592,-0.3209711228491807,0.0
0,spring_irrigation,春季灌溉日,55.0,22.75,0.25,35.50411936057812,24.957924683729487,6.472352187505799,0.0,5.0,-5.0,0.0,50.46092155341219,0.0,10.572453029935659,0.0,0.0,0.0,7.799351463665465,24.957924683729487,2.1574507291685996,6.472352187505799,0.0,0.0,0.0,0.0,27.690348071958763,0.0,0.0,33.93125491360129,0.0,0.0,0.0,0.0,0.0,0.0,12.185746221069031,6.24652498541183,10.724096480062967,4.6279512574984665,1.8043357698048252,0.0,62.0,9.299999999999999,41.0,45.0,0.0,0.47604249328334,1.0,24.142801165193127,18.718443512797116,2.91255848437761,35.50411936057812,61.03337458334785,50.46092155341219,10.572453029935659,0.0,0.0,0.0,0.0,0.0,0.0,0.0,0.0,0.0,0.0,0.0,0.0,-0.21062045010510744,-0.17626462532947063,0.0
0,spring_irrigation,春季灌溉日,55.0,23.0,0.25,34.6135326901037,24.65652358942113,6.290096050146821,0.0,5.0,-5.0,0.0,49.41539499518008,0.0,11.97001084408987,0.0,0.0,0.0,7.705163621694103,24.65652358942113,2.096698683382274,6.290096050146821,0.0,0.0,0.0,0.0,27.688963554555166,0.0,0.0,33.914289286144495,0.0,0.0,0.0,0.0,0.0,0.0,11.74984496085514,6.08829964275534,10.689111891213214,4.611383312205518,1.793525416576284,0.0,62.0,9.299999999999999,41.0,45.0,0.0,0.4787882342476376,1.0,23.53720222927052,18.49239269206585,2.8305432225660696,34.6135326901037,61.38540583926995,49.41539499518008,11.97001084408987,0.0,0.0,0.0,0.0,0.0,0.0,0.0,0.0,0.0,0.0,0.0,0.0,-0.30140109430835693,-0.18225613735897817,0.0
0,spring_irrigation,春季灌溉日,55.0,23.25,0.25,33.98524369654048,24.41406501489766,6.285903459107942,0.0,5.0,-5.0,0.0,48.70994016673198,0.0,15.159483554083117,0.0,0.0,0.0,7.629395317155518,24.41406501489766,2.095301153035981,6.285903459107942,0.0,0.0,0.0,0.0,27.687579106377438,0.0,0.0,33.89733214150142,0.0,0.0,0.0,0.0,0.0,0.0,11.370463387806682,5.948452188512579,10.658642282316265,4.596582676284135,1.7839573379262563,0.0,62.0,9.299999999999999,41.0,45.0,0.0,0.498162848116912,1.0,23.109965713647526,18.310548761173244,2.828656556598574,33.98524369654048,63.8694237208151,48.70994016673198,15.159483554083117,0.0,0.0,0.0,0.0,0.0,0.0,0.0,0.0,0.0,0.0,0.0,0.0,-0.24245857452347153,-0.004192591038878923,0.0
0,spring_irrigation,春季灌溉日,55.0,23.5,0.25,33.41071052015944,24.105129312732334,6.111699549262237,0.0,5.0,-5.0,0.0,47.980796613475704,0.0,16.14667871902236,0.0,0.0,0.0,7.532852910228854,24.105129312732334,2.0372331830874124,6.111699549262237,0.0,0.0,0.0,0.0,27.68619472742212,0.0,0.0,33.880383475430676,0.0,0.0,0.0,0.0,0.0,0.0,11.046966763755245,5.826154207283012,10.632290768725326,4.583422246266781,1.7755274736669184,0.0,62.0,9.299999999999999,41.0,45.0,0.0,0.5001755753085503,1.0,22.71928315370842,18.07884698454925,2.7502647971680068,33.41071052015944,64.12747533249807,47.980796613475704,16.14667871902236,0.0,0.0,0.0,0.0,0.0,0.0,0.0,0.0,0.0,0.0,0.0,0.0,-0.30893570216532495,-0.17420390984570489,0.0
0,spring_irrigation,春季灌溉日,55.0,23.75,0.25,33.005069266607656,23.91004964584805,5.989884300746621,0.0,5.0,-5.0,0.0,47.473587881184045,0.0,14.99754554676121,0.0,0.0,0.0,7.471890514327516,23.91004964584805,1.9966281002488737,5.989884300746621,0.0,0.0,0.0,0.0,27.68481041768575,0.0,0.0,33.863443283692966,0.0,0.0,0.0,0.0,0.0,0.0,10.776877053697623,5.7203166688709155,10.60965927149968,4.57177415051892,1.7681341098679377,0.0,62.0,9.299999999999999,41.0,45.0,0.0,0.4872565922872817,1.0,22.443447101293206,17.93253723438604,2.6954479353359795,33.005069266607656,62.471133427945254,47.473587881184045,14.99754554676121,0.0,0.0,0.0,0.0,0.0,0.0,0.0,0.0,0.0,0.0,0.0,0.0,-0.1950796668842827,-0.12181524851561587,0.0
1,spring_pv_high,春秋光伏大发日,65.0,0.0,0.25,29.798345532579265,19.541953259841247,5.379931283537366,0.0,5.0,-5.0,0.0,45.170683121018435,0.0,9.221012236212275,0.0,0.0,0.0,6.488987705582747,20.76476065786479,1.7933104278457888,5.379931283537366,0.0,0.0,2.0900394550106314,0.0,28.17981054772989,1.2228073980235432,0.0,34.13692831908171,0.0,0.0,0.0,0.0,0.0,0.0,9.500218936363362,5.067937531720355,9.723455268155119,4.052756238808911,1.353025517839139,0.0,52.0,7.8,40.5,45.0,0.0,0.4242393354213855,1.0,17.28304040889597,13.679367281888872,2.1519725134149463,29.798345532579265,54.39169535723071,45.170683121018435,9.221012236212275,0.0,0.0,0.0,0.0,0.0,0.0,0.0,0.0,0.0,0.0,0.0,0.0,-0.16460567493166067,0.18862747431878013,0.0
1,spring_pv_high,春秋光伏大发日,65.0,0.25,0.25,29.62243780677029,19.661883394612826,5.448451473164208,0.0,5.0,-5.0,0.0,45.055093625534525,0.0,11.265041668111508,0.0,0.0,0.0,6.526465872698865,20.88469079263637,1.816150491054736,5.448451473164208,0.0,0.0,2.0900394550106314,0.0,28.674785927767527,1.2228073980235432,0.0,34.41027661195277,0.0,0.0,0.0,0.0,0.0,0.0,9.502444822878466,5.070478362042015,9.73528850149318,4.053423501558948,1.353728726067011,0.0,52.0,7.8,40.5,45.0,0.0,0.43928060360859117,1.0,17.181013927926767,13.763318376228977,2.179380589265683,29.62243780677029,56.32013529364603,45.055093625534525,11.265041668111508,0.0,0.0,0.0,0.0,0.0,0.0,0.0,3.552713678800501e-15,0.0,0.0,0.0,0.0,0.11993013477157888,0.0685201896268417,0.0
1,spring_pv_high,春秋光伏大发日,65.0,0.5,0.25,29.63839363633646,19.83503493552838,5.428108551626664,0.0,5.0,-5.0,0.0,45.11837833779096,0.0,12.947004274574986,0.0,0.0,0.0,6.580575729234976,21.057842333551925,1.8093695172088882,5.428108551626664,0.0,0.0,2.0900394550106314,0.0,29.169736559036163,1.2228073980235432,0.0,34.68348823067738,0.0,0.0,0.0,0.0,0.0,0.0,9.508881693133121,5.073748351001649,9.748943149094858,4.054235724974795,1.3545774623079114,0.0,52.0,7.8,40.5,45.0,0.0,0.45289302289019134,1.0,17.190268309075144,13.884524454869865,2.171243420650666,29.63839363633646,58.065382612365944,45.11837833779096,12.947004274574986,0.0,0.0,0.0,0.0,0.0,0.0,0.0,0.0,0.0,0.0,0.0,0.0,0.17315154091555485,-0.020342921537543468,0.0
1,spring_pv_high,春秋光伏大发日,65.0,0.75,0.25,29.654461376017846,19.891539136828243,5.48164333431457,0.0,5.0,-5.0,0.0,45.169948567941184,0.0,14.507853873138181,0.0,0.0,0.0,6.598233292141183,21.114346534851787,1.8272144447715233,5.48164333431457,0.0,0.0,2.0900394550106314,0.0,29.66466244277324,1.2228073980235432,0.0,34.95656324359264,0.0,0.0,0.0,0.0,0.0,0.0,9.519609418996652,5.077929043113531,9.76462122504508,4.055220216493816,1.3555974807940787,0.0,52.0,7.8,40.5,45.0,0.0,0.4654694265499958,1.0,17.19958759809035,13.924077395779769,2.192657333725828,29.654461376017846,59.677802441079365,45.169948567941184,14.507853873138181,0.0,0.0,0.0,0.0,0.0,0.0,0.0,0.0,0.0,0.0,0.0,0.0,0.056504201299862444,0.05353478268790557,0.0
1,spring_pv_high,春秋光伏大发日,65.0,1.0,0.25,30.026204843658974,19.967319392304894,5.450466446228451,0.0,5.0,-5.0,0.0,45.55498106939006,0.0,18.42191297984511,0.0,0.0,0.0,6.621914621977637,21.19012679032844,1.8168221487428171,5.450466446228451,0.0,0.0,2.0900394550106314,0.0,30.159563580216126,1.2228073980235432,0.0,35.22950171900144,0.0,0.0,0.0,0.0,0.0,0.0,9.534753962849939,5.083238757545898,9.782532484419777,4.0564084472310755,1.356818109699834,0.0,52.0,7.8,40.5,45.0,0.0,0.49900108528541737,1.0,17.415198809322202,13.977123574613426,2.1801865784913805,30.026204843658974,63.97689404923517,45.55498106939006,18.42191297984511,0.0,0.0,0.0,0.0,0.0,0.0,0.0,0.0,0.0,0.0,0.0,0.0,0.07578025547665135,-0.031176888086118737,0.0
1,spring_pv_high,春秋光伏大发日,65.0,1.25,0.25,29.776662105489095,20.165178283570626,5.36406497021057,0.0,5.0,-5.0,0.0,45.33846874273476,0.0,19.325880137347895,0.0,0.0,0.0,6.6837455254981775,21.38798568159417,1.7880216567368565,5.36406497021057,0.0,0.0,2.0900394550106314,0.0,30.65443997260214,1.2228073980235432,0.0,35.50230372517253,0.0,0.0,0.0,0.0,0.0,0.0,9.554518026242901,5.089937670030076,9.802891911014758,4.05783647311171,1.3582725403493057,0.0,52.0,7.8,40.5,45.0,0.0,0.5043630321535101,1.0,17.270464021183674,14.115624798499438,2.145625988084228,29.776662105489095,64.66434888008266,45.33846874273476,19.325880137347895,0.0,0.0,0.0,0.0,0.0,0.0,0.0,0.0,0.0,0.0,0.0,0.0,0.19785889126573153,-0.0864014760178815,0.0
1,spring_pv_high,春秋光伏大发日,65.0,1.5,0.25,29.8304629710581,20.315446916725165,5.118328033529452,0.0,5.0,-5.0,0.0,45.35731624393752,0.0,19.858834950549394,0.0,0.0,0.0,6.730704473358971,21.53825431474871,1.7061093445098174,5.118328033529452,0.0,0.0,2.0900394550106314,0.0,31.149291621168537,1.2228073980235432,0.0,35.77496933034054,0.0,0.0,0.0,0.0,0.0,0.0,9.579221772437176,5.098332963615538,9.825916665404623,4.059545353579768,1.359998096884418,0.0,52.0,7.8,40.5,45.0,0.0,0.5086669290188194,1.0,17.301668523213696,14.220812841707614,2.047331213411781,29.8304629710581,65.21615119448691,45.35731624393752,19.858834950549394,0.0,0.0,0.0,0.0,0.0,0.0,0.0,0.0,0.0,0.0,0.0,0.0,0.1502686331545391,-0.2457369366811175,0.0
1,spring_pv_high,春秋光伏大发日,65.0,1.75,0.25,29.602454197318046,20.451565465629624,4.987660249801298,0.0,5.0,-5.0,0.0,45.12828858882072,0.0,21.51877380638892,0.0,0.0,0.0,6.773241519891615,21.67437286365317,1.6625534166004325,4.987660249801298,0.0,0.0,2.0900394550106314,0.0,31.644118527152504,1.2228073980235432,0.0,36.047498602705964,0.0,0.0,0.0,0.0,0.0,0.0,9.609354230021097,5.108783854822524,9.851822491723667,4.0615815564890285,1.3620364751853222,0.0,52.0,7.8,40.5,45.0,0.0,0.5198276184008048,1.0,17.169423434444465,14.316095825940735,1.9950640999205191,29.602454197318046,66.64706239520964,45.12828858882072,21.51877380638892,0.0,0.0,0.0,0.0,0.0,0.0,0.0,0.0,0.0,0.0,0.0,0.0,0.1361185489044594,-0.13066778372815424,0.0
1,spring_pv_high,春秋光伏大发日,65.0,2.0,0.25,29.858918905869142,20.50700554234333,4.993452819673201,0.0,5.0,-5.0,0.0,45.404009177968824,0.0,21.17796389800062,0.0,0.0,0.0,6.790566543864648,21.729812940366873,1.6644842732244003,4.993452819673201,0.0,0.0,2.0900394550106314,0.0,32.13892069179117,1.2228073980235432,0.0,36.31989161043521,0.0,0.0,0.0,0.0,0.0,0.0,9.645634346059774,5.1217062515127605,9.880819600094178,4.063997335638185,1.3644339383478155,0.0,52.0,7.8,40.5,45.0,0.0,0.5193199407239806,1.0,17.318172965404102,14.354903879640329,1.9973811278692803,29.858918905869142,66.58197307596944,45.404009177968824,21.17796389800062,0.0,0.0,0.0,0.0,0.0,0.0,0.0,0.0,0.0,0.0,0.0,0.0,0.055440076713704656,0.005792569871903019,0.0
1,spring_pv_high,春秋光伏大发日,65.0,2.25,0.25,29.870293301667072,20.686358716406385,5.15159190534776,0.0,5.0,-5.0,0.0,45.52414446921964,0.0,20.237133322766446,0.0,0.0,0.0,6.8466144107593525,21.90916611442993,1.7171973017825868,5.15159190534776,0.0,0.0,2.0900394550106314,0.0,32.633698116321604,1.2228073980235432,0.0,36.59214842166058,0.0,0.0,0.0,0.0,0.0,0.0,9.689078087851582,5.137576747598316,9.91310806276855,4.066851065259451,1.3672414546534162,0.0,52.0,7.8,40.5,45.0,0.0,0.5129187572423136,1.0,17.3247701149669,14.48045110148447,2.060636762139104,29.870293301667072,65.76127779198609,45.52414446921964,20.237133322766446,0.0,0.0,0.0,0.0,0.0,0.0,0.0,0.0,0.0,0.0,0.0,0.0,0.1793531740630563,0.15813908567455925,0.0
1,spring_pv_high,春秋光伏大发日,65.0,2.5,0.25,29.87798945229198,20.73645329873803,5.1632740061378515,0.0,5.0,-5.0,0.0,45.551389210419885,0.0,22.716498927347217,0.0,0.0,0.0,6.862268967737992,21.959260696761575,1.7210913353792838,5.1632740061378515,0.0,0.0,2.0900394550106314,0.0,33.12845080198081,1.2228073980235432,0.0,36.86426910448034,0.0,0.0,0.0,0.0,0.0,0.0,9.741064487366675,5.156935610440952,9.948872785334288,4.070207513686942,1.3705147627952512,0.0,52.0,7.8,40.5,45.0,0.0,0.5324695857331402,1.0,17.329233882329348,14.515517309116621,2.0653096024551405,29.87798945229198,68.2678881377671,45.551389210419885,22.716498927347217,0.0,0.0,0.0,0.0,0.0,0.0,0.0,-7.105427357601002e-15,0.0,0.0,0.0,0.0,0.050094582331645654,0.011682100790091354,0.0
1,spring_pv_high,春秋光伏大发日,65.0,2.75,0.25,29.523468197378573,20.89560981511258,4.973820968204258,0.0,5.0,-5.0,0.0,45.183453354229,0.0,21.67441879820157,0.0,0.0,0.0,6.912005379105038,22.118417213136123,1.6579403227347527,4.973820968204258,0.0,0.0,2.0900394550106314,0.0,33.623178750005735,1.2228073980235432,0.0,37.1362537269587,0.0,0.0,0.0,0.0,0.0,0.0,9.803389328156097,5.180388373043958,9.988278139102892,4.074138036514783,1.3743143482322386,0.0,52.0,7.8,40.5,45.0,0.0,0.5214718729274632,1.0,17.12361155447957,14.626926870578805,1.9895283872817033,29.523468197378573,66.85787215243057,45.183453354229,21.67441879820157,0.0,0.0,0.0,0.0,0.0,0.0,0.0,3.552713678800501e-15,0.0,0.0,0.0,0.0,0.15915651637454786,-0.18945303793359347,0.0
1,spring_pv_high,春秋光伏大发日,65.0,3.0,0.25,29.922657142587635,21.203693244718355,5.028478221438903,0.0,5.0,-5.0,0.0,45.69713745560141,0.0,18.43046304698288,0.0,0.0,0.0,7.008281450856844,22.4265006427419,1.676159407146301,5.028478221438903,0.0,0.0,2.0900394550106314,0.0,34.11788196163326,1.2228073980235432,0.0,37.40810235712581,0.0,0.0,0.0,0.0,0.0,0.0,9.87829087866761,5.20860560909331,10.031462366223378,4.078720667913352,1.3787053140259415,0.0,52.0,7.8,40.5,45.0,0.0,0.5001765515986593,1.0,17.355141142700827,14.842585271302848,2.0113912885755614,29.922657142587635,64.12760050258429,45.69713745560141,18.43046304698288,0.0,0.0,0.0,0.0,0.0,0.0,0.0,-3.552713678800501e-15,0.0,0.0,0.0,0.0,0.3080834296057766,0.05465725323464543,0.0
1,spring_pv_high,春秋光伏大发日,65.0,3.25,0.25,30.153382889383227,21.586610362801665,4.995252533756631,0.0,5.0,-5.0,0.0,46.03644957257061,0.0,14.312282367692248,0.0,0.0,0.0,7.127943050257877,22.80941776082521,1.665084177918877,4.995252533756631,0.0,0.0,2.0900394550106314,0.0,34.6125604381002,1.2228073980235432,0.0,37.679815062977845,0.0,0.0,0.0,0.0,0.0,0.0,9.968428645320948,5.242320449205757,10.078531894109629,4.084040087525135,1.3837571294618645,0.0,52.0,7.8,40.5,45.0,0.0,0.47070248065832615,1.0,17.48896207584227,15.110627253961164,1.9981010135026525,30.153382889383227,60.34873194026286,46.03644957257061,14.312282367692248,0.0,0.0,0.0,0.0,0.0,0.0,0.0,-3.552713678800501e-15,0.0,0.0,0.0,0.0,0.3829171180833093,-0.03322568768227274,0.0
1,spring_pv_high,春秋光伏大发日,65.0,3.5,0.25,30.513432484015215,21.866825235288246,5.0895062287874895,0.0,5.0,-5.0,0.0,46.51548421319828,0.0,11.441894683794494,0.0,0.0,0.0,7.215510197909934,23.08963263331179,1.6965020762624965,5.0895062287874895,0.0,0.0,2.0900394550106314,0.0,35.107214180643325,1.2228073980235432,0.0,37.95139191247695,0.0,0.0,0.0,0.0,0.0,0.0,10.076794839500437,5.2823233962566665,10.12955571927092,4.090187439636318,1.3895432402610668,0.0,52.0,7.8,40.5,45.0,0.0,0.45205062545925956,1.0,17.697790840728825,15.306777664701771,2.0358024915149957,30.513432484015215,57.95737889699277,46.51548421319828,11.441894683794494,0.0,0.0,0.0,0.0,0.0,0.0,0.0,-3.552713678800501e-15,0.0,0.0,0.0,0.0,0.2802148724865816,0.09425369503085879,0.0
1,spring_pv_high,春秋光伏大发日,65.0,3.75,0.25,30.813141362497213,22.269536875220286,5.064459852350856,0.0,5.0,-5.0,0.0,46.932691687013495,0.0,9.086662783113603,0.0,0.0,0.0,7.341357585388697,23.49234427324383,1.688153284116952,5.064459852350856,0.0,0.0,2.0900394550106314,0.0,35.60184319049932,1.2228073980235432,0.0,38.222832973551306,0.0,0.0,0.0,0.0,0.0,0.0,10.206540536793257,5.329454021185074,10.184560041285307,4.09725998124661,1.396140525333592,0.0,52.0,7.8,40.5,45.0,0.0,0.43693460104626786,1.0,17.871621990248382,15.588675812654198,2.0257839409403426,30.813141362497213,56.0193544701271,46.932691687013495,9.086662783113603,0.0,0.0,0.0,0.0,0.0,0.0,0.0,0.0,0.0,0.0,0.0,0.0,0.40271163993203984,-0.025046376436633544,0.0
1,spring_pv_high,春秋光伏大发日,65.0,4.0,0.25,31.11571405902367,22.676287919003325,4.808758506925907,0.0,5.0,-5.0,0.0,47.277140302913836,0.0,8.952878447725176,0.0,0.0,0.0,7.468467286570896,23.89909531702687,1.6029195023086356,4.808758506925907,0.0,0.0,2.0900394550106314,0.0,36.09644746890481,1.2228073980235432,0.0,38.494138314095125,0.0,0.0,0.0,0.0,0.0,0.0,10.360705557241307,5.384589172559755,10.243523344076204,4.1053605363654935,1.4036285868857876,0.0,52.0,7.8,40.5,45.0,0.0,0.4385777208970912,1.0,18.04711415423373,15.873401543302327,1.9235034027703628,31.11571405902367,56.23001875063901,47.277140302913836,8.952878447725176,0.0,0.0,0.0,0.0,0.0,0.0,0.0,-3.552713678800501e-15,0.0,0.0,0.0,0.0,0.4067510437830393,-0.25570134542494927,0.0
1,spring_pv_high,春秋光伏大发日,65.0,4.25,0.25,31.390120394028607,23.202441680173493,4.796542092848473,0.0,5.0,-5.0,0.0,47.71189755025864,0.0,8.292835827161412,0.0,0.0,0.0,7.6328903369365735,24.425249078197037,1.5988473642828245,4.796542092848473,0.0,0.0,2.0900394550106314,0.0,36.591027017096394,1.2228073980235432,0.0,38.76530800196867,0.0,0.0,0.0,0.0,0.0,0.0,10.541853468087291,5.4486274169256035,10.3063721324418,4.114596735467028,1.4120888633255155,0.0,52.0,7.8,40.5,45.0,0.0,0.4368205607941222,1.0,18.20626982853659,16.241709176121443,1.9186168371393895,31.390120394028607,56.00473337742005,47.71189755025864,8.292835827161412,0.0,0.0,0.0,0.0,0.0,0.0,0.0,0.0,0.0,0.0,0.0,0.0,0.5261537611701677,-0.012216414077433235,0.0
1,spring_pv_high,春秋光伏大发日,65.0,4.5,0.25,32.29014211119918,23.655343376241618,5.057048239826798,0.0,5.0,-5.0,0.0,48.84028642977661,0.0,7.4207492314770676,0.0,0.0,0.0,7.7744221169578624,24.878150774265162,1.6856827466089328,5.057048239826798,0.0,0.0,2.0900394550106314,0.0,37.08558183631057,1.2228073980235432,0.0,39.036342104998276,0.0,0.0,0.0,0.0,0.0,0.0,10.751630268070047,5.5224695447061904,10.372977535590909,4.125080021640103,1.421603557846405,0.0,52.0,7.8,40.5,45.0,0.0,0.43881964373953186,1.0,18.728282424495525,16.558740363369132,2.0228192959307196,32.29014211119918,56.26103566125368,48.84028642977661,7.4207492314770676,0.0,0.0,0.0,0.0,0.0,0.0,0.0,0.0,0.0,0.0,0.0,0.0,0.4529016960681247,0.26050614697832497,0.0
1,spring_pv_high,春秋光伏大发日,65.0,4.75,0.25,32.831834426303274,24.386604718042708,4.985713436142568,0.0,5.0,-5.0,0.0,49.5867196462988,0.0,5.139355013503362,0.0,0.0,0.0,8.002941286270703,25.609412116066252,1.6619044787141892,4.985713436142568,0.0,0.0,2.0900394550106314,0.0,37.580111927783776,1.2228073980235432,0.0,39.30724069097637,0.0,0.0,0.0,0.0,0.0,0.0,10.990285309754762,5.606995128624353,10.443152985028012,4.136924408655721,1.4322543798204426,0.0,52.0,7.8,40.5,45.0,0.0,0.42684739630586244,1.0,19.042463967255898,17.070623302629894,1.9942853744570272,32.831834426303274,54.726074659802165,49.5867196462988,5.139355013503362,0.0,0.0,0.0,0.0,0.0,0.0,0.0,0.0,0.0,0.0,0.0,0.0,0.7312613418010905,-0.07133480368423051,0.0
1,spring_pv_high,春秋光伏大发日,65.0,5.0,0.25,33.345221138903916,24.872194877986782,5.200093781672735,0.0,5.0,-5.0,0.0,50.32331339905869,0.0,2.5753266147793212,0.0,0.0,0.0,8.154688211253227,26.095002276010327,1.7333645938909117,5.200093781672735,0.0,0.0,2.0900394550106314,0.0,38.074617292752414,1.2228073980235432,0.0,39.578003827661476,0.0,0.0,0.0,0.0,0.0,0.0,11.256212475679963,5.703035306456419,10.516653160483537,4.150244980984967,1.4441211011601014,0.0,52.0,7.8,40.5,45.0,0.0,0.41259393987950777,1.0,19.34022826056427,17.410536414590748,2.080037512669094,33.345221138903916,52.89864001383801,50.32331339905869,2.5753266147793212,0.0,0.0,0.0,0.0,0.0,0.0,0.0,7.105427357601002e-15,0.0,0.0,0.0,0.0,0.4855901599440742,0.21438034553016738,0.0
1,spring_pv_high,春秋光伏大发日,65.0,5.25,0.25,33.978152810989286,25.4081532132568,5.118834492888878,0.0,4.645314838590274,-4.645314838590274,0.0,50.74196045991159,0.0,0.0,-0.0,0.0,0.0,8.322175191025106,26.630960611280344,1.7062781642962925,5.118834492888878,0.0,0.0,2.0900394550106314,0.0,38.5690979324528,1.2228073980235432,0.0,39.84863158277824,0.0,0.0,0.0,0.0,0.0,0.0,11.545584118471266,5.811342173203165,10.59317437397653,4.16515613174862,1.4572799355623827,0.0,52.0,7.8,40.5,45.0,0.0,0.3957724693468191,1.0,19.707328630373784,17.78570724927976,2.0475337971555514,33.978152810989286,50.74196045991159,50.74196045991159,0.0,0.0,0.0,0.0,0.0,0.0,0.0,0.0,0.0,0.0,0.0,0.3546851614097264,0.0,0.535958335270017,-0.08125928878385746,0.0
1,spring_pv_high,春秋光伏大发日,65.0,5.5,0.25,34.52265981531216,25.86931595027903,5.185197313984593,0.0,5.0,-5.0,0.0,49.33522015443589,0.0,2.3610458280539106,0.0,0.0,0.0,8.084161234462197,25.86931595027903,1.7283991046615308,5.185197313984593,0.0,0.0,0.0,0.0,38.56716947755618,0.0,0.0,39.828707266986854,0.0,0.0,0.0,0.0,0.0,0.0,11.852155150066524,5.932555402500435,10.672356528178739,4.181769541624142,1.4718017549129516,0.0,52.0,7.8,40.5,45.0,0.0,0.40321577366062217,1.0,20.023142692881052,18.10852116519532,2.074078925593837,34.52265981531216,51.6962659824898,49.33522015443589,2.3610458280539106,0.0,0.0,0.0,0.0,0.0,0.0,0.0,-7.105427357601002e-15,0.0,0.0,-0.3546851614097264,0.0,-0.7616446610013128,0.06636282109571479,0.0
1,spring_pv_high,春秋光伏大发日,65.0,5.75,0.25,35.27636851909649,26.3512702830412,5.383866258616608,0.0,5.0,-5.0,0.0,50.3057625687524,0.0,2.5744787535447458,0.0,0.0,0.0,8.234771963450374,26.3512702830412,1.7946220862055362,5.383866258616608,0.0,0.0,0.0,0.0,38.5652411190823,0.0,0.0,39.808792913353365,0.0,0.0,0.0,0.0,0.0,0.0,12.16730618735039,6.067166963647962,10.75378674113151,4.2001919097873355,1.4877501639627224,0.0,52.0,7.8,40.5,45.0,0.0,0.4124504354599331,1.0,20.460293741075965,18.44588919812884,2.1535465034466434,35.27636851909649,52.880241322297145,50.3057625687524,2.5744787535447458,0.0,0.0,0.0,0.0,0.0,0.0,0.0,0.0,0.0,0.0,0.0,0.0,0.48195433276216804,0.1986689446320158,0.0
1,spring_pv_high,春秋光伏大发日,65.0,6.0,0.25,36.1134474605214,26.833501450383768,5.240701732829628,0.0,5.0,-5.0,0.0,50.902354952833186,0.5029127011652614,4.991407543320058,0.0,0.0,0.0,8.042006914701908,25.734422127046106,1.7469005776098758,5.240701732829628,0.0,0.0,0.0,0.0,38.56331285702635,0.0,1.0990793233376606,39.49965711601836,0.0,0.0,0.0,0.0,0.0,0.0,12.480371241640048,6.2154850468066645,10.83700467568252,4.220522456878132,1.5051794615043776,0.0,52.0,7.8,40.5,45.0,0.01518193837145717,0.43595502033595923,1.0,20.94579952710241,18.783451015268636,2.096280693131851,36.1134474605214,56.39667519731851,50.902354952833186,5.494320244485319,0.0,0.0,0.0,0.0,0.0,0.0,0.0,0.0,0.0,0.0,0.0,0.0,-0.6168481559950934,-0.1431645257869807,0.0
1,spring_pv_high,春秋光伏大发日,65.0,6.25,0.25,36.52585563862813,27.04985878952314,5.233237960695846,0.0,5.0,-5.0,0.0,51.37988687537638,1.1400319869076236,6.629849659289967,0.0,0.0,0.0,8.10961858318296,25.950779466185477,1.7444126535652822,5.233237960695846,0.0,0.0,0.0,0.0,38.561384691383495,0.0,1.0990793233376606,39.19067588658203,0.0,0.0,0.0,0.0,0.0,0.0,12.779258579997563,6.377598540351202,10.921509549960508,4.242850229547812,1.524132523446342,0.0,52.0,7.8,40.5,45.0,0.034415307719647126,0.45245899973891723,1.0,21.184996270404312,18.934901152666196,2.0932951842783387,36.52585563862813,59.14976852157397,51.37988687537638,7.76988164619759,0.0,0.0,0.0,0.0,0.0,0.0,0.0,7.105427357601002e-15,0.0,0.0,0.0,0.0,0.21635733913937116,-0.0074637721337813545,0.0
1,spring_pv_high,春秋光伏大发日,65.0,6.5,0.25,36.888604665057606,27.278753825507973,5.489105750568411,0.0,5.0,-5.0,0.0,51.89945486384197,2.156631142064743,7.701143196753506,0.0,0.0,0.0,8.181148281928222,26.17967450217031,1.829701916856137,5.489105750568411,0.0,0.0,0.0,0.0,38.55945662214893,0.0,1.0990793233376606,38.88184914776041,0.0,0.0,0.0,0.0,0.0,0.0,13.051327998648972,6.553343605176861,11.006768736589185,4.267251246106128,1.5446386501468987,0.0,52.0,7.8,40.5,45.0,0.06510442272173392,0.4648672549344028,1.0,21.39539070573341,19.09512767785558,2.1956423002273646,36.888604665057606,61.75722920266021,51.89945486384197,9.857774338818249,0.0,0.0,0.0,0.0,0.0,0.0,0.0,0.0,0.0,0.0,0.0,0.0,0.2288950359848343,0.255867789872565,0.0
1,spring_pv_high,春秋光伏大发日,65.0,6.75,0.25,37.397343832512796,27.29324692395853,5.57457618310691,0.0,5.0,-5.0,0.0,52.44121326874246,3.47415491096989,6.471661452220026,0.0,0.0,0.0,8.185677375194022,26.19416760062087,1.8581920610356366,5.57457618310691,0.0,0.0,0.0,0.0,38.557528649317824,0.0,1.0990793233376606,38.573176822308206,0.0,0.0,0.0,0.0,0.0,0.0,13.284441604876148,6.74227404434419,11.092227785540269,4.293785532824879,1.5667114268450237,0.0,52.0,7.8,40.5,45.0,0.10487785579690079,0.4595032137762172,1.0,21.69045942285742,19.10527284677097,2.229830473242764,37.397343832512796,62.38702963193238,52.44121326874246,9.945816363189916,0.0,0.0,0.0,0.0,0.0,0.0,0.0,7.105427357601002e-15,0.0,0.0,0.0,0.0,0.014493098450557795,0.08547043253849829,0.0
1,spring_pv_high,春秋光伏大发日,65.0,7.0,0.25,37.919286613141296,27.2980747598589,5.728009700976196,0.0,5.0,-5.0,0.0,50.47813030354223,4.910004592296829,7.445885889368398,0.0,0.0,0.0,8.187186073912885,26.198995436521237,1.9093365669920654,5.728009700976196,0.0,0.0,0.0,2.537678950504013,37.887790522752724,0.0,1.0990793233376606,38.26465883301872,0.0,0.0,0.0,0.0,0.0,0.0,13.468067510786257,6.943637256476603,11.177321631472363,4.322494110205658,1.590346651703709,0.0,88.0,13.2,40.5,45.0,0.14822331380993808,0.45179040611300253,1.0,21.99318623562195,19.10865233190123,2.2912038803904786,37.919286613141296,62.83402078520746,50.47813030354223,12.355890481665227,0.0,0.0,0.0,0.0,0.0,0.0,0.0,0.0,0.0,0.0,0.0,0.0,0.0048278359003681715,0.15343351786928672,0.0
1,spring_pv_high,春秋光伏大发日,65.0,7.25,0.25,38.45892031814856,27.31417850559472,5.845944006820536,0.0,5.0,-5.0,0.0,51.06210786437339,6.743781732211776,6.263400751886884,0.0,0.0,0.0,8.19221849445533,26.21509918225706,1.9486480022735122,5.845944006820536,0.0,0.0,0.0,2.537678950504013,37.218085883093956,0.0,1.0990793233376606,37.956295102723885,0.0,0.0,0.0,0.0,0.0,0.0,13.59429520170714,7.156357572873413,11.261486674500208,4.353395997583033,1.6155203905569986,0.0,88.0,13.2,40.5,45.0,0.20358141365643043,0.44712222184525374,1.0,22.306173784526163,19.119924953916303,2.338377602728215,38.45892031814856,64.06929034847205,51.06210786437339,13.00718248409866,0.0,0.0,0.0,0.0,0.0,0.0,0.0,0.0,0.0,0.0,0.0,0.0,0.016103745735822628,0.11793430584434006,0.0
1,spring_pv_high,春秋光伏大发日,65.0,7.5,0.25,38.89112062129007,27.196834767911067,5.87569242614442,0.0,5.0,-5.0,0.0,51.467554389263384,8.577026444738447,6.968462325333022,0.0,0.0,0.0,8.155548576429188,26.097755444573405,1.95856414204814,5.87569242614442,0.0,0.0,0.0,2.537678950504013,36.54841472866717,0.0,1.0990793233376606,37.6480855542942,0.0,0.0,0.0,0.0,0.0,0.0,13.658623587448364,7.379028698983344,11.344173357344252,4.386485312385193,1.6421872206225148,0.0,88.0,13.2,40.5,45.0,0.2589234405746047,0.4557838606216144,1.0,22.556849960348238,19.037784337537747,2.350276970457768,38.89112062129007,67.01304315933486,51.467554389263384,15.545488770071469,0.0,0.0,0.0,0.0,0.0,0.0,0.0,0.0,0.0,0.0,0.0,0.0,-0.11734373768365458,0.029748419323883724,0.0
1,spring_pv_high,春秋光伏大发日,65.0,7.75,0.25,39.270576610929105,27.019198631646677,6.085840174118394,0.0,5.0,-5.0,0.0,51.861548335644464,10.525356385669932,7.240325356575802,0.0,0.0,0.0,8.100037283846566,25.920119308309015,2.0286133913727977,6.085840174118394,0.0,0.0,0.0,2.537678950504013,35.878777057798104,0.0,1.0990793233376606,37.34003011063872,0.0,0.0,0.0,0.0,0.0,0.0,13.660409260018008,7.609916801999435,11.424858805679627,4.421728546779798,1.6702787269279247,0.0,88.0,13.2,40.5,45.0,0.31773966259872605,0.4609773505435145,1.0,22.77693443433888,18.913439042152675,2.4343360696473577,39.270576610929105,69.6272300778902,51.861548335644464,17.765681742245732,0.0,0.0,0.0,0.0,0.0,0.0,0.0,0.0,0.0,0.0,0.0,0.0,-0.17763613626438968,0.2101477479739735,0.0
1,spring_pv_high,春秋光伏大发日,65.0,8.0,0.25,39.545697219435255,26.707651800441553,6.141129734762045,0.0,5.0,-5.0,0.0,52.057740412946885,12.489415553469046,9.92936204205801,0.0,0.0,0.0,8.002678899094965,25.60857247710389,2.047043244920682,6.141129734762045,0.0,0.0,0.0,2.537678950504013,35.20917286881258,0.0,1.0990793233376606,37.03212869470507,0.0,0.0,0.0,0.0,0.0,0.0,13.602909519055903,7.8469755038663545,11.50305905619715,4.459062108871521,1.6997023147611279,0.0,88.0,13.2,40.5,45.0,0.3770307188284296,0.4834812920886956,1.0,22.936504387272446,18.695356260309087,2.456451893904818,39.545697219435255,74.47651800847395,52.057740412946885,22.418777595527054,0.0,0.0,0.0,0.0,0.0,0.0,0.0,0.0,0.0,0.0,0.0,0.0,-0.31154683120512416,0.05528956064365165,0.0
1,spring_pv_high,春秋光伏大发日,65.0,8.25,0.25,39.59854954169342,26.39373535277379,6.127408697490748,0.0,5.0,-5.0,0.0,52.00792016621845,14.26349391119856,11.133469765886986,0.0,0.0,0.0,7.9045800091987894,25.294656029436126,2.0424695658302494,6.127408697490748,0.0,0.0,0.0,2.537678950504013,34.53960216003651,0.0,1.0990793233376606,36.72438122947939,0.0,0.0,0.0,0.0,0.0,0.0,13.492913996621395,8.087873654403555,11.578340372153589,4.498390217699095,1.73034039890087,0.0,88.0,13.2,40.5,45.0,0.4305866306810808,0.4924843972310188,1.0,22.967158734182185,18.475614746941652,2.4509634789962993,39.59854954169342,77.40488384330399,52.00792016621845,25.396963677085544,0.0,0.0,0.0,0.0,0.0,0.0,0.0,-7.105427357601002e-15,0.0,0.0,0.0,0.0,-0.31391644766776494,-0.013721037271297476,0.0
1,spring_pv_high,春秋光伏大发日,65.0,8.5,0.25,39.77192177337943,26.049113738382438,6.370574548443926,0.0,5.0,-5.0,0.0,52.154653427058214,16.333300276198155,10.12720939587949,0.0,0.0,0.0,7.796885754701492,24.950034415044776,2.1235248494813086,6.370574548443926,0.0,0.0,0.0,2.537678950504013,33.87006492979587,0.0,1.0990793233376606,36.416787637986324,0.0,0.0,0.0,0.0,0.0,0.0,13.34001915329857,8.330036280025796,11.650329142310213,4.5395832406655785,1.762050025594453,0.0,88.0,13.2,40.5,45.0,0.4930699853497224,0.48578033685608313,1.0,23.06771462856007,18.234379616867706,2.5482298193775708,39.77192177337943,78.61516309913586,52.154653427058214,26.460509672077645,0.0,0.0,0.0,0.0,0.0,0.0,0.0,-7.105427357601002e-15,0.0,0.0,0.0,0.0,-0.3446216143913503,0.24316585095317844,0.0
1,spring_pv_high,春秋光伏大发日,65.0,8.75,0.25,39.86606660637979,25.695070116641,6.634113755849034,0.0,5.0,-5.0,0.0,52.22600603073274,18.273134349013436,6.729840311171245,0.0,0.0,0.0,7.686247122907292,24.595990793303336,2.211371251949678,6.634113755849034,0.0,0.0,0.0,2.537678950504013,33.20056117641675,0.0,1.0990793233376606,36.10934784328901,0.0,0.0,0.0,0.0,0.0,0.0,13.155650199075557,8.570698543390879,11.718719878712585,4.582476558461218,1.7946629761784745,0.0,88.0,13.2,40.5,45.0,0.5516297339424642,0.45983837986711534,1.0,23.122318631700278,17.986549081648697,2.653645502339614,39.86606660637979,77.22898069091742,52.22600603073274,25.00297466018468,0.0,0.0,0.0,0.0,0.0,0.0,0.0,-7.105427357601002e-15,0.0,0.0,0.0,0.0,-0.35404362174143955,0.26353920740510794,0.0
1,spring_pv_high,春秋光伏大发日,65.0,9.0,0.25,40.3420785686594,25.292078389179377,6.802322248934734,0.0,5.0,-5.0,0.0,52.632152575875836,20.13399305627597,6.540327579661621,0.0,0.0,0.0,7.560312208075535,24.192999065841715,2.2674407496449116,6.802322248934734,0.0,0.0,0.0,2.537678950504013,32.531090898225294,0.0,1.0990793233376606,35.80206176848904,0.0,0.0,0.0,0.0,0.0,0.0,12.951966098975827,8.806971927995292,11.783280873367175,4.626870035832234,1.8279863919318105,0.0,88.0,13.2,40.5,45.0,0.6078053726690064,0.4615280603325257,1.0,23.39840556982245,17.70445487242556,2.720928899573894,40.3420785686594,79.30647321181343,52.632152575875836,26.67432063593759,0.0,0.0,0.0,0.0,0.0,0.0,0.0,0.0,0.0,0.0,0.0,0.0,-0.4029917274616217,0.16820849308570018,0.0
1,spring_pv_high,春秋光伏大发日,65.0,9.25,0.25,40.487097004246415,24.610206575701255,7.1210284658290295,0.0,5.0,-5.0,0.0,52.67032147538237,22.218231324348068,3.0566352907239533,0.0,0.0,0.0,7.347227266363623,23.511127252363593,2.373676155276343,7.1210284658290295,0.0,0.0,0.0,2.537678950504013,31.861654093547745,0.0,1.0990793233376606,35.49492933672647,0.0,0.0,0.0,0.0,0.0,0.0,12.740790512928916,9.035921204601232,11.84385714395662,4.672528166649864,1.8618039483468047,0.0,88.0,13.2,40.5,45.0,0.6707243979073552,0.4346539843672362,1.0,23.48251626246292,17.227144602990876,2.848411386331612,40.487097004246415,77.9451880904544,52.67032147538237,25.27486661507202,0.0,0.0,0.0,0.0,0.0,0.0,0.0,0.0,0.0,0.0,0.0,0.0,-0.6818718134781214,0.3187062168942951,0.0
1,spring_pv_high,春秋光伏大发日,65.0,9.5,0.25,40.6377398323615,23.960421068617855,7.543924246188372,0.0,5.0,-5.0,3.7876068299108994,51.8524060017898,20.550828197730056,0.0,0.0,0.0,0.0,7.487631583943079,23.960421068617855,2.5146414153961243,7.543924246188372,0.0,0.0,0.0,0.0,31.86006101084307,0.0,0.0,35.47718187205811,0.0,0.0,0.0,0.0,0.0,0.0,12.532695168220984,9.254650073448314,11.900370393378092,4.719180948704535,1.8958775937413699,0.0,88.0,13.2,40.5,45.0,0.7347291484013189,0.40443362020108137,1.0,23.569889102769668,16.772294748032497,3.017569698475349,40.6377398323615,76.19084102943076,55.6400128317007,20.550828197730056,0.0,0.0,0.0,0.0,0.0,0.0,0.0,0.0,0.0,0.0,0.0,0.0,0.44929381625426146,0.42289578035934294,0.0
1,spring_pv_high,春秋光伏大发日,65.0,9.75,0.25,40.81253314317153,23.466098125432197,7.883240423833289,0.0,5.0,-5.0,4.265420365113961,51.508015250199556,21.763005061212237,0.0,0.0,0.0,0.0,7.3331556641975615,23.466098125432197,2.6277468079444297,7.883240423833289,0.0,0.0,0.0,0.0,31.858468007792528,0.0,0.0,35.459443281122084,0.0,0.0,0.0,0.0,0.0,0.0,12.336327327419582,9.46039274106737,11.952815824678584,4.766525527685526,1.9299498523426757,0.0,88.0,13.2,40.5,45.0,0.7857466113163437,0.4017474729387035,1.0,23.671269223039484,16.426268687802537,3.153296169533316,40.81253314317153,77.53644067652576,55.77343561531352,21.763005061212237,0.0,0.0,0.0,0.0,0.0,0.0,0.0,-7.105427357601002e-15,0.0,0.0,0.0,0.0,-0.49432294318565795,0.3393161776449167,0.0
1,spring_pv_high,春秋光伏大发日,65.0,10.0,0.25,41.14193562187248,22.785871791541137,8.340895270804666,0.0,5.0,-5.0,3.64151593230725,52.401303048023394,24.028790056420892,0.0,0.0,0.0,0.0,7.120584934856605,22.785871791541137,2.7802984236015553,8.340895270804666,0.0,0.0,0.0,0.0,31.85687508439214,0.0,0.0,35.44171355948153,0.0,0.0,0.0,0.0,0.0,0.0,12.158027912243698,9.650608118913876,12.001255787964505,4.814228631237918,1.9637466760713134,0.0,88.0,13.2,40.5,45.0,0.8353117335610661,0.40871485682331776,1.0,23.862322660686036,15.950110254078794,3.3363581083218663,41.14193562187248,80.07160903675154,56.042818980330644,24.028790056420892,0.0,0.0,0.0,0.0,0.0,0.0,0.0,7.105427357601002e-15,0.0,0.0,0.0,0.0,-0.6802263338910599,0.4576548469713764,0.0
1,spring_pv_high,春秋光伏大发日,65.0,10.25,0.25,41.30287415809154,22.21824555030448,8.475050426883792,0.0,5.0,-5.0,5.903751307056133,50.167341394466824,23.022312572646136,0.0,0.0,0.0,0.0,6.94320173447015,22.21824555030448,2.825016808961264,8.475050426883792,0.0,0.0,0.0,0.0,31.85528224063792,0.0,0.0,35.42399270270179,0.0,0.0,0.0,0.0,0.0,0.0,12.001740737359546,9.82307285927829,12.045810383678015,4.861929793279746,1.9969808127382582,0.0,88.0,13.2,40.5,45.0,0.8732205771159546,0.39129060848839786,1.0,23.95566701169309,15.552771885213135,3.390020170753517,41.30287415809154,79.0934052741691,56.07109270152296,23.022312572646136,0.0,0.0,0.0,0.0,0.0,0.0,0.0,0.0,0.0,0.0,0.0,0.0,-0.5676262412366562,0.13415515607912631,0.0
1,spring_pv_high,春秋光伏大发日,65.0,10.5,0.25,41.210242195536644,21.594583796127868,8.813659598849675,0.0,5.0,-5.0,7.044859715849434,48.851576448927055,22.928389843564982,0.0,0.0,0.0,0.0,6.748307436289958,21.594583796127868,2.9378865329498915,8.813659598849675,0.0,0.0,0.0,0.0,31.853689476525886,0.0,0.0,35.40628070635044,0.0,0.0,0.0,0.0,0.0,0.0,11.869174393883432,9.975969107156478,12.08664530054321,4.909245346499839,2.029355641790107,0.0,88.0,13.2,40.5,45.0,0.9048330387142111,0.3810280262614524,1.0,23.90194047341125,15.116208657289507,3.5254638395398703,41.210242195536644,78.82482600834147,55.89643616477649,22.928389843564982,0.0,0.0,0.0,0.0,0.0,0.0,0.0,0.0,0.0,0.0,0.0,0.0,-0.623661754176613,0.33860917196588325,0.0
1,spring_pv_high,春秋光伏大发日,65.0,10.75,0.25,41.09213015787122,21.151209053125676,9.084607930919217,0.0,5.0,-5.0,8.460685585855416,47.26940004475731,22.171107175339507,0.0,0.0,0.0,0.0,6.609752829101773,21.151209053125676,3.028202643639739,9.084607930919217,0.0,0.0,0.0,0.0,31.85209679205206,0.0,0.0,35.38857756599727,0.0,0.0,0.0,0.0,0.0,0.0,11.760152149854967,10.107962677153388,12.123957318725815,4.955773137833561,2.060569412694709,0.0,88.0,13.2,40.5,45.0,0.9247131536550511,0.36868751247867804,1.0,23.833435491565304,14.805846337187972,3.633843172367687,41.09213015787122,77.90119280595223,55.73008563061273,22.171107175339507,0.0,0.0,0.0,0.0,0.0,0.0,0.0,0.0,0.0,0.0,0.0,0.0,-0.4433747430021917,0.2709483320695423,0.0
1,spring_pv_high,春秋光伏大发日,65.0,11.0,0.25,41.07864563162975,20.494659310537234,9.34499632524354,0.0,5.0,-5.0,12.207603567640753,45.862788640506054,18.633467629296764,0.0,0.0,0.0,0.0,6.786708346425243,21.717466708560778,3.11499877508118,9.34499632524354,0.0,0.0,2.0900394550106314,0.0,32.34688855777748,1.2228073980235432,0.0,35.66130003424486,0.0,0.0,0.0,0.0,0.0,0.0,11.673073972410148,10.21826738940797,12.157958050873024,5.001097898506149,2.090319806158798,0.0,70.0,10.5,40.5,45.0,0.9310308551299935,0.3577163544109535,1.0,23.82561446634525,14.346261517376062,3.7379985300974163,41.07864563162975,76.70385983744357,58.07039220814681,18.633467629296764,0.0,0.0,0.0,0.0,0.0,0.0,0.0,0.0,0.0,0.0,0.0,0.0,0.566257655435102,0.26038839432432326,0.0
1,spring_pv_high,春秋光伏大发日,65.0,11.25,0.25,41.07701219784917,20.07427048493835,9.58479357778302,0.0,5.0,-5.0,16.619016793579128,41.398302890300606,14.363547402609058,0.0,0.0,0.0,0.0,6.655336838425591,21.297077882961894,3.1949311925943404,9.58479357778302,0.0,0.0,2.0900394550106314,0.0,32.841655583914616,1.2228073980235432,0.0,35.933886141258334,0.0,0.0,0.0,0.0,0.0,0.0,11.60541736547349,10.306691538646861,12.188856617033077,5.044797177772593,2.118308725210633,0.0,70.0,10.5,40.5,45.0,0.935302248534135,0.3228946696808485,1.0,23.82466707475252,14.051989339456844,3.8339174311132087,41.07701219784917,72.38086708648879,58.017319683879734,14.363547402609058,0.0,0.0,0.0,0.0,0.0,0.0,0.0,0.0,0.0,0.0,0.0,0.0,-0.42038882559888435,0.23979725253948025,0.0
1,spring_pv_high,春秋光伏大发日,65.0,11.5,0.25,41.08188373858308,19.847181273789793,10.046813754980764,0.0,5.0,-5.0,20.366575357745774,37.73865721411653,11.231847053518347,0.0,0.0,0.0,0.0,6.584371459941668,21.069988671813338,3.3489379183269214,10.046813754980764,0.0,0.0,2.0900394550106314,0.0,33.33639787170044,1.2228073980235432,0.0,36.2063359552183,0.0,0.0,0.0,0.0,0.0,0.0,11.554216717750688,10.3736629379624,12.216842045625805,5.086447728622318,2.144247212326136,0.0,70.0,10.5,40.5,45.0,0.9538937882689129,0.2943505024261743,1.0,23.827492568378187,13.893026891652855,4.018725501992306,41.08188373858308,69.33707962538065,58.1052325718623,11.231847053518347,0.0,0.0,0.0,0.0,0.0,0.0,0.0,-7.105427357601002e-15,0.0,0.0,0.0,0.0,-0.22708921114855585,0.46202017719774346,0.0
1,spring_pv_high,春秋光伏大发日,65.0,11.75,0.25,41.117705699908406,19.64270071888845,10.23034148764629,0.0,5.0,-5.0,23.0485968964136,35.08973337425587,8.75209819969697,0.0,0.0,0.0,0.0,6.520471286534997,20.865508116911993,3.41011382921543,10.23034148764629,0.0,0.0,2.0900394550106314,0.0,33.83111542237188,1.2228073980235432,0.0,36.478649544271285,0.0,0.0,0.0,0.0,0.0,0.0,11.516479644398181,10.42022967566152,12.242066254139559,5.125632215294886,2.1678603807249632,0.0,70.0,10.5,40.5,45.0,0.96,0.27368967025273927,1.0,23.848269305946875,13.749890503221913,4.092136595058516,41.117705699908406,66.89042847036644,58.13833027066947,8.75209819969697,0.0,0.0,0.0,0.0,0.0,0.0,0.0,0.0,0.0,0.0,0.0,0.0,-0.20448055490134465,0.18352773266552624,0.0
1,spring_pv_high,春秋光伏大发日,65.0,12.0,0.25,41.228181333686564,19.232339403381584,10.548001301694034,0.0,5.0,-5.0,22.915679574930373,35.31077502310394,8.885015521180197,0.0,0.0,0.0,0.0,6.392233375439102,20.455146801405128,3.5160004338980113,10.548001301694034,0.0,0.0,2.0900394550106314,0.0,34.325808237165745,1.2228073980235432,0.0,36.75082697652958,0.0,0.0,0.0,0.0,0.0,0.0,11.48951876265225,10.448034639572482,12.264628483989851,5.16194609725659,2.188892243123575,0.0,70.0,10.5,40.5,45.0,0.96,0.2754137305452502,1.0,23.912345173538206,13.462637582367108,4.219200520677614,41.228181333686564,67.11147011921452,58.226454598034316,8.885015521180197,0.0,0.0,0.0,0.0,0.0,0.0,0.0,0.0,0.0,0.0,0.0,0.0,-0.41036131550686505,0.3176598140477438,0.0
1,spring_pv_high,春秋光伏大发日,65.0,12.25,0.25,41.61126782107768,19.067756124675387,10.768649324310116,0.0,5.0,-5.0,26.983771510412605,31.647886641289166,4.816923585697964,0.0,0.0,0.0,0.0,6.340801100843416,20.290563522698932,3.5895497747700387,10.768649324310116,0.0,0.0,2.0900394550106314,0.0,34.820476317318914,1.2228073980235432,0.0,37.02286832007191,0.0,0.0,0.0,0.0,0.0,0.0,11.471194757913173,10.459262975369443,12.284562039866902,5.195004533014949,2.207110319905659,0.0,70.0,10.5,40.5,45.0,0.96,0.24684427113388369,1.0,24.134535336225053,13.347429287272771,4.307459729724047,41.61126782107768,63.448581737399735,58.63165815170177,4.816923585697964,0.0,0.0,0.0,0.0,0.0,0.0,0.0,0.0,0.0,0.0,0.0,0.0,-0.16458327870619627,0.22064802261608207,0.0
1,spring_pv_high,春秋光伏大发日,65.0,12.5,0.25,41.349607095528455,18.957801750075557,11.096446725351873,0.0,5.0,-5.0,26.656240084141164,31.788662400296186,5.144455011969406,0.0,0.0,0.0,0.0,6.306440358780969,20.1806091480991,3.698815575117291,11.096446725351873,0.0,0.0,2.0900394550106314,0.0,35.31511966406807,1.2228073980235432,0.0,37.29477364294247,0.0,0.0,0.0,0.0,0.0,0.0,11.460079156963252,10.456562916567417,12.301824113189218,5.224449140373006,2.22230991102871,0.0,70.0,10.5,40.5,45.0,0.96,0.24794228093211365,1.0,23.9827721154065,13.27046122505289,4.43857869014075,41.349607095528455,63.589357496406755,58.44490248443735,5.144455011969406,0.0,0.0,0.0,0.0,0.0,0.0,0.0,0.0,0.0,0.0,0.0,0.0,-0.10995437459983037,0.3277974010417566,0.0
1,spring_pv_high,春秋光伏大发日,65.0,12.75,0.25,41.52339583647409,18.754280044739915,11.416246118179732,0.0,5.0,-5.0,23.551504273184598,35.110186216890284,8.249190822925971,0.0,0.0,0.0,0.0,6.24283982586358,19.97708744276346,3.805415372726577,11.416246118179732,0.0,0.0,2.0900394550106314,0.0,35.809738278649895,1.2228073980235432,0.0,37.56654301315159,0.0,0.0,0.0,0.0,0.0,0.0,11.455552072000078,10.44294180235949,12.316289352936181,5.249954447867922,2.23431792206211,0.0,70.0,10.5,40.5,45.0,0.96,0.27384919645080524,1.0,24.08356958515497,13.12799603131794,4.566498447271893,41.52339583647409,66.91088131300086,58.66169049007488,8.249190822925971,0.0,0.0,0.0,0.0,0.0,0.0,0.0,0.0,0.0,0.0,0.0,0.0,-0.20352170533564262,0.31979939282785885,0.0
1,spring_pv_high,春秋光伏大发日,65.0,13.0,0.25,41.417378163631994,18.713143020237812,11.666940286074706,0.0,5.0,-5.0,24.054883082271502,34.571499137436035,7.745812013839068,0.0,0.0,0.0,0.0,6.229984505706674,19.935950418261356,3.888980095358235,11.666940286074706,0.0,0.0,2.0900394550106314,0.0,36.30433216230099,1.2228073980235432,0.0,37.83817649867561,0.0,0.0,0.0,0.0,0.0,0.0,11.45785166596817,10.4216405203031,12.327747688970407,5.271233875440194,2.242996144434219,0.0,70.0,10.5,40.5,45.0,0.96,0.26964759458701304,1.0,24.022079334906554,13.099200114166468,4.666776114429882,41.417378163631994,66.37219423354661,58.62638221970754,7.745812013839068,0.0,0.0,0.0,0.0,0.0,0.0,0.0,0.0,0.0,0.0,0.0,0.0,-0.04113702450210255,0.2506941678949737,0.0
1,spring_pv_high,春秋光伏大发日,65.0,13.25,0.25,41.442678250622954,18.924598326216618,11.870305797567255,0.0,5.0,-5.0,22.6055561863908,36.17999440725692,9.19513890971977,0.0,0.0,0.0,0.0,6.29606428882505,20.147405724240162,3.956768599189085,11.870305797567255,0.0,0.0,2.0900394550106314,0.0,36.7989013162579,1.2228073980235432,0.0,38.109674167456866,0.0,0.0,0.0,0.0,0.0,0.0,11.46808937080792,10.395990997050918,12.335906719603361,5.288045090886954,2.248243902996728,0.0,70.0,10.5,40.5,45.0,0.96,0.2821933878338591,1.0,24.036753385361312,13.247218828351631,4.748122319026902,41.442678250622954,67.98068950336749,58.78555059364772,9.19513890971977,0.0,0.0,0.0,0.0,0.0,0.0,0.0,0.0,0.0,0.0,0.0,0.0,0.2114553059788058,0.20336551149254944,0.0
1,spring_pv_high,春秋光伏大发日,65.0,13.5,0.25,41.56983275411132,18.960288595797156,12.154617797975794,0.0,5.0,-5.0,20.112339335111706,38.90628963807115,11.688355760998864,0.0,0.0,0.0,0.0,6.307217498068969,20.1830959938207,4.051539265991932,12.154617797975794,0.0,0.0,2.0900394550106314,0.0,37.29344574175711,1.2228073980235432,0.0,38.38103608740373,0.0,0.0,0.0,0.0,0.0,0.0,11.488239496517552,10.369262626112807,12.340398755791206,5.300194602207907,2.25,0.0,70.0,10.5,40.5,45.0,0.96,0.30345769425576524,1.0,24.11050299738456,13.272202017058008,4.861847119190318,41.56983275411132,70.70698473418172,59.01862897318286,11.688355760998864,0.0,0.0,0.0,0.0,0.0,0.0,0.0,0.0,0.0,0.0,0.0,0.0,0.035690269580538114,0.2843120004085389,0.0
1,spring_pv_high,春秋光伏大发日,65.0,13.75,0.25,41.4494237429173,18.897673099617368,12.430440611754564,0.0,5.0,-5.0,18.74212313565424,40.228470421704664,12.08574305003338,0.0,0.0,0.0,0.0,6.287650155512785,20.120480497640912,4.143480203918188,12.430440611754564,0.0,0.0,2.0900394550106314,0.0,37.787965440035045,1.2228073980235432,0.0,38.65226232639062,0.0,0.0,0.0,0.0,0.0,0.0,11.521105365026626,10.344504576926367,12.340792380275223,5.3075414641954195,2.248243902996728,0.0,70.0,10.5,40.5,45.0,0.9306322219944099,0.3137703181457106,1.0,24.04066577089203,13.228371169732156,4.972176244701826,41.4494237429173,71.05633660739228,58.9705935573589,12.08574305003338,0.0,0.0,0.0,0.0,0.0,0.0,0.0,0.0,0.0,0.0,0.0,0.0,-0.06261549617978801,0.2758228137787704,0.0
1,spring_pv_high,春秋光伏大发日,65.0,14.0,0.25,41.4473917371749,18.80784489396605,12.556518925015279,0.0,5.0,-5.0,19.196210756434,39.786305585336706,10.276831727753205,0.0,0.0,0.0,0.0,6.259578841246747,20.030652291989593,4.185506308338426,12.556518925015279,0.0,0.0,2.0900394550106314,0.0,38.28246041232807,1.2228073980235432,0.0,38.92335295225802,0.0,0.0,0.0,0.0,0.0,0.0,11.57025787064239,10.324391685615216,12.336608143998623,5.3100000000000005,2.242996144434219,0.0,70.0,10.5,40.5,45.0,0.8897327778310188,0.31032156158286683,1.0,24.03948720756144,13.165491425776233,5.022607570006112,41.4473917371749,69.25934806952391,58.982516341770705,10.276831727753205,0.0,0.0,0.0,0.0,0.0,0.0,0.0,0.0,0.0,0.0,0.0,0.0,-0.08982820565131888,0.12607831326071484,0.0
1,spring_pv_high,春秋光伏大发日,65.0,14.25,0.25,41.60287832036118,19.02836123863508,12.644585525964162,0.0,5.0,-5.0,17.755214493179622,41.48105532313606,10.133771955748049,0.0,0.0,0.0,0.0,6.32849019895582,20.251168636658626,4.214861841988054,12.644585525964162,0.0,0.0,2.0900394550106314,0.0,38.77693065987248,1.2228073980235432,0.0,39.194308032812486,0.0,0.0,0.0,0.0,0.0,0.0,11.639937509240193,10.311082004305131,12.327337797756144,5.3075414641954195,2.23431792206211,0.0,70.0,10.5,40.5,45.0,0.8419132635325675,0.32354011448414144,1.0,24.12966942580948,13.319852867044556,5.057834210385665,41.60287832036118,69.37004177206373,59.236269816315684,10.133771955748049,0.0,0.0,0.0,0.0,0.0,0.0,0.0,0.0,0.0,0.0,0.0,0.0,0.2205163446690328,0.08806660094888308,0.0
1,spring_pv_high,春秋光伏大发日,65.0,14.5,0.25,41.74184654711476,19.020690842318928,12.68909282000814,0.0,5.0,-5.0,18.450944471482394,40.93673233741941,7.927662632354867,0.0,0.0,0.0,0.0,6.326093200107022,20.243498240342472,4.22969760666938,12.68909282000814,0.0,0.0,2.0900394550106314,0.0,39.27137618390451,1.2228073980235432,0.0,39.465127635826676,0.0,0.0,0.0,0.0,0.0,0.0,11.734908234526412,10.306094018101705,12.31246625763645,5.300194602207907,2.22230991102871,0.0,70.0,10.5,40.5,45.0,0.7963179025851228,0.3192945541978078,1.0,24.21027099732656,13.314483589623249,5.075637128003256,41.74184654711476,67.31533944125667,59.3876768089018,7.927662632354867,0.0,0.0,0.0,0.0,0.0,0.0,0.0,0.0,0.0,0.0,0.0,0.0,-0.007670396316154182,0.04450729404397791,0.0
1,spring_pv_high,春秋光伏大发日,65.0,14.75,0.25,41.95800967922456,19.111226285262777,12.635505421784023,0.0,5.0,-5.0,18.107826727492245,41.50644307336459,7.159572021949092,0.0,0.0,0.0,0.0,6.3543855260269755,20.33403368328632,4.211835140594674,12.635505421784023,0.0,0.0,2.0900394550106314,0.0,39.76579698566034,1.2228073980235432,0.0,39.735811829039356,0.0,0.0,0.0,0.0,0.0,0.0,11.860251513668128,10.310210985468498,12.291495340727618,5.288045090886954,2.207110319905659,0.0,70.0,10.5,40.5,45.0,0.7627727232424688,0.32373813151990505,1.0,24.33564561395024,13.377858399683943,5.054202168713609,41.95800967922456,66.77384182280593,59.61426980085684,7.159572021949092,0.0,0.0,0.0,0.0,0.0,0.0,0.0,0.0,0.0,0.0,0.0,0.0,0.09053544294384963,-0.05358739822411707,0.0
1,spring_pv_high,春秋光伏大发日,65.0,15.0,0.25,42.2767827023315,19.195916105032122,12.492658378006396,0.0,5.0,-5.0,14.092617870806109,43.72923538556575,9.771064985163775,0.0,0.0,0.0,0.0,6.380851094704895,20.418723503055666,4.164219459335466,12.492658378006396,0.0,0.0,0.0,0.0,39.76380869581106,1.2228073980235432,0.0,40.00636068015543,0.0,0.0,0.0,0.0,0.0,0.0,12.021091919431237,10.323418807514855,12.263968193188704,5.271233875440194,2.188892243123575,0.0,70.0,10.5,40.5,45.0,0.7203973206401083,0.34107526225493046,1.0,24.520533967352268,13.437141273522485,4.997063351202559,42.2767827023315,67.59291824153564,57.82185325637186,9.771064985163775,0.0,0.0,0.0,0.0,0.0,0.0,0.0,0.0,0.0,0.0,0.0,0.0,0.08468981976934487,-0.14284704377762658,0.0
1,spring_pv_high,春秋光伏大发日,65.0,15.25,0.25,42.483068676283715,19.366286518898228,12.397087088940218,0.0,5.0,-5.0,13.401583612497596,44.64793927580425,8.883872354303623,0.0,0.0,0.0,0.0,6.434091849038054,20.589093916921772,4.132362362980072,12.397087088940218,0.0,0.0,0.0,0.0,39.76182050537627,1.2228073980235432,0.0,40.27677425684595,0.0,0.0,0.0,0.0,0.0,0.0,12.222251483073219,10.344882308555073,12.229493273888721,5.249954447867922,2.1678603807249632,0.0,70.0,10.5,40.5,45.0,0.6727537767168429,0.3482408842360811,1.0,24.640179832244552,13.55640056322876,4.958834835576088,42.483068676283715,66.93339524260547,58.049522888301844,8.883872354303623,0.0,0.0,0.0,0.0,0.0,0.0,0.0,0.0,0.0,0.0,0.0,0.0,0.17037041386610596,-0.09557128906617862,0.0
1,spring_pv_high,春秋光伏大发日,65.0,15.5,0.25,42.65441816896328,19.200105690658322,12.11608875726942,0.0,5.0,-5.0,11.495969602500928,46.19717784721622,9.433093369181119,0.0,0.0,0.0,0.0,6.0000330283307255,19.200105690658322,4.03869625242314,12.11608875726942,0.0,0.0,0.0,0.0,39.759832414351,0.0,0.0,40.25663586971753,0.0,0.0,0.0,0.0,0.0,0.0,12.467838495154503,10.37296287606332,12.187766757851255,5.224449140373006,2.144247212326136,0.0,70.0,10.5,40.5,45.0,0.6318069586872689,0.3603244925448193,1.0,24.7395625379987,13.440073983460826,4.846435502907768,42.65441816896328,67.12624081889827,57.693147449717145,9.433093369181119,0.0,0.0,0.0,0.0,0.0,0.0,0.0,-7.105427357601002e-15,0.0,0.0,0.0,0.0,-1.38898822626345,-0.2809983316707978,0.0
1,spring_pv_high,春秋光伏大发日,65.0,15.75,0.25,42.97223331225628,19.27662310600654,11.999006695720421,0.0,5.0,-5.0,12.229596673892146,45.76625025756465,6.904568335084619,0.0,0.0,0.0,0.0,6.023944720627044,19.27662310600654,3.9996688985734736,11.999006695720421,0.0,0.0,0.0,0.0,39.75784442273029,0.0,0.0,40.23650755178267,0.0,0.0,0.0,0.0,0.0,0.0,12.760786775364307,10.405278162018043,12.13859228554382,5.195004533014949,2.118308725210633,0.0,70.0,10.5,40.5,45.0,0.5776225441960329,0.35696338322384985,1.0,24.92389532110864,13.493636174204577,4.799602678288169,42.97223331225628,64.90041526654142,57.995846931456796,6.904568335084619,0.0,0.0,0.0,0.0,0.0,0.0,0.0,0.0,0.0,0.0,0.0,0.0,0.0765174153482171,-0.1170820615489987,0.0
1,spring_pv_high,春秋光伏大发日,65.0,16.0,0.25,42.86418157257016,19.530011349021354,11.944631145097398,0.0,5.0,-5.0,13.135039444285319,44.81381438988648,3.9533795947248684,0.0,0.0,0.0,0.0,6.103128546569173,19.530011349021354,3.981543715032466,11.944631145097398,0.0,0.0,0.0,0.0,39.75585653050915,0.0,0.0,40.21638929800678,0.0,0.0,0.0,0.0,0.0,0.0,13.102372558262552,10.438802122036277,12.081897103671443,5.16194609725659,2.090319806158798,0.0,132.0,19.8,40.5,45.0,0.5158655251990452,0.34953466167212194,1.0,24.861225312090692,13.671007944314947,4.77785245803896,42.86418157257016,61.902233428896665,57.9488538341718,3.9533795947248684,0.0,0.0,0.0,0.0,0.0,0.0,0.0,0.0,0.0,0.0,0.0,0.0,0.25338824301481466,-0.05437555062302302,0.0
1,spring_pv_high,春秋光伏大发日,65.0,16.25,0.25,42.786899669789925,19.783228472278147,11.801936410048093,0.0,5.0,-5.0,14.74253509503474,43.16060227569147,0.5635618122846395,0.0,0.0,0.0,0.0,6.18225889758692,19.783228472278147,3.933978803349364,11.801936410048093,0.0,0.0,0.0,0.0,39.75386873768262,0.0,0.0,40.196281103357784,0.0,0.0,0.0,0.0,0.0,0.0,13.491746644052201,10.47000122147232,12.017743814006176,5.125632215294886,2.060569412694709,0.0,132.0,19.8,40.5,45.0,0.46206075013824954,0.3366400901014007,1.0,24.816401808478155,13.848259930594702,4.720774564019237,42.786899669789925,58.466699183010846,57.903137370726206,0.5635618122846395,0.0,0.0,0.0,0.0,0.0,0.0,0.0,0.0,0.0,0.0,0.0,0.0,0.2532171232567926,-0.14269473504930552,0.0
1,spring_pv_high,春秋光伏大发日,65.0,16.5,0.25,43.15211293394466,20.047059225407544,11.789364902062168,0.0,3.5132902152846484,-3.5132902152846484,13.289466850301018,43.57043060755554,1.7763568394002505e-15,0.0,0.0,0.0,0.0,6.264706007939857,20.047059225407544,3.9297883006873895,11.789364902062168,0.0,0.0,0.0,0.0,39.75188104424574,0.0,0.0,40.17618296280611,0.0,0.0,0.0,0.0,0.0,0.0,13.925527703046567,10.495000340844964,11.946337159128955,5.086447728622318,2.029355641790107,0.0,132.0,19.8,40.5,45.0,0.4011826828857383,0.3398366313749346,1.0,25.0282255016879,14.03294145778528,4.715745960824868,43.15211293394466,56.859897457856555,56.859897457856555,1.7763568394002505e-15,0.0,0.0,0.0,0.0,0.0,0.0,0.0,0.0,0.0,0.0,1.4867097847153516,0.0,0.2638307531293975,-0.012571507985924768,0.0
1,spring_pv_high,春秋光伏大发日,65.0,16.75,0.25,43.23585387015884,20.38828707568821,11.602737155443412,0.0,1.3957254304914395,-1.3957254304914395,11.190584907195507,42.18226416884661,-3.552713678800501e-15,0.0,3.0525329683061497,1.0683865389071523,1.3736398357377675,5.9420772624845135,19.014647239950445,3.8675790518144706,11.602737155443412,0.0,0.0,0.0,0.0,39.74989345019353,0.0,0.0,40.15609487132471,0.0,0.0,0.0,0.0,0.0,0.0,14.397506928634565,10.509769939102156,11.868025515433374,5.044797177772593,1.9969808127382582,0.0,132.0,19.8,40.5,45.0,0.33782159410162127,0.32900933865047904,1.0,25.076795244692125,14.271800952981748,4.641094862177365,43.23585387015884,53.372849076042115,53.372849076042115,-3.552713678800501e-15,0.61050659366123,0.1526266484153075,9.920732146994986,0.0,0.0,0.0,0.0,7.105427357601002e-15,0.0,0.0,2.117564784793209,1.0683865389071523,-1.0324119854570988,-0.1866277466187558,0.0
1,spring_pv_high,春秋光伏大发日,65.0,17.0,0.25,43.34695756602861,20.533525570432563,11.519575633182594,0.0,1.3957254304914395,-1.3957254304914395,5.76288099666089,43.2259351419059,3.5025184333508843,0.0,6.378213307639431,2.232374657673801,2.870195988437744,5.1763282058303615,16.564250258657157,3.839858544394198,11.519575633182594,0.0,0.0,0.0,2.537678950504013,39.08009570538839,0.0,1.0990793233376606,39.84678542301072,0.0,0.0,0.0,0.0,0.0,0.0,14.898513159071957,10.510324540288602,11.783297020266714,5.001097898506149,1.9637466760713134,0.0,132.0,19.8,40.5,45.0,0.2797040575977596,0.3371496673734815,1.0,25.14123538829659,14.373467899302792,4.607830253273038,43.34695756602861,52.491334571917676,48.98881613856679,3.5025184333508843,1.2756426615278862,0.31891066538197155,20.72919324982815,0.0,0.0,0.0,0.0,7.105427357601002e-15,0.0,0.0,0.0,1.1639881187666485,-2.450396981293288,-0.08316152226081819,0.0
1,spring_pv_high,春秋光伏大发日,65.0,17.25,0.25,43.95525781255485,20.919299357821917,11.447702551838294,0.0,1.3957254304914395,-1.3957254304914395,6.427132026054522,41.634919057330855,1.0022051847864164,0.0,9.703893646972714,3.39636277644045,4.366752141137722,4.8292087166707915,15.453467893346533,3.8159008506127647,11.447702551838294,0.0,0.0,0.0,2.537678950504013,38.41033145047049,0.0,1.0990793233376606,39.53763062942089,0.0,0.0,0.0,0.0,0.0,0.0,15.416480191966146,10.492921725600386,11.692770516810707,4.955773137833561,1.9299498523426757,0.0,132.0,19.8,40.5,45.0,0.22427697573439553,0.32474020666570597,1.0,25.49404953128181,14.64350955047534,4.579081020735318,43.95525781255485,49.064256268171796,48.06205108338538,1.0022051847864164,1.9407787293945429,0.4851946823486357,31.53765435266132,0.0,0.0,0.0,0.0,0.0,0.0,0.0,0.0,1.1639881187666492,-1.1107823653106248,-0.07187308134430026,0.0
1,spring_pv_high,春秋光伏大发日,65.0,17.5,0.25,44.02369138811645,21.15560386600965,11.278167004847795,0.0,0.0,0.0,5.662891051330419,39.45753957045156,2.6645352591003757e-15,0.0,13.029573986305996,4.560350895207098,5.863308293837698,4.4353800777607155,14.19321624883429,3.7593890016159315,11.278167004847795,0.0,0.0,0.0,2.537678950504013,37.74060068376533,0.0,1.0990793233376606,39.228630413227854,0.0,0.0,0.0,0.0,0.0,0.0,15.936744118943711,10.45425062437041,11.597181742609804,4.909245346499839,1.8958775937413699,0.0,132.0,19.8,40.5,45.0,0.17095146482952533,0.3077572827026449,1.0,25.533741005107537,14.808922706206753,4.511266801939118,44.02369138811645,45.12043062178198,45.12043062178198,2.6645352591003757e-15,2.6059147972611996,0.6514786993152999,42.34611545549449,0.0,0.0,0.0,0.0,0.0,0.0,0.0,1.3957254304914395,1.1639881187666483,-1.260251644512243,-0.1695355469904989,0.0
1,spring_pv_high,春秋光伏大发日,65.0,17.75,0.25,44.82784978296186,21.48987970114262,10.951577321405527,4.059287825129973,0.0,4.059287825129973,4.044955103125808,36.18428214255118,-2.6645352591003757e-15,0.0,16.35525432563928,5.724339013973747,7.359864446537676,4.072167478521025,13.030935931267281,3.650525773801842,10.951577321405527,0.0,0.0,0.0,2.537678950504013,37.07090340359851,0.0,1.0990793233376606,38.919784697142916,0.0,0.0,0.0,0.0,0.0,0.0,16.442578872192897,10.391599437493046,11.497365402116138,4.861929793279746,1.8618039483468047,0.0,132.0,19.8,40.5,45.0,0.1221091830623447,0.28222683091666345,1.0,26.00015287411788,15.042915790799833,4.380630928562211,44.82784978296186,40.22923724567699,40.22923724567699,-2.6645352591003757e-15,5.5036591689493415,1.3759147922373354,89.4344614954268,0.0,0.0,0.0,0.0,-1.4210854715202004e-14,0.0,0.0,4.059287825129973,1.1639881187666488,-1.1622803175670082,-0.32658968344226835,0.0
1,spring_pv_high,春秋光伏大发日,65.0,18.0,0.25,45.28668973166888,21.85895230497842,10.630839281428127,6.1833207192970665,0.0,6.1833207192970665,2.613194175152479,34.327610717285275,2.220446049250313e-15,0.0,19.68093466497256,6.888327132740396,8.856420599237653,3.71982886950097,11.903452382403104,3.5436130938093755,10.630839281428127,0.0,0.0,0.0,2.537678950504013,36.4012396082957,0.0,1.0990793233376606,38.611093403916016,0.0,0.0,0.0,0.0,0.0,0.0,16.915954538842875,10.302992770659113,11.394233938885682,4.814228631237918,1.8279863919318105,0.0,132.0,19.8,40.5,45.0,0.07888715641480454,0.2677453361521144,1.0,26.26628004436795,15.301266613484893,4.252335712571251,45.28668973166888,36.940804892437754,36.940804892437754,2.220446049250313e-15,7.337013328607899,1.8342533321519747,119.22646658987836,0.0,0.0,0.0,0.0,0.0,0.0,0.0,2.124032894167094,1.1639881187666488,-1.127483548864177,-0.3207380399773996,0.0
1,spring_pv_high,春秋光伏大发日,65.0,18.25,0.25,45.53343037579929,22.158859103240726,10.419818095393607,7.117058616683254,0.0,7.117058616683254,1.5656990290296946,33.07982717277902,-2.220446049250313e-15,0.0,23.006615004305843,8.052315251507045,10.35297675193763,3.3458759462391976,10.706803027965433,3.4732726984645357,10.419818095393607,0.0,0.0,0.0,2.537678950504013,35.73160929618265,0.0,1.0990793233376606,38.30255645633573,0.0,0.0,0.0,0.0,0.0,0.0,17.338477955326876,10.18729142041573,11.28875395054272,4.766525527685526,1.7946629761784745,0.0,132.0,19.8,40.5,45.0,0.04726535263854468,0.25801298899517466,1.0,26.409389617963587,15.511201372268507,4.167927238157443,45.53343037579929,34.645526201808714,34.645526201808714,-2.220446049250313e-15,8.515705240036958,2.1289263100092395,138.38021015060056,0.0,0.0,0.0,0.0,7.105427357601002e-15,0.0,0.0,0.9337378973861874,1.1639881187666488,-1.196649354437671,-0.21102118603451991,0.0
1,spring_pv_high,春秋光伏大发日,65.0,18.5,0.25,45.711987533569825,22.415934502040987,10.254754845699205,5.607134718515065,0.0,5.607134718515065,0.6847859285775115,34.042874391578145,-2.9976021664879227e-15,0.0,26.332295343639124,9.216303370273693,11.849532904637606,2.958538210645537,9.467322274065719,3.418251615233068,10.254754845699205,0.0,0.0,0.0,2.537678950504013,35.062012465585205,0.0,1.0990793233376606,37.994173777229236,0.0,0.0,0.0,0.0,0.0,0.0,17.692451789356014,10.044249609569619,11.181921263989418,4.719180948704535,1.762050025594453,0.0,132.0,19.8,40.5,45.0,0.020672330886088455,0.2655244759859629,1.0,26.5129527694705,15.69115415142869,4.101901938279682,45.711987533569825,34.72766032015566,34.72766032015566,-2.9976021664879227e-15,8.350383163911111,2.087595790977778,135.69372641355557,0.0,0.0,0.0,0.0,0.0,0.0,0.0,-1.5099238981681893,1.1639881187666479,-1.2394807538997146,-0.165063249694402,0.0
1,spring_pv_high,春秋光伏大发日,65.0,18.75,0.25,45.547749592265276,22.505775991080522,9.910175107673723,3.62741109073108,0.0,3.62741109073108,0.0,34.87198248238759,0.0,0.0,29.561603016295837,10.346561055703543,13.302721357333127,2.5324922845030415,8.103975310409734,3.303391702557908,9.910175107673723,0.0,0.0,0.0,2.537678950504013,34.3924491148293,0.0,1.0990793233376606,37.685945289462296,0.0,0.0,0.0,0.0,0.0,0.0,17.961970019695947,9.874527335132564,11.074735707705088,4.672528166649864,1.73034039890087,0.0,132.0,19.8,40.5,45.0,0.0,0.27199127690340724,1.0,26.417694763513857,15.754043193756365,3.9640700430694893,45.547749592265276,34.87198248238759,34.87198248238759,0.0,7.907396703161263,1.9768491757903157,128.4951964263705,0.0,0.0,0.0,0.0,0.0,0.0,0.0,-1.9797236277839847,1.13025768542985,-1.3633469636559852,-0.34457973802548203,0.0
1,spring_pv_high,春秋光伏大发日,65.0,19.0,0.25,45.25353307561767,22.74981426184424,9.582742876507307,3.553818810513704,0.0,3.553818810513704,0.0,34.61847612851554,0.0,0.0,29.561603016295837,10.346561055703543,13.302721357333127,2.608754244116703,8.34801358117345,3.194247625502436,9.582742876507307,0.0,0.0,0.0,2.537678950504013,33.72291924224093,0.0,1.0990793233376606,37.37787091593924,0.0,0.0,0.0,0.0,0.0,0.0,18.133957313151683,9.679658271651041,10.968176583931253,4.626870035832234,1.6997023147611279,0.0,132.0,19.8,40.5,45.0,0.0,0.27001400139497833,1.0,26.247049183858245,15.924869983290966,3.833097150602923,45.25353307561767,34.61847612851554,34.61847612851554,0.0,7.866920949041706,1.9667302372604265,127.83746542192772,0.0,0.0,0.0,0.0,0.0,0.0,0.0,-0.07359228021737607,0.0,0.24403827076371698,-0.32743223116641573,0.0
1,spring_pv_high,春秋光伏大发日,65.0,19.25,0.25,45.01774304338215,22.93305638284955,9.345044691472514,1.943439715713268,0.0,1.943439715713268,0.0,35.971095625549694,0.0,0.0,29.561603016295837,10.346561055703543,13.302721357333127,2.666017406930863,8.531255702178761,3.1150148971575047,9.345044691472514,0.0,0.0,0.0,2.537678950504013,33.053422846146184,0.0,1.0990793233376606,37.069950579602946,0.0,0.0,0.0,0.0,0.0,0.0,18.199059270777326,9.461976357505279,10.863179760818218,4.582476558461218,1.6702787269279247,0.0,132.0,19.8,40.5,45.0,0.0,0.2805640383579923,1.0,26.110290965161642,16.053139467994683,3.738017876589006,45.01774304338215,35.971095625549694,35.971095625549694,0.0,6.981212446901465,1.7453031117253663,113.44470226214881,0.0,0.0,0.0,0.0,7.105427357601002e-15,0.0,0.0,-1.610379094800436,0.0,0.18324212100531057,-0.23769818503479279,0.0
1,spring_pv_high,春秋光伏大发日,65.0,19.5,0.25,44.401123567781816,22.908350098935852,9.053661724056887,1.943439715713268,0.0,1.943439715713268,0.0,35.842957581511904,0.0,0.0,28.35226838986877,9.923293936454069,12.758520775440946,2.8283593750491387,9.050750000157244,3.017887241352296,9.053661724056887,0.0,0.0,0.0,2.537678950504013,32.38395992487124,0.0,1.0990793233376606,36.76218420343482,0.0,0.0,0.0,0.0,0.0,0.0,18.15230059861818,9.224506584736725,10.76061718064351,4.5395832406655785,1.6421872206225148,0.0,132.0,19.8,40.5,45.0,0.0,0.2795645990449178,1.0,25.75265166931345,16.035845069255096,3.621464689622755,44.401123567781816,35.842957581511904,35.842957581511904,0.0,6.739345521616051,1.6848363804040127,109.51436472626082,0.0,0.0,0.0,0.0,0.0,0.0,0.0,0.0,-0.42326711924947347,0.5194942979784827,-0.2913829674156272,0.0
1,spring_pv_high,春秋光伏大发日,65.0,19.75,0.25,43.83169479004332,22.863767062003575,8.902877736919688,3.2153817170073857,0.0,3.2153817170073857,0.0,34.79442962128846,0.0,0.0,26.60544271466625,9.311904950133187,11.972449221599813,3.060074536583156,9.7922385170661,2.9676259123065627,8.902877736919688,0.0,0.0,0.0,2.537678950504013,31.714530476742368,0.0,1.0990793233376606,36.45457171045478,0.0,0.0,0.0,0.0,0.0,0.0,17.99344821200895,8.970827445716463,10.661279424464048,4.498390217699095,1.6155203905569986,0.0,132.0,19.8,40.5,45.0,0.0,0.2713863872408101,1.0,25.422382978225126,16.004636943402502,3.5611510947678755,43.83169479004332,34.79442962128846,34.79442962128846,0.0,7.0895484872873125,1.7723871218218281,115.20516291841882,0.0,0.0,0.0,0.0,7.105427357601002e-15,0.0,0.0,1.2719420012941178,-0.6113889863208826,0.7414885169088556,-0.1507839871371992,0.0
1,spring_pv_high,春秋光伏大发日,65.0,20.0,0.25,43.31704431946042,22.97516435651289,8.537885519851102,3.922993036063941,0.0,3.922993036063941,0.0,35.11697733031236,0.0,0.0,23.279762375332968,8.147916831366539,10.475893068899836,3.5625599888360604,11.400191964275393,2.8459618399503674,8.537885519851102,0.0,0.0,0.0,2.537678950504013,31.045134500085897,0.0,1.0990793233376606,36.147113023721225,0.0,0.0,0.0,0.0,0.0,0.0,17.727043938383588,8.704913836840888,10.565861796773053,4.459062108871521,1.590346651703709,0.0,132.0,19.8,40.5,45.0,0.0,0.2739021651517444,1.0,25.123885705287044,16.082615049559024,3.415154207940441,43.31704431946042,35.11697733031236,35.11697733031236,0.0,6.813598644901762,1.7033996612254405,110.72097797965364,0.0,0.0,0.0,0.0,7.105427357601002e-15,0.0,0.0,0.7076113190565554,-1.1639881187666479,1.6079534472092938,-0.3649922170685862,0.0
1,spring_pv_high,春秋光伏大发日,65.0,20.25,0.25,42.777556608913734,22.84849538284535,8.052552988176036,4.167402949967627,0.0,4.167402949967627,0.0,35.763380057517914,0.0,0.0,19.95408203599969,6.983928712599891,8.97933691619986,3.990649732283696,12.770079143307827,2.684184329392012,8.052552988176036,0.0,0.0,0.0,2.537678950504013,30.37577199322826,0.0,1.0990793233376606,35.83980806633104,0.0,0.0,0.0,0.0,0.0,0.0,17.362103527819066,8.430969907415633,10.474954207129443,4.421728546779798,1.5667114268450237,0.0,132.0,19.8,40.5,45.0,0.0,0.2789439176031653,1.0,24.810982833169962,15.993946767991744,3.2210211952704144,42.777556608913734,35.763380057517914,35.763380057517914,0.0,6.282888029682134,1.5707220074205335,102.09693048233467,0.0,0.0,0.0,0.0,1.4210854715202004e-14,0.0,0.0,0.24440991390368616,-1.1639881187666479,1.3698871790324336,-0.4853325316750663,0.0
1,spring_pv_high,春秋光伏大发日,65.0,20.5,0.25,42.054407591003375,22.863878513292622,7.741706313837647,3.4445996885517367,0.0,3.4445996885517367,0.0,37.29588788766082,0.0,0.0,16.62840169666641,5.819940593833243,7.482780763499884,4.463130758267211,14.282018426455076,2.5805687712792156,7.741706313837647,0.0,0.0,0.0,2.537678950504013,29.706442954495962,0.0,1.0990793233376606,35.532656761419545,0.0,0.0,0.0,0.0,0.0,0.0,16.911511136254386,8.153261354994827,10.38903494025699,4.386485312385193,1.5446386501468987,0.0,132.0,19.8,40.5,45.0,0.0,0.29089703101722375,1.0,24.391556402781955,16.004714959304835,3.096682525535059,42.054407591003375,37.29588788766082,37.29588788766082,0.0,5.220210168036737,1.3050525420091843,84.82841523059697,0.0,0.0,0.0,0.0,7.105427357601002e-15,0.0,0.0,-0.7228032614158906,-1.1639881187666479,1.5119392831472496,-0.3108466743383884,0.0
1,spring_pv_high,春秋光伏大发日,65.0,20.75,0.25,41.13690586193721,22.820583170275214,7.569632123650508,0.07775317694200634,0.0,0.07775317694200634,0.0,41.306006728601105,0.0,0.0,13.302721357333127,4.655952475066594,5.9862246107999075,4.917274761293013,15.735279236137643,2.5232107078835027,7.569632123650508,0.0,0.0,0.0,2.537678950504013,29.0371473822156,0.0,1.0990793233376606,35.22565903216051,0.0,0.0,0.0,0.0,0.0,0.0,16.391167274078555,7.875956046451777,10.308468231747847,4.353395997583033,1.524132523446342,0.0,132.0,19.8,40.5,45.0,0.0,0.32217478658023585,1.0,23.859405399923578,15.974408219192648,3.0278528494602033,41.13690586193721,41.306006728601105,41.306006728601105,0.0,2.7033085187847288,0.6758271296961822,43.92876343025184,0.0,0.0,0.0,0.0,-7.105427357601002e-15,0.0,0.0,-3.3668465116097304,-1.1639881187666488,1.4532608096825665,-0.1720741901871392,0.0
1,spring_pv_high,春秋光伏大发日,65.0,21.0,0.25,40.14490443218903,22.741682023853315,7.1956861512372114,0.0,2.349882543912285,-2.349882543912285,0.0,44.223997670464676,0.0,0.0,9.977041017999845,3.4919643562999454,4.48966845809993,5.360291950754912,17.15293424241572,2.3985620504124037,7.1956861512372114,0.0,0.0,0.0,2.537678950504013,28.367885274713853,0.0,1.0990793233376606,34.9188148017661,0.0,0.0,0.0,0.0,0.0,0.0,15.818969922240825,7.6029806758412395,10.233505411686977,4.322494110205658,1.5051794615043776,0.0,132.0,19.8,40.5,45.0,0.0,0.3449342635520684,1.0,23.284044570669636,15.91917741669732,2.8782744604948847,40.14490443218903,44.223997670464676,44.223997670464676,0.0,1.9954082035999692,0.4988520508999923,32.4253833084995,0.0,0.0,0.0,0.0,0.0,0.0,0.0,-2.4276357208542914,-1.1639881187666488,1.4176550062780784,-0.3739459724132965,0.0
1,spring_pv_high,春秋光伏大发日,65.0,21.25,0.25,39.32049835324054,22.561451648264917,6.926698013259415,0.0,4.029261879936803,-4.029261879936803,0.0,46.56464813899545,0.0,0.4862638910524453,6.651360678666563,2.327976237533297,2.9931123053999538,5.771643756102281,18.4692600195273,2.308899337753138,6.926698013259415,0.0,0.0,0.0,2.537678950504013,27.698656630317483,0.0,1.0990793233376606,34.6121239934869,0.0,0.0,0.0,0.0,0.0,0.0,15.213720681828718,7.3378995826421365,10.164289249735571,4.293785532824879,1.4877501639627224,0.0,132.0,19.8,40.5,45.0,0.0,0.36698336978650625,1.0,22.80588904487951,15.793016153785441,2.7706792053037663,39.32049835324054,47.0509120300479,46.56464813899545,0.4862638910524453,1.3302721357333127,0.3325680339333282,21.61692220566633,0.0,0.0,0.0,0.0,7.105427357601002e-15,0.0,0.0,-1.6793793360245184,-1.1639881187666483,1.3163257771115795,-0.2689881379777965,0.0
1,spring_pv_high,春秋光伏大发日,65.0,21.5,0.25,38.30495025926642,22.46747362127699,6.550451797108444,0.0,4.029261879936803,-4.029261879936803,0.0,49.56365737319336,0.0,0.0,3.3256803393332817,1.1639881187666485,1.4965561526999769,6.209949420387297,19.87183814523935,2.1834839323694815,6.550451797108444,0.0,0.0,0.0,0.0,27.697271697485967,0.0,1.0990793233376606,34.305586530611826,0.0,0.0,0.0,0.0,0.0,0.0,14.594049403902838,7.083819998354173,10.100861036792342,4.267251246106128,1.4718017549129516,0.0,132.0,19.8,40.5,45.0,0.0,0.38658204946468067,1.0,22.216871150374523,15.727231534893892,2.6201807188433777,38.30495025926642,49.56365737319336,49.56365737319336,0.0,0.6651360678666564,0.1662840169666641,10.808461102833165,0.0,0.0,0.0,0.0,0.0,0.0,0.0,0.0,-1.1639881187666485,1.4025781257120506,-0.376246216150971,0.0
1,spring_pv_high,春秋光伏大发日,65.0,21.75,0.25,37.016088202055215,22.4950040229599,6.3627665467232495,0.0,5.0,-5.0,0.0,50.82323685292825,0.0,2.4155665025066355,-0.0,0.0,0.0,6.686226468631949,21.39592469962224,2.1209221822410833,6.3627665467232495,0.0,0.0,0.0,0.0,27.695886833901092,0.0,1.0990793233376606,33.999202336468194,0.0,0.0,0.0,0.0,0.0,0.0,13.977442186240772,6.843326025660309,10.043169872378268,4.242850229547812,1.4572799355623827,0.0,132.0,19.8,40.5,45.0,0.0,0.4152471145788066,1.0,21.469331157192023,15.74650281607193,2.5451066186893,37.016088202055215,53.23880335543488,50.82323685292825,2.4155665025066355,0.0,0.0,0.0,0.0,0.0,0.0,0.0,0.0,0.0,0.0,-0.9707381200631966,-1.1639881187666485,1.5240865543828868,-0.18768525038519446,0.0
1,spring_pv_high,春秋光伏大发日,65.0,22.0,0.25,35.85034175536703,22.46427929356563,6.2078619101445565,0.0,5.0,-5.0,0.0,49.93971633798781,0.0,3.911704017254152,0.0,0.0,0.0,7.0200872792392595,22.46427929356563,2.0692873033815187,6.2078619101445565,0.0,0.0,0.0,0.0,27.694502039559396,0.0,0.0,33.982202735299964,0.0,0.0,0.0,0.0,0.0,0.0,13.379440690386174,6.618441736475195,9.991083593321017,4.220522456878132,1.4441211011601014,0.0,62.0,9.299999999999999,40.5,45.0,0.0,0.4200253482256725,1.0,20.793198218112877,15.724995505495942,2.4831447640578226,35.85034175536703,53.85142035524196,49.93971633798781,3.911704017254152,0.0,0.0,0.0,0.0,0.0,0.0,0.0,0.0,0.0,0.0,0.0,0.0,1.0683545939433934,-0.15490463657869302,0.0
1,spring_pv_high,春秋光伏大发日,65.0,22.25,0.25,35.09900649841005,22.314714763072757,5.9584296784024655,0.0,5.0,-5.0,0.0,49.05849808800444,0.0,7.043361173770052,0.0,0.0,0.0,6.973348363460237,22.314714763072757,1.9861432261341552,5.9584296784024655,0.0,0.0,0.0,0.0,27.693117314457417,0.0,0.0,33.96521163393231,0.0,0.0,0.0,0.0,0.0,0.0,12.813058164920479,6.410622038232849,9.944400776218377,4.2001919097873355,1.4322543798204426,0.0,62.0,9.299999999999999,40.5,45.0,0.0,0.4375781143206324,1.0,20.357423769077826,15.62030033415093,2.3833718713609864,35.09900649841005,56.10185926177449,49.05849808800444,7.043361173770052,0.0,0.0,0.0,0.0,0.0,0.0,0.0,0.0,0.0,0.0,0.0,0.0,-0.14956453049287433,-0.24943223174209095,0.0
1,spring_pv_high,春秋光伏大发日,65.0,22.5,0.25,34.156853808856276,21.984569609509474,5.666981960841434,0.0,5.0,-5.0,0.0,47.91602579877513,0.0,9.256058052371849,0.0,0.0,0.0,6.87017800297171,21.984569609509474,1.8889939869471446,5.666981960841434,0.0,0.0,0.0,0.0,27.691732658591693,0.0,0.0,33.94822902811535,0.0,0.0,0.0,0.0,0.0,0.0,12.288432588377686,6.22076850790594,9.902863270058843,4.181769541624142,1.421603557846405,0.0,62.0,9.299999999999999,40.5,45.0,0.0,0.4459255534942976,1.0,19.81097520913664,15.38919872665663,2.2667927843365736,34.156853808856276,57.17208385114698,47.91602579877513,9.256058052371849,0.0,0.0,0.0,0.0,0.0,0.0,0.0,0.0,0.0,0.0,0.0,0.0,-0.3301451535632829,-0.2914477175610317,0.0
1,spring_pv_high,春秋光伏大发日,65.0,22.75,0.25,33.42482299693989,21.654013287723757,5.5893277254313665,0.0,5.0,-5.0,0.0,47.054811391164016,0.0,14.01881720691624,0.0,0.0,0.0,6.766879152413674,21.654013287723757,1.8631092418104556,5.5893277254313665,0.0,0.0,0.0,0.0,27.690348071958763,0.0,0.0,33.93125491360129,0.0,0.0,0.0,0.0,0.0,0.0,11.812713173485285,6.049266301661984,9.86616876165793,4.16515613174862,1.4120888633255155,0.0,62.0,9.299999999999999,40.5,45.0,0.0,0.4763564628396474,1.0,19.386397338225134,15.157809301406628,2.2357310901725467,33.42482299693989,61.073628598080255,47.054811391164016,14.01881720691624,0.0,0.0,0.0,0.0,0.0,0.0,0.0,0.0,0.0,0.0,0.0,0.0,-0.3305563217857177,-0.07765423541006733,0.0
1,spring_pv_high,春秋光伏大发日,65.0,23.0,0.25,32.903918115340105,21.48438527761335,5.416218343674238,0.0,5.0,-5.0,0.0,46.423194629152356,0.0,13.776610757510397,0.0,0.0,0.0,6.713870399254171,21.48438527761335,1.8054061145580793,5.416218343674238,0.0,0.0,0.0,0.0,27.688963554555166,0.0,0.0,33.914289286144495,0.0,0.0,0.0,0.0,0.0,0.0,11.390155829400392,5.8960375487735925,9.833982939916158,4.150244980984967,1.4036285868857876,0.0,62.0,9.299999999999999,40.5,45.0,0.0,0.46954089704319973,1.0,19.08427250689726,15.039069694329344,2.1664873374696954,32.903918115340105,60.19980538666275,46.423194629152356,13.776610757510397,0.0,0.0,0.0,0.0,0.0,0.0,0.0,0.0,0.0,0.0,0.0,0.0,-0.16962801011040796,-0.1731093817571283,0.0
1,spring_pv_high,春秋光伏大发日,65.0,23.25,0.25,32.30713711034196,21.273630505394426,5.382796528169334,0.0,5.0,-5.0,0.0,45.7494121526675,0.0,13.341783928824547,0.0,0.0,0.0,6.648009532935758,21.273630505394426,1.794265509389778,5.382796528169334,0.0,0.0,0.0,0.0,27.687579106377438,0.0,0.0,33.89733214150142,0.0,0.0,0.0,0.0,0.0,0.0,11.022387977975864,5.760606329927972,9.805950899730965,4.136924408655721,1.396140525333592,0.0,62.0,9.299999999999999,40.5,45.0,0.0,0.4608940682988727,1.0,18.73813952399834,14.891541353776097,2.153118611267734,32.30713711034196,59.09119608149205,45.7494121526675,13.341783928824547,0.0,0.0,0.0,0.0,0.0,0.0,0.0,0.0,0.0,0.0,0.0,0.0,-0.21075477221892314,-0.033421815504904195,0.0
1,spring_pv_high,春秋光伏大发日,65.0,23.5,0.25,31.847358403976834,21.119640766876586,5.202394312626389,0.0,5.0,-5.0,0.0,45.1813775811679,0.0,13.467482443900558,0.0,0.0,0.0,6.599887739648933,21.119640766876586,1.7341314375421295,5.202394312626389,0.0,0.0,0.0,0.0,27.68619472742212,0.0,0.0,33.880383475430676,0.0,0.0,0.0,0.0,0.0,0.0,10.708794311803555,5.642170390210917,9.781707507227301,4.125080021640103,1.3895432402610668,0.0,62.0,9.299999999999999,40.5,45.0,0.0,0.4574439762696101,1.0,18.471467874306562,14.78374853681361,2.0809577250505558,31.847358403976834,58.64886002506846,45.1813775811679,13.467482443900558,0.0,0.0,0.0,0.0,0.0,0.0,0.0,3.552713678800501e-15,0.0,0.0,0.0,0.0,-0.15398973851783992,-0.18040221554294522,0.0
1,spring_pv_high,春秋光伏大发日,65.0,23.75,0.25,31.38983055101397,20.92936633279645,5.191303809218586,0.0,5.0,-5.0,0.0,44.66069213308572,0.0,13.645391669170017,0.0,0.0,0.0,6.540426978998891,20.92936633279645,1.730434603072862,5.191303809218586,0.0,0.0,0.0,0.0,27.68481041768575,0.0,0.0,33.863443283692966,0.0,0.0,0.0,0.0,0.0,0.0,10.446972654094635,5.539675089853939,9.760886529779706,4.114596735467028,1.3837571294618645,0.0,62.0,9.299999999999999,40.5,45.0,0.0,0.45477042186007666,1.0,18.2061017195881,14.650556432957515,2.0765215236874344,31.38983055101397,58.306083802255735,44.66069213308572,13.645391669170017,0.0,0.0,0.0,0.0,0.0,0.0,0.0,-7.105427357601002e-15,0.0,0.0,0.0,0.0,-0.1902744340801341,-0.01109050340780282,0.0
2,summer_commercial,夏季商业制冷日,75.0,0.0,0.25,35.865503588695105,11.220387926486076,16.638799066707236,0.0,5.0,-5.0,0.0,52.39030793818407,0.0,1.8087997063171883,0.0,0.0,0.0,3.8884985389092557,12.443195324509619,5.546266355569078,16.638799066707236,0.0,0.0,2.0900394550106314,0.0,28.17981054772989,1.2228073980235432,0.0,34.13692831908171,0.0,0.0,0.0,0.0,0.0,0.0,10.800248896076246,7.161216077430938,10.88604231108671,5.628828109456821,1.5033616864879322,0.0,52.0,7.8,40.0,45.0,0.0,0.4227372075189169,1.0,22.236612224990964,6.171213359567342,11.314383365360921,35.865503588695105,54.19910764450126,52.39030793818407,1.8087997063171883,0.0,0.0,0.0,0.0,0.0,0.0,0.0,0.0,0.0,0.0,0.0,0.0,0.060029456602730846,-0.7340492883750187,0.0
2,summer_commercial,夏季商业制冷日,75.0,0.25,0.25,36.02019559821904,11.171278798554416,16.629109557471594,0.0,5.0,-5.0,0.0,52.52642350881748,0.0,3.797259069557093,0.0,0.0,0.0,3.873151936430612,12.394086196577959,5.543036519157198,16.629109557471594,0.0,0.0,2.0900394550106314,0.0,28.674785927767527,1.2228073980235432,0.0,34.41027661195277,0.0,0.0,0.0,0.0,0.0,0.0,10.802779377588152,7.164806381146325,10.899290387541278,5.629754863276316,1.5041430289633455,0.0,52.0,7.8,40.0,45.0,0.0,0.439308271393276,1.0,22.332521270895803,6.144203339204929,11.307794499080684,36.02019559821904,56.32368257837457,52.52642350881748,3.797259069557093,0.0,0.0,0.0,0.0,0.0,0.0,0.0,0.0,0.0,0.0,0.0,0.0,-0.04910912793165956,-0.009689509235641935,0.0
2,summer_commercial,夏季商业制冷日,75.0,0.5,0.25,36.093070397866406,11.247698741288202,16.631033983968724,0.0,5.0,-5.0,0.0,52.6238210160682,0.0,5.003382683929011,0.0,0.0,0.0,3.89703316853492,12.470506139311745,5.543677994656242,16.631033983968724,0.0,0.0,2.0900394550106314,0.0,29.169736559036163,1.2228073980235432,0.0,34.68348823067738,0.0,0.0,0.0,0.0,0.0,0.0,10.810097082719759,7.1694270177197215,10.914577656051852,5.630882951353882,1.5050860692310126,0.0,52.0,7.8,40.0,45.0,0.0,0.4494753553702127,1.0,22.377703646677173,6.186234307708512,11.309103109098732,36.093070397866406,57.62720369999721,52.6238210160682,5.003382683929011,0.0,0.0,0.0,0.0,0.0,0.0,0.0,0.0,0.0,0.0,0.0,0.0,0.07641994273378572,0.001924426497129872,0.0
2,summer_commercial,夏季商业制冷日,75.0,0.75,0.25,36.281524590115566,11.294681826558856,16.57059784324003,0.0,5.0,-5.0,0.0,52.80681204222154,0.0,5.7474974598561275,0.0,0.0,0.0,3.9117153826819995,12.517489224582398,5.523532614413344,16.57059784324003,0.0,0.0,2.0900394550106314,0.0,29.66466244277324,1.2228073980235432,0.0,34.95656324359264,0.0,0.0,0.0,0.0,0.0,0.0,10.822292813175142,7.175334517443033,10.932130284561339,5.632250300685855,1.5062194231045318,0.0,52.0,7.8,40.0,45.0,0.0,0.4567065098094471,1.0,22.494545245871652,6.212075004607371,11.268006533403222,36.281524590115566,58.554309502077665,52.80681204222154,5.7474974598561275,0.0,0.0,0.0,0.0,0.0,0.0,0.0,0.0,0.0,0.0,0.0,0.0,0.046983085270653646,-0.060436140728693744,0.0
2,summer_commercial,夏季商业制冷日,75.0,1.0,0.25,36.34087771781594,11.4888246922635,16.377699418518763,0.0,5.0,-5.0,0.0,52.86253534054753,0.0,7.912018500536561,0.0,0.0,0.0,3.9723850282147004,12.711632090287042,5.459233139506254,16.377699418518763,0.0,0.0,2.0900394550106314,0.0,30.159563580216126,1.2228073980235432,0.0,35.22950171900144,0.0,0.0,0.0,0.0,0.0,0.0,10.839509768292562,7.182837374793116,10.952183107556923,5.633900621154272,1.50757567744426,0.0,52.0,7.8,40.0,45.0,0.0,0.47402376709784244,1.0,22.531344185045885,6.318853580744925,11.13683560459276,36.34087771781594,60.77455384108409,52.86253534054753,7.912018500536561,0.0,0.0,0.0,0.0,0.0,0.0,0.0,0.0,0.0,0.0,0.0,0.0,0.19414286570464334,-0.1928984247212675,0.0
2,summer_commercial,夏季商业制冷日,75.0,1.25,0.25,36.461930413902955,11.666950240636492,16.54075321169434,0.0,5.0,-5.0,0.0,53.093603534892964,0.0,6.3839961619018055,0.0,0.0,0.0,4.028049262081261,12.889757638660035,5.513584403898114,16.54075321169434,0.0,0.0,2.0900394550106314,0.0,30.65443997260214,1.2228073980235432,0.0,35.50230372517253,0.0,0.0,0.0,0.0,0.0,0.0,10.861978387728772,7.192303229390324,10.974976813418696,5.63588399043293,1.5091917114992284,0.0,52.0,7.8,40.0,45.0,0.0,0.4639079036258249,1.0,22.60639685661983,6.416822632350071,11.247712183952153,36.461930413902955,59.47759969679477,53.093603534892964,6.3839961619018055,0.0,0.0,0.0,0.0,0.0,0.0,0.0,0.0,0.0,0.0,0.0,0.0,0.17812554837299288,0.16305379317557822,0.0
2,summer_commercial,夏季商业制冷日,75.0,1.5,0.25,37.01408122538998,11.791761052945454,16.492383206622936,0.0,5.0,-5.0,0.0,53.66863439020274,0.0,4.712334709052357,0.0,0.0,0.0,4.067052640927811,13.014568450968996,5.497461068874312,16.492383206622936,0.0,0.0,2.0900394550106314,0.0,31.149291621168537,1.2228073980235432,0.0,35.77496933034054,0.0,0.0,0.0,0.0,0.0,0.0,10.890062646560159,7.2041661442393465,11.000754527572566,5.638257435527455,1.5111089965382423,0.0,52.0,7.8,40.0,45.0,0.0,0.45535450530191807,1.0,22.948730359741788,6.48546857912,11.214820580503597,37.01408122538998,58.3809690992551,53.66863439020274,4.712334709052357,0.0,0.0,0.0,0.0,0.0,0.0,0.0,7.105427357601002e-15,0.0,0.0,0.0,0.0,0.12481081230896152,-0.048370005071404876,0.0
2,summer_commercial,夏季商业制冷日,75.0,1.75,0.25,37.04041919399874,11.76808767657235,16.345263570896506,0.0,5.0,-5.0,0.0,53.638534550119424,0.0,6.684866888377918,0.0,0.0,0.0,4.059654710811216,12.990895074595892,5.448421190298835,16.345263570896506,0.0,0.0,2.0900394550106314,0.0,31.644118527152504,1.2228073980235432,0.0,36.047498602705964,0.0,0.0,0.0,0.0,0.0,0.0,10.924318493076617,7.218933707901392,11.02975778964715,5.64108549512365,1.5133738613170247,0.0,52.0,7.8,40.0,45.0,0.0,0.47050491014385115,1.0,22.96505990027922,6.472448222114793,11.114779228209626,37.04041919399874,60.32340143849734,53.638534550119424,6.684866888377918,0.0,0.0,0.0,0.0,0.0,0.0,0.0,0.0,0.0,0.0,0.0,0.0,-0.02367337637310385,-0.14711963572642972,0.0
2,summer_commercial,夏季商业制冷日,75.0,2.0,0.25,37.014211316948355,11.918898110101388,16.351009808762004,0.0,5.0,-5.0,0.0,53.6613703461687,0.0,8.12213366005414,0.0,0.0,0.0,4.10678297128904,13.14170550812493,5.450336602920668,16.351009808762004,0.0,0.0,2.0900394550106314,0.0,32.13892069179117,1.2228073980235432,0.0,36.31989161043521,0.0,0.0,0.0,0.0,0.0,0.0,10.965563256573219,7.237193616268031,11.0622219435837,5.644440743941924,1.5160377092753505,0.0,52.0,7.8,40.0,45.0,0.0,0.48189328366136425,1.0,22.94881101650798,6.555393960555764,11.118686669958164,37.014211316948355,61.78350400622284,53.6613703461687,8.12213366005414,0.0,0.0,0.0,0.0,0.0,0.0,0.0,7.105427357601002e-15,0.0,0.0,0.0,0.0,0.15081043352903833,0.005746237865498216,0.0
2,summer_commercial,夏季商业制冷日,75.0,2.25,0.25,37.127357823621246,11.987340638138239,16.326667418239587,0.0,5.0,-5.0,0.0,53.787791012678966,0.0,7.189375100173606,0.0,0.0,0.0,4.128171261300556,13.210148036161781,5.442222472746529,16.326667418239587,0.0,0.0,2.0900394550106314,0.0,32.633698116321604,1.2228073980235432,0.0,36.59214842166058,0.0,0.0,0.0,0.0,0.0,0.0,11.014951931452327,7.2596193172584895,11.098370983316965,5.648404257304794,1.519157171837129,0.0,52.0,7.8,40.0,45.0,0.0,0.4756040836325402,1.0,23.018961850645173,6.593037350976032,11.10213384440292,37.127357823621246,60.97716611285257,53.787791012678966,7.189375100173606,0.0,0.0,0.0,0.0,0.0,0.0,0.0,0.0,0.0,0.0,0.0,0.0,0.0684425280368508,-0.024342390522416935,0.0
2,summer_commercial,夏季商业制冷日,75.0,2.5,0.25,37.12914801713229,12.369516564489809,16.478550767362194,0.0,5.0,-5.0,0.0,53.959638966215735,0.0,7.413886403511036,0.0,0.0,0.0,4.247601238285422,13.592323962513351,5.492850255787398,16.478550767362194,0.0,0.0,2.0900394550106314,0.0,33.12845080198081,1.2228073980235432,0.0,36.86426910448034,0.0,0.0,0.0,0.0,0.0,0.0,11.074052259322116,7.286974232144823,11.138411922711214,5.6530659912318635,1.5227941808836123,0.0,52.0,7.8,40.0,45.0,0.0,0.47869557005560626,1.0,23.020071770622017,6.803234110469395,11.205414521806292,37.12914801713229,61.37352536972677,53.959638966215735,7.413886403511036,0.0,0.0,0.0,0.0,0.0,0.0,0.0,0.0,0.0,0.0,0.0,0.0,0.38217592635156983,0.15188334912260615,0.0
2,summer_commercial,夏季商业制冷日,75.0,2.75,0.25,37.18164696463521,12.503533517936813,16.524209777081396,0.0,5.0,-5.0,0.0,54.06923788157725,0.0,6.842663762666511,0.0,0.0,0.0,4.289481536237611,13.726340915960355,5.508069925693799,16.524209777081396,0.0,0.0,2.0900394550106314,0.0,33.623178750005735,1.2228073980235432,0.0,37.1362537269587,0.0,0.0,0.0,0.0,0.0,0.0,11.144905762535354,7.320114005388202,11.182528786169541,5.658525050714976,1.5270159424802652,0.0,52.0,7.8,40.0,45.0,0.0,0.4750950398418037,1.0,23.052621118073834,6.876943434865248,11.23646264841535,37.18164696463521,60.91190164424376,54.06923788157725,6.842663762666511,0.0,0.0,0.0,0.0,0.0,0.0,0.0,0.0,0.0,0.0,0.0,0.0,0.13401695344700393,0.045659009719202004,0.0
2,summer_commercial,夏季商业制冷日,75.0,3.0,0.25,37.17125658961716,12.77959201574239,16.56084334238649,0.0,5.0,-5.0,0.0,54.157326975558476,0.0,3.733551680998495,0.0,0.0,0.0,4.375749816801854,14.002399413765932,5.520281114128831,16.56084334238649,0.0,0.0,2.0900394550106314,0.0,34.11788196163326,1.2228073980235432,0.0,37.40810235712581,0.0,0.0,0.0,0.0,0.0,0.0,11.230056998906337,7.359986186762286,11.230876344793565,5.664889816546321,1.5318947933621572,0.0,52.0,7.8,40.0,45.0,0.0,0.451531943009254,1.0,23.04617908556264,7.028775608658315,11.261373472822815,37.17125658961716,57.89087865655697,54.157326975558476,3.733551680998495,0.0,0.0,0.0,0.0,0.0,0.0,0.0,7.105427357601002e-15,0.0,0.0,0.0,0.0,0.2760584978055771,0.03663356530509532,0.0
2,summer_commercial,夏季商业制冷日,75.0,3.25,0.25,37.081572814466334,12.895517871970299,16.565771014784925,0.0,5.0,-5.0,0.0,54.105512587945015,0.0,1.987061516056258,0.0,0.0,0.0,4.411976646873075,14.118325269993841,5.521923671594975,16.565771014784925,0.0,0.0,2.0900394550106314,0.0,34.6125604381002,1.2228073980235432,0.0,37.679815062977845,0.0,0.0,0.0,0.0,0.0,0.0,11.332529407312236,7.407626721703788,11.283573751014043,5.672277899340465,1.5375079216242937,0.0,52.0,7.8,40.0,45.0,0.0,0.4375056928022899,1.0,22.990575144969128,7.0925348295836645,11.26472429005375,37.081572814466334,56.09257410400127,54.105512587945015,1.987061516056258,0.0,0.0,0.0,0.0,0.0,0.0,0.0,-7.105427357601002e-15,0.0,0.0,0.0,0.0,0.11592585622790885,0.004927672398434169,0.0
2,summer_commercial,夏季商业制冷日,75.0,3.5,0.25,37.465375661051674,13.076176956206515,16.772333381990045,0.0,5.0,-5.0,0.0,54.61462552075588,0.0,0.6889357760760504,0.0,0.0,0.0,4.468432610696893,14.298984354230058,5.590777793996682,16.772333381990045,0.0,0.0,2.0900394550106314,0.0,35.107214180643325,1.2228073980235432,0.0,37.95139191247695,0.0,0.0,0.0,0.0,0.0,0.0,11.455724659642602,7.46415262514529,11.340698250922879,5.6808158883837745,1.5439369336234074,0.0,52.0,7.8,40.0,45.0,0.0,0.431351623385,1.0,23.22853290985204,7.191897325913584,11.405186699753232,37.465375661051674,55.30356129683193,54.61462552075588,0.6889357760760504,0.0,0.0,0.0,0.0,0.0,0.0,0.0,0.0,0.0,0.0,0.0,0.0,0.18065908423621657,0.20656236720511956,0.0
2,summer_commercial,夏季商业制冷日,75.0,3.75,0.25,37.797320452704,13.429527620437453,16.775673475802186,0.0,5.0,-5.0,0.0,55.05810575958442,0.0,0.8222932871561426,0.0,0.0,0.0,4.578854693269061,14.652335018460995,5.5918911586007285,16.775673475802186,0.0,0.0,2.0900394550106314,0.0,35.60184319049932,1.2228073980235432,0.0,38.222832973551306,0.0,0.0,0.0,0.0,0.0,0.0,11.603225031301811,7.530750247326735,11.402279176656377,5.690638862842514,1.5512672503706577,0.0,52.0,7.8,40.0,45.0,0.0,0.43585078933413923,1.0,23.43433868067648,7.386240191240599,11.407457963545488,37.797320452704,55.880399046740564,55.05810575958442,0.8222932871561426,0.0,0.0,0.0,0.0,0.0,0.0,0.0,0.0,0.0,0.0,0.0,0.0,0.35335066423093764,0.003340093812141731,0.0
2,summer_commercial,夏季商业制冷日,75.0,4.0,0.25,38.17832442722829,13.773288520730473,16.90334585843214,0.0,4.8794117946191715,-4.8794117946191715,0.0,55.468504270946106,0.0,0.0,0.0,0.0,0.0,4.686279974610629,14.996095918754015,5.6344486194773795,16.90334585843214,0.0,0.0,2.0900394550106314,0.0,36.09644746890481,1.2228073980235432,0.0,38.494138314095125,0.0,0.0,0.0,0.0,0.0,0.0,11.778486317705907,7.608658613399654,11.468292439563575,5.701889633840963,1.5595873187619862,0.0,52.0,7.8,40.0,45.0,0.0,0.4326381304015775,1.0,23.67056114488154,7.575308686401761,11.494275183733855,38.17832442722829,55.468504270946106,55.468504270946106,0.0,0.0,0.0,0.0,0.0,0.0,0.0,0.0,0.0,0.0,0.0,0.12058820538082848,0.0,0.3437609002930202,0.12767238262995306,0.0
2,summer_commercial,夏季商业制冷日,75.0,4.25,0.25,38.696330599019674,14.151625820957449,16.964254421476586,0.0,4.8794117946191715,-4.8794117946191715,0.0,56.12504370340657,0.0,0.8983582972342461,0.0,0.0,0.0,4.80451038093156,15.374433218980991,5.654751473825528,16.964254421476586,0.0,0.0,2.0900394550106314,0.0,36.591027017096394,1.2228073980235432,0.0,38.76530800196867,0.0,0.0,0.0,0.0,0.0,0.0,11.984422890036079,7.699147436960092,11.538655756972883,5.71471768814865,1.5689876259172395,0.0,52.0,7.8,40.0,45.0,0.0,0.44476587849182364,1.0,23.9917249713922,7.7833942015265976,11.53569300660408,38.696330599019674,57.023402000640814,56.12504370340657,0.8983582972342461,0.0,0.0,0.0,0.0,0.0,0.0,0.0,0.0,0.0,0.0,0.0,0.0,0.37833730022697587,0.06090856304444614,0.0
2,summer_commercial,夏季商业制冷日,75.0,4.5,0.25,39.24134556168487,14.392006598741446,16.994594638306424,0.0,4.383592124681776,-4.383592124681776,0.0,56.259471394801814,0.0,0.0,0.0,0.0,0.0,4.879629373989059,15.614813996764989,5.664864879435474,16.994594638306424,0.0,0.0,2.0900394550106314,0.0,37.08558183631057,1.2228073980235432,0.0,39.036342104998276,0.0,0.0,0.0,0.0,0.0,0.0,12.222905988963843,7.803489574041356,11.613224849628951,5.729277807833476,1.5795595087182277,0.0,52.0,7.8,40.0,45.0,0.0,0.4388074429181454,1.0,24.329634248244616,7.915603629307796,11.55632435404837,39.24134556168487,56.259471394801814,56.259471394801814,0.0,0.0,0.0,0.0,0.0,0.0,0.0,0.0,0.0,0.0,0.0,0.49581966993739535,0.0,0.24038077778399725,0.03034021682983834,0.0
2,summer_commercial,夏季商业制冷日,75.0,4.75,0.25,39.7755964783478,14.48422779373599,16.93935321321941,0.0,3.6937366470977437,-3.6937366470977437,0.0,56.11427214895417,0.0,0.0,0.0,0.0,0.0,4.908448497424853,15.707035191759532,5.646451071073137,16.93935321321941,0.0,0.0,2.0900394550106314,0.0,37.580111927783776,1.2228073980235432,0.0,39.30724069097637,0.0,0.0,0.0,0.0,0.0,0.0,12.494219088984362,7.922927899143108,11.691790841933535,5.745728345355169,1.5913937553560473,0.0,52.0,7.8,40.0,45.0,0.0,0.43767493121470386,1.0,24.660869816575637,7.966325286554795,11.5187601849892,39.7755964783478,56.11427214895417,56.11427214895417,0.0,0.0,0.0,0.0,0.0,0.0,0.0,0.0,0.0,0.0,0.0,0.6898554775840324,0.0,0.09222119499454351,-0.05524142508701502,0.0
2,summer_commercial,夏季商业制冷日,75.0,5.0,0.25,40.458281756771235,14.87298593377298,17.05797451882058,0.0,1.9948221180668186,-1.9948221180668186,0.0,55.259070252308625,0.0,0.0,0.0,0.0,0.0,5.029935416186413,16.095793331796525,5.685991506273527,17.05797451882058,0.0,0.0,2.0900394550106314,0.0,38.074617292752414,1.2228073980235432,0.0,39.578003827661476,0.0,0.0,0.0,0.0,0.0,0.0,12.796536288141432,8.058636846079724,11.774079081845699,5.764229140256898,1.6045790012890015,0.0,52.0,7.8,40.0,45.0,0.0,0.4310046062340029,1.0,25.084134689198166,8.18014226357514,11.599422672797994,40.458281756771235,55.259070252308625,55.259070252308625,0.0,0.0,0.0,0.0,0.0,0.0,0.0,0.0,0.0,1.7763568394002505e-15,0.0,1.698914529030925,0.0,0.3887581400369928,0.11862130560117023,0.0
2,summer_commercial,夏季商业制冷日,75.0,5.25,0.25,40.96733862628496,15.093037944886138,16.956185508524374,0.0,0.1998180974825079,-0.1998180974825079,0.3419669341850735,53.6659927504271,-2.4980018054066022e-15,0.0,-0.0,0.0,0.0,5.098701669659276,16.315845342909682,5.652061836174791,16.956185508524374,0.0,0.0,2.0900394550106314,0.0,38.5690979324528,1.2228073980235432,0.0,39.84863158277824,0.0,0.0,0.0,0.0,0.0,0.0,13.125506155735758,8.211679157787081,11.859749570865027,5.784939071873083,1.6191999284026473,0.0,52.0,7.8,40.0,45.0,0.010323304438015882,0.41857906707339765,1.0,25.399749948296677,8.301170869687377,11.530206145796575,40.96733862628496,54.007959684612175,54.007959684612175,-2.4980018054066022e-15,0.0,0.0,0.0,0.0,0.0,0.0,0.0,7.105427357601002e-15,1.7763568394002505e-15,0.0,1.7950040205843107,0.0,0.22005201111315742,-0.10178901029620491,0.0
2,summer_commercial,夏季商业制冷日,75.0,5.5,0.25,41.54480663816084,15.40790683205418,17.155678341017296,0.0,1.195142140016502,-1.195142140016502,0.8636970111164715,52.40978209908357,1.4432899320127035e-15,0.0,0.0,0.0,0.0,4.8149708850169315,15.40790683205418,5.718559447005766,17.155678341017296,0.0,0.0,0.0,0.0,38.56716947755618,0.0,0.0,39.828707266986854,0.0,0.0,0.0,0.0,0.0,0.0,13.474029012707208,8.382958720924528,11.948399156547936,5.808013252255753,1.6353352832366128,0.0,52.0,7.8,40.0,45.0,0.026073302113865562,0.40878099094477044,1.0,25.757780115659724,8.4743487576298,11.665861271891762,41.54480663816084,53.27347911020004,53.27347911020004,1.4432899320127035e-15,0.0,0.0,0.0,0.0,0.0,0.0,0.0,0.0,0.0,0.0,-0.9953240425339942,0.0,-0.9079385108555016,0.19949283249292193,0.0
2,summer_commercial,夏季商业制冷日,75.0,5.75,0.25,41.9815292131206,15.608296127515088,17.15385348395107,0.0,1.3907043135532184,-1.3907043135532184,1.4112470984085235,52.55653012943078,0.2925409257399194,0.0,0.0,0.0,0.0,4.8775925398484645,15.608296127515088,5.717951161317024,17.15385348395107,0.0,0.0,0.0,0.0,38.5652411190823,0.0,0.0,39.808792913353365,0.0,0.0,0.0,0.0,0.0,0.0,13.832305981408865,8.573170709502556,12.039565590614624,5.833599874704633,1.6530557377363582,0.0,52.0,7.8,40.0,45.0,0.05143398589996714,0.409925582714893,1.0,26.02854811213477,8.584562870133299,11.664620369086729,41.9815292131206,54.26031815357923,53.967777227839306,0.2925409257399194,0.0,0.0,0.0,0.0,0.0,0.0,0.0,0.0,0.0,0.0,-0.19556217353671634,0.0,0.20038929546090678,-0.0018248570662251495,0.0
2,summer_commercial,夏季商业制冷日,75.0,6.0,0.25,42.462030920587246,15.746394332433168,17.26194542093495,0.0,1.3907043135532184,-1.3907043135532184,1.7053091787097472,52.47869380275137,0.9228413024933837,0.0,0.0,0.0,0.0,4.577285940342346,14.647315009095507,5.753981806978317,17.26194542093495,0.0,0.0,0.0,0.0,38.56331285702635,0.0,1.0990793233376606,39.49965711601836,0.0,0.0,0.0,0.0,0.0,0.0,14.188211516811846,8.782750609618112,12.132733495601082,5.861836745664072,1.6724216238937528,0.0,52.0,7.8,40.0,45.0,0.07933865767178114,0.40931848210357286,1.0,26.326459170764092,8.660516882838243,11.738122886235766,42.462030920587246,55.1068442839545,54.18400298146112,0.9228413024933837,0.0,0.0,0.0,0.0,0.0,0.0,0.0,-7.105427357601002e-15,0.0,0.0,0.0,0.0,-0.9609811184195802,0.10809193698387887,0.0
2,summer_commercial,夏季商业制冷日,75.0,6.25,0.25,43.20969859500142,15.915448782266502,17.52325152738938,0.0,1.3907043135532184,-1.3907043135532184,3.592747832148362,51.47885437478467,2.6645352591003757e-15,0.0,0.0,0.0,0.0,4.630115455915263,14.816369458928841,5.841083842463127,17.52325152738938,0.0,0.0,0.0,0.0,38.561384691383495,0.0,1.0990793233376606,39.19067588658203,0.0,0.0,0.0,0.0,0.0,0.0,14.527999227786704,9.011824024409306,12.227342213542741,5.892847541038627,1.6934805816070466,0.0,52.0,7.8,40.0,45.0,0.10845794120029374,0.4015200266286544,1.0,26.79001312890088,8.753496830246577,11.91581103862478,43.20969859500142,55.07160220693303,55.07160220693303,2.6645352591003757e-15,0.0,0.0,0.0,0.0,0.0,0.0,0.0,0.0,0.0,0.0,0.0,0.0,0.16905444983333417,0.2613061064544304,0.0
2,summer_commercial,夏季商业制冷日,75.0,6.5,0.25,44.119424428031124,16.004595975669435,17.70452059712296,0.0,4.041590248241057,-4.041590248241057,4.561254739043569,54.15924075678994,-1.7763568394002505e-15,0.0,0.0,0.0,0.0,4.65797395385368,14.905516652331775,5.9015068657076535,17.70452059712296,0.0,0.0,0.0,0.0,38.55945662214893,0.0,1.0990793233376606,38.88184914776041,0.0,0.0,0.0,0.0,0.0,0.0,14.837299198464097,9.260159442097738,12.322795433355283,5.926737841814067,1.7162651668298874,0.0,52.0,7.8,40.0,45.0,0.13769524647960857,0.4224262574402903,1.0,27.354043145379297,8.80252778661819,12.039074006043615,44.119424428031124,58.72049549583351,58.72049549583351,-1.7763568394002505e-15,0.0,0.0,0.0,0.0,0.0,0.0,0.0,0.0,0.0,0.0,-2.650885934687839,0.0,0.08914719340293331,0.18126906973358103,0.0
2,summer_commercial,夏季商业制冷日,75.0,6.75,0.25,44.653121011777735,16.084910951957507,17.971156002941537,0.0,5.0,-5.0,5.434548052202281,54.892030677833006,0.25884843682210157,0.0,0.0,0.0,0.0,4.683072383943702,14.985831628619847,5.990385334313846,17.971156002941537,0.0,0.0,0.0,0.0,38.557528649317824,0.0,1.0990793233376606,38.573176822308206,0.0,0.0,0.0,0.0,0.0,0.0,15.102312561332887,9.527126367008094,12.418472412072257,5.963591017812332,1.7407904742722486,0.0,52.0,7.8,40.0,45.0,0.1718723635739614,0.4281418047690696,1.0,27.684935027302195,8.84670102357663,12.220386082000246,44.653121011777735,60.585427166857386,60.32657873003529,0.25884843682210157,0.0,0.0,0.0,0.0,0.0,0.0,0.0,7.105427357601002e-15,0.0,0.0,-0.9584097517589427,0.0,0.08031497628807216,0.26663540581857603,0.0
2,summer_commercial,夏季商业制冷日,75.0,7.0,0.25,45.254240751301325,16.245549593812953,18.377467511599388,0.0,5.0,-5.0,4.750266416463219,53.825389847724075,2.3194326702210883,0.0,0.0,0.0,0.0,4.733271959523528,15.146470270475293,6.125822503866463,18.377467511599388,0.0,0.0,0.0,2.537678950504013,37.887790522752724,0.0,1.0990793233376606,38.26465883301872,0.0,0.0,0.0,0.0,0.0,0.0,15.311066222788588,9.811661340673462,12.513740522191886,6.003464041952302,1.7670518352263433,0.0,88.0,13.2,40.0,45.0,0.2134202130709721,0.4198223178708078,1.0,28.05762926580682,8.935052276597125,12.496677907887586,45.254240751301325,60.895088934408385,58.575656264187295,2.3194326702210883,0.0,0.0,0.0,0.0,0.0,0.0,0.0,-1.4210854715202004e-14,0.0,0.0,0.0,0.0,0.16063864185544574,0.4063115086578506,0.0
2,summer_commercial,夏季商业制冷日,75.0,7.25,0.25,45.875426078845,16.038703674726076,18.721698392102986,0.0,5.0,-5.0,4.383187711684478,54.863758157166394,4.540097092558916,0.0,0.0,0.0,0.0,4.6686326098088795,14.939624351388415,6.240566130700995,18.721698392102986,0.0,0.0,0.0,2.537678950504013,37.218085883093956,0.0,1.0990793233376606,37.956295102723885,0.0,0.0,0.0,0.0,0.0,0.0,15.454567176677592,10.11224439645156,12.607968776886102,6.046383329976434,1.795022656174443,0.0,88.0,13.2,40.0,45.0,0.2693762946433639,0.4279212873665596,1.0,28.4427641688839,8.821287021099343,12.730754906630033,45.875426078845,63.78704296140979,59.24694586885087,4.540097092558916,0.0,0.0,0.0,0.0,0.0,0.0,0.0,7.105427357601002e-15,0.0,0.0,0.0,0.0,-0.20684591908687722,0.3442308805035985,0.0
2,summer_commercial,夏季商业制冷日,75.0,7.5,0.25,46.54060149859507,15.897597652725262,19.126199776372072,0.0,5.0,-5.0,3.2909611390034925,56.71189831247855,7.454479613158682,0.0,0.0,0.0,0.0,4.624536977933625,14.798518329387601,6.375399925457358,19.126199776372072,0.0,0.0,0.0,2.537678950504013,36.54841472866717,0.0,1.0990793233376606,37.6480855542942,0.0,0.0,0.0,0.0,0.0,0.0,15.527698394151825,10.426888378998203,12.70054191093976,6.0923407116461,1.8246524673583497,0.0,88.0,13.2,40.0,45.0,0.3243835737206057,0.4423362407175398,1.0,28.855172929128944,8.743678708998894,13.00581584793301,46.54060149859507,67.45733906464073,60.002859451482045,7.454479613158682,0.0,0.0,0.0,0.0,0.0,0.0,0.0,0.0,0.0,0.0,0.0,0.0,-0.14110602200081424,0.40450138426908566,0.0
2,summer_commercial,夏季商业制冷日,75.0,7.75,0.25,47.207013927180846,15.693760856905353,19.453004619395852,0.0,5.0,-5.0,2.050233953763126,58.664273875285566,10.50752893889248,0.0,0.0,0.0,0.0,4.560837979239904,14.594681533567693,6.48433487313195,19.453004619395852,0.0,0.0,0.0,2.537678950504013,35.878777057798104,0.0,1.0990793233376606,37.34003011063872,0.0,0.0,0.0,0.0,0.0,0.0,15.52972842191521,10.753143307173115,12.790874532445669,6.141289648305275,1.8558652521421384,0.0,88.0,13.2,40.0,45.0,0.37909398962866825,0.4575641997987618,1.0,29.268348634852124,8.631568471297944,13.22804314118918,47.207013927180846,71.22203676794118,60.71450782904869,10.50752893889248,0.0,0.0,0.0,0.0,0.0,0.0,0.0,0.0,0.0,0.0,0.0,0.0,-0.20383679581990855,0.32680484302377977,0.0
2,summer_commercial,夏季商业制冷日,75.0,8.0,0.25,47.75255949210258,15.614153863925724,19.957239709903103,0.0,5.0,-5.0,3.5157103326154697,57.887544239551225,10.729148111394018,0.0,0.0,0.0,0.0,4.53596079393377,14.515074540588063,6.652413236634367,19.957239709903103,0.0,0.0,0.0,2.537678950504013,35.20917286881258,0.0,1.0990793233376606,37.03212869470507,0.0,0.0,0.0,0.0,0.0,0.0,15.464360295347765,11.088117559811154,12.878424812916375,6.1931418178771125,1.8885581275123642,0.0,88.0,13.2,40.0,45.0,0.4300240628363389,0.4515059355306261,1.0,29.6065868851036,8.587784625159149,13.57092300273411,47.75255949210258,72.13240268356071,61.403254572166695,10.729148111394018,0.0,0.0,0.0,0.0,0.0,0.0,0.0,-7.105427357601002e-15,0.0,0.0,0.0,0.0,-0.07960699297962925,0.504235090507251,0.0
2,summer_commercial,夏季商业制冷日,75.0,8.25,0.25,48.049387784677215,15.284407566268262,20.368964492182595,0.0,5.0,-5.0,3.6277538728915815,58.10652486792497,12.193493138677544,0.0,0.0,0.0,0.0,4.432915075915813,14.185328242930602,6.789654830727532,20.368964492182595,0.0,0.0,0.0,2.537678950504013,34.53960216003651,0.0,1.0990793233376606,36.72438122947939,0.0,0.0,0.0,0.0,0.0,0.0,15.339312754053797,11.42851712035285,12.962707155780647,6.247764191248742,1.922600443223189,0.0,88.0,13.2,40.0,45.0,0.47761211147123633,0.45321392046548226,1.0,29.790620426499874,8.406424161447545,13.850895854684167,48.049387784677215,73.92777187949409,61.73427874081655,12.193493138677544,0.0,0.0,0.0,0.0,0.0,0.0,0.0,7.105427357601002e-15,0.0,0.0,0.0,0.0,-0.32974629765746144,0.4117247822794923,0.0
2,summer_commercial,夏季商业制冷日,75.0,8.5,0.25,48.771845029594516,14.986813281834818,20.93300320956981,0.0,5.0,-5.0,5.935933431009964,56.61581724663417,11.441710969039558,0.0,0.0,0.0,0.0,4.339916862030361,13.887733958497158,6.97766773652327,20.93300320956981,0.0,0.0,0.0,2.537678950504013,33.87006492979587,0.0,1.0990793233376606,36.416787637986324,0.0,0.0,0.0,0.0,0.0,0.0,15.165495458486799,11.770703439166885,13.043303278890782,6.304976723146637,1.9578333617716144,0.0,88.0,13.2,40.0,45.0,0.5245966660045718,0.4415868364702059,1.0,30.2385439183486,8.24274730500915,14.234442182507474,48.771845029594516,73.9934616466837,62.55175067764414,11.441710969039558,0.0,0.0,0.0,0.0,0.0,0.0,0.0,0.0,0.0,0.0,0.0,0.0,-0.29759428443344405,0.5640387173872163,0.0
2,summer_commercial,夏季商业制冷日,75.0,8.75,0.25,49.185275447655094,14.542516434469343,21.479433997782195,0.0,5.0,-5.0,7.533098676219602,55.4753832507542,11.355864346351087,0.0,0.0,0.0,0.0,4.20107409722865,13.443437111131683,7.159811332594065,21.479433997782195,0.0,0.0,0.0,2.537678950504013,33.20056117641675,0.0,1.0990793233376606,36.10934784328901,0.0,0.0,0.0,0.0,0.0,0.0,14.95589706842274,12.110769680878416,13.119871168558655,6.364550775640581,1.9940699735316383,0.0,88.0,13.2,40.0,45.0,0.5702203818773035,0.432691784434661,1.0,30.494870777546158,7.9983840389581395,14.606015118491893,49.185275447655094,74.36434627332488,63.0084819269738,11.355864346351087,0.0,0.0,0.0,0.0,0.0,0.0,0.0,7.105427357601002e-15,0.0,0.0,0.0,0.0,-0.44429684736547514,0.5464307882123833,0.0
2,summer_commercial,夏季商业制冷日,75.0,9.0,0.25,49.36759073834346,14.102070477307992,22.247311591427316,0.0,5.0,-5.0,7.806838193620415,55.50227886031053,12.881674935771457,0.0,0.0,0.0,0.0,4.063434735615728,13.002991153970331,7.415770530475772,22.247311591427316,0.0,0.0,0.0,2.537678950504013,32.531090898225294,0.0,1.0990793233376606,35.80206176848904,0.0,0.0,0.0,0.0,0.0,0.0,14.724340407256731,12.444634246080303,13.19215141257412,6.426208383100325,2.031095991035345,0.0,88.0,13.2,40.0,45.0,0.6245452353852895,0.4329015623327205,1.0,30.607906257772946,7.756138762519396,15.128171882170577,49.36759073834346,76.1907919897024,63.30911705393095,12.881674935771457,0.0,0.0,0.0,0.0,0.0,0.0,0.0,7.105427357601002e-15,0.0,0.0,0.0,0.0,-0.4404459571613515,0.767877593645121,0.0
2,summer_commercial,夏季商业制冷日,75.0,9.25,0.25,49.69931503189781,13.60441986448528,23.047841659378015,0.0,5.0,-5.0,9.085099390941892,54.66706949601987,13.356502196608428,0.0,0.0,0.0,0.0,3.907918919108631,12.50534054114762,7.682613886459339,23.047841659378015,0.0,0.0,0.0,2.537678950504013,31.861654093547745,0.0,1.0990793233376606,35.49492933672647,0.0,0.0,0.0,0.0,0.0,0.0,14.48426710943498,12.76814952824087,13.259970498125346,6.489622453680367,2.068671053718672,0.0,88.0,13.2,40.0,45.0,0.6774675037428118,0.4263871732643664,1.0,30.813575319776643,7.482430925466905,15.672532328377052,49.69931503189781,77.10867108357019,63.75216888696176,13.356502196608428,0.0,0.0,0.0,0.0,0.0,0.0,0.0,-7.105427357601002e-15,0.0,0.0,0.0,0.0,-0.49765061282271184,0.8005300679506995,0.0
2,summer_commercial,夏季商业制冷日,75.0,9.5,0.25,49.68907840377054,13.360984094100578,23.929460312803695,0.0,5.0,-5.0,13.67864510506763,53.1622275990439,10.372825085840187,0.0,0.0,0.0,0.0,4.175307529406431,13.360984094100578,7.976486770934565,23.929460312803695,0.0,0.0,0.0,0.0,31.86006101084307,0.0,0.0,35.47718187205811,0.0,0.0,0.0,0.0,0.0,0.0,14.247695559661754,13.077222929872617,13.323240766499385,6.554417984311854,2.106530659712633,0.0,88.0,13.2,40.0,45.0,0.7260662483473668,0.4146498460475108,1.0,30.807228610337734,7.348541251755319,16.272033012706512,49.68907840377054,77.21369778995172,66.84087270411153,10.372825085840187,0.0,0.0,0.0,0.0,0.0,0.0,0.0,0.0,0.0,0.0,0.0,0.0,0.8556435529529587,0.8816186534256794,0.0
2,summer_commercial,夏季商业制冷日,75.0,9.75,0.25,49.720512275599596,13.096972547931145,24.908012804837902,0.0,5.0,-5.0,14.894067715010863,52.221919416763185,10.520918737466232,0.0,0.0,0.0,0.0,4.092803921228483,13.096972547931145,8.302670934945967,24.908012804837902,0.0,0.0,0.0,0.0,31.858468007792528,0.0,0.0,35.459443281122084,0.0,0.0,0.0,0.0,0.0,0.0,14.024456330119106,13.367946264551717,13.381956847194502,6.620174344007675,2.144388724825195,0.0,88.0,13.2,40.0,45.0,0.767228103682617,0.4073157168992634,1.0,30.82671761087175,7.203334901362131,16.937448707289775,49.720512275599596,77.63690586924028,67.11598713177405,10.520918737466232,0.0,0.0,0.0,0.0,0.0,0.0,0.0,7.105427357601002e-15,0.0,0.0,0.0,0.0,-0.26401154616943323,0.9785524920342077,0.0
2,summer_commercial,夏季商业制冷日,75.0,10.0,0.25,50.041212534289585,12.762151819109977,26.041514122471142,0.0,5.0,-5.0,18.205034759997396,49.50485492525443,8.716424336662755,0.0,0.0,0.0,0.0,3.9881724434718677,12.762151819109977,8.68050470749038,26.041514122471142,0.0,0.0,0.0,0.0,31.85687508439214,0.0,0.0,35.44171355948153,0.0,0.0,0.0,0.0,0.0,0.0,13.821758047603364,13.63672886368265,13.43618854522113,6.686428654497108,2.181940751190348,0.0,88.0,13.2,40.0,45.0,0.8127055290673412,0.3861234075475475,1.0,31.025551771259543,7.019183500510488,17.708229603280376,50.041212534289585,76.42631402191458,67.70988968525182,8.716424336662755,0.0,0.0,0.0,0.0,0.0,0.0,0.0,-7.105427357601002e-15,0.0,0.0,0.0,0.0,-0.33482072882116753,1.1335013176332396,0.0
2,summer_commercial,夏季商业制冷日,75.0,10.25,0.25,50.13303177625218,12.306771711800968,27.037327789359132,0.0,5.0,-5.0,23.25389871794014,44.73744181470288,4.511850513634517,0.0,0.0,0.0,0.0,3.845866159937802,12.306771711800968,9.012442596453043,27.037327789359132,0.0,0.0,0.0,0.0,31.85528224063792,0.0,0.0,35.42399270270179,0.0,0.0,0.0,0.0,0.0,0.0,13.644084206682432,13.88042904028454,13.486070320856909,6.752680268444092,2.2188675697091758,0.0,88.0,13.2,40.0,45.0,0.8381929760262303,0.3489389778948925,1.0,31.082479701276352,6.768724441490533,18.38538289676421,50.13303177625218,72.50319104627754,67.99134053264302,4.511850513634517,0.0,0.0,0.0,0.0,0.0,0.0,0.0,0.0,0.0,0.0,0.0,0.0,-0.4553801073090096,0.9958136668879902,0.0
2,summer_commercial,夏季商业制冷日,75.0,10.5,0.25,50.27061884379118,11.970590817284956,28.079718378474887,0.0,5.0,-5.0,25.486367328254822,42.8849672720962,3.214568033098214,0.0,0.0,0.0,0.0,3.7408096304015483,11.970590817284956,9.359906126158295,28.079718378474887,0.0,0.0,0.0,0.0,31.853689476525886,0.0,0.0,35.40628070635044,0.0,0.0,0.0,0.0,0.0,0.0,13.493377205678009,14.096478086199372,13.531787673434247,6.81839631458311,2.2548396019890076,0.0,88.0,13.2,40.0,45.0,0.866424393040038,0.33449021758913344,1.0,31.16778368315053,6.5838249495067265,19.094208497362924,50.27061884379118,71.58590263344924,68.37133460035102,3.214568033098214,0.0,0.0,0.0,0.0,0.0,0.0,0.0,-7.105427357601002e-15,0.0,0.0,0.0,0.0,-0.3361808945160121,1.0423905891157546,0.0
2,summer_commercial,夏季商业制冷日,75.0,10.75,0.25,50.59294747941569,11.633793077091635,28.874237700082155,0.0,4.9244707454093515,-4.9244707454093515,28.996687222090074,39.781037239353495,7.105427357601002e-15,0.0,0.0,0.0,0.0,3.6355603365911358,11.633793077091635,9.624745900027385,28.874237700082155,0.0,0.0,0.0,0.0,31.85209679205206,0.0,0.0,35.38857756599727,0.0,0.0,0.0,0.0,0.0,0.0,13.369436128256174,14.282990739455872,13.573560911182161,6.883018246991057,2.289521569660788,0.0,88.0,13.2,40.0,45.0,0.8753525559449516,0.310280470023135,1.0,31.36762743723773,6.3985861924003995,19.634481636055867,50.59294747941569,68.77772446144357,68.77772446144357,7.105427357601002e-15,0.0,0.0,0.0,0.0,0.0,0.0,0.0,7.105427357601002e-15,0.0,0.0,0.07552925459064852,0.0,-0.33679774019332065,0.7945193216072681,0.0
2,summer_commercial,夏季商业制冷日,75.0,11.0,0.25,50.605848819241466,11.521492570774793,29.943436375487707,0.0,0.4350557797243271,-0.4350557797243271,29.112651310937267,37.98203194178454,-7.105427357601002e-15,0.0,0.0,0.0,0.0,3.9825937402494795,12.744299968798336,9.981145458495902,29.943436375487707,0.0,0.0,2.0900394550106314,0.0,32.34688855777748,1.2228073980235432,0.0,35.66130003424486,0.0,0.0,0.0,0.0,0.0,0.0,13.270441989687328,14.438856093728655,13.611626948260016,6.945969303480762,2.3225775623986644,0.0,70.0,10.5,40.0,45.0,0.878853282106969,0.2962487542097623,1.0,31.375626267929707,6.336820913926137,20.361536735331644,50.605848819241466,67.09468325272181,67.09468325272181,-7.105427357601002e-15,0.0,0.0,0.0,0.0,0.0,0.0,0.0,1.4210854715202004e-14,0.0,0.0,4.489414965685024,0.0,1.1105068917067005,1.069198675405552,0.0
2,summer_commercial,夏季商业制冷日,75.0,11.25,0.25,50.869173103926286,11.490510305037311,30.963896116667943,1.0786823999805293,0.0,1.0786823999805293,28.988283148111435,37.18645749860745,-3.552713678800501e-15,0.0,-0.0,0.0,0.0,3.9729117822065168,12.713317703060854,10.32129870555598,30.963896116667943,0.0,0.0,2.0900394550106314,0.0,32.841655583914616,1.2228073980235432,0.0,35.933886141258334,0.0,0.0,0.0,0.0,0.0,0.0,13.193527110222497,14.563803261131435,13.646219908200074,7.006662746906379,2.3536763613451477,0.0,70.0,10.5,40.0,45.0,0.8750988535967759,0.2900435059483323,1.0,31.5388873244343,6.319780667770522,21.055449359334204,50.869173103926286,66.17474064671889,66.17474064671889,-3.552713678800501e-15,0.5932753199892912,0.1483188299973228,11.12391224979921,0.0,0.0,0.0,0.0,1.4210854715202004e-14,0.0,0.0,1.5137381797048564,0.0,-0.03098226573748164,1.020459741180236,0.0
2,summer_commercial,夏季商业制冷日,75.0,11.5,0.25,51.080979902603616,11.352779780902049,31.980578637777782,2.340457298662982,0.0,2.340457298662982,29.35932868460897,35.846910156633356,-3.552713678800501e-15,0.0,0.43696731797695854,0.15293856129193548,0.19663529308963135,3.8684224643237375,12.37895188583596,10.660192879259261,31.980578637777782,0.0,0.0,2.0900394550106314,0.0,33.33639787170044,1.2228073980235432,0.0,36.2063359552183,0.0,0.0,0.0,0.0,0.0,0.0,13.135320058074466,14.658436760164262,13.677551420646282,7.064510734197663,2.3824969025845952,0.0,70.0,10.5,40.0,45.0,0.8862999834450728,0.2795954279762779,1.0,31.670207539614243,6.244028879496128,21.746793473688893,51.080979902603616,65.20623884124232,65.20623884124232,-3.552713678800501e-15,1.374644977860032,0.343661244465008,25.7745933348756,0.0,0.0,0.0,0.0,0.0,0.0,0.0,1.2617748986824529,0.15293856129193548,-0.334365817224894,1.0166825211098391,0.0
2,summer_commercial,夏季商业制冷日,75.0,11.75,0.25,51.068239978988586,11.243287687643889,32.91078383966839,1.6896127551808453,0.0,1.6896127551808453,30.03209296061567,36.20747941810254,7.105427357601002e-15,0.0,0.1936515551810479,0.06777804431336676,0.08714319983147156,3.8684224643237375,12.37895188583596,10.970261279889463,32.91078383966839,0.0,0.0,2.0900394550106314,0.0,33.83111542237188,1.2228073980235432,0.0,36.478649544271285,0.0,0.0,0.0,0.0,0.0,0.0,13.092418964157934,14.724237585173887,13.705791567134506,7.1189336323540084,2.40873375636107,0.0,70.0,10.5,40.0,45.0,0.9066094044503211,0.2824077628898049,1.0,31.662308786972922,6.183808228204139,22.379333010974506,51.068239978988586,66.23957237871821,66.23957237871821,7.105427357601002e-15,0.9680173263856746,0.24200433159641865,18.1503248697314,0.0,0.0,0.0,0.0,1.4210854715202004e-14,0.0,0.0,-0.6508445434821368,-0.08516051697856872,0.0,0.9302052018906082,0.0
2,summer_commercial,夏季商业制冷日,75.0,12.0,0.25,51.01000747541365,11.156144487812417,33.85539198067387,0.0,0.0,0.0,30.917609100245684,37.33599095472697,0.3701923403147944,0.0,0.0,0.0,0.0,3.8684224643237375,12.37895188583596,11.285130660224624,33.85539198067387,0.0,0.0,2.0900394550106314,0.0,34.325808237165745,1.2228073980235432,0.0,36.75082697652958,0.0,0.0,0.0,0.0,0.0,0.0,13.061768698594138,14.76352720809155,13.73105145490168,7.169369579523042,2.432102492359528,0.0,70.0,10.5,40.0,45.0,0.9445167563840984,0.2912098232258277,1.0,31.626204634756462,6.13587946829683,23.021666546858235,51.01000747541365,68.62379239528744,68.25360005497265,0.3701923403147944,0.0,0.0,0.0,0.0,0.0,0.0,0.0,1.4210854715202004e-14,0.0,0.0,-1.6896127551808453,-0.06777804431336676,0.0,0.9446081410054816,0.0
2,summer_commercial,夏季商业制冷日,75.0,12.25,0.25,51.121408256776874,11.139070996665634,34.903083162608816,2.184859573764779,0.0,2.184859573764779,31.800695096110566,34.72334109445547,3.552713678800501e-15,0.0,-0.0,0.0,0.0,3.8630869983403673,12.361878394689176,11.63436105420294,34.903083162608816,0.0,0.0,2.0900394550106314,0.0,34.820476317318914,1.2228073980235432,0.0,37.02286832007191,0.0,0.0,0.0,0.0,0.0,0.0,13.040937198469715,14.779393334761169,13.753368370720553,7.215284073631873,2.4523447998951764,0.0,70.0,10.5,40.0,45.0,0.96,0.2708319174971914,1.0,31.695273119201662,6.126489048166099,23.734096550573998,51.121408256776874,66.52403619056604,66.52403619056604,3.552713678800501e-15,1.2016727655706285,0.30041819139265713,22.531364354449284,0.0,0.0,0.0,0.0,0.0,0.0,0.0,2.184859573764779,0.0,-0.01707349114678358,1.047691181934944,0.0
2,summer_commercial,夏季商业制冷日,75.0,12.5,0.25,51.16906218792246,11.07626837383098,35.80113644181478,3.2251537004529007,0.0,3.2251537004529007,31.800695096110566,34.01042617234575,3.552713678800501e-15,0.0,0.0,0.0,0.0,3.843461178704538,12.299075771854522,11.933712147271594,35.80113644181478,0.0,0.0,2.0900394550106314,0.0,35.31511966406807,1.2228073980235432,0.0,37.29477364294247,0.0,0.0,0.0,0.0,0.0,0.0,13.02830051528454,14.775578034280047,13.772694387592276,7.256179361629174,2.469233234476344,0.0,70.0,10.5,40.0,45.0,0.96,0.26527138935440364,1.0,31.724818556511924,6.091947605607039,24.344772780434056,51.16906218792246,65.81112126845632,65.81112126845632,3.552713678800501e-15,1.7738345352490956,0.4434586338122739,33.25939753592054,0.0,0.0,0.0,0.0,1.4210854715202004e-14,0.0,0.0,1.0402941266881216,0.0,-0.06280262283465454,0.8980532792059677,0.0
2,summer_commercial,夏季商业制冷日,75.0,12.75,0.25,51.228920904474386,11.115772703188515,36.55587703435101,3.234880284936155,0.0,3.234880284936155,31.800695096110573,34.28141291242619,-3.552713678800501e-15,0.0,0.08778739857230199,0.030725589500305694,0.039504329357535894,3.843461178704538,12.299075771854522,12.18529234478367,36.55587703435101,0.0,0.0,2.0900394550106314,0.0,35.809738278649895,1.2228073980235432,0.0,37.56654301315159,0.0,0.0,0.0,0.0,0.0,0.0,13.0231539344843,14.756330807681888,13.788889166874203,7.291603399816559,2.4825754689579003,0.0,70.0,10.5,40.0,45.0,0.96,0.26738500676906013,1.0,31.76193096077412,6.113674986753684,24.857996383358692,51.228920904474386,66.08210800853676,66.08210800853676,-3.552713678800501e-15,1.7967416364293458,0.44918540910733645,33.68890568305024,0.0,0.0,0.0,0.0,7.105427357601002e-15,0.0,0.0,0.009726584483254364,0.030725589500305694,0.0,0.7547405925362298,0.0
2,summer_commercial,夏季商业制冷日,75.0,13.0,0.25,51.232607628436554,11.044371383757314,37.32280056423927,4.183741968711528,0.0,4.183741968711528,31.800695096110566,32.954754650102466,3.552713678800501e-15,0.0,1.3409065156529543,0.46931728047853394,0.6034079320438295,3.644928390542821,11.663770849737027,12.440933521413092,37.32280056423927,0.0,0.0,2.0900394550106314,0.0,36.30433216230099,1.2228073980235432,0.0,37.83817649867561,0.0,0.0,0.0,0.0,0.0,0.0,13.025768209732236,14.726231169993511,13.801717521347303,7.321158160333602,2.4922179382602434,0.0,75.60000000000001,11.340000000000002,40.0,45.0,0.96,0.257037459853248,1.0,31.764216729630665,6.074404261066523,25.379504383682708,51.232607628436554,64.75544974621303,64.75544974621303,3.552713678800501e-15,2.5692393859219314,0.6423098464804828,48.17323848603621,0.0,0.0,0.0,0.0,0.0,0.0,0.0,0.9488616837753732,0.43859169097822825,-0.6353049221174949,0.7669235298882597,0.0
2,summer_commercial,夏季商业制冷日,75.0,13.25,0.25,51.141742033102055,11.080683611587913,37.96758504404042,3.2359863331117156,0.0,3.2359863331117156,31.68347131967333,34.1551441979358,0.0,0.0,1.3409065156529543,0.46931728047853394,0.6034079320438295,3.6562759617398832,11.700083077567626,12.655861681346806,37.96758504404042,0.0,0.0,2.0900394550106314,0.0,36.7989013162579,1.2228073980235432,0.0,38.109674167456866,0.0,0.0,0.0,0.0,0.0,0.0,13.037406863655322,14.689987278441514,13.81085208825159,7.344507070676325,2.4980487811074754,0.0,75.60000000000001,11.340000000000002,40.0,45.0,0.9564612463645955,0.26640014768040526,1.0,31.707880060523273,6.094375986373353,25.81795782994749,51.141742033102055,65.83861551760913,65.83861551760913,0.0,2.047973786342035,0.5119934465855087,38.39950849391315,0.0,0.0,0.0,0.0,2.1316282072803006e-14,0.0,0.0,-0.9477556355998127,0.0,0.0363122278305994,0.644784479801146,0.0
2,summer_commercial,夏季商业制冷日,75.0,13.5,0.25,51.14503529313214,11.060922077749035,38.6012487409388,1.5256391195335177,0.0,1.5256391195335177,30.595847777244728,37.18299952814682,-3.552713678800501e-15,0.0,1.2969919960110015,0.45394719860385047,0.5836463982049507,3.6562759617398832,11.700083077567626,12.867082913646266,38.6012487409388,0.0,0.0,2.0900394550106314,0.0,37.29344574175711,1.2228073980235432,0.0,38.38103608740373,0.0,0.0,0.0,0.0,0.0,0.0,13.060314374988376,14.65221892820288,13.815881215722763,7.361381391955426,2.5,0.0,75.60000000000001,11.340000000000002,40.0,45.0,0.9236280457827892,0.2900165347888476,1.0,31.709921881741927,6.08350714276197,26.248849143838385,51.14503529313214,67.77884730539155,67.77884730539155,-3.552713678800501e-15,1.0984999149456351,0.2746249787364088,20.59687340523066,0.0,0.0,0.0,0.0,2.1316282072803006e-14,0.0,0.0,-1.7103472135781979,-0.015370081874683472,0.0,0.6336636968983811,0.0
2,summer_commercial,夏季商业制冷日,75.0,13.75,0.25,51.22922409954255,11.121007910055688,39.15069452824788,1.5256391195335177,0.0,1.5256391195335177,29.48523068215834,37.778646740586176,3.552713678800501e-15,0.0,2.929774890121514,1.0254212115425299,1.3183987005546813,3.4454426898514217,11.02541660752455,13.05023150941596,39.15069452824788,0.0,0.0,2.0900394550106314,0.0,37.787965440035045,1.2228073980235432,0.0,38.65226232639062,0.0,0.0,0.0,0.0,0.0,0.0,13.097677678135534,14.617234728265517,13.816321904003782,7.371585366938083,2.4980487811074754,0.0,75.60000000000001,11.340000000000002,40.0,45.0,0.8901007153876329,0.29466240905129193,1.0,31.76211894171638,6.116554350530629,26.622472279208562,51.22922409954255,67.26387742274451,67.26387742274451,3.552713678800501e-15,1.4250564937677377,0.3562641234419344,26.71980925814508,0.0,0.0,0.0,0.0,2.1316282072803006e-14,0.0,0.0,0.0,0.5714740129386794,-0.6746664700430767,0.5494457873090823,0.0
2,summer_commercial,夏季商业制冷日,75.0,14.0,0.25,51.004275707191,11.127488672644729,39.450073028655225,0.8651092365086055,0.0,0.8651092365086055,28.321455737896834,39.479821247299235,-3.552713678800501e-15,0.0,2.929774890121514,1.0254212115425299,1.3183987005546813,3.447467928160497,11.03189737011359,13.150024342885075,39.450073028655225,0.0,0.0,2.0900394550106314,0.0,38.28246041232807,1.2228073980235432,0.0,38.92335295225802,0.0,0.0,0.0,0.0,0.0,0.0,13.153556316098719,14.588814338369328,13.811637378607154,7.375,2.4922179382602434,0.0,75.60000000000001,11.340000000000002,40.0,45.0,0.8549686548111427,0.30793107327335334,1.0,31.62265093845842,6.120118769954601,26.826049659485555,51.004275707191,67.80127698519607,67.80127698519607,-3.552713678800501e-15,1.0617650581040359,0.26544126452600897,19.908094839450673,0.0,0.0,0.0,0.0,1.4210854715202004e-14,0.0,0.0,-0.6605298830249122,0.0,0.006480762589040623,0.29937850040734304,0.0
2,summer_commercial,夏季商业制冷日,75.0,14.25,0.25,51.00437638575586,10.967773712534942,39.96305621293722,0.8651092365086055,0.0,0.8651092365086055,27.070763468357676,39.74715856430918,-3.552713678800501e-15,0.0,5.181064777144042,1.8133726720004144,2.3314791497148186,3.080969362763645,9.859101960843665,13.321018737645739,39.96305621293722,0.0,0.0,2.0900394550106314,0.0,38.77693065987248,1.2228073980235432,0.0,39.194308032812486,0.0,0.0,0.0,0.0,0.0,0.0,13.232771063136221,14.570007179996383,13.8012586214009,7.371585366938083,2.4825754689579003,0.0,75.60000000000001,11.340000000000002,40.0,45.0,0.8172127323343273,0.3100162262540934,1.0,31.622713359168635,6.032275541894219,27.17487822479731,51.00437638575586,66.81792203266686,66.81792203266686,-3.552713678800501e-15,1.5120230355085416,0.3780057588771354,28.350431915785155,0.0,0.0,0.0,0.0,7.105427357601002e-15,-1.7763568394002505e-15,0.0,0.0,0.7879514604578846,-1.1727954092699253,0.5129831842819925,0.0
2,summer_commercial,夏季商业制冷日,75.0,14.5,0.25,51.24070902115697,10.899268140117057,40.275144732147915,0.8651092365086055,0.0,0.8651092365086055,25.821700513159556,39.74881053628337,7.105427357601002e-15,0.0,8.373656132350188,2.9307796463225655,3.768145259557585,2.610603212057192,8.353930278583015,13.425048244049306,40.275144732147915,0.0,0.0,2.0900394550106314,0.0,39.27137618390451,1.2228073980235432,0.0,39.465127635826676,0.0,0.0,0.0,0.0,0.0,0.0,13.340737782408976,14.562958938621975,13.784608962353852,7.361381391955426,2.469233234476344,0.0,75.60000000000001,11.340000000000002,40.0,45.0,0.779505995630423,0.31002911115293436,1.0,31.76923959311732,5.9945974770643815,27.387098417860585,51.24070902115697,65.57051104944293,65.57051104944293,7.105427357601002e-15,2.150541306549771,0.5376353266374427,40.32264949780821,0.0,0.0,0.0,0.0,7.105427357601002e-15,0.0,0.0,0.0,1.117406974322151,-1.5051716822606505,0.3120885192106968,0.0
2,summer_commercial,夏季商业制冷日,75.0,14.75,0.25,51.350269573359746,10.989821757256346,40.49110796183874,0.3697680613886356,0.0,0.3697680613886356,24.810754791972165,41.36621513691545,0.0,0.0,8.574886392659717,3.001210237430901,3.858698876696873,2.610603212057192,8.353930278583015,13.497035987279581,40.49110796183874,0.0,0.0,2.0900394550106314,0.0,39.76579698566034,1.2228073980235432,0.0,39.735811829039356,0.0,0.0,0.0,0.0,0.0,0.0,13.483233299749033,14.568776392509832,13.761130653205921,7.344507070676325,2.4523447998951764,0.0,75.60000000000001,11.340000000000002,40.0,45.0,0.7489875466026028,0.32264439457760197,1.0,31.837167135483043,6.044401966490991,27.533953414050348,51.350269573359746,66.17696992888762,66.17696992888762,0.0,1.9183497122956932,0.4795874280739233,35.969057105544245,0.0,0.0,0.0,0.0,1.4210854715202004e-14,0.0,0.0,-0.4953411751199699,0.0704305911083356,0.0,0.21596322969082848,0.0
2,summer_commercial,夏季商业制冷日,75.0,15.0,0.25,51.6608290046007,10.988240004362082,40.54736610456817,0.0,0.0,0.0,23.367091359029757,41.4184250239405,0.4767780064514149,0.0,8.574886392659717,3.001210237430901,3.858698876696873,2.6101089142777343,8.35234852568875,13.515788701522723,40.54736610456817,0.0,0.0,0.0,0.0,39.76380869581106,1.2228073980235432,0.0,40.00636068015543,0.0,0.0,0.0,0.0,0.0,0.0,13.666083445248145,14.58743961931447,13.730312216287354,7.321158160333602,2.432102492359528,0.0,75.60000000000001,11.340000000000002,40.0,45.0,0.7197991906051617,0.3230516164453607,1.0,32.029713982852435,6.043532002399146,27.572208951106358,51.6608290046007,65.26229438942167,64.78551638297026,0.4767780064514149,1.7149772785319435,0.42874431963298587,32.15582397247394,0.0,0.0,0.0,0.0,0.0,0.0,0.0,-0.3697680613886356,0.0,-0.001581752894264099,0.0562581427294262,0.0
2,summer_commercial,夏季商业制冷日,75.0,15.25,0.25,51.77015813913848,11.006956197238067,40.63287614069128,0.7522399354283964,0.0,0.7522399354283964,22.709543889143823,39.83575193209854,-3.552713678800501e-15,0.0,11.900566731993,4.16519835619755,5.355255029396851,2.148283926832737,6.874508565864758,13.544292046897093,40.63287614069128,0.0,0.0,0.0,0.0,39.76182050537627,1.2228073980235432,0.0,40.27677425684595,0.0,0.0,0.0,0.0,0.0,0.0,13.894770107072713,14.617768479479995,13.69171529576672,7.291603399816559,2.40873375636107,0.0,75.60000000000001,11.340000000000002,40.0,45.0,0.6855561511372275,0.31070722864383055,1.0,32.097498046265855,6.053825908480937,27.630355775670072,51.77015813913848,62.54529582124236,62.54529582124236,-3.552713678800501e-15,2.793845310884218,0.6984613277210545,52.38459957907909,0.0,0.0,0.0,0.0,0.0,0.0,0.0,0.7522399354283964,1.1639881187666488,-1.4778399598239922,0.08551003612311092,0.0
2,summer_commercial,夏季商业制冷日,75.0,15.5,0.25,51.8980907915262,11.128702117957866,40.62399645932565,0.22825868515918502,0.0,0.22825868515918502,21.281657146709243,39.9368490552587,3.552713678800501e-15,0.0,15.226247071326283,5.329186474964199,6.851811182096827,1.3365284174565746,4.276890935861039,13.54133215310855,40.62399645932565,0.0,0.0,0.0,0.0,39.759832414351,0.0,0.0,40.25663586971753,0.0,0.0,0.0,0.0,0.0,0.0,14.17396376291249,14.657447542263387,13.644999739768254,7.256179361629174,2.3824969025845952,0.0,75.60000000000001,11.340000000000002,40.0,45.0,0.64245107847783,0.31149575667298635,1.0,32.176816290746245,6.120786164876827,27.624317592341445,51.8980907915262,61.21850620196794,61.21850620196794,3.552713678800501e-15,3.1707916911028087,0.7926979227757022,59.452344208177664,0.0,0.0,0.0,0.0,7.105427357601002e-15,0.0,0.0,-0.5239812502692114,1.1639881187666488,-2.597617630003719,-0.008879681365627334,0.0
2,summer_commercial,夏季商业制冷日,75.0,15.75,0.25,52.344486134562885,11.181365873324886,40.38406661503656,0.35779331953839355,0.0,0.35779331953839355,19.909830499404627,39.93035530352456,0.0,0.0,18.551927410659566,6.493174593730847,8.348367334796805,0.8853120432900252,2.8329985385280807,13.46135553834552,40.38406661503656,0.0,0.0,0.0,0.0,39.75784442273029,0.0,0.0,40.23650755178267,0.0,0.0,0.0,0.0,0.0,0.0,14.506999702519424,14.703110446329843,13.589945710989277,7.215284073631873,2.3536763613451477,0.0,75.60000000000001,11.340000000000002,40.0,45.0,0.6010383490569091,0.31144510730635067,1.0,32.45358140342899,6.149751230328688,27.461165298224863,52.344486134562885,59.840185802929184,59.840185802929184,0.0,3.90717180787803,0.9767929519695076,73.25947139771307,0.0,0.0,0.0,0.0,-7.105427357601002e-15,0.0,0.0,0.12953463437920854,1.1639881187666488,-1.4438923973329585,-0.2399298442890938,0.0
2,summer_commercial,夏季商业制冷日,75.0,16.0,0.25,52.765706435304715,11.276704159861866,40.0062572936096,-0.0,0.0,-0.0,18.201046102745643,40.69034817804553,3.552713678800501e-15,0.0,21.877607749992848,7.657162712497496,9.844923487496782,0.4474314601140898,1.4317806723650874,13.335419097869867,40.0062572936096,0.0,0.0,0.0,0.0,39.75585653050915,0.0,0.0,40.21638929800678,0.0,0.0,0.0,0.0,0.0,0.0,14.89532880307743,14.750481259399088,13.52647175737129,7.169369579523042,2.3225775623986644,0.0,142.56,21.384,40.0,45.0,0.5494535325667419,0.3173728297259995,1.0,32.714737989888924,6.202187287924027,27.20425495965453,52.765706435304715,58.891394280791175,58.891394280791175,3.552713678800501e-15,4.375521549998569,1.0938803874996423,82.04102906247317,0.0,0.0,0.0,0.0,0.0,3.552713678800501e-15,0.0,-0.35779331953839355,1.1639881187666488,-1.4012178661629933,-0.3778093214269589,0.0
2,summer_commercial,夏季商业制冷日,75.0,16.25,0.25,52.955293327944005,11.327469044052089,39.6369094271417,-0.0,0.0,-0.0,16.4480075899573,40.98675632135548,0.0,0.0,25.014352377636843,8.755023332172895,11.25645856993658,0.022190773161097965,0.07101047411551349,13.212303142380568,39.6369094271417,0.0,0.0,0.0,0.0,39.75386873768262,0.0,0.0,40.196281103357784,0.0,0.0,0.0,0.0,0.0,0.0,15.33798565850145,14.7945669433848,13.454647965680827,7.1189336323540084,2.289521569660788,0.0,142.56,21.384,40.0,45.0,0.49653277196102036,0.31968472665999687,1.0,32.832281863325285,6.230107974228649,26.95309841045636,52.955293327944005,57.43476391131278,57.43476391131278,0.0,5.002870475527369,1.2507176188818423,93.80382141613818,0.0,0.0,0.0,0.0,-7.105427357601002e-15,5.329070518200751e-15,0.0,0.0,1.0978606196753988,-1.360770198249574,-0.36934786646789775,0.0
2,summer_commercial,夏季商业制冷日,75.0,16.5,0.25,53.41617768111408,11.574566252436629,39.04072214358024,0.0,0.0,0.0,14.802667672254806,44.25451776125272,3.552713678800501e-15,0.0,22.39922190950945,7.839727668328307,10.079649859279252,0.46716137286168097,1.4949163931573792,13.01357404786008,39.04072214358024,0.0,0.0,0.0,0.0,39.75188104424574,0.0,0.0,40.17618296280611,0.0,0.0,0.0,0.0,0.0,0.0,15.83112623083189,14.82989178597658,13.374703558590024,7.064510734197663,2.2548396019890076,0.0,142.56,21.384,40.0,45.0,0.4468632186314273,0.3451723113449876,1.0,33.11803016229073,6.366011438840147,26.547691057634566,53.41617768111408,59.05718543350753,59.05718543350753,3.552713678800501e-15,4.4798443819018905,1.1199610954754726,83.99708216066044,0.0,0.0,0.0,0.0,-7.105427357601002e-15,1.7763568394002505e-15,0.0,0.0,-0.9152956638445877,1.4239059190418657,-0.5961872835614628,0.0
2,summer_commercial,夏季商业制冷日,75.0,16.75,0.25,53.45934131836809,11.648313479153636,38.46374617875871,0.0,0.0,0.0,13.086712256284144,45.69340240607606,-3.552713678800501e-15,0.0,22.706901084323672,7.947415379513284,10.218105487945653,0.44693999725249606,1.4302079912079875,12.821248726252904,38.46374617875871,0.0,0.0,0.0,0.0,39.74989345019353,0.0,0.0,40.15609487132471,0.0,0.0,0.0,0.0,0.0,0.0,16.367692087289825,14.850761870470437,13.287028566191712,7.006662746906379,2.2188675697091758,0.0,142.56,21.384,40.0,45.0,0.39506192327127276,0.35639519126183394,1.0,33.144791617388215,6.406572413534501,26.155347401555925,53.45934131836809,58.780114662360205,58.780114662360205,-3.552713678800501e-15,4.541380216864734,1.1353450542161836,85.15087906621378,0.0,0.0,0.0,0.0,0.0,5.329070518200751e-15,0.0,0.0,0.107687711184977,-0.06470840194939176,-0.5769759648215285,0.0
2,summer_commercial,夏季商业制冷日,75.0,17.0,0.25,53.772453865951086,11.784462441075263,37.845616030602606,0.0,0.0,0.0,11.201080574262804,44.828373876042306,3.552713678800501e-15,0.0,22.745901723249258,7.961065603137239,10.235655775462167,0.14053979446107334,0.4497273422754347,12.615205343534202,37.845616030602606,0.0,0.0,0.0,2.537678950504013,39.08009570538839,0.0,1.0990793233376606,39.84678542301072,0.0,0.0,0.0,0.0,0.0,0.0,16.937257065050225,14.851545546059981,13.192169490081211,6.945969303480762,2.181940751190348,0.0,142.56,21.384,40.0,45.0,0.33813843750250167,0.34964822141116403,1.0,33.338921396889674,6.4814543425913955,25.735018900809774,53.772453865951086,56.02945445030511,56.02945445030511,3.552713678800501e-15,4.5491803446498515,1.1372950861624629,85.29713146218472,0.0,0.0,0.0,0.0,7.105427357601002e-15,-1.7763568394002505e-15,0.0,0.0,0.013650223623955071,-0.9804806489325528,-0.618130148156105,0.0
2,summer_commercial,夏季商业制冷日,75.0,17.25,0.25,54.07835057107072,12.10647842745467,36.9691959034743,5.40403817764404,0.0,5.40403817764404,9.511721324016968,40.38666700575057,0.0,0.0,24.4608868980378,8.56131041431323,11.00739910411701,0.0,0.0,12.3230653011581,36.9691959034743,0.0,0.0,0.0,2.537678950504013,38.41033145047049,0.0,1.0990793233376606,39.53763062942089,0.0,0.0,0.0,0.0,0.0,0.0,17.526103797182568,14.826954612261414,13.090819165559813,6.883018246991057,2.144388724825195,0.0,142.56,21.384,40.0,45.0,0.2871400277088,0.3150042052904445,1.0,33.52857735406385,6.658563135100069,25.139053214362526,54.07835057107072,49.898388329767535,49.898388329767535,0.0,7.864398377311781,1.9660995943279453,147.4574695745959,0.0,0.0,0.0,0.0,0.0,0.0,0.0,5.40403817764404,0.6002448111759904,-0.4497273422754347,-0.8764201271283056,0.0
2,summer_commercial,夏季商业制冷日,75.0,17.5,0.25,54.53987271808462,12.46905699244602,36.454344937776746,7.441799486416258,0.0,7.441799486416258,8.026308773896325,39.84221785499822,1.7763568394002505e-15,0.0,25.26661704246302,8.843315964862057,11.36997766910836,0.0,0.0,12.15144831259225,36.454344937776746,0.0,0.0,0.0,2.537678950504013,37.74060068376533,0.0,1.0990793233376606,39.228630413227854,0.0,0.0,0.0,0.0,0.0,0.0,18.11756173522022,14.772310664871231,12.98380129879141,6.81839631458311,2.106530659712633,0.0,142.56,21.384,40.0,45.0,0.24229836485187006,0.31075766095368645,1.0,33.81472108521246,6.857981345845312,24.78895455768819,54.53987271808462,47.86852662889454,47.86852662889454,1.7763568394002505e-15,9.146313126021546,2.2865782815053866,171.493371112904,0.0,0.0,0.0,0.0,7.105427357601002e-15,0.0,0.0,2.037761308772218,0.2820055505488277,0.0,-0.5148509656975548,0.0
2,summer_commercial,夏季商业制冷日,75.0,17.75,0.25,54.739033588603505,12.469601751167566,35.70192047493701,11.915478521313133,0.0,11.915478521313133,6.518102827720121,36.824673781288645,-2.6645352591003757e-15,0.0,25.26782761739979,8.843739666089926,11.370522427829906,0.0,0.0,11.900640158312337,35.70192047493701,0.0,0.0,0.0,2.537678950504013,37.07090340359851,0.0,1.0990793233376606,38.919784697142916,0.0,0.0,0.0,0.0,0.0,0.0,18.692615981019294,14.683781813848869,12.872050395847415,6.752680268444092,2.068671053718672,0.0,142.56,21.384,40.0,45.0,0.19676861451297745,0.28722169863393304,1.0,33.93820082493417,6.858280963142162,24.27730592295717,54.739033588603505,43.342776609008766,43.342776609008766,-2.6645352591003757e-15,11.607078710202181,2.9017696775505453,217.6327258162909,0.0,0.0,0.0,0.0,7.105427357601002e-15,0.0,0.0,4.473679034896875,0.00042370122786827835,0.0,-0.7524244628397341,0.0
2,summer_commercial,夏季商业制冷日,75.0,18.0,0.25,55.1655999862857,12.673607309310976,34.928965392106136,17.314868693617704,0.0,17.314868693617704,5.0392058791270955,32.91442427131524,-3.552713678800501e-15,0.0,25.72117330216292,9.002410655757021,11.574527985973315,0.0,0.0,11.642988464035378,34.928965392106136,0.0,0.0,0.0,2.537678950504013,36.4012396082957,0.0,1.0990793233376606,38.611093403916016,0.0,0.0,0.0,0.0,0.0,0.0,19.230769370474007,14.558576741148748,12.756587996795925,6.686428654497108,2.031095991035345,0.0,142.56,21.384,40.0,45.0,0.15212364476126441,0.2567228946796197,1.0,34.202671991497134,6.970484020121037,23.751696466632175,55.1655999862857,37.953630150442336,37.953630150442336,-3.552713678800501e-15,14.667412441922322,3.6668531104805804,275.0139832860435,0.0,0.0,0.0,0.0,7.105427357601002e-15,0.0,0.0,5.399390172304571,0.1586709896670957,0.0,-0.772955082830876,0.0
2,summer_commercial,夏季商业制冷日,75.0,18.25,0.25,55.216282738494115,12.865727949393609,34.2872863033267,17.952763379755737,0.0,17.952763379755737,3.794170628413518,33.208927393997335,2.220446049250313e-15,0.0,26.148108057902107,9.151837820265737,11.766648626055948,0.0,0.0,11.429095434442234,34.2872863033267,0.0,0.0,0.0,2.537678950504013,35.73160929618265,0.0,1.0990793233376606,38.30255645633573,0.0,0.0,0.0,0.0,0.0,0.0,19.71111178079266,14.395085702761358,12.638496270716306,6.620174344007675,1.9940699735316383,0.0,142.56,21.384,40.0,45.0,0.11453849647841405,0.25901993300919557,1.0,34.234095297866354,7.076150372166485,23.31535468626216,55.216282738494115,37.00309802241085,37.00309802241085,2.220446049250313e-15,15.103641470446078,3.7759103676115195,283.193277570864,0.0,0.0,0.0,0.0,0.0,0.0,0.0,0.6378946861380328,0.1494271645087153,0.0,-0.6416790887794335,0.0
2,summer_commercial,夏季商业制冷日,75.0,18.5,0.25,55.569380553951916,13.021024527077918,33.49392254448041,19.055102622338936,0.0,19.055102622338936,2.663302822698263,33.2053129592173,-2.220446049250313e-15,0.0,26.493211563867238,9.272624047353533,11.921945203740258,0.0,0.0,11.164640848160138,33.49392254448041,0.0,0.0,0.0,2.537678950504013,35.062012465585205,0.0,1.0990793233376606,37.994173777229236,0.0,0.0,0.0,0.0,0.0,0.0,20.113524139478418,14.192961404826635,12.518890110770762,6.554417984311854,1.9578333617716144,0.0,142.56,21.384,40.0,45.0,0.08039983723824451,0.25899174147372434,1.0,34.45301594345019,7.161563489892855,22.775867330246683,55.569380553951916,35.868615781915565,35.868615781915565,-2.220446049250313e-15,15.778948755059865,3.9447371887649663,295.85528915737245,0.0,0.0,0.0,0.0,-7.105427357601002e-15,0.0,0.0,1.1023392425831986,0.1207862270877964,0.0,-0.7933637588462901,0.0
2,summer_commercial,夏季商业制冷日,75.0,18.75,0.25,55.525793590897216,13.15677550470421,32.39122654813685,20.912803277969864,0.0,20.912803277969864,1.6079195385338494,31.88625919887224,3.1086244689504383e-15,0.0,26.794880403036778,9.378208141062872,12.05769618136655,0.0,0.0,10.797075516045616,32.39122654813685,0.0,0.0,0.0,2.537678950504013,34.3924491148293,0.0,1.0990793233376606,37.685945289462296,0.0,0.0,0.0,0.0,0.0,0.0,20.41992381186487,13.953136451817752,12.398888890148088,6.489622453680367,1.922600443223189,0.0,142.56,21.384,40.0,45.0,0.04853990619787713,0.24870350745199368,1.0,34.425992026356276,7.236226527587316,22.02603405273306,55.525793590897216,33.49417873740609,33.49417873740609,3.1086244689504383e-15,16.86101788349078,4.215254470872695,316.1440853154522,0.0,0.0,0.0,0.0,0.0,0.0,0.0,1.8577006556309286,0.1055840937093393,0.0,-1.102695996343563,0.0
2,summer_commercial,夏季商业制冷日,75.0,19.0,0.25,55.592724608090464,13.306991077217631,31.454021104684823,21.032583768131303,0.0,21.032583768131303,0.7636495415203015,32.24844357425648,3.4416913763379853e-15,0.0,27.128692786399935,9.495042475239977,12.207911753879971,0.0,0.0,10.484673701561608,31.454021104684823,0.0,0.0,0.0,2.537678950504013,33.72291924224093,0.0,1.0990793233376606,37.37787091593924,0.0,0.0,0.0,0.0,0.0,0.0,20.6154462086356,13.677777992550384,12.279589001575207,6.426208383100325,1.8885581275123642,0.0,142.56,21.384,40.0,45.0,0.023053067162332436,0.251528439782267,1.0,34.46748925701609,7.318845092469698,21.388734351185683,55.592724608090464,33.01209311577678,33.01209311577678,3.4416913763379853e-15,16.993659629752205,4.248414907438051,318.6311180578538,0.0,0.0,0.0,0.0,0.0,0.0,0.0,0.11978049016143899,0.11683433417710454,0.0,-0.9372054434520258,0.0
2,summer_commercial,夏季商业制冷日,75.0,19.25,0.25,55.06839191887619,13.415604069940352,30.37107439469256,17.691012163440377,0.0,17.691012163440377,0.23414675707718402,35.14972626539448,-6.661338147750939e-16,0.0,27.370054992450427,9.579519247357648,12.316524746602692,0.0,0.0,10.12369146489752,30.37107439469256,0.0,0.0,0.0,2.537678950504013,33.053422846146184,0.0,1.0990793233376606,37.069950579602946,0.0,0.0,0.0,0.0,0.0,0.0,20.68945685519949,13.370183983431371,12.162038210481265,6.364550775640581,1.8558652521421384,0.0,142.56,21.384,40.0,45.0,0.007068426841449392,0.27415759727908934,1.0,34.142402989703236,7.378582238467194,20.652330588390942,55.06839191887619,35.38387302247166,35.38387302247166,-6.661338147750939e-16,15.204067688382295,3.801016922095574,285.07626915716804,0.0,0.0,0.0,0.0,0.0,0.0,0.0,-3.3415716046909267,0.08447677211767157,0.0,-1.0829467099922638,0.0
2,summer_commercial,夏季商业制冷日,75.0,19.5,0.25,54.550416841908564,13.479772269296195,29.488671828947314,16.597839538831394,0.0,16.597839538831394,0.0,35.61502778203229,0.0,0.0,27.512650991018965,9.629427846856638,12.380692945958534,0.0,0.0,9.829557276315771,29.488671828947314,0.0,0.0,0.0,2.537678950504013,32.38395992487124,0.0,1.0990793233376606,36.76218420343482,0.0,0.0,0.0,0.0,0.0,0.0,20.636299627902776,13.034628869736677,12.047212713111756,6.304976723146637,1.8246524673583497,0.0,142.56,21.384,40.0,45.0,0.0,0.27778681318957943,1.0,33.82125844198331,7.4138747481129075,20.052296843684175,54.550416841908564,35.61502778203229,35.61502778203229,0.0,14.631341944561061,3.6578354861402653,274.3376614605199,0.0,0.0,0.0,0.0,7.105427357601002e-15,0.0,0.0,-1.0931726246089823,0.0499085994989894,0.0,-0.8824025657452452,0.0
2,summer_commercial,夏季商业制冷日,75.0,19.75,0.25,53.760625281618196,13.397320108085005,28.44780544891916,14.124919246544103,0.0,14.124919246544103,0.0,37.015330512739645,0.0,0.0,27.32942396610521,9.565298388136823,12.298240784747344,0.0,0.0,9.482601816306387,28.44780544891916,0.0,0.0,0.0,2.537678950504013,31.714530476742368,0.0,1.0990793233376606,36.45457171045478,0.0,0.0,0.0,0.0,0.0,0.0,20.455709546283863,12.676169216773264,11.935997616519531,6.247764191248742,1.795022656174443,0.0,142.56,21.384,40.0,45.0,0.0,0.2887087654464889,1.0,33.331587674603284,7.368526059446753,19.34450770526503,53.760625281618196,37.015330512739645,37.015330512739645,0.0,13.2345903788203,3.308647594705075,248.14856960288063,0.0,0.0,0.0,0.0,7.105427357601002e-15,0.0,0.0,-2.4729202922872915,-0.06412945871981535,0.0,-1.040866380028156,0.0
2,summer_commercial,夏季商业制冷日,75.0,20.0,0.25,53.11496147888345,13.54180905981207,27.257124727536993,10.628889606168356,0.0,10.628889606168356,0.0,39.35642248079888,0.0,0.0,27.65051052549869,9.67767868392454,12.44272973647441,0.0,0.0,9.08570824251233,27.257124727536993,0.0,0.0,0.0,2.537678950504013,31.045134500085897,0.0,1.0990793233376606,36.147113023721225,0.0,0.0,0.0,0.0,0.0,0.0,20.1528499510045,12.30042172597082,11.8291713594307,6.1931418178771125,1.7670518352263433,0.0,142.56,21.384,40.0,45.0,0.0,0.30696859894067985,1.0,32.93127611690774,7.447994982896639,18.534844814725158,53.11496147888345,39.35642248079888,39.35642248079888,0.0,11.375991388492334,2.8439978471230836,213.29983853423127,0.0,0.0,0.0,0.0,0.0,0.0,0.0,-3.496029640375747,0.1123802957877178,0.0,-1.190680721382165,0.0
2,summer_commercial,夏季商业制冷日,75.0,20.25,0.25,52.062546468431954,13.51560578908219,26.23487097498494,9.304795538596936,0.0,9.304795538596936,0.0,39.30773060874691,0.0,0.0,27.592281034987845,9.657298362245745,12.41652646574453,0.0,0.0,8.744956991661647,26.23487097498494,0.0,0.0,0.0,2.537678950504013,30.37577199322826,0.0,1.0990793233376606,35.83980806633104,0.0,0.0,0.0,0.0,0.0,0.0,19.737970326362728,11.913327043087309,11.727394384068832,6.141289648305275,1.7407904742722486,0.0,142.56,21.384,40.0,45.0,0.0,0.3065888165620634,1.0,32.27877881042781,7.433583183995205,17.83971226298976,52.062546468431954,39.30773060874691,39.30773060874691,0.0,10.636093753225886,2.6590234383064715,199.42675787298535,0.0,0.0,0.0,0.0,0.0,0.0,0.0,-1.3240940675714192,-0.020380321678795,0.0,-1.0222537525520536,0.0
2,summer_commercial,夏季商业制冷日,75.0,20.5,0.25,50.82901701181001,13.460176854362299,25.255447055758715,6.672344402862798,0.0,6.672344402862798,0.0,40.42328904178805,0.0,0.0,27.469105624499196,9.614186968574717,12.361097531024638,0.0,0.0,8.418482351919572,25.255447055758715,0.0,0.0,0.0,2.537678950504013,29.706442954495962,0.0,1.0990793233376606,35.532656761419545,0.0,0.0,0.0,0.0,0.0,0.0,19.22571792332078,11.520912784231822,11.631202161374672,6.0923407116461,1.7162651668298874,0.0,142.56,21.384,40.0,45.0,0.0,0.31528984647386926,1.0,31.513990547322205,7.4030972698992645,17.17370399791593,50.82901701181001,40.42328904178805,40.42328904178805,0.0,9.163610546474379,2.2909026366185947,171.8176977463946,0.0,0.0,0.0,0.0,7.105427357601002e-15,0.0,0.0,-2.6324511357341382,-0.0431113936710279,0.0,-0.9794239192262246,0.0
2,summer_commercial,夏季商业制冷日,75.0,20.75,0.25,49.45549319240351,13.22240632147879,24.45254418186268,4.904271142611592,0.0,4.904271142611592,0.0,40.89963551494477,0.0,0.0,26.60544271466625,9.311904950133187,11.972449221599813,0.04714930516916127,0.15087777654131607,8.150848060620893,24.45254418186268,0.0,0.0,0.0,2.537678950504013,29.0371473822156,0.0,1.0990793233376606,35.22565903216051,0.0,0.0,0.0,0.0,0.0,0.0,18.634169111584043,11.129068326507944,11.541002476848133,6.046383329976434,1.6934805816070466,0.0,142.56,21.384,40.0,45.0,0.0,0.3190052098188631,1.0,30.662405779290175,7.272323476813335,16.627730043666624,49.45549319240351,40.89963551494477,40.89963551494477,0.0,8.018437671369625,2.0046094178424063,150.34570633818046,0.0,0.0,0.0,0.0,0.0,0.0,0.0,-1.7680732602512057,-0.3022820184415309,0.15087777654131607,-0.8029028738960342,0.0
2,summer_commercial,夏季商业制冷日,75.0,21.0,0.25,48.3733118913656,13.259257136546545,23.480688864802286,3.7591884447047885,0.0,3.7591884447047885,0.0,42.281762935654264,0.0,0.0,23.279762375332968,8.147916831366539,10.475893068899836,0.5263389825965775,1.684284744309048,7.826896288267428,23.480688864802286,0.0,0.0,0.0,2.537678950504013,28.367885274713853,0.0,1.0990793233376606,34.9188148017661,0.0,0.0,0.0,0.0,0.0,0.0,17.983671069494836,10.743342259340881,11.457076710910421,6.003464041952302,1.6724216238937528,0.0,142.56,21.384,40.0,45.0,0.0,0.3297853999669814,1.0,29.991453372646674,7.2925914251006,15.966868428065556,48.3733118913656,42.281762935654264,42.281762935654264,0.0,6.723506119654228,1.680876529913557,126.06573974351679,0.0,0.0,0.0,0.0,0.0,0.0,0.0,-1.1450826979068038,-1.1639881187666479,1.533406967767732,-0.9718553170603954,0.0
2,summer_commercial,夏季商业制冷日,75.0,21.25,0.25,46.9607812340069,13.189798585477929,22.47340536193337,1.1460754419553245,0.0,1.1460754419553245,0.0,44.756540232698505,0.0,0.0,19.95408203599969,6.983928712599891,8.97933691619986,0.9723069831063774,3.1113823459404077,7.491135120644457,22.47340536193337,0.0,0.0,0.0,2.537678950504013,27.698656630317483,0.0,1.0990793233376606,34.6121239934869,0.0,0.0,0.0,0.0,0.0,0.0,17.295598248815807,10.368771149385628,11.379584703508304,5.963591017812332,1.6530557377363582,0.0,142.56,21.384,40.0,45.0,0.0,0.34908793997641707,1.0,29.115684365084277,7.254389222012861,15.281915646114692,46.9607812340069,44.756540232698505,44.756540232698505,0.0,4.621157900275367,1.1552894750688418,86.64671063016314,0.0,0.0,0.0,0.0,0.0,0.0,0.0,-2.613113002749464,-1.1639881187666479,1.4270976016313597,-1.0072835028689155,0.0
2,summer_commercial,夏季商业制冷日,75.0,21.5,0.25,45.8594007487002,13.088807041543781,21.68862710037906,2.274231047216616,0.0,2.274231047216616,0.0,46.40319239778906,0.0,0.0,16.62840169666641,5.819940593833243,7.482780763499884,1.408420923345699,4.506946954706237,7.229542366793019,21.68862710037906,0.0,0.0,0.0,0.0,27.697271697485967,0.0,1.0990793233376606,34.305586530611826,0.0,0.0,0.0,0.0,0.0,0.0,16.59112984864744,10.009745649848288,11.308572682495774,5.926737841814067,1.6353352832366128,0.0,142.56,21.384,40.0,45.0,0.0,0.3619313458603511,1.0,28.432828464194127,7.19884387284908,14.748266428257761,45.8594007487002,46.40319239778906,46.40319239778906,0.0,4.57650741530242,1.144126853825605,85.80951403692038,0.0,0.0,0.0,0.0,0.0,0.0,0.0,1.1281556052612913,-1.1639881187666479,1.395564608765829,-0.7847782615543117,0.0
2,summer_commercial,夏季商业制冷日,75.0,21.75,0.25,44.545305898747124,12.987132114102279,21.01726803391011,0.9719610667597272,0.0,0.9719610667597272,0.0,47.76746967446314,0.0,0.0,13.302721357333127,4.655952475066594,5.9862246107999075,1.844321306238972,5.901828179964711,7.00575601130337,21.01726803391011,0.0,0.0,0.0,0.0,27.695886833901092,0.0,1.0990793233376606,33.999202336468194,0.0,0.0,0.0,0.0,0.0,0.0,15.890144801200037,9.669917210172176,11.243983661466974,5.892847541038627,1.6191999284026473,0.0,142.56,21.384,40.0,45.0,0.0,0.37257231009920094,1.0,27.618089657223216,7.142922662756254,14.291742263058875,44.545305898747124,47.76746967446314,47.76746967446314,0.0,3.1951228581844755,0.7987807145461189,59.90855359095892,0.0,0.0,0.0,0.0,-7.105427357601002e-15,0.0,0.0,-1.3022699804568887,-1.1639881187666488,1.394881225258474,-0.6713590664689484,0.0
2,summer_commercial,夏季商业制冷日,75.0,22.0,0.25,43.3858820548181,13.01126488701425,20.219708333342655,0.0,0.39618231750890054,-0.39618231750890054,0.0,49.69300167784366,0.0,0.0,9.977041017999845,3.4919643562999454,4.48966845809993,2.662998884035724,8.521596428914318,6.739902777780885,20.219708333342655,0.0,0.0,0.0,0.0,27.694502039559396,0.0,0.0,33.982202735299964,0.0,0.0,0.0,0.0,0.0,0.0,15.210311521702177,9.35214593197582,11.18566967513114,5.861836745664072,1.6045790012890015,0.0,62.0,9.299999999999999,40.0,45.0,0.0,0.3875908972581718,1.0,26.89924687398722,7.156195687857838,13.749401666673007,43.3858820548181,49.69300167784366,49.69300167784366,0.0,1.9954082035999692,0.4988520508999923,37.413903817499424,0.0,0.0,0.0,0.0,0.0,0.0,0.0,-1.3681433842686277,-1.1639881187666488,2.6197682489496072,-0.7975597005674544,0.0
2,summer_commercial,夏季商业制冷日,75.0,22.25,0.25,42.67109106518706,12.826988749963471,19.642394466539482,0.0,0.6154778655924564,-0.6154778655924564,0.0,50.579143904352144,0.0,1.0672931021351104,6.651360678666563,2.327976237533297,2.9931123053999538,3.073086388926099,9.833876444563517,6.547464822179827,19.642394466539482,0.0,0.0,0.0,0.0,27.693117314457417,0.0,0.0,33.96521163393231,0.0,0.0,0.0,0.0,0.0,0.0,14.566424019067494,9.05848766272033,11.133405216853182,5.833599874704633,1.5913937553560473,0.0,62.0,9.299999999999999,40.0,45.0,0.0,0.40282712220335076,1.0,26.45607646041598,7.05484381247991,13.356828237246848,42.67109106518706,51.646437006487254,50.579143904352144,1.0672931021351104,1.3302721357333127,0.3325680339333282,24.942602544999612,0.0,0.0,0.0,0.0,0.0,0.0,0.0,-0.2192955480835559,-1.1639881187666483,1.3122800156491987,-0.5773138668031734,0.0
2,summer_commercial,夏季商业制冷日,75.0,22.5,0.25,41.49483564353291,12.807773111616655,19.07503283232107,0.0,0.6154778655924564,-0.6154778655924564,0.0,50.83942496746054,0.0,0.0,3.3256803393332817,1.1639881187666485,1.4965561526999769,3.5347552996614615,11.311216958916678,6.358344277440357,19.07503283232107,0.0,0.0,0.0,0.0,27.691732658591693,0.0,0.0,33.94822902811535,0.0,0.0,0.0,0.0,0.0,0.0,13.970007574155687,8.790216369867089,11.086901269739792,5.808013252255753,1.5795595087182277,0.0,62.0,9.299999999999999,40.0,45.0,0.0,0.3965326640353313,1.0,25.726798098990404,7.04427521138916,12.971022325978328,41.49483564353291,50.83942496746054,50.83942496746054,0.0,0.6651360678666564,0.1662840169666641,12.471301272499806,0.0,0.0,0.0,0.0,0.0,0.0,0.0,0.0,-1.1639881187666485,1.4773405143531608,-0.5673616342184111,0.0
2,summer_commercial,夏季商业制冷日,75.0,22.75,0.25,40.749062834562096,12.663105552076336,18.56684666963737,0.0,2.2607820751873504,-2.2607820751873504,0.0,53.15601428465242,0.0,0.0,-0.0,0.0,0.0,3.957220485023855,12.663105552076336,6.188948889879124,18.56684666963737,0.0,0.0,0.0,0.0,27.690348071958763,0.0,0.0,33.93125491360129,0.0,0.0,0.0,0.0,0.0,0.0,13.429189713014853,8.547876295826716,11.045819374464855,5.784939071873083,1.5689876259172395,0.0,62.0,9.299999999999999,40.0,45.0,0.0,0.41460138401022933,1.0,25.2644189574285,6.964708053641986,12.625455735353414,40.749062834562096,53.15601428465242,53.15601428465242,0.0,0.0,0.0,0.0,0.0,0.0,0.0,0.0,0.0,0.0,0.0,-1.645304209594894,-1.1639881187666485,1.351888593159659,-0.5081861626836996,0.0
2,summer_commercial,夏季商业制冷日,75.0,23.0,0.25,40.24450424549429,12.758183560000928,18.245016293093904,0.0,4.281728085783172,-4.281728085783172,0.0,54.59483679147572,0.0,0.0,0.0,0.0,0.0,3.9869323625002897,12.758183560000928,6.081672097697968,18.245016293093904,0.0,0.0,0.0,0.0,27.688963554555166,0.0,0.0,33.914289286144495,0.0,0.0,0.0,0.0,0.0,0.0,12.948808732370972,8.331357405875728,11.00978524794961,5.764229140256898,1.5595873187619862,0.0,62.0,9.299999999999999,40.0,45.0,0.0,0.42582377926882653,1.0,24.95159263220646,7.017000958000511,12.406611079303856,40.24450424549429,54.59483679147572,54.59483679147572,0.0,0.0,0.0,0.0,0.0,0.0,0.0,0.0,0.0,0.0,0.0,-2.0209460105958215,0.0,0.09507800792459165,-0.3218303765434669,0.0
2,summer_commercial,夏季商业制冷日,75.0,23.25,0.25,39.407492563021385,12.542501013254464,17.86376078659694,0.0,5.0,-5.0,0.0,54.28161105852905,0.0,1.8303503170317086,0.0,0.0,0.0,3.9195315666420196,12.542501013254464,5.954586928865647,17.86376078659694,0.0,0.0,0.0,0.0,27.687579106377438,0.0,0.0,33.89733214150142,0.0,0.0,0.0,0.0,0.0,0.0,12.530714753909406,8.139987205333004,10.978401550785753,5.745728345355169,1.5512672503706577,0.0,62.0,9.299999999999999,40.0,45.0,0.0,0.4376569078572356,1.0,24.432645389073258,6.898375557289956,12.147357334885921,39.407492563021385,56.11196137556076,54.28161105852905,1.8303503170317086,0.0,0.0,0.0,0.0,0.0,0.0,0.0,0.0,0.0,0.0,-0.7182719142168281,0.0,-0.21568254674646425,-0.38125550649696294,0.0
2,summer_commercial,夏季商业制冷日,75.0,23.5,0.25,38.786301546958256,12.46944052425853,17.564879916204664,0.0,5.0,-5.0,0.0,53.53796168285727,0.0,3.2237290001540018,0.0,0.0,0.0,3.8967001638307908,12.46944052425853,5.8549599720682215,17.564879916204664,0.0,0.0,0.0,0.0,27.68619472742212,0.0,0.0,33.880383475430676,0.0,0.0,0.0,0.0,0.0,0.0,12.174208270260884,7.972632073124122,10.951259491787086,5.729277807833476,1.5439369336234074,0.0,62.0,9.299999999999999,40.0,45.0,0.0,0.44272460666283936,1.0,24.04750695911412,6.858192288342193,11.944118343019172,38.786301546958256,56.761690683011274,53.53796168285727,3.2237290001540018,0.0,0.0,0.0,0.0,0.0,0.0,0.0,0.0,0.0,0.0,0.0,0.0,-0.07306048899593343,-0.29888087039227784,0.0
2,summer_commercial,夏季商业制冷日,75.0,23.75,0.25,38.35750319100279,12.383165867906888,17.372848355082255,0.0,5.0,-5.0,0.0,53.018191976417775,0.0,4.5584244814769335,0.0,0.0,0.0,3.869739333720902,12.383165867906888,5.790949451694085,17.372848355082255,0.0,0.0,0.0,0.0,27.68481041768575,0.0,0.0,33.863443283692966,0.0,0.0,0.0,0.0,0.0,0.0,11.876558385707586,7.827801757402305,10.92794904964467,5.71471768814865,1.5375079216242937,0.0,62.0,9.299999999999999,40.0,45.0,0.0,0.44908078965885895,1.0,23.78165197842173,6.810741227348789,11.813536881455933,38.35750319100279,57.57661645789471,53.018191976417775,4.5584244814769335,0.0,0.0,0.0,0.0,0.0,0.0,0.0,0.0,0.0,0.0,0.0,0.0,-0.08627465635164278,-0.19203156112240904,0.0
3,autumn_processing,秋季农产品加工日,60.0,0.0,0.25,40.25132509561056,25.739171306944982,7.376727240491255,0.0,3.542905762548692,-3.542905762548692,0.0,56.7687977386363,0.0,0.0,0.0,0.0,0.0,8.425618345302665,26.961978704968526,2.458909080163752,7.376727240491255,0.0,0.0,2.0900394550106314,0.0,28.17981054772989,1.2228073980235432,0.0,34.13692831908171,0.0,0.0,0.0,0.0,0.0,0.0,10.000230459329856,5.508627751869952,11.625870429315905,5.1785218607002745,8.00707135563148,0.0,52.0,7.8,42.5,45.0,0.0,0.44278003962067164,1.0,28.175927566927392,18.532203341000386,4.5735708891045785,40.25132509561056,56.7687977386363,56.7687977386363,0.0,0.0,0.0,0.0,0.0,0.0,0.0,0.0,0.0,0.0,0.0,0.0,0.0,-1.189307578330638,-0.5199689854176333,0.0
3,autumn_processing,秋季农产品加工日,60.0,0.25,0.25,40.286179239393846,25.82779585896685,7.204733015291426,0.0,5.0,-5.0,0.0,58.23110988397779,0.0,1.7420170726952833,0.0,0.0,0.0,8.453313517809498,27.050603256990396,2.4015776717638087,7.204733015291426,0.0,0.0,2.0900394550106314,0.0,28.674785927767527,1.2228073980235432,0.0,34.41027661195277,0.0,0.0,0.0,0.0,0.0,0.0,10.002573497766807,5.511389523958711,11.640018860480977,5.17937447421421,8.009844404749426,0.0,52.0,7.8,42.5,45.0,0.0,0.46777287150434504,1.0,28.20032546757569,18.596013018456134,4.466934469480684,40.286179239393846,59.97312695667307,58.23110988397779,1.7420170726952833,0.0,0.0,0.0,0.0,0.0,0.0,0.0,0.0,0.0,0.0,-1.457094237451308,0.0,0.08862455202186936,-0.1719942251998292,0.0
3,autumn_processing,秋季农产品加工日,60.0,0.5,0.25,40.15470166797393,26.138112780262137,7.110948828281458,0.0,5.0,-5.0,0.0,58.16534495479266,0.0,3.7466096235279736,0.0,0.0,0.0,8.550287555714275,27.36092017828568,2.3703162760938192,7.110948828281458,0.0,0.0,2.0900394550106314,0.0,29.169736559036163,1.2228073980235432,0.0,34.68348823067738,0.0,0.0,0.0,0.0,0.0,0.0,10.009349150666443,5.514943859784401,11.656345069569939,5.1804123152455706,8.013596124629373,0.0,52.0,7.8,42.5,45.0,0.0,0.48289516060201415,1.0,28.10829116758175,18.819441201788738,4.408788273534504,40.15470166797393,61.91195457832063,58.16534495479266,3.7466096235279736,0.0,0.0,0.0,0.0,0.0,0.0,0.0,0.0,0.0,0.0,0.0,0.0,0.31031692129528565,-0.09378418700996782,0.0
3,autumn_processing,秋季农产品加工日,60.0,0.75,0.25,40.22019066795745,26.248700448591936,7.00107201112822,0.0,5.0,-5.0,0.0,58.2287669954115,0.0,6.044389564502701,0.0,0.0,0.0,8.584846202067338,27.47150784661548,2.333690670376073,7.00107201112822,0.0,0.0,2.0900394550106314,0.0,29.66466244277324,1.2228073980235432,0.0,34.95656324359264,0.0,0.0,0.0,0.0,0.0,0.0,10.020641493680687,5.519488090340794,11.675090595162596,5.181670276630986,8.018628585602091,0.0,52.0,7.8,42.5,45.0,0.0,0.5013118463274343,1.0,28.154133467570215,18.899064322986195,4.340664646899496,40.22019066795745,64.2731565599142,58.2287669954115,6.044389564502701,0.0,0.0,0.0,0.0,0.0,0.0,0.0,0.0,0.0,0.0,0.0,0.0,0.11058766832979927,-0.10987681715323827,0.0
3,autumn_processing,秋季农产品加工日,60.0,1.0,0.25,40.03926823105838,26.42301102720145,7.079814400484969,0.0,5.0,-5.0,0.0,58.12856407744682,0.0,7.070979281065242,0.0,0.0,0.0,8.63931825788281,27.645818425224995,2.3599381334949894,7.079814400484969,0.0,0.0,2.0900394550106314,0.0,30.159563580216126,1.2228073980235432,0.0,35.22950171900144,0.0,0.0,0.0,0.0,0.0,0.0,10.036583118789409,5.525259519071628,11.696506231371472,5.18318857146193,8.025321177756105,0.0,52.0,7.8,42.5,45.0,0.0,0.5085373927495327,1.0,28.027487761740865,19.024567939585044,4.38948492830068,40.03926823105838,65.19954335851206,58.12856407744682,7.070979281065242,0.0,0.0,0.0,0.0,0.0,0.0,0.0,7.105427357601002e-15,0.0,0.0,0.0,0.0,0.17431057860951427,0.07874238935674871,0.0
3,autumn_processing,秋季农产品加工日,60.0,1.25,0.25,40.167200905626935,26.69087009384371,7.12150396499166,0.0,5.0,-5.0,0.0,58.3540992318433,0.0,7.925965736987429,0.0,0.0,0.0,8.723024216208517,27.913677491867254,2.37383465499722,7.12150396499166,0.0,0.0,2.0900394550106314,0.0,30.65443997260214,1.2228073980235432,0.0,35.50230372517253,0.0,0.0,0.0,0.0,0.0,0.0,10.05738739604516,5.532540945684865,11.720849024039383,5.1850132711982955,8.03414502534278,0.0,52.0,7.8,42.5,45.0,0.0,0.516965145678714,1.0,28.117040633938853,19.21742646756747,4.415332458294829,40.167200905626935,66.28006496883073,58.3540992318433,7.925965736987429,0.0,0.0,0.0,0.0,0.0,0.0,0.0,0.0,0.0,0.0,0.0,0.0,0.26785906664225934,0.041689564506691035,0.0
3,autumn_processing,秋季农产品加工日,60.0,1.5,0.25,40.212386441395445,26.88239179584925,7.069825991963142,0.0,5.0,-5.0,0.0,58.44190930847904,0.0,7.492734974925668,0.0,0.0,0.0,8.782874748085248,28.105199193872796,2.3566086639877137,7.069825991963142,0.0,0.0,2.0900394550106314,0.0,31.149291621168537,1.2228073980235432,0.0,35.77496933034054,0.0,0.0,0.0,0.0,0.0,0.0,10.083391339407553,5.541666264799497,11.748378621679441,5.187196840685258,8.045678388943415,0.0,52.0,7.8,42.5,45.0,0.0,0.5142709652332711,1.0,28.14867050897681,19.35532209301146,4.383292115017148,40.212386441395445,65.93464428340471,58.44190930847904,7.492734974925668,0.0,0.0,0.0,0.0,0.0,0.0,0.0,0.0,0.0,0.0,0.0,0.0,0.19152170200554153,-0.051677973028517954,0.0
3,autumn_processing,秋季农产品加工日,60.0,1.75,0.25,40.14254346709747,27.227651066596387,7.280883717017881,0.0,5.0,-5.0,0.0,58.55031243130779,0.0,7.213397182354598,0.0,0.0,0.0,8.890768270193728,28.45045846461993,2.4269612390059603,7.280883717017881,0.0,0.0,2.0900394550106314,0.0,31.644118527152504,1.2228073980235432,0.0,36.047498602705964,0.0,0.0,0.0,0.0,0.0,0.0,10.115109715811682,5.553025929154917,11.77935297923482,5.189798655513758,8.060622557272982,0.0,52.0,7.8,42.5,45.0,0.0,0.5129377247410289,1.0,28.099780426968227,19.6039087679494,4.514147904551086,40.14254346709747,65.76370961366239,58.55031243130779,7.213397182354598,0.0,0.0,0.0,0.0,0.0,0.0,0.0,0.0,0.0,0.0,0.0,0.0,0.34525927074713536,0.2110577250547392,0.0
3,autumn_processing,秋季农产品加工日,60.0,2.0,0.25,40.26073255550269,27.344178287265287,7.416257874785805,0.0,5.0,-5.0,0.0,58.750040995428016,0.0,9.229560097159315,0.0,0.0,0.0,8.92718302665276,28.56698568528883,2.472085958261935,7.416257874785805,0.0,0.0,2.0900394550106314,0.0,32.13892069179117,1.2228073980235432,0.0,36.31989161043521,0.0,0.0,0.0,0.0,0.0,0.0,10.153299311641868,5.5670720125138695,11.814023434895214,5.1928854844265695,8.079817524807646,0.0,52.0,7.8,42.5,45.0,0.0,0.5302210309923032,1.0,28.18251278885188,19.687808366831007,4.598079882367199,40.26073255550269,67.97960109258733,58.750040995428016,9.229560097159315,0.0,0.0,0.0,0.0,0.0,0.0,0.0,0.0,0.0,0.0,0.0,0.0,0.11652722066889964,0.13537415776792372,0.0
3,autumn_processing,秋季农产品加工日,60.0,2.25,0.25,40.516851518153466,27.76776867744947,7.4061378530442825,0.0,5.0,-5.0,0.0,59.13515861443084,0.0,7.546217546505979,0.0,0.0,0.0,9.059555023585316,28.990576075473015,2.4687126176814274,7.4061378530442825,0.0,0.0,2.0900394550106314,0.0,32.633698116321604,1.2228073980235432,0.0,36.59214842166058,0.0,0.0,0.0,0.0,0.0,0.0,10.199029566159561,5.5843225517373,11.852629205484138,5.196531916720409,8.104256526605523,0.0,52.0,7.8,42.5,45.0,0.0,0.5200952557500783,1.0,28.361796062707423,19.992793447763617,4.591805468887455,40.516851518153466,66.68137616093682,59.13515861443084,7.546217546505979,0.0,0.0,0.0,0.0,0.0,0.0,0.0,0.0,0.0,0.0,0.0,0.0,0.42359039018418443,-0.010120021741522045,0.0
3,autumn_processing,秋季农产品加工日,60.0,2.5,0.25,40.704863829952316,28.287081694513958,7.504529201906868,0.0,5.0,-5.0,0.0,59.518253360349874,0.0,7.280349128746067,0.0,0.0,0.0,9.22184034141797,29.509889092537502,2.501509733968956,7.504529201906868,0.0,0.0,2.0900394550106314,0.0,33.12845080198081,1.2228073980235432,0.0,36.86426910448034,0.0,0.0,0.0,0.0,0.0,0.0,10.253752091964921,5.605364793957556,11.89539137376926,5.200820711933314,8.135098269852099,0.0,52.0,7.8,42.5,45.0,0.0,0.5210095868667219,1.0,28.49340468096662,20.36669882005005,4.652808105182258,40.704863829952316,66.79860248909594,59.518253360349874,7.280349128746067,0.0,0.0,0.0,0.0,0.0,0.0,0.0,0.0,0.0,0.0,0.0,0.0,0.5193130170644871,0.09839134886258538,0.0
3,autumn_processing,秋季农产品加工日,60.0,2.75,0.25,41.09399573921054,28.4450880457768,7.416108746507095,0.0,5.0,-5.0,0.0,59.92728876924448,0.0,5.425935815246326,0.0,0.0,0.0,9.271217326187607,29.667895443800344,2.4720362488356984,7.416108746507095,0.0,0.0,2.0900394550106314,0.0,33.623178750005735,1.2228073980235432,0.0,37.1362537269587,0.0,0.0,0.0,0.0,0.0,0.0,10.319357187532734,5.630856927221694,11.942506470666501,5.205843046657778,8.173675479634962,0.0,52.0,7.8,42.5,45.0,0.0,0.5097360614203245,1.0,28.765797017447376,20.480463392959294,4.597987422834398,41.09399573921054,65.3532245844908,59.92728876924448,5.425935815246326,0.0,0.0,0.0,0.0,0.0,0.0,0.0,-7.105427357601002e-15,0.0,0.0,0.0,0.0,0.15800635126284135,-0.08842045539977317,0.0
3,autumn_processing,秋季农产品加工日,60.0,3.0,0.25,41.290383384030164,28.979428624131092,7.388968779751464,0.0,5.0,-5.0,0.0,60.28161118921461,0.0,5.198375986900764,0.0,0.0,0.0,9.438198756923324,30.202236022154636,2.4629895932504877,7.388968779751464,0.0,0.0,2.0900394550106314,0.0,34.11788196163326,1.2228073980235432,0.0,37.40810235712581,0.0,0.0,0.0,0.0,0.0,0.0,10.398200924913274,5.661527835970989,11.994139785701867,5.211698631222615,8.22149818566607,0.0,52.0,7.8,42.5,45.0,0.0,0.5107247726063594,1.0,28.903268368821113,20.865188609374385,4.581160643445908,41.290383384030164,65.47998717611537,60.28161118921461,5.198375986900764,0.0,0.0,0.0,0.0,0.0,0.0,0.0,-7.105427357601002e-15,0.0,0.0,0.0,0.0,0.5343405783542927,-0.02713996675563113,0.0
3,autumn_processing,秋季农产品加工日,60.0,3.25,0.25,41.6146826601934,29.44830302452554,7.2669716861916,0.0,5.0,-5.0,0.0,60.71176801764782,0.0,2.0047761746293276,0.0,0.0,0.0,9.584722007046588,30.671110422549084,2.4223238953972,7.2669716861916,0.0,0.0,2.0900394550106314,0.0,34.6125604381002,1.2228073980235432,0.0,37.679815062977845,0.0,0.0,0.0,0.0,0.0,0.0,10.493082784548367,5.698174401310606,12.050418569044123,5.218495667393227,8.28025004248385,0.0,52.0,7.8,42.5,45.0,0.0,0.489170724562101,1.0,29.13027786213538,21.202778177658388,4.5055224454387925,41.6146826601934,62.71654419227715,60.71176801764782,2.0047761746293276,0.0,0.0,0.0,0.0,0.0,0.0,0.0,0.0,0.0,0.0,0.0,0.0,0.46887440039444783,-0.12199709355986332,0.0
3,autumn_processing,秋季农产品加工日,60.0,3.5,0.25,42.37552056986903,29.818001242454663,7.0802665896187715,0.0,5.0,-5.0,0.0,61.525901588235364,0.0,3.4174586467991404,0.0,0.0,0.0,9.70025270014944,31.040808640478208,2.3600888632062573,7.0802665896187715,0.0,0.0,2.0900394550106314,0.0,35.107214180643325,1.2228073980235432,0.0,37.95139191247695,0.0,0.0,0.0,0.0,0.0,0.0,10.607152462632039,5.7416558654963765,12.111425316519579,5.226350617313072,8.35177592606901,0.0,52.0,7.8,42.5,45.0,0.0,0.5065392392200924,1.0,29.66286439890832,21.468960894567356,4.389765285563638,42.37552056986903,64.9433602350345,61.525901588235364,3.4174586467991404,0.0,0.0,0.0,0.0,0.0,0.0,0.0,0.0,0.0,0.0,0.0,0.0,0.3696982179291233,-0.18670509657282874,0.0
3,autumn_processing,秋季农产品加工日,60.0,3.75,0.25,42.89005095406277,30.47826221400652,7.087099751107872,0.0,4.426747538958196,-4.426747538958196,0.0,61.67578878549362,0.0,0.0,0.0,0.0,0.0,9.906584253759394,31.701069612030064,2.362366583702624,7.087099751107872,0.0,0.0,2.0900394550106314,0.0,35.60184319049932,1.2228073980235432,0.0,38.222832973551306,0.0,0.0,0.0,0.0,0.0,0.0,10.743726880835009,5.79288480563595,12.177191353710693,5.235387753815113,8.438059113425217,0.0,52.0,7.8,42.5,45.0,0.0,0.4810531364043831,1.0,30.02303566784394,21.944348794084693,4.394001845686881,42.89005095406277,61.67578878549362,61.67578878549362,0.0,0.0,0.0,0.0,0.0,0.0,0.0,0.0,0.0,0.0,0.0,0.5732524610418039,0.0,0.6602609715518568,0.006833161489100625,0.0
3,autumn_processing,秋季农产品加工日,60.0,4.0,0.25,43.294417626426245,31.194204322100596,7.219476916957848,0.0,4.426747538958196,-4.426747538958196,0.0,62.34801308858648,0.0,0.10053981171110138,0.0,0.0,0.0,10.130316162538792,32.41701172012414,2.4064923056526157,7.219476916957848,0.0,0.0,2.0900394550106314,0.0,36.09644746890481,1.2228073980235432,0.0,38.494138314095125,0.0,0.0,0.0,0.0,0.0,0.0,10.906005849727691,5.852814317999734,12.247690954873722,5.245738463133685,8.541186555136457,0.0,52.0,7.8,42.5,45.0,0.0,0.48708047076763056,1.0,30.30609233849837,22.45982711191243,4.476075688513865,43.294417626426245,62.44855290029758,62.34801308858648,0.10053981171110138,0.0,0.0,0.0,0.0,0.0,0.0,0.0,0.0,-3.552713678800501e-15,0.0,0.0,0.0,0.7159421080940724,0.1323771658499755,0.0
3,autumn_processing,秋季农产品加工日,60.0,4.25,0.25,43.6206545023238,31.935840709349335,7.171264641661804,0.0,1.3653076687803178,-1.3653076687803178,0.0,59.82850070688938,0.0,0.0,0.0,0.0,0.0,10.362077533554023,33.158648107372876,2.3904215472206016,7.171264641661804,0.0,0.0,2.0900394550106314,0.0,36.591027017096394,1.2228073980235432,0.0,38.76530800196867,0.0,0.0,0.0,0.0,0.0,0.0,11.096687861144517,5.922421105353917,12.322836245310848,5.257540273096758,8.663301115661433,0.0,52.0,7.8,42.5,45.0,0.0,0.4666448290028244,1.0,30.53445815162666,22.99380531073152,4.446184077830319,43.6206545023238,59.82850070688938,59.82850070688938,0.0,0.0,0.0,0.0,0.0,0.0,0.0,0.0,0.0,-3.552713678800501e-15,0.0,3.061439870177878,0.0,0.7416363872487395,-0.04821227529604322,0.0
3,autumn_processing,秋季农产品加工日,60.0,4.5,0.25,44.301383954825916,32.6651316287688,7.3227598215163425,0.7257721463645979,0.0,0.7257721463645979,0.0,58.69655214985,0.0,0.0,0.0,0.0,0.0,10.589980945872606,33.88793902679234,2.4409199405054474,7.3227598215163425,0.0,0.0,2.0900394550106314,0.0,37.08558183631057,1.2228073980235432,0.0,39.036342104998276,0.0,0.0,0.0,0.0,0.0,0.0,11.317505545336891,6.0026842877241195,12.402473140380435,5.270935583206797,8.806540194919112,0.0,52.0,7.8,42.5,45.0,0.0,0.45781596091155347,1.0,31.010968768378138,23.518894772713534,4.540111089340132,44.301383954825916,58.69655214985,58.69655214985,0.0,0.39917468050052884,0.09979367012513221,5.987620207507932,0.0,0.0,0.0,0.0,0.0,0.0,0.0,2.0910798151449157,0.0,0.7292909194194621,0.1514951798545381,0.0
3,autumn_processing,秋季农产品加工日,60.0,4.75,0.25,45.03182268060108,33.27399026637964,7.251455606895371,3.7242519388159536,0.0,3.7242519388159536,0.0,56.59501133588687,0.0,0.0,0.0,0.0,0.0,10.780249270125994,34.49679766440318,2.417151868965124,7.251455606895371,0.0,0.0,2.0900394550106314,0.0,37.580111927783776,1.2228073980235432,0.0,39.30724069097637,0.0,0.0,0.0,0.0,0.0,0.0,11.568721378689224,6.094559922417775,12.486378569055232,5.286070077726755,8.972960858114199,0.0,52.0,7.8,42.5,45.0,0.0,0.4414245564439942,1.0,31.522275876420753,23.957272991793342,4.4959024762751305,45.03182268060108,56.59501133588687,56.59501133588687,0.0,2.0483385663487748,0.5120846415871937,30.72507849523162,0.0,0.0,0.0,0.0,0.0,0.0,0.0,2.9984797924513558,0.0,0.6088586376108438,-0.07130421462097125,0.0
3,autumn_processing,秋季农产品加工日,60.0,5.0,0.25,45.73082683047458,34.03904428061916,7.394615637970809,5.750387936604541,0.0,5.750387936604541,0.0,55.28376288939055,0.0,0.0,0.5521854540424126,0.1932649089148444,0.24848345431908567,10.94167757010113,35.013368224323614,2.464871879323603,7.394615637970809,0.0,0.0,2.0900394550106314,0.0,38.074617292752414,1.2228073980235432,0.0,39.578003827661476,0.0,0.0,0.0,0.0,0.0,0.0,11.848644711242066,6.198951420061325,12.574259213621621,5.3030908090363456,9.164452473978255,0.0,52.0,7.8,42.5,45.0,0.0,0.4311972015902725,1.0,32.011578781332204,24.508111882045792,4.584661695541901,45.73082683047458,55.28376288939055,55.28376288939055,0.0,3.2731504559409808,0.8182876139852452,49.09725683911471,0.0,0.0,0.0,0.0,-7.105427357601002e-15,0.0,0.0,2.0261359977885878,0.1932649089148444,0.5165705599204315,0.1431600310754373,0.0
3,autumn_processing,秋季农产品加工日,60.0,5.25,0.25,46.33970310913793,34.51639330500807,7.594325764203005,7.617688798830831,0.0,7.617688798830831,0.0,53.72063688449142,0.0,0.0,1.6129610637955554,0.5645363723284443,0.7258324787079999,10.94167757010113,35.013368224323614,2.5314419214010018,7.594325764203005,0.0,0.0,2.0900394550106314,0.0,38.5690979324528,1.2228073980235432,0.0,39.84863158277824,0.0,0.0,0.0,0.0,0.0,0.0,12.153246440496071,6.316676275220832,12.665751968884981,5.322143946123236,9.382638862291229,0.0,52.0,7.8,42.5,45.0,0.0,0.41900527535699444,1.0,32.43779217639655,24.851803179605813,4.708481973805863,46.33970310913793,53.72063688449142,53.72063688449142,0.0,4.512321052116069,1.1280802630290172,67.68481578174104,0.0,0.0,0.0,0.0,7.105427357601002e-15,0.0,0.0,1.8673008622262897,0.37127146341359996,0.0,0.19971012623219675,0.0
3,autumn_processing,秋季农产品加工日,60.0,5.5,0.25,46.98929966924219,35.013368224323614,7.743209399521452,5.042831629698306,0.0,5.042831629698306,0.0,55.4692154094855,0.0,0.0,0.0,0.0,0.0,10.94167757010113,35.013368224323614,2.581069799840484,7.743209399521452,0.0,0.0,0.0,0.0,38.56716947755618,0.0,0.0,39.828707266986854,0.0,0.0,0.0,0.0,0.0,0.0,12.47595278954371,6.448429785326559,12.760426283691972,5.343372192075292,9.628773028753082,0.0,52.0,7.8,42.5,45.0,0.0,0.43264367707445406,1.0,32.89250976846953,25.209625121513,4.8007898277033,46.98929966924219,55.4692154094855,55.4692154094855,0.0,2.7735573963340685,0.6933893490835171,41.603360945011026,0.0,0.0,0.0,0.0,0.0,0.0,0.0,-2.5748571691325255,-0.5645363723284443,0.0,0.1488836353184464,0.0
3,autumn_processing,秋季农产品加工日,60.0,5.75,0.25,48.04998557022712,35.60633392348908,7.843901840631677,5.236530876260922,0.0,5.236530876260922,0.0,56.55506799193377,0.0,0.0,-0.0,0.0,0.0,11.126979351090338,35.60633392348908,2.6146339468772255,7.843901840631677,0.0,0.0,0.0,0.0,38.5652411190823,0.0,0.0,39.808792913353365,0.0,0.0,0.0,0.0,0.0,0.0,12.807690723526726,6.59474669961735,12.857788494831153,5.366911884728261,9.903628650216993,0.0,52.0,7.8,42.5,45.0,0.0,0.44111301002901526,1.0,33.63498989915898,25.636560424912137,4.86321914119164,48.04998557022712,56.55506799193377,56.55506799193377,0.0,2.880091981943507,0.7200229954858768,43.201379729152606,0.0,0.0,0.0,0.0,7.105427357601002e-15,0.0,0.0,0.19369924656261617,0.0,0.5929656991654682,0.10069244111022524,0.0
3,autumn_processing,秋季农产品加工日,60.0,6.0,0.25,49.10555412417282,35.974619242186954,7.987009589530832,5.35021214241376,0.0,5.35021214241376,0.0,57.31628473624307,0.0,0.0,0.0,0.0,0.0,10.898606224640403,34.87553991884929,2.6623365298436106,7.987009589530832,0.0,0.0,0.0,0.0,38.56331285702635,0.0,1.0990793233376606,39.49965711601836,0.0,0.0,0.0,0.0,0.0,0.0,13.137232885936893,6.755962007398548,12.957288199185621,5.392889806010945,10.207393482115103,0.0,52.0,7.8,42.5,45.0,0.0,0.4470502782755083,1.0,34.37388788692097,25.901725854374607,4.951945945509116,49.10555412417282,57.31628473624307,57.31628473624307,0.0,2.942616678327568,0.735654169581892,44.13925017491352,0.0,0.0,0.0,0.0,-7.105427357601002e-15,0.0,0.0,0.11368126615283813,0.0,-0.7307940046397903,0.14310774889915479,0.0
3,autumn_processing,秋季农产品加工日,60.0,6.25,0.25,49.865704639347776,36.43789078977127,8.055764251951304,3.7376243266859177,0.0,3.7376243266859177,0.0,59.85671364657279,0.0,0.0,0.0,0.0,0.0,11.0433785832605,35.338811466433604,2.6852547506504347,8.055764251951304,0.0,0.0,0.0,0.0,38.561384691383495,0.0,1.0990793233376606,39.19067588658203,0.0,0.0,0.0,0.0,0.0,0.0,13.45185113683954,6.932172326468697,13.058326635822345,5.421419737755537,10.539570698547848,0.0,52.0,7.8,42.5,45.0,0.0,0.46686488169106966,1.0,34.90599324754344,26.23528136863531,4.994573836209809,49.865704639347776,59.85671364657279,59.85671364657279,0.0,2.0556933796772547,0.5139233449193137,30.83540069515882,0.0,0.0,0.0,0.0,0.0,0.0,0.0,-1.6125878157278422,0.0,0.46327154758431277,0.06875466242047246,0.0
3,autumn_processing,秋季农产品加工日,60.0,6.5,0.25,50.7806169395265,36.781448984083376,8.339856561284941,3.7376243266859177,0.0,3.7376243266859177,0.7776264272358446,59.8620148475256,-2.9976021664879227e-15,0.0,0.6808541027406941,0.23829893595924292,0.30638434623331234,11.054995410785123,35.3759853145124,2.7799521870949806,8.339856561284941,0.0,0.0,0.0,0.0,38.55945662214893,0.0,1.0990793233376606,38.88184914776041,0.0,0.0,0.0,0.0,0.0,0.0,13.738239998577866,7.123199570844414,13.160266967660982,5.452598814468941,10.898894746609848,0.0,52.0,7.8,42.5,45.0,0.02347500165924714,0.4669062295099671,1.0,35.54643185766855,26.48264326854003,5.170711067996663,50.7806169395265,60.639641274761445,60.639641274761445,-2.9976021664879227e-15,2.1918642002253934,0.5479660500563484,32.8779630033809,0.0,0.0,0.0,0.0,7.105427357601002e-15,0.0,0.0,0.0,0.23829893595924292,0.03717384807879398,0.28409230933363716,0.0
3,autumn_processing,秋季农产品加工日,60.0,6.75,0.25,51.53480924251538,36.841856993949975,8.454760765092413,2.9144579247094202,0.0,2.9144579247094202,1.9799822808165644,60.59982892106811,1.3322676295501878e-15,0.0,0.057909251162837135,0.020268237906992996,0.02605916302327671,11.161474533621574,35.716718507589036,2.8182535883641378,8.454760765092413,0.0,0.0,0.0,0.0,38.557528649317824,0.0,1.0990793233376606,38.573176822308206,0.0,0.0,0.0,0.0,0.0,0.0,13.983622741974894,7.32855874385238,13.262446265319886,5.486503736387345,11.283268507968318,0.0,52.0,7.8,42.5,45.0,0.05977174347413497,0.47266096376063627,1.0,36.07436646976076,26.52613703564398,5.241951674357296,51.53480924251538,62.579811201884674,62.579811201884674,1.3322676295501878e-15,1.6145337088227487,0.4036334272056872,24.21800563234123,0.0,0.0,0.0,0.0,-7.105427357601002e-15,0.0,0.0,-0.8231664019764975,-0.21803069805224992,0.3407331930766375,0.11490420380747146,0.0
3,autumn_processing,秋季农产品加工日,60.0,7.0,0.25,52.48587254139533,36.8157978309267,8.565670224709441,0.0,2.76932202421132,-2.76932202421132,2.9151478221935747,63.81906573476712,-6.661338147750939e-15,0.0,0.0,0.0,0.0,11.161474533621574,35.716718507589036,2.8552234082364802,8.565670224709441,0.0,0.0,0.0,2.537678950504013,37.887790522752724,0.0,1.0990793233376606,38.26465883301872,0.0,0.0,0.0,0.0,0.0,0.0,14.176913169248692,7.547431800518047,13.364188907195219,5.523186918596117,11.689728335149224,0.0,88.0,13.2,42.5,45.0,0.08800253896488272,0.4977700705358155,1.0,36.74011077897673,26.50737443826722,5.310715539319854,52.48587254139533,66.7342135569607,66.7342135569607,-6.661338147750939e-15,0.0,0.0,0.0,0.0,0.0,0.0,0.0,7.105427357601002e-15,0.0,0.0,-5.683779948920741,-0.020268237906992996,0.0,0.11090945961702836,0.0
3,autumn_processing,秋季农产品加工日,60.0,7.25,0.25,53.36438495163477,36.7734085654248,8.655167742898694,0.0,3.6842216809322963,-3.6842216809322963,4.468849904021184,64.07536158049368,-8.881784197001252e-16,0.0,0.0,0.0,0.0,11.148227888152231,35.67432924208714,2.885055914299565,8.655167742898694,0.0,0.0,0.0,2.537678950504013,37.218085883093956,0.0,1.0990793233376606,37.956295102723885,0.0,0.0,0.0,0.0,0.0,0.0,14.309784422849622,7.77864953573197,13.464821023858946,5.5626726635783195,12.114442814527765,0.0,88.0,13.2,42.5,45.0,0.134905727528737,0.4997691032658707,1.0,37.355069466144336,26.476854167105856,5.3662040005971905,53.36438495163477,68.54421148451486,68.54421148451486,-8.881784197001252e-16,0.0,0.0,0.0,0.0,0.0,0.0,0.0,1.4210854715202004e-14,0.0,0.0,-0.9148996567209764,0.0,-0.042389265501896034,0.089497518189253,0.0
3,autumn_processing,秋季农产品加工日,60.0,7.5,0.25,54.184680999460376,36.72403018099382,8.763111612857832,0.0,5.0,-5.0,5.850150076126326,64.85068632013353,0.14230523171705922,0.0,0.0,0.0,0.0,11.13279714301755,35.62495085765616,2.9210372042859443,8.763111612857832,0.0,0.0,0.0,2.537678950504013,36.54841472866717,0.0,1.0990793233376606,37.6480855542942,0.0,0.0,0.0,0.0,0.0,0.0,14.377498513103541,8.020683368460157,13.563685535955084,5.604953454714412,12.55274988299242,0.0,88.0,13.2,42.5,45.0,0.1809003569935567,0.5058164097548538,1.0,37.929276699622264,26.44130173031555,5.433129199971856,54.184680999460376,70.84314162797692,70.70083639625986,0.14230523171705922,0.0,0.0,0.0,0.0,0.0,0.0,0.0,7.105427357601002e-15,0.0,0.0,-1.3157783190677037,0.0,-0.049378384430980304,0.10794386995913818,0.0
3,autumn_processing,秋季农产品加工日,60.0,7.75,0.25,55.02788294460726,36.553289414686134,9.05483155692934,0.0,5.0,-5.0,4.073873291565832,67.51404854172694,3.572047389540878,0.0,0.0,0.0,0.0,11.079440653546397,35.45421009134847,3.018277185643113,9.05483155692934,0.0,0.0,0.0,2.537678950504013,35.878777057798104,0.0,1.0990793233376606,37.34003011063872,0.0,0.0,0.0,0.0,0.0,0.0,14.37937816844001,8.271648697825473,13.660157267660423,5.649986476440852,12.999235210996195,0.0,88.0,13.2,42.5,45.0,0.23081520173312756,0.5265898570882067,1.0,38.519518061225085,26.318368378574014,5.61399556529619,55.02788294460726,75.15996922283365,71.58792183329277,3.572047389540878,0.0,0.0,0.0,0.0,0.0,0.0,0.0,7.105427357601002e-15,0.0,0.0,0.0,0.0,-0.17074076630768786,0.2917199440715077,0.0
3,autumn_processing,秋季农产品加工日,60.0,8.0,0.25,55.91970904048285,36.197104504365846,9.295002183067389,0.0,5.0,-5.0,5.080480729697172,67.36801629037544,4.488637716289908,0.0,0.0,0.0,0.0,10.968132869071306,35.098025181028184,3.098334061022463,9.295002183067389,0.0,0.0,0.0,2.537678950504013,35.20917286881258,0.0,1.0990793233376606,37.03212869470507,0.0,0.0,0.0,0.0,0.0,0.0,14.318852125322003,8.529321199854733,13.753657567192246,5.6976904724469435,13.447852625355692,0.0,88.0,13.2,42.5,45.0,0.28887273313944467,0.5254508481851644,1.0,39.14379632833799,26.061915243143407,5.762901353501781,55.91970904048285,76.93713473636251,72.44849702007261,4.488637716289908,0.0,0.0,0.0,0.0,0.0,0.0,0.0,7.105427357601002e-15,0.0,0.0,0.0,0.0,-0.35618491032028743,0.24017062613804896,0.0
3,autumn_processing,秋季农产品加工日,60.0,8.25,0.25,56.54852866058588,35.82672673974123,9.429884674658174,0.0,5.0,-5.0,8.306635278538963,64.69989914072175,3.234592269807079,0.0,0.0,0.0,0.0,10.852389817626115,34.72764741640357,3.1432948915527246,9.429884674658174,0.0,0.0,0.0,2.537678950504013,34.53960216003651,0.0,1.0990793233376606,36.72438122947939,0.0,0.0,0.0,0.0,0.0,0.0,14.203067364864626,8.791167015656038,13.843667836270596,5.747943055948842,13.892084888583007,0.0,88.0,13.2,42.5,45.0,0.3484068009496844,0.504640313801904,1.0,39.58397006241012,25.795243252613687,5.846528498288068,56.54852866058588,76.2411266890678,73.00653441926072,3.234592269807079,0.0,0.0,0.0,0.0,0.0,0.0,0.0,7.105427357601002e-15,0.0,0.0,0.0,0.0,-0.3703777646246138,0.13488249159078514,0.0
3,autumn_processing,秋季农产品加工日,60.0,8.5,0.25,57.51536888643013,35.088728913119205,9.780518694949578,0.0,5.0,-5.0,8.3464247868027,65.51320354424668,5.186993150145719,0.0,0.0,0.0,0.0,10.62176549680673,33.98964958978154,3.260172898316526,9.780518694949578,0.0,0.0,0.0,2.537678950504013,33.87006492979587,0.0,1.0990793233376606,36.416787637986324,0.0,0.0,0.0,0.0,0.0,0.0,14.042125424524812,9.054387260897604,13.92974136580569,5.800578585294906,14.325140525004464,0.0,88.0,13.2,42.5,45.0,0.4085470830183048,0.5109838505749461,1.0,40.26075822050109,25.263884817445827,6.0639215908687385,57.51536888643013,79.0466214811951,73.85962833104938,5.186993150145719,0.0,0.0,0.0,0.0,0.0,0.0,0.0,7.105427357601002e-15,0.0,0.0,0.0,0.0,-0.7379978266220277,0.35063402029140356,0.0
3,autumn_processing,秋季农产品加工日,60.0,8.75,0.25,58.1135344998756,34.44935653960746,10.000568977900345,0.0,5.0,-5.0,9.3609382533959,64.97040191869344,6.089123760105261,0.0,0.0,0.0,0.0,10.42196163008431,33.350277216269795,3.333522992633448,10.000568977900345,0.0,0.0,0.0,2.537678950504013,33.20056117641675,0.0,1.0990793233376606,36.10934784328901,0.0,0.0,0.0,0.0,0.0,0.0,13.848052841132166,9.315976677598782,14.0115128984607,5.855386713589334,14.740179765374604,0.0,88.0,13.2,42.5,45.0,0.4664067715543479,0.5067501564534824,1.0,40.67947414991291,24.803536708517367,6.200352766298214,58.1135344998756,80.42046393219461,74.33134017208934,6.089123760105261,0.0,0.0,0.0,0.0,0.0,0.0,0.0,0.0,0.0,0.0,0.0,0.0,-0.6393723735117476,0.22005028295076734,0.0
3,autumn_processing,秋季农产品加工日,60.0,9.0,0.25,58.70388513492658,33.70837398314009,10.326676090229228,0.0,5.0,-5.0,11.750783831512592,63.04805229750798,5.558820577509351,0.0,0.0,0.0,0.0,10.19040458118826,32.60929465980243,3.4422253634097424,10.326676090229228,0.0,0.0,0.0,2.537678950504013,32.531090898225294,0.0,1.0990793233376606,35.80206176848904,0.0,0.0,0.0,0.0,0.0,0.0,13.633648525237714,9.572795573907925,14.08870539206945,5.912111712452298,15.130560267112676,0.0,88.0,13.2,42.5,45.0,0.5225426734365143,0.4917563909460269,1.0,41.0927195944486,24.270029267860867,6.402539175942121,58.70388513492658,80.35765670652992,74.79883612902057,5.558820577509351,0.0,0.0,0.0,0.0,0.0,0.0,0.0,7.105427357601002e-15,0.0,0.0,0.0,0.0,-0.7409825564673653,0.32610711232888256,0.0
3,autumn_processing,秋季农产品加工日,60.0,9.25,0.25,59.21372365958034,33.01653383112346,10.634953875913395,0.0,5.0,-5.0,11.96801066096446,63.22722320709939,6.907595564725941,0.0,0.0,0.0,0.0,9.97420453368306,31.9174545077858,3.544984625304465,10.634953875913395,0.0,0.0,0.0,2.537678950504013,31.861654093547745,0.0,1.0990793233376606,35.49492933672647,0.0,0.0,0.0,0.0,0.0,0.0,13.411358434662016,9.821653483262208,14.161133541687265,5.970452657385938,15.490091255046035,0.0,88.0,13.2,42.5,45.0,0.5698171666341674,0.49315387170320285,1.0,41.44960656170623,23.77190435840889,6.593671403066304,59.21372365958034,82.10282943278979,75.19523386806385,6.907595564725941,0.0,0.0,0.0,0.0,0.0,0.0,0.0,0.0,0.0,0.0,0.0,0.0,-0.6918401520166313,0.30827778568416697,0.0
3,autumn_processing,秋季农产品加工日,60.0,9.5,0.25,59.61771299847755,32.33467521118347,10.91320355998919,0.0,5.0,-5.0,17.858180031878184,60.5018534900906,2.3701235551573703,0.0,0.0,0.0,0.0,10.104586003494834,32.33467521118347,3.6377345199963966,10.91320355998919,0.0,0.0,0.0,0.0,31.86006101084307,0.0,0.0,35.47718187205811,0.0,0.0,0.0,0.0,0.0,0.0,13.192310703390511,10.059402253748166,14.228703731212935,6.030064545566906,15.813283301116714,0.0,88.0,13.2,42.5,45.0,0.6106524207997335,0.4718967840186272,1.0,41.73239909893428,23.2809661520521,6.766186207193298,59.61771299847755,80.73015707712617,78.36003352196879,2.3701235551573703,0.0,0.0,0.0,0.0,0.0,0.0,0.0,7.105427357601002e-15,0.0,0.0,0.0,0.0,0.4172207033976747,0.27824968407579576,0.0
3,autumn_processing,秋季农产品加工日,60.0,9.75,0.25,59.7865340103739,31.689073924284084,11.389133926839033,0.0,4.637972329522555,-4.637972329522555,21.60229468624776,56.521425230600485,7.105427357601002e-15,0.0,0.0,0.0,0.0,9.902835601338776,31.689073924284084,3.796377975613011,11.389133926839033,0.0,0.0,0.0,0.0,31.858468007792528,0.0,0.0,35.459443281122084,0.0,0.0,0.0,0.0,0.0,0.0,12.985607713073245,10.283035588116705,14.291410225159177,6.090560396487061,16.095580272170423,0.0,88.0,13.2,42.5,45.0,0.6521304907367975,0.44085060631800693,1.0,41.850573807261725,22.81613322548454,7.0612630346402,59.7865340103739,78.12371991684824,78.12371991684824,7.105427357601002e-15,0.0,0.0,0.0,0.0,0.0,0.0,0.0,0.0,0.0,0.0,0.36202767047744544,0.0,-0.6456012868993888,0.4759303668498429,0.0
3,autumn_processing,秋季农产品加工日,60.0,10.0,0.25,60.18836202417772,31.147037410133137,11.796144076127606,0.0,4.555069118420462,-4.555069118420462,22.944455626113665,55.464472732526986,-7.105427357601002e-15,0.0,0.0,0.0,0.0,9.733449190666605,31.147037410133137,3.9320480253758685,11.796144076127606,0.0,0.0,0.0,0.0,31.85687508439214,0.0,0.0,35.44171355948153,0.0,0.0,0.0,0.0,0.0,0.0,12.797924118151261,10.489791433602038,14.349327572566256,6.151514362137339,16.33356012623964,0.0,88.0,13.2,42.5,45.0,0.6926476712065051,0.4326066855795616,1.0,42.1318534169244,22.425866935295858,7.313609327199115,60.18836202417772,78.40892835864065,78.40892835864065,-7.105427357601002e-15,0.0,0.0,0.0,0.0,0.0,0.0,0.0,-7.105427357601002e-15,0.0,0.0,0.0829032111020922,0.0,-0.5420365141509471,0.40701014928857226,0.0
3,autumn_processing,秋季农产品加工日,60.0,10.25,0.25,60.28974194685266,30.5723407155087,12.169355927104997,0.0,2.1421802105207632,-2.1421802105207632,24.090983238798685,51.95124736787287,0.0,0.0,0.0,0.0,0.0,9.553856473596468,30.5723407155087,4.056451975701665,12.169355927104997,0.0,0.0,0.0,0.0,31.85528224063792,0.0,0.0,35.42399270270179,0.0,0.0,0.0,0.0,0.0,0.0,12.633411302483733,10.677253107911184,14.402599371788932,6.212465846968564,16.52509227337895,0.0,88.0,13.2,42.5,45.0,0.7272590690030345,0.4052045539839653,1.0,42.20281936279686,22.012085315166264,7.545000674805098,60.28974194685266,76.04223060667155,76.04223060667155,0.0,0.0,0.0,0.0,0.0,0.0,0.0,0.0,0.0,0.0,0.0,2.412888907899699,0.0,-0.5746966946244356,0.3732118509773912,0.0
3,autumn_processing,秋季农产品加工日,60.0,10.5,0.25,60.74778092571421,29.906003616422062,12.707700940278887,2.5819127920882607,0.0,2.5819127920882607,25.00759755306266,46.38924613074753,3.552713678800501e-15,0.0,0.7144986361762021,0.25007452266167074,0.321524386279291,9.245149759419617,29.584479230142772,4.235900313426296,12.707700940278887,0.0,0.0,0.0,0.0,31.853689476525886,0.0,0.0,35.40628070635044,0.0,0.0,0.0,0.0,0.0,0.0,12.493867783035192,10.843444681691825,14.451423728910362,6.27292460941646,16.66944111382777,0.0,88.0,13.2,42.5,45.0,0.7549298396900891,0.36182256905127297,1.0,42.52344664799995,21.532322603823882,7.87877458297291,60.74778092571421,71.39684368381019,71.39684368381019,3.552713678800501e-15,1.562951762883784,0.390737940720946,23.444276443256758,0.0,0.0,0.0,0.0,0.0,0.0,0.0,4.724093002609024,0.25007452266167074,-0.9878614853659293,0.53834501317389,0.0
3,autumn_processing,秋季农产品加工日,60.0,10.75,0.25,60.89639326335992,29.49585872455815,13.278090155040111,2.5819127920882607,0.0,2.5819127920882607,25.919331849817993,46.038634524558134,7.105427357601002e-15,0.0,0.0,0.0,0.0,9.217455851424422,29.49585872455815,4.426030051680037,13.278090155040111,0.0,0.0,0.0,0.0,31.85209679205206,0.0,0.0,35.38857756599727,0.0,0.0,0.0,0.0,0.0,0.0,12.379107526163123,10.986915953427594,14.496035924563476,6.332376787231772,16.767308032419162,0.0,88.0,13.2,42.5,45.0,0.7824532923139965,0.3590879009401963,1.0,42.62747528435194,21.237018281681866,8.232415896124868,60.89639326335992,71.95796637437613,71.95796637437613,7.105427357601002e-15,1.4200520356485435,0.3550130089121359,21.300780534728155,0.0,0.0,0.0,0.0,1.4210854715202004e-14,0.0,0.0,0.0,-0.25007452266167074,-0.08862050558462187,0.5703892147612244,0.0
3,autumn_processing,秋季农产品加工日,60.0,11.0,0.25,61.04505141979494,29.039630662994732,13.84896457615775,5.772310869467922,0.0,5.772310869467922,26.195904487919485,44.77680055645566,-3.552713678800501e-15,0.0,0.9445266352440899,0.33058432233543145,0.42503698585984045,9.324187835987011,29.837401075158436,4.616321525385916,13.84896457615775,0.0,0.0,2.0900394550106314,0.0,32.34688855777748,1.2228073980235432,0.0,35.66130003424486,0.0,0.0,0.0,0.0,0.0,0.0,12.287446286747524,11.106812379791272,14.53668897386992,6.3902917592023005,16.820807408580215,0.0,70.0,10.5,42.5,45.0,0.7908024724742093,0.3492459645834771,1.0,42.731535993856454,20.908534077356205,8.586358037217805,61.04505141979494,70.97270504437515,70.97270504437515,-3.552713678800501e-15,3.363676305256175,0.8409190763140437,50.45514457884262,0.0,0.0,0.0,0.0,7.105427357601002e-15,0.0,0.0,3.190398077379661,0.33058432233543145,0.34154235060028526,0.5708744211176384,0.0
3,autumn_processing,秋季农产品加工日,60.0,11.25,0.25,61.22302719347305,28.684003877443896,14.378919348648834,10.41626348404818,0.0,10.41626348404818,26.249055370932908,40.32319105288582,0.0,0.0,0.9445266352440899,0.33058432233543145,0.42503698585984045,9.213054465502374,29.4817742896076,4.792973116216278,14.378919348648834,0.0,0.0,2.0900394550106314,0.0,32.841655583914616,1.2228073980235432,0.0,35.933886141258334,0.0,0.0,0.0,0.0,0.0,0.0,12.21622880576157,11.202925585485719,14.573632911669982,6.446129727153869,16.83337588813057,0.0,70.0,10.5,42.5,45.0,0.7924069923609186,0.31450911140006804,1.0,42.856119035431135,20.652482791759603,8.914929996162277,61.22302719347305,66.57224642381873,66.57224642381873,0.0,5.917850243275318,1.4794625608188294,88.76775364912976,0.0,0.0,0.0,0.0,0.0,0.0,0.0,4.643952614580258,0.0,-0.35562678555083593,0.5299547724910845,0.0
3,autumn_processing,秋季农产品加工日,60.0,11.5,0.25,61.49399299082298,28.35613266813845,14.839398452003866,11.260723277916775,0.0,11.260723277916775,26.679964568143433,39.36982114070035,-3.552713678800501e-15,0.0,0.9445266352440898,0.3305843223354314,0.4250369858598404,9.110594712594423,29.153903080302154,4.9464661506679555,14.839398452003866,0.0,0.0,2.0900394550106314,0.0,33.33639787170044,1.2228073980235432,0.0,36.2063359552183,0.0,0.0,0.0,0.0,0.0,0.0,12.162333387105987,11.27572058474174,14.607093750204768,6.499349875461849,16.80961801163677,0.0,70.0,10.5,42.5,45.0,0.8054152875592426,0.3070731045740271,1.0,43.04579509357608,20.416415521059683,9.200427040242397,61.49399299082298,66.04978570884379,66.04978570884379,-3.552713678800501e-15,6.382303129903045,1.5955757824757613,95.73454694854567,0.0,0.0,0.0,0.0,7.105427357601002e-15,0.0,0.0,0.8444597938685945,-5.551115123125783e-17,-0.3278712093054459,0.4604791033550324,0.0
3,autumn_processing,秋季农产品加工日,60.0,11.75,0.25,61.63136876649377,27.93109568227861,15.341261196373637,9.806349340573057,0.0,9.806349340573057,27.54443020103026,40.59497712462005,3.552713678800501e-15,0.0,0.0,0.0,0.0,9.110594712594423,29.153903080302154,5.113753732124546,15.341261196373637,0.0,0.0,2.0900394550106314,0.0,33.83111542237188,1.2228073980235432,0.0,36.478649544271285,0.0,0.0,0.0,0.0,0.0,0.0,12.122610151998087,11.326336603979913,14.637253129949473,6.549418941765688,16.755095042051778,0.0,70.0,10.5,42.5,45.0,0.8315117928420112,0.31662896336813123,1.0,43.14195813654564,20.1103888912406,9.511581941751654,61.63136876649377,68.13940732565031,68.13940732565031,3.552713678800501e-15,5.393492137315182,1.3483730343287954,80.90238205972773,0.0,0.0,0.0,0.0,0.0,0.0,0.0,-1.4543739373437177,-0.3305843223354314,0.0,0.5018627443697703,0.0
3,autumn_processing,秋季农产品加工日,60.0,12.0,0.25,61.799569365607255,27.71618225239565,15.798871263785063,10.424782240559894,0.0,10.424782240559894,28.64395264104848,38.41956501581367,3.552713678800501e-15,0.0,1.4492404794161158,0.5072341677956405,0.6521582157372521,8.839634823338107,28.286831434681943,5.2662904212616874,15.798871263785063,0.0,0.0,2.0900394550106314,0.0,34.325808237165745,1.2228073980235432,0.0,36.75082697652958,0.0,0.0,0.0,0.0,0.0,0.0,12.094230276476052,11.356559390839653,14.6642297091183,6.595820013161198,16.676067223061896,0.0,70.0,10.5,42.5,45.0,0.8647041975749061,0.29966138437934786,1.0,43.25969855592508,19.955651221724867,9.79530018354674,61.799569365607255,67.06351765686215,67.06351765686215,3.552713678800501e-15,6.023478328191166,1.5058695820477914,90.35217492286749,0.0,0.0,0.0,0.0,1.4210854715202004e-14,0.0,0.0,0.6184328999868374,0.5072341677956405,-0.8670716456202108,0.4576100674114265,0.0
3,autumn_processing,秋季农产品加工日,60.0,12.25,0.25,61.53046582502351,27.43753932500396,16.0952960163682,8.416706674203855,0.0,8.416706674203855,29.47056718352399,39.647453026831705,3.552713678800501e-15,0.0,0.8300339741012487,0.290511890935437,0.3735152883455619,8.839634823338107,28.286831434681943,5.365098672122733,16.0952960163682,0.0,0.0,2.0900394550106314,0.0,34.820476317318914,1.2228073980235432,0.0,37.02286832007191,0.0,0.0,0.0,0.0,0.0,0.0,12.07494185043492,11.368764103662437,14.688063308536513,6.638061347741322,16.57920249465755,0.0,70.0,10.5,42.5,45.0,0.8896580534066155,0.30923855218676627,1.0,43.07132607751645,19.75502831400285,9.979083530148284,61.53046582502351,69.1180202103557,69.1180202103557,3.552713678800501e-15,4.7951954656323705,1.1987988664080926,71.92793198448555,0.0,0.0,0.0,0.0,7.105427357601002e-15,0.0,0.0,-2.0080755663560392,-0.21672227686020346,0.0,0.2964247525831354,0.0
3,autumn_processing,秋季农产品加工日,60.0,12.5,0.25,61.24459274966937,27.0640240366584,16.480860041226393,5.742060931069446,0.0,5.742060931069446,30.019777247534407,41.906048863156386,7.105427357601002e-15,0.0,0.0,0.0,0.0,8.839634823338107,28.286831434681943,5.493620013742131,16.480860041226393,0.0,0.0,2.0900394550106314,0.0,35.31511966406807,1.2228073980235432,0.0,37.29477364294247,0.0,0.0,0.0,0.0,0.0,0.0,12.063241217856055,11.365829257138497,14.708702744030587,6.675685012698839,16.471266702574443,0.0,70.0,10.5,42.5,45.0,0.9062376174650907,0.3268549399513832,1.0,42.87121492476856,19.486097306394047,10.218133225560363,61.24459274966937,71.92582611069079,71.92582611069079,7.105427357601002e-15,3.1581335120881957,0.7895333780220489,47.37200268132293,0.0,0.0,0.0,0.0,7.105427357601002e-15,0.0,0.0,-2.674645743134409,-0.290511890935437,0.0,0.3855640248581942,0.0
3,autumn_processing,秋季农产品加工日,60.0,12.75,0.25,61.03271847158909,26.92547128215119,16.830292478266216,5.001602764403103,0.0,5.001602764403103,30.159298753716918,42.3682909887897,7.105427357601002e-15,0.0,0.0,0.0,0.0,8.796337087554603,28.148278680174734,5.610097492755405,16.830292478266216,0.0,0.0,2.0900394550106314,0.0,35.809738278649895,1.2228073980235432,0.0,37.56654301315159,0.0,0.0,0.0,0.0,0.0,0.0,12.05847586526324,11.351023698216837,14.725998139380218,6.708275127831233,16.358811429651563,0.0,70.0,10.5,42.5,45.0,0.9104494953982744,0.33046029350571726,1.0,42.72290293011236,19.386339323148857,10.434781336525054,61.03271847158909,72.52758974250662,72.52758974250662,7.105427357601002e-15,2.7508815204217067,0.6877203801054267,41.2632228063256,0.0,0.0,0.0,0.0,-7.105427357601002e-15,0.0,0.0,-0.7404581666663432,0.0,-0.13855275450720939,0.3494324370398232,0.0
3,autumn_processing,秋季农产品加工日,60.0,13.0,0.25,60.91351263309616,26.683856946820814,17.102180239712993,5.438966576306157,0.0,5.438966576306157,29.561478291734332,42.42466657440116,0.0,0.0,0.0,0.0,0.0,8.720832607763862,27.90666434484436,5.700726746570997,17.102180239712993,0.0,0.0,2.0900394550106314,0.0,36.30433216230099,1.2228073980235432,0.0,37.83817649867561,0.0,0.0,0.0,0.0,0.0,0.0,12.06089649049281,11.32787013076424,14.739698323768964,6.735465507506913,16.247875683138307,0.0,70.0,10.5,42.5,45.0,0.8924024797035299,0.33090000660560714,1.0,42.63945884316731,19.212377001710987,10.603351748622055,60.91351263309616,71.98614486613549,71.98614486613549,0.0,2.9914316169683866,0.7478579042420966,44.8714742545258,0.0,0.0,0.0,0.0,-7.105427357601002e-15,0.0,0.0,0.4373638119030545,0.0,-0.24161433533037524,0.2718877614467772,0.0
3,autumn_processing,秋季农产品加工日,60.0,13.25,0.25,60.80180807462059,26.455219309968513,17.410669218619745,5.962357939575355,0.0,5.962357939575355,28.428712747572007,42.95371659493796,0.0,0.0,0.0,0.0,0.0,8.649383346247518,27.678026707992057,5.803556406206582,17.410669218619745,0.0,0.0,2.0900394550106314,0.0,36.7989013162579,1.2228073980235432,0.0,38.109674167456866,0.0,0.0,0.0,0.0,0.0,0.0,12.071673021903075,11.29999021418578,14.749453686482282,6.756946505022219,16.143716796579398,0.0,70.0,10.5,42.5,45.0,0.8582065314983338,0.3350264422249258,1.0,42.56126565223441,19.047757903177327,10.794614915544242,60.80180807462059,71.38242934250997,71.38242934250997,0.0,3.2792968667664457,0.8198242166916114,49.18945300149669,0.0,0.0,0.0,0.0,7.105427357601002e-15,0.0,0.0,0.523391363269198,0.0,-0.22863763685230154,0.30848897890675175,0.0
3,autumn_processing,秋季农产品加工日,60.0,13.5,0.25,60.42152452399234,26.425839463173173,17.591775359876635,7.94429273462066,0.0,7.94429273462066,27.156221822527392,41.91517668593777,-7.105427357601002e-15,0.0,0.0,0.0,0.0,8.640202144123974,27.648646861196717,5.863925119958878,17.591775359876635,0.0,0.0,2.0900394550106314,0.0,37.29344574175711,1.2228073980235432,0.0,38.38103608740373,0.0,0.0,0.0,0.0,0.0,0.0,12.092883680544793,11.270937637079138,14.754824599315574,6.772470880598991,16.05058412054993,0.0,70.0,10.5,42.5,45.0,0.8197925507865649,0.3269261343027486,1.0,42.29506716679464,19.026604413484684,10.906900723123513,60.42152452399234,69.07139850846517,69.07139850846517,-7.105427357601002e-15,4.369361004041363,1.0923402510103408,65.54041506062045,0.0,0.0,0.0,0.0,7.105427357601002e-15,0.0,0.0,1.981934795045305,0.0,-0.029379846795340114,0.1811061412568904,0.0
3,autumn_processing,秋季农产品加工日,60.0,13.75,0.25,60.07787617709376,26.346696726653764,17.818404235270098,10.390699650942956,0.0,10.390699650942956,26.096991761492824,40.235162337053644,0.0,0.0,0.0,0.0,0.0,8.615470038961659,27.56950412467731,5.939468078423366,17.818404235270098,0.0,0.0,2.0900394550106314,0.0,37.787965440035045,1.2228073980235432,0.0,38.65226232639062,0.0,0.0,0.0,0.0,0.0,0.0,12.127479331606976,11.244026714050397,14.755295237285592,6.781858537583036,15.971546516323137,0.0,70.0,10.5,42.5,45.0,0.7878164931714737,0.3138225131306564,1.0,42.05451332396563,18.96962164319071,11.04741062586746,60.07787617709376,66.33215409854647,66.33215409854647,0.0,5.714884808018627,1.4287212020046567,85.7232721202794,0.0,0.0,0.0,0.0,0.0,0.0,0.0,2.446406916322296,0.0,-0.07914273651940817,0.22662887539346244,0.0
3,autumn_processing,秋季农产品加工日,60.0,14.0,0.25,60.12101975676653,26.414186490915217,18.0296655774416,10.657956222012475,0.0,10.657956222012475,24.690123498850028,41.435846016820165,0.0,0.0,0.14997725391433883,0.05249203887001859,0.06748976426145248,8.615470038961659,27.56950412467731,6.009888525813867,18.0296655774416,0.0,0.0,2.0900394550106314,0.0,38.28246041232807,1.2228073980235432,0.0,38.92335295225802,0.0,0.0,0.0,0.0,0.0,0.0,12.179218811202517,11.222164875668714,14.750292346085311,6.785,15.908381512161348,0.0,70.0,10.5,42.5,45.0,0.7453459267874618,0.3231874951009736,1.0,42.084713829736565,19.018214273458955,11.178392658013793,60.12101975676653,66.12596951567019,66.12596951567019,0.0,5.891871372889729,1.4729678432224322,88.37807059334594,0.0,0.0,0.0,0.0,0.0,0.0,0.0,0.2672565710695185,0.05249203887001859,0.0,0.21126134217150394,0.0
3,autumn_processing,秋季农产品加工日,60.0,14.25,0.25,60.49065014340375,26.469550234890807,18.18430826826034,11.322170606977716,0.0,11.322170606977716,23.179408363715126,41.08916397074027,0.0,0.0,3.4756575932476204,1.216480157636667,1.5640459169614291,8.165097411235287,26.128311715952922,6.061436089420114,18.18430826826034,0.0,0.0,2.0900394550106314,0.0,38.77693065987248,1.2228073980235432,0.0,39.194308032812486,0.0,0.0,0.0,0.0,0.0,0.0,12.252565799200204,11.207697830766447,14.739208236447563,6.781858537583036,15.86153044817739,0.0,70.0,10.5,42.5,45.0,0.699740429003645,0.3204834764108868,1.0,42.34345510038262,19.05807616912138,11.274271126321413,60.49065014340375,64.2685723344554,64.2685723344554,0.0,6.9223253524872685,1.7305813381218171,103.83488028730903,0.0,0.0,0.0,0.0,2.1316282072803006e-14,0.0,0.0,0.6642143849652413,1.1639881187666485,-1.4411924087243868,0.15464269081873994,0.0
3,autumn_processing,秋季农产品加工日,60.0,14.5,0.25,60.650277754614756,26.355033875856755,18.319971821680674,11.322170606977716,0.0,11.322170606977716,21.933284659266654,41.82289049303939,3.552713678800501e-15,0.0,4.864619867154728,1.7026169535041547,2.189078940219628,7.93398822926896,25.388762333660672,6.106657273893558,18.319971821680674,0.0,0.0,2.0900394550106314,0.0,39.27137618390451,1.2228073980235432,0.0,39.465127635826676,0.0,0.0,0.0,0.0,0.0,0.0,12.352534983712014,11.202276106632288,14.721427047174016,6.772470880598991,15.830120253786582,0.0,70.0,10.5,42.5,45.0,0.6621224224583465,0.32620632895587265,1.0,42.45519442823033,18.97562439061686,11.358382529442018,60.650277754614756,63.75617515230604,63.75617515230604,3.552713678800501e-15,7.20011780726869,1.8000294518171724,108.00176710903034,0.0,0.0,0.0,0.0,2.1316282072803006e-14,0.0,0.0,0.0,0.4861367958674876,-0.7395493822922496,0.13566355342033276,0.0
3,autumn_processing,秋季农产品加工日,60.0,14.75,0.25,60.6083724864594,26.56871995822424,18.452402025000218,11.322170606977716,0.0,11.322170606977716,20.722320766129513,42.74111421836648,0.0,0.0,5.6019553097046195,1.9606843583966167,2.520879889367079,7.89707733340022,25.270647466880703,6.150800675000073,18.452402025000218,0.0,0.0,2.0900394550106314,0.0,39.76579698566034,1.2228073980235432,0.0,39.735811829039356,0.0,0.0,0.0,0.0,0.0,0.0,12.4844752775454,11.20675107116141,14.696353124783023,6.756946505022219,15.81204890213321,0.0,70.0,10.5,42.5,45.0,0.6255658209784675,0.3333682057909753,1.0,42.42586074052158,19.12947836992145,11.440489255500134,60.6083724864594,63.46343498449599,63.46343498449599,0.0,7.3475848957786685,1.8368962239446671,110.21377343668003,0.0,0.0,0.0,0.0,1.4210854715202004e-14,0.0,0.0,0.0,0.25806740489246205,-0.11811486677996896,0.1324302033195437,0.0
3,autumn_processing,秋季农产品加工日,60.0,15.0,0.25,60.656006334601166,26.744681025394918,18.389569677552107,7.147391980853997,0.0,7.147391980853997,19.399000539834432,44.864330373236896,0.0,0.0,8.38722065157329,2.9355272280506517,3.7742492932079807,7.560387228190775,24.193239130210483,6.129856559184035,18.389569677552107,0.0,0.0,0.0,0.0,39.76380869581106,1.2228073980235432,0.0,40.00636068015543,0.0,0.0,0.0,0.0,0.0,0.0,12.653780967822355,11.221107399472668,14.663440230986495,6.735465507506913,15.804128282568962,0.0,70.0,10.5,42.5,45.0,0.5856174043352521,0.3499286715860249,1.0,42.459204434220815,19.256170338284342,11.401533200082307,60.656006334601166,64.26333091307133,64.26333091307133,0.0,5.608509719784356,1.402127429946089,84.12764579676535,0.0,0.0,0.0,0.0,-7.105427357601002e-15,0.0,0.0,-4.174778626123719,0.974842869654035,-1.0774083366702207,-0.06283234744811139,0.0
3,autumn_processing,秋季农产品加工日,60.0,15.25,0.25,60.94601587747242,26.809949930018565,18.470880425216865,7.548733827136581,0.0,7.548733827136581,17.73992130668126,44.82791550174315,0.0,0.0,11.712900990906574,4.0995153468173005,5.270805445907959,7.113109963166921,22.76195188213415,6.1569601417389554,18.470880425216865,0.0,0.0,0.0,0.0,39.76182050537627,1.2228073980235432,0.0,40.27677425684595,0.0,0.0,0.0,0.0,0.0,0.0,12.865527876919177,11.244437291907689,14.622220218779994,6.708275127831233,15.802275409518089,0.0,70.0,10.5,42.5,45.0,0.5355330882845051,0.3496446462255264,1.0,42.66221111423069,19.303163949613367,11.451945863634457,60.94601587747242,62.56783680842441,62.56783680842441,0.0,6.494383803106435,1.6235959507766087,97.41575704659653,0.0,0.0,0.0,0.0,-7.105427357601002e-15,0.0,0.0,0.40134184628258396,1.1639881187666488,-1.431287248076334,0.08131074766475876,0.0
3,autumn_processing,秋季农产品加工日,60.0,15.5,0.25,61.29456939552761,27.097111087172564,18.481594316004234,8.284396011694179,0.0,8.284396011694179,16.35455516953712,43.90569290255689,0.0,0.0,15.038581330239856,5.263503465583949,6.767361598607935,6.353046715176447,20.32974948856463,6.160531438668078,18.481594316004234,0.0,0.0,0.0,0.0,39.759832414351,0.0,0.0,40.25663586971753,0.0,0.0,0.0,0.0,0.0,0.0,13.124040521215267,11.274959647894914,14.572329819169981,6.675685012698839,15.80174068810127,0.0,70.0,10.5,42.5,45.0,0.49371162848185335,0.34245157934243375,1.0,42.90619857686932,19.509919982764245,11.458588475922625,61.29456939552761,60.260248072094015,60.260248072094015,0.0,7.564134072479771,1.8910335181199427,113.46201108719656,0.0,0.0,0.0,0.0,1.4210854715202004e-14,0.0,0.0,0.7356621845575981,1.1639881187666488,-2.4322023935695185,0.010713890787368285,0.0
3,autumn_processing,秋季农产品加工日,60.0,15.75,0.25,61.43203823040127,27.44567720029434,18.329880491127007,7.980869674764422,0.0,7.980869674764422,14.467231049003857,44.66070591379965,-1.7763568394002505e-15,0.0,18.36426166957314,6.427491584350598,8.263917751307913,5.994299827808258,19.181759448986426,6.109960163709002,18.329880491127007,0.0,0.0,0.0,0.0,39.75784442273029,0.0,0.0,40.23650755178267,0.0,0.0,0.0,0.0,0.0,0.0,13.43240713196243,11.310084958715263,14.513534254454568,6.638061347741322,15.797360481274225,0.0,70.0,10.5,42.5,45.0,0.43673705134647695,0.34834046028318105,1.0,43.00242676128089,19.760887584211925,11.364525904498745,61.43203823040127,59.12793696280351,59.12793696280351,-1.7763568394002505e-15,8.062330655035062,2.0155826637587655,120.93495982552594,0.0,0.0,0.0,0.0,7.105427357601002e-15,0.0,0.0,-0.3035263369297567,1.1639881187666488,-1.147990039578204,-0.15171382487722695,0.0
3,autumn_processing,秋季农产品加工日,60.0,16.0,0.25,61.36490709570474,27.688731261576052,18.18277178684102,9.03668605794239,0.0,9.03668605794239,12.744001532562507,43.65624415526965,1.7763568394002505e-15,0.0,21.689942008906424,7.591479703117248,9.760473904007892,5.60258042424005,17.92825735756816,6.060923928947006,18.18277178684102,0.0,0.0,0.0,0.0,39.75585653050915,0.0,0.0,40.21638929800678,0.0,0.0,0.0,0.0,0.0,0.0,13.791971113960582,11.346524045691606,14.445746536998465,6.595820013161198,15.783820517930295,0.0,132.0,19.8,42.5,45.0,0.3847161653003093,0.34050595198009836,1.0,42.955434966993316,19.935886508334757,11.273318507841433,61.36490709570474,56.400245687832154,56.400245687832154,1.7763568394002505e-15,9.308165733649599,2.3270414334123997,139.622486004744,0.0,0.0,0.0,0.0,0.0,0.0,0.0,1.0558163831779677,1.1639881187666496,-1.253502091418266,-0.1471087042859871,0.0
3,autumn_processing,秋季农产品加工日,60.0,16.25,0.25,61.48479579732286,27.8775503216642,17.958872002325084,7.818553805047591,0.0,7.818553805047591,10.914499379754282,45.17647804087763,0.0,0.0,25.01562234823971,8.755467821883897,11.257030056707869,5.193912582798853,16.62052026495633,5.986290667441694,17.958872002325084,0.0,0.0,0.0,0.0,39.75386873768262,0.0,0.0,40.196281103357784,0.0,0.0,0.0,0.0,0.0,0.0,14.201838572686528,11.380436110296,14.369041516746515,6.549418941765688,15.755916745296158,0.0,132.0,19.8,42.5,45.0,0.3294871188474628,0.35236333221212796,1.0,43.039357058126,20.071836231598223,11.134500641441551,61.48479579732286,56.090977420631916,56.090977420631916,0.0,9.303329062424119,2.3258322656060297,139.54993593636178,0.0,0.0,0.0,0.0,0.0,0.0,0.0,-1.218132252894799,1.1639881187666496,-1.3077370926118306,-0.22389978451593606,0.0
3,autumn_processing,秋季农产品加工日,60.0,16.5,0.25,61.90777729103759,27.988681620712555,17.81170424531607,8.265740207316252,0.0,8.265740207316252,9.33373254161124,45.08705066593096,0.0,0.0,28.341302687572984,9.919455940650543,12.753586209407842,4.760967316032723,15.235095411304712,5.93723474843869,17.81170424531607,0.0,0.0,0.0,0.0,39.75188104424574,0.0,0.0,40.17618296280611,0.0,0.0,0.0,0.0,0.0,0.0,14.65845021373323,11.40760906613583,14.283663994610707,6.499349875461849,15.708801015390595,0.0,132.0,19.8,42.5,45.0,0.2817668988953233,0.3516658248101857,1.0,43.33544410372631,20.15185076691304,11.043256632095963,61.90777729103759,54.4207832075422,54.4207832075422,0.0,10.214417651538536,2.553604412884634,153.21626477307805,0.0,0.0,0.0,0.0,-7.105427357601002e-15,0.0,0.0,0.44718640226866135,1.163988118766646,-1.3854248536516174,-0.14716775700901508,0.0
3,autumn_processing,秋季农产品加工日,60.0,16.75,0.25,62.343128236865276,28.53781676863784,17.61752773884561,11.051600476285536,0.0,11.051600476285536,7.562070339342604,44.01637292784819,8.881784197001252e-16,0.0,29.561603016295837,10.346561055703543,13.302721357333127,4.760967316032723,15.235095411304712,5.8725092462818695,17.61752773884561,0.0,0.0,0.0,0.0,39.74989345019353,0.0,0.0,40.15609487132471,0.0,0.0,0.0,0.0,0.0,0.0,15.15527045119428,11.423662977284952,14.190030507583382,6.446129727153869,15.638200418268948,0.0,132.0,19.8,42.5,45.0,0.22828392599056097,0.34331485120894967,1.0,43.640189765805694,20.547228073419245,10.922867198084278,62.343128236865276,51.57844326719079,51.57844326719079,8.881784197001252e-16,11.990700865216214,2.9976752163040534,179.8605129782432,0.0,0.0,0.0,0.0,0.0,0.0,0.0,2.7858602689692837,0.4271051150529992,0.0,-0.19417650647045903,0.0
3,autumn_processing,秋季农产品加工日,60.0,17.0,0.25,62.706582214504685,28.853632511575512,17.429738080965915,13.523348640667933,0.0,13.523348640667933,6.164133486182514,40.46097022225971,1.7763568394002505e-15,0.0,29.561603016295837,10.346561055703543,13.302721357333127,4.516197447157726,14.451831830904723,5.809912693655305,17.429738080965915,0.0,0.0,0.0,2.537678950504013,39.08009570538839,0.0,1.0990793233376606,39.84678542301072,0.0,0.0,0.0,0.0,0.0,0.0,15.68264543060206,11.424265804661523,14.088724698144985,6.3902917592023005,15.54060101670585,0.0,132.0,19.8,42.5,45.0,0.18608298116914343,0.3155837486744938,1.0,43.894607550153275,20.774615408334366,10.806437610198868,62.706582214504685,46.625103708442225,46.625103708442225,1.7763568394002505e-15,13.350162355626532,3.337540588906633,200.25243533439797,0.0,0.0,0.0,0.0,7.105427357601002e-15,0.0,0.0,2.4717481643823973,0.0,-0.7832635803999892,-0.18778965787969426,0.0
3,autumn_processing,秋季农产品加工日,60.0,17.25,0.25,62.85101806904184,29.188903466091226,17.24190508392664,15.398577322439579,0.0,15.398577322439579,4.713392910182918,40.22307914529788,-2.6645352591003757e-15,0.0,29.561603016295837,10.346561055703543,13.302721357333127,4.620969620443886,14.787102785420437,5.747301694642213,17.24190508392664,0.0,0.0,0.0,2.537678950504013,38.41033145047049,0.0,1.0990793233376606,39.53763062942089,0.0,0.0,0.0,0.0,0.0,0.0,16.227873886280154,11.40534970173955,13.980486487491063,6.332376787231772,15.413389057998849,0.0,132.0,19.8,42.5,45.0,0.1422879965390762,0.3137282677645841,1.0,43.99571264832929,21.016010495585682,10.689981152034516,62.85101806904184,44.9364720554808,44.9364720554808,-2.6645352591003757e-15,14.381538130600937,3.5953845326502343,215.72307195901405,0.0,0.0,0.0,0.0,-7.105427357601002e-15,0.0,0.0,1.8752286817716453,0.0,0.335270954515714,-0.18783299703927625,0.0
3,autumn_processing,秋季农产品加工日,60.0,17.5,0.25,63.08395080248071,29.709322930197487,17.202389783665307,20.754981828580355,0.0,20.754981828580355,3.3916695666242447,36.57079003193408,-2.220446049250313e-15,0.0,29.561603016295837,10.346561055703543,13.302721357333127,4.783600702977093,15.307522249526698,5.734129927888436,17.202389783665307,0.0,0.0,0.0,2.537678950504013,37.74060068376533,0.0,1.0990793233376606,39.228630413227854,0.0,0.0,0.0,0.0,0.0,0.0,16.775520125203908,11.363315896054793,13.86619556181607,6.27292460941646,15.254945286194673,0.0,132.0,19.8,42.5,45.0,0.1023877866228623,0.2852414795509816,1.0,44.158765561736494,21.39071250974219,10.665481665872491,63.08395080248071,39.962459598558326,39.962459598558326,-2.220446049250313e-15,17.327560608978366,4.331890152244592,259.9134091346755,0.0,0.0,0.0,0.0,7.105427357601002e-15,0.0,0.0,5.356404506140777,0.0,0.5204194641062614,-0.03951530026133199,0.0
3,autumn_processing,秋季农产品加工日,60.0,17.75,0.25,63.62565924921076,30.199337659003135,16.842157268906853,23.36984471143404,0.0,23.36984471143404,2.2898229033050725,35.632534356961905,-1.3322676295501878e-15,0.0,29.561603016295837,10.346561055703543,13.302721357333127,4.936730305728858,15.797536978332346,5.614052422968951,16.842157268906853,0.0,0.0,0.0,2.537678950504013,37.07090340359851,0.0,1.0990793233376606,38.919784697142916,0.0,0.0,0.0,0.0,0.0,0.0,17.30797776020305,11.295216779883745,13.746849937312774,6.212465846968564,15.064690596800894,0.0,132.0,19.8,42.5,45.0,0.06912521819190443,0.2779233593601826,1.0,44.537961474447535,21.743523114482254,10.442137506722249,63.62565924921076,37.92235726026698,37.92235726026698,-1.3322676295501878e-15,18.765735194547894,4.691433798636973,281.4860279182184,0.0,0.0,0.0,0.0,7.105427357601002e-15,0.0,0.0,2.6148628828536857,0.0,0.49001472880564734,-0.3602325147584544,0.0
3,autumn_processing,秋季农产品加工日,60.0,18.0,0.25,63.806520783453614,30.27231067317494,16.564975177407693,24.623038312380714,0.0,24.623038312380714,1.2089563232081346,35.57147890678398,4.440892098500626e-16,0.0,29.561603016295837,10.346561055703543,13.302721357333127,4.959534372657546,15.87050999250415,5.521658392469231,16.564975177407693,0.0,0.0,0.0,2.537678950504013,36.4012396082957,0.0,1.0990793233376606,38.611093403916016,0.0,0.0,0.0,0.0,0.0,0.0,17.80626793562408,11.198905185499036,13.623540579102446,6.151514362137339,14.843083816729632,0.0,132.0,19.8,42.5,45.0,0.03649599691994652,0.27744714468371,1.0,44.66456454841753,21.796063684685954,10.27028460999277,63.806520783453614,36.780435229992115,36.780435229992115,4.440892098500626e-16,19.454991675068563,4.863747918767141,291.8248751260284,0.0,0.0,0.0,0.0,-7.105427357601002e-15,0.0,0.0,1.2531936009466733,0.0,0.07297301417180435,-0.27718209149916007,0.0
3,autumn_processing,秋季农产品加工日,60.0,18.25,0.25,63.664093485945266,30.619400539939324,16.057948737060233,23.193807241214614,0.0,23.193807241214614,0.37152878049187166,37.63516699307273,-3.2751579226442118e-15,0.0,29.561603016295837,10.346561055703543,13.302721357333127,5.067999956021417,16.217599859268535,5.352649579020078,16.057948737060233,0.0,0.0,0.0,2.537678950504013,35.73160929618265,0.0,1.0990793233376606,38.30255645633573,0.0,0.0,0.0,0.0,0.0,0.0,18.25102942665987,11.073142848277968,13.497423201735861,6.090560396487061,14.591574720022926,0.0,132.0,19.8,42.5,45.0,0.01121571802736527,0.29354330893257424,1.0,44.56486544016168,22.04596838875631,9.955928216977345,63.664093485945266,38.0066957735646,38.0066957735646,-3.2751579226442118e-15,18.668914585927205,4.667228646481801,280.03371878890806,0.0,0.0,0.0,0.0,2.1316282072803006e-14,0.0,0.0,-1.4292310711661003,0.0,0.34708986676438514,-0.5070264403474596,0.0
3,autumn_processing,秋季农产品加工日,60.0,18.5,0.25,63.406902976414294,30.950984082447228,15.542233558686712,22.925344673181982,0.0,22.925344673181982,0.0,37.94968262964214,0.0,0.0,29.561603016295837,10.346561055703543,13.302721357333127,5.171619813055137,16.54918340177644,5.1807445195622375,15.542233558686712,0.0,0.0,0.0,2.537678950504013,35.062012465585205,0.0,1.0990793233376606,37.994173777229236,0.0,0.0,0.0,0.0,0.0,0.0,18.623633462480015,10.917662619097412,13.369688467813436,6.030064545566906,14.312517391282487,0.0,132.0,19.8,42.5,45.0,0.0,0.29599643902461326,1.0,44.384832083490004,22.284708539362004,9.636184806385762,63.406902976414294,37.94968262964214,37.94968262964214,0.0,18.521260173509262,4.6303150433773155,277.8189026026389,0.0,0.0,0.0,0.0,2.1316282072803006e-14,0.0,0.0,-0.268462568032632,0.0,0.3315835425079037,-0.5157151783735205,0.0
3,autumn_processing,秋季农产品加工日,60.0,18.75,0.25,63.04350557708084,31.09653584881757,15.094936303782896,22.234497582103653,0.0,22.234497582103653,0.0,38.1735181634098,0.0,0.0,29.561603016295837,10.346561055703543,13.302721357333127,5.217104740045869,16.69473516814678,5.0316454345942985,15.094936303782896,0.0,0.0,0.0,2.537678950504013,34.3924491148293,0.0,1.0990793233376606,37.685945289462296,0.0,0.0,0.0,0.0,0.0,0.0,18.90733686283784,10.733181886013655,13.241531824429998,5.970452657385938,14.009050636577143,0.0,132.0,19.8,42.5,45.0,0.0,0.2977422908033749,1.0,44.130453903956585,22.38950581114865,9.358860508345396,63.04350557708084,38.1735181634098,38.1735181634098,0.0,18.14129427341618,4.535323568354045,272.1194141012427,0.0,0.0,0.0,0.0,7.105427357601002e-15,0.0,0.0,-0.6908470910783286,0.0,0.1455517663703425,-0.4472972549038161,0.0
3,autumn_processing,秋季农产品加工日,60.0,19.0,0.25,62.41133560490654,31.202570507993176,14.696600772432303,22.840035227129476,0.0,22.840035227129476,0.0,36.83616786675185,0.0,0.0,29.561603016295837,10.346561055703543,13.302721357333127,5.250240571038246,16.800769827322387,4.898866924144101,14.696600772432303,0.0,0.0,0.0,2.537678950504013,33.72291924224093,0.0,1.0990793233376606,37.37787091593924,0.0,0.0,0.0,0.0,0.0,0.0,19.088376119107036,10.521367686577218,13.114124176439542,5.912111712452298,13.684953258653099,0.0,132.0,19.8,42.5,45.0,0.0,0.28731134914300727,1.0,43.687934923434575,22.465850765755086,9.111892478908027,62.41133560490654,36.83616786675185,36.83616786675185,0.0,18.47433997818038,4.618584994545095,277.1150996727057,0.0,0.0,0.0,0.0,0.0,0.0,0.0,0.605537645025823,0.0,0.10603465917560584,-0.3983355313505932,0.0
3,autumn_processing,秋季农产品加工日,60.0,19.25,0.25,61.71961620538754,31.44587585060932,14.037161751158239,20.153190907210476,0.0,20.153190907210476,0.0,38.68751269962805,0.0,0.0,29.561603016295837,10.346561055703543,13.302721357333127,5.32627349060579,17.04407516993853,4.679053917052746,14.037161751158239,0.0,0.0,0.0,2.537678950504013,33.053422846146184,0.0,1.0990793233376606,37.069950579602946,0.0,0.0,0.0,0.0,0.0,0.0,19.156904495555082,10.284756910331824,12.988584496630478,5.855386713589334,13.344482633477131,0.0,132.0,19.8,42.5,45.0,0.0,0.3017512980428682,1.0,43.203731343771274,22.64103061243871,8.703040285718108,61.71961620538754,38.68751269962805,38.68751269962805,0.0,16.99657560222493,4.249143900556232,254.94863403337393,0.0,0.0,0.0,0.0,2.1316282072803006e-14,0.0,0.0,-2.6868443199190004,0.0,0.2433053426161429,-0.6594390212740642,0.0
3,autumn_processing,秋季农产品加工日,60.0,19.5,0.25,60.77789656815891,31.54666140791552,13.684293736874926,22.809432252802175,0.0,22.809432252802175,0.0,35.00342453203812,0.0,0.0,29.561603016295837,10.346561055703543,13.302721357333127,5.357768977263977,17.14486072724473,4.561431245624975,13.684293736874926,0.0,0.0,0.0,2.537678950504013,32.38395992487124,0.0,1.0990793233376606,36.76218420343482,0.0,0.0,0.0,0.0,0.0,0.0,19.107684840650716,10.026637592105136,12.865955324682458,5.800578585294906,12.99220515314225,0.0,132.0,19.8,42.5,45.0,0.0,0.2730164864951276,1.0,42.54452759771123,22.713596213699173,8.484262116862453,60.77789656815891,35.00342453203812,35.00342453203812,0.0,18.457508342300365,4.614377085575091,276.8626251345055,0.0,0.0,0.0,0.0,0.0,0.0,0.0,2.656241345591699,0.0,0.10078555730619954,-0.35286801428331316,0.0
3,autumn_processing,秋季农产品加工日,60.0,19.75,0.25,59.72958650284708,31.466193422445063,13.200199669999215,20.546701519267202,0.0,20.546701519267202,0.0,36.031334265843185,0.0,0.0,29.561603016295837,10.346561055703543,13.302721357333127,5.33262273180446,17.064392741774274,4.400066556666405,13.200199669999215,0.0,0.0,0.0,2.537678950504013,31.714530476742368,0.0,1.0990793233376606,36.45457171045478,0.0,0.0,0.0,0.0,0.0,0.0,18.940471802114686,9.750899397517895,12.74718192055484,5.747943055948842,12.632826768908181,0.0,132.0,19.8,42.5,45.0,0.0,0.2810338821559647,1.0,41.810710551992955,22.655659264160445,8.184123795399513,59.72958650284708,36.031334265843185,36.031334265843185,0.0,17.21300643885613,4.3032516097140325,258.1950965828419,0.0,0.0,0.0,0.0,7.105427357601002e-15,0.0,0.0,-2.2627307335349727,0.0,-0.08046798547045597,-0.484094066875711,0.0
3,autumn_processing,秋季农产品加工日,60.0,20.0,0.25,58.41812663367307,31.360679913643548,12.920146024656015,17.398503790202447,0.0,17.398503790202447,0.0,37.74174793911906,0.0,0.0,29.561603016295837,10.346561055703543,13.302721357333127,5.2996497603039865,16.95887923297276,4.306715341552005,12.920146024656015,0.0,0.0,0.0,2.537678950504013,31.045134500085897,0.0,1.0990793233376606,36.147113023721225,0.0,0.0,0.0,0.0,0.0,0.0,18.660046250930094,9.4618628661314,12.633095626576477,5.6976904724469435,12.271031134891508,0.0,132.0,19.8,42.5,45.0,0.0,0.29437460917836195,1.0,40.89268864357115,22.579689537823352,8.01049053528673,58.41812663367307,37.74174793911906,37.74174793911906,0.0,15.481497687870515,3.870374421967629,232.22246531805774,0.0,0.0,0.0,0.0,7.105427357601002e-15,0.0,0.0,-3.148197729064755,0.0,-0.10551350880151489,-0.2800536453431999,0.0
3,autumn_processing,秋季农产品加工日,60.0,20.25,0.25,57.020753886255584,31.46959973235632,12.65490761387436,12.823717084049143,0.0,12.823717084049143,0.0,40.86478653760874,0.0,0.0,29.561603016295837,10.346561055703543,13.302721357333127,5.333687203651728,17.06779905168553,4.21830253795812,12.65490761387436,0.0,0.0,0.0,2.537678950504013,30.37577199322826,0.0,1.0990793233376606,35.83980806633104,0.0,0.0,0.0,0.0,0.0,0.0,18.27589845033586,9.164097725451775,12.524401769393899,5.649986476440852,11.911331793925557,0.0,132.0,19.8,42.5,45.0,0.0,0.31873339797538125,1.0,39.914527720378906,22.65811180729655,7.846042720602104,57.020753886255584,40.86478653760874,40.86478653760874,0.0,12.965364999486198,3.2413412498715495,194.48047499229295,0.0,0.0,0.0,0.0,7.105427357601002e-15,0.0,0.0,-4.574786706153304,0.0,0.10891981871277068,-0.2652384107816541,0.0
3,autumn_processing,秋季农产品加工日,60.0,20.5,0.25,55.64312296369843,31.35902608438265,12.254415803414975,8.304393866186642,0.0,8.304393866186642,0.0,43.9589832889627,0.0,0.0,29.31588379857657,10.260559329501799,13.192147709359457,5.333687203651728,17.06779905168553,4.084805267804992,12.254415803414975,0.0,0.0,0.0,2.537678950504013,29.706442954495962,0.0,1.0990793233376606,35.532656761419545,0.0,0.0,0.0,0.0,0.0,0.0,17.80159066974146,8.862240603255247,12.421672211176835,5.604953454714412,11.557943551461126,0.0,132.0,19.8,42.5,45.0,0.0,0.3428672287897375,1.0,38.9501860745889,22.578498780755506,7.597737798117285,55.64312296369843,43.9589832889627,43.9589832889627,0.0,10.430593386117968,2.607648346529492,156.4589007917695,0.0,0.0,0.0,0.0,1.4210854715202004e-14,0.0,0.0,-4.519323217862501,-0.08600172620174362,0.0,-0.40049181045938553,0.0
3,autumn_processing,秋季农产品加工日,60.0,20.75,0.25,54.11689211112902,31.21317794160201,11.77034536040638,3.2795541860516924,0.0,3.2795541860516924,0.0,48.88231967405847,0.0,0.0,25.990203459243297,9.096571210735153,11.695591556659483,5.755783456751519,18.418507061604863,3.9234484534687932,11.77034536040638,0.0,0.0,0.0,2.537678950504013,29.0371473822156,0.0,1.0990793233376606,35.22565903216051,0.0,0.0,0.0,0.0,0.0,0.0,17.25386028850374,8.560821789621496,12.32534245100286,5.5626726635783195,11.21467674636287,0.0,132.0,19.8,42.5,45.0,0.0,0.3812678144370701,1.0,37.88182447779031,22.473488117953444,7.297614123451955,54.11689211112902,48.88231967405847,48.88231967405847,0.0,7.001795494177091,1.7504488735442727,105.02693241265636,0.0,0.0,0.0,0.0,0.0,0.0,0.0,-5.024839680134949,-1.163988118766646,1.3507080099193338,-0.48407044300859603,0.0
3,autumn_processing,秋季农产品加工日,60.0,21.0,0.25,52.81915754491815,31.23096428517906,11.304578539286203,1.5984331796336324,0.0,1.5984331796336324,0.0,50.747670656078824,0.0,0.0,22.66452311991001,7.932583091968503,10.199035403959506,6.22901548683809,19.93284955788189,3.768192846428734,11.304578539286203,0.0,0.0,0.0,2.537678950504013,28.367885274713853,0.0,1.0990793233376606,34.9188148017661,0.0,0.0,0.0,0.0,0.0,0.0,16.65154728656929,8.264109430262216,12.235712992234431,5.523186918596117,10.884856644005794,0.0,132.0,19.8,42.5,45.0,0.0,0.3958170072089174,1.0,36.9734102814427,22.48629428532892,7.008838694357445,52.81915754491815,50.747670656078824,50.747670656078824,0.0,5.4120428727805,1.353010718195125,81.1806430917075,0.0,0.0,0.0,0.0,-7.105427357601002e-15,0.0,0.0,-1.68112100641806,-1.1639881187666496,1.5143424962770275,-0.46576682112017664,0.0
3,autumn_processing,秋季农产品加工日,60.0,21.25,0.25,51.48128773732707,30.890339513638587,10.87566428985179,0.0,0.0,0.0,0.0,52.390479287022245,0.0,1.7878536542128032,19.33884278057673,6.768594973201855,8.702479251259529,6.5902440434504355,21.088780939041396,3.6252214299505963,10.87566428985179,0.0,0.0,0.0,2.537678950504013,27.698656630317483,0.0,1.0990793233376606,34.6121239934869,0.0,0.0,0.0,0.0,0.0,0.0,16.0144428229776,7.975977807219714,12.152954537727314,5.486503736387345,10.571268735731614,0.0,132.0,19.8,42.5,45.0,0.0,0.4225751709019417,1.0,36.03690141612895,22.241044449819782,6.7429118597081095,51.48128773732707,54.17833294123505,52.390479287022245,1.7878536542128032,3.867768556115346,0.9669421390288365,58.016528341730194,0.0,0.0,0.0,0.0,1.4210854715202004e-14,0.0,0.0,-1.5984331796336324,-1.1639881187666479,1.1559313811595047,-0.42891424943441336,0.0
3,autumn_processing,秋季农产品加工日,60.0,21.5,0.25,50.21961497650711,30.461085267856397,10.466266104738244,-0.0,0.0,-0.0,0.0,54.57393261738545,0.0,0.0,16.93771125611178,5.928198939639122,7.6219700652503,6.793761212271385,21.740035879268433,3.4887553682460815,10.466266104738244,0.0,0.0,0.0,0.0,27.697271697485967,0.0,1.0990793233376606,34.305586530611826,0.0,0.0,0.0,0.0,0.0,0.0,15.362157267266147,7.699804346037144,12.077116457034323,5.452598814468941,10.276129406514727,0.0,132.0,19.8,42.5,45.0,0.0,0.42566073281724337,1.0,35.15373048355497,21.931981392856606,6.489084984937711,50.21961497650711,54.57393261738545,54.57393261738545,0.0,3.387542251222356,0.846885562805589,50.81313376833534,0.0,0.0,0.0,0.0,0.0,0.0,0.0,-0.0,-0.8403960335627332,0.6512549402270373,-0.4093981851135453,0.0
3,autumn_processing,秋季农产品加工日,60.0,21.75,0.25,49.284320212465374,30.137077731746885,9.937158342500794,1.1405657660108677,0.0,1.1405657660108677,0.0,53.852112394704875,0.0,0.0,13.612030916778496,4.764210820872473,6.125413912550323,7.160182654955906,22.9125844958589,3.3123861141669315,9.937158342500794,0.0,0.0,0.0,0.0,27.695886833901092,0.0,1.0990793233376606,33.999202336468194,0.0,0.0,0.0,0.0,0.0,0.0,14.713097038148181,7.438397853978596,12.008137890887062,5.421419737755537,10.001080291245833,0.0,132.0,19.8,42.5,45.0,0.0,0.42003074593133144,1.0,34.49902414872576,21.698695966857755,6.161038172350493,49.284320212465374,53.852112394704875,53.852112394704875,0.0,3.3497173546616765,0.8374293386654191,50.24576031992515,0.0,0.0,0.0,0.0,0.0,0.0,0.0,1.1405657660108677,-1.1639881187666488,1.1725486165904684,-0.5291077622374498,0.0
3,autumn_processing,秋季农产品加工日,60.0,22.0,0.25,48.01779228115547,29.961951564466577,9.583109247330976,0.6645029611147146,0.0,0.6645029611147146,0.0,54.86402818098783,0.0,0.0,10.286350577445214,3.6002227021058246,4.628857759850346,7.916591813942572,25.333093804616233,3.1943697491103253,9.583109247330976,0.0,0.0,0.0,0.0,27.694502039559396,0.0,0.0,33.982202735299964,0.0,0.0,0.0,0.0,0.0,0.0,14.083621779353868,7.1939584092121684,11.945860818101217,5.392889806010945,9.74720372315027,0.0,62.0,9.299999999999999,42.5,45.0,0.0,0.4279233934734901,1.0,33.61245459680883,21.572605126415937,5.941527733345205,48.01779228115547,54.86402818098783,54.86402818098783,0.0,2.422746744102136,0.605686686025534,36.34120116153204,0.0,0.0,0.0,0.0,0.0,3.552713678800501e-15,0.0,-0.47606280489615305,-1.1639881187666488,2.4205093087573317,-0.35404909516981853,0.0
3,autumn_processing,秋季农产品加工日,60.0,22.25,0.25,46.90923024576306,29.555392647543258,9.177543577574472,0.0,0.0,0.0,0.0,55.78939280507149,0.0,0.4658836380722704,6.960670238111931,2.436234583339176,3.132301607150369,8.257215950122777,26.42309104039289,3.059181192524824,9.177543577574472,0.0,0.0,0.0,0.0,27.693117314457417,0.0,0.0,33.96521163393231,0.0,0.0,0.0,0.0,0.0,0.0,13.487429647284715,6.968067432861792,11.890044406348059,5.366911884728261,9.515056010483105,0.0,62.0,9.299999999999999,42.5,45.0,0.0,0.4387747235206005,1.0,32.83646117203414,21.279882706231145,5.690077018096172,46.90923024576306,56.255276443143764,55.78939280507149,0.4658836380722704,1.3921340476223865,0.3480335119055966,20.8820107143358,0.0,0.0,0.0,0.0,7.105427357601002e-15,0.0,0.0,-0.6645029611147146,-1.1639881187666488,1.0899972357766572,-0.40556566975650377,0.0
3,autumn_processing,秋季农产品加工日,60.0,22.5,0.25,46.26854932679874,29.262406317535852,8.75381887185192,0.6008757792796757,0.0,0.6008757792796757,0.0,55.94669822661138,0.0,0.0,3.6349898987786498,1.2722464645725273,1.6357454544503924,8.633331519714206,27.62666086308546,2.9179396239506397,8.75381887185192,0.0,0.0,0.0,0.0,27.691732658591693,0.0,0.0,33.94822902811535,0.0,0.0,0.0,0.0,0.0,0.0,12.935192198292302,6.761704899897761,11.840379996809487,5.343372192075292,9.304714866400865,0.0,62.0,9.299999999999999,42.5,45.0,0.0,0.4363679035704698,1.0,32.38798452875912,21.068932548625813,5.42736770054819,46.26854932679874,55.94669822661138,55.94669822661138,0.0,1.0574796583595516,0.2643699145898879,15.862194875393275,0.0,0.0,0.0,0.0,0.0,0.0,0.0,0.6008757792796757,-1.1639881187666485,1.2035698226925682,-0.4237247057225524,0.0
3,autumn_processing,秋季农产品加工日,60.0,22.75,0.25,45.286342930668326,29.05495573800322,8.684253248850139,0.0,0.34000359052699813,-0.34000359052699813,0.0,57.44901626966849,0.0,0.0,0.309309559445368,0.10825834580587879,0.1391893017504156,9.036177011329,28.915766436252802,2.8947510829500462,8.684253248850139,0.0,0.0,0.0,0.0,27.690348071958763,0.0,0.0,33.93125491360129,0.0,0.0,0.0,0.0,0.0,0.0,12.434434919458196,6.575289458328243,11.796506128069264,5.322143946123236,9.115837151792075,0.0,62.0,9.299999999999999,42.5,45.0,0.0,0.44808554546400153,1.0,31.700440051467826,20.91956813136232,5.384237014287086,45.286342930668326,57.44901626966849,57.44901626966849,0.0,0.0618619118890736,0.0154654779722684,0.9279286783361039,0.0,0.0,0.0,0.0,0.0,0.0,0.0,-0.9408793698066739,-1.1639881187666485,1.289105573167344,-0.06956562300178071,0.0
3,autumn_processing,秋季农产品加工日,60.0,23.0,0.25,44.34584270469493,28.776010747724094,8.330919709702119,0.0,2.328620556207035,-2.328620556207035,0.0,58.44393985613312,0.0,0.0,0.0,0.0,0.0,8.992503358663779,28.776010747724094,2.776973236567373,8.330919709702119,0.0,0.0,0.0,0.0,27.688963554555166,0.0,0.0,33.914289286144495,0.0,0.0,0.0,0.0,0.0,0.0,11.989637715158308,6.408736466058253,11.758023080334537,5.3030908090363456,8.947723147939667,0.0,62.0,9.299999999999999,42.5,45.0,0.0,0.4558456588111709,1.0,31.042089893286448,20.71872773836135,5.165170220015313,44.34584270469493,58.44393985613312,58.44393985613312,0.0,0.0,0.0,0.0,0.0,0.0,0.0,0.0,0.0,0.0,0.0,-1.9886169656800368,-0.10825834580587879,-0.1397556885287088,-0.3533335391480197,0.0
3,autumn_processing,秋季农产品加工日,60.0,23.25,0.25,43.56874234700598,28.448525632719974,8.168272206499948,0.0,3.542905762548692,-3.542905762548692,0.0,58.724569771946314,0.0,2.063183878562782,0.0,0.0,0.0,8.890164260224992,28.448525632719974,2.7227574021666494,8.168272206499948,0.0,0.0,0.0,0.0,27.687579106377438,0.0,0.0,33.89733214150142,0.0,0.0,0.0,0.0,0.0,0.0,11.602513661027226,6.261528619486926,11.724506510547892,5.286070077726755,8.799383820755047,0.0,62.0,9.299999999999999,42.5,45.0,0.0,0.4741267217555594,1.0,30.498119642904182,20.48293845555838,5.064328768029967,43.56874234700598,60.787753650509096,58.724569771946314,2.063183878562782,0.0,0.0,0.0,0.0,0.0,0.0,0.0,0.0,0.0,0.0,-1.214285206341657,0.0,-0.32748511500411936,-0.16264750320217125,0.0
3,autumn_processing,秋季农产品加工日,60.0,23.5,0.25,42.814224853956866,28.2847806880716,8.077975633935292,0.0,3.542905762548692,-3.542905762548692,0.0,57.88878312617303,0.0,2.2642329916084734,0.0,0.0,0.0,8.838993965022373,28.2847806880716,2.6926585446450972,8.077975633935292,0.0,0.0,0.0,0.0,27.68619472742212,0.0,0.0,33.880383475430676,0.0,0.0,0.0,0.0,0.0,0.0,11.272415065056373,6.13279390240317,11.69551984559786,5.270935583206797,8.669607929738786,0.0,62.0,9.299999999999999,42.5,45.0,0.0,0.46917595441354526,1.0,29.969957397769804,20.36504209541155,5.008344893039881,42.814224853956866,60.153016117781505,57.88878312617303,2.2642329916084734,0.0,0.0,0.0,0.0,0.0,0.0,0.0,0.0,0.0,0.0,0.0,0.0,-0.16374494464837497,-0.09029657256465562,0.0
3,autumn_processing,秋季农产品加工日,60.0,23.75,0.25,42.50323366435175,28.151286283299164,7.896696225908888,0.0,3.542905762548692,-3.542905762548692,0.0,57.475648465734395,0.0,2.432704697158087,0.0,0.0,0.0,8.797276963530988,28.151286283299164,2.6322320753029627,7.896696225908888,0.0,0.0,0.0,0.0,27.68481041768575,0.0,0.0,33.863443283692966,0.0,0.0,0.0,0.0,0.0,0.0,10.996813320099616,6.0213859672325425,11.670625198649649,5.257540273096758,8.557026328483346,0.0,62.0,9.299999999999999,42.5,45.0,0.0,0.46726765483393756,1.0,29.75226356504622,20.268926123975398,4.895951660063511,42.50323366435175,59.90835316289248,57.475648465734395,2.432704697158087,0.0,0.0,0.0,0.0,0.0,0.0,0.0,0.0,0.0,0.0,0.0,0.0,-0.1334944047724349,-0.18127940802640374,0.0
4,winter_heating,冬季采暖日,80.0,0.0,0.25,34.47491881844127,46.32566071261451,2.4688575889905713,0.0,5.0,-5.0,0.0,57.24680708768982,0.0,2.3381256159998074,0.0,0.0,0.0,14.858896284574389,47.54846811063805,0.8229525296635237,2.4688575889905713,0.0,0.0,2.0900394550106314,0.0,28.17981054772989,1.2228073980235432,0.0,34.13692831908171,0.0,0.0,0.0,0.0,0.0,0.0,11.80027194200923,5.949317972019548,10.991732042262308,4.14281748856022,1.5033616864879322,0.0,52.0,7.8,46.0,45.0,0.0,0.46474506972654656,1.0,26.89043667838419,42.619607855605345,0.7406572766971714,34.47491881844127,59.584932703689624,57.24680708768982,2.3381256159998074,0.0,0.0,0.0,0.0,0.0,0.0,0.0,0.0,0.0,0.0,0.0,0.0,-2.3595152709117144,-0.03019169542650335,0.0
4,winter_heating,冬季采暖日,80.0,0.25,0.25,34.698747814229726,46.559036183703384,2.565527348121853,0.0,5.0,-5.0,0.0,57.575789171237304,0.0,4.860567630524201,0.0,0.0,0.0,14.931826119289664,47.781843581726925,0.8551757827072843,2.565527348121853,0.0,0.0,2.0900394550106314,0.0,28.674785927767527,1.2228073980235432,0.0,34.41027661195277,0.0,0.0,0.0,0.0,0.0,0.0,11.803036727364832,5.952300685875409,11.005108740818377,4.143499579371369,1.5041430289633455,0.0,52.0,7.8,46.0,45.0,0.0,0.4869853447616531,1.0,27.065023295099188,42.83431328900711,0.7696582044365559,34.698747814229726,62.436356801761505,57.575789171237304,4.860567630524201,0.0,0.0,0.0,0.0,0.0,0.0,0.0,0.0,0.0,0.0,0.0,0.0,0.2333754710888769,0.09666975913128173,0.0
4,winter_heating,冬季采暖日,80.0,0.5,0.25,34.58584715125811,46.90246477661515,2.597345027428337,0.0,5.0,-5.0,0.0,57.580815836652775,0.0,7.862509164802248,0.0,0.0,0.0,15.039147554574589,48.12527217463869,0.8657816758094458,2.597345027428337,0.0,0.0,2.0900394550106314,0.0,29.169736559036163,1.2228073980235432,0.0,34.68348823067738,0.0,0.0,0.0,0.0,0.0,0.0,11.811031997786403,5.956139368567153,11.02054442941158,4.144329852196457,1.5050860692310126,0.0,52.0,7.8,46.0,45.0,0.0,0.5104388183534012,1.0,26.976960777981326,43.15026759448594,0.7792035082285012,34.58584715125811,65.44332500145502,57.580815836652775,7.862509164802248,0.0,0.0,0.0,0.0,0.0,0.0,0.0,0.0,0.0,0.0,0.0,0.0,0.34342859291176353,0.03181767930648416,0.0
4,winter_heating,冬季采暖日,80.0,0.75,0.25,34.4206429175955,47.27639939973859,2.5386675702172274,0.0,5.0,-5.0,0.0,57.51290702031254,0.0,14.463101752258368,0.0,0.0,0.0,15.156002124300665,48.49920679776213,0.8462225234057424,2.5386675702172274,0.0,0.0,2.0900394550106314,0.0,29.66466244277324,1.2228073980235432,0.0,34.95656324359264,0.0,0.0,0.0,0.0,0.0,0.0,11.82435696254321,5.961047137568058,11.03826747179009,4.145336221304789,1.5062194231045318,0.0,52.0,7.8,46.0,45.0,0.0,0.561391843505022,1.0,26.84810147572449,43.494287447759504,0.7616002710651683,34.4206429175955,71.9760087725709,57.51290702031254,14.463101752258368,0.0,0.0,0.0,0.0,0.0,0.0,0.0,0.0,0.0,0.0,0.0,0.0,0.3739346231234393,-0.05867745721110973,0.0
4,winter_heating,冬季采暖日,80.0,1.0,0.25,34.35067792554186,47.52958083339371,2.6570410615668694,0.0,5.0,-5.0,0.0,57.56151905672601,0.0,16.275334794553004,0.0,0.0,0.0,15.23512132231789,48.75238823141725,0.8856803538556232,2.6570410615668694,0.0,0.0,2.0900394550106314,0.0,30.159563580216126,1.2228073980235432,0.0,35.22950171900144,0.0,0.0,0.0,0.0,0.0,0.0,11.843168080171502,5.967280280597358,11.058514982387573,4.146550857169545,1.50757567744426,0.0,52.0,7.8,46.0,45.0,0.0,0.5759058915472538,1.0,26.79352878192265,43.727214366722215,0.7971123184700608,34.35067792554186,73.83685385127902,57.56151905672601,16.275334794553004,0.0,0.0,0.0,0.0,0.0,0.0,0.0,7.105427357601002e-15,0.0,0.0,0.0,0.0,0.25318143365512213,0.11837349134964192,0.0
4,winter_heating,冬季采暖日,80.0,1.25,0.25,34.505096388015545,47.963040054860464,2.547195414795819,0.0,5.0,-5.0,0.0,57.814778310317706,0.0,19.008721335938446,0.0,0.0,0.0,15.37057732902625,49.185847452884005,0.849065138265273,2.547195414795819,0.0,0.0,2.0900394550106314,0.0,30.65443997260214,1.2228073980235432,0.0,35.50230372517253,0.0,0.0,0.0,0.0,0.0,0.0,11.867717127333288,5.975144221339654,11.081529986364508,4.148010616958637,1.5091917114992284,0.0,52.0,7.8,46.0,45.0,0.0,0.5992008563185943,1.0,26.913975182652127,44.12599685047163,0.7641586244387456,34.505096388015545,76.82349964625615,57.814778310317706,19.008721335938446,0.0,0.0,0.0,0.0,0.0,0.0,0.0,0.0,0.0,0.0,0.0,0.0,0.4334592214667552,-0.10984564677105046,0.0
4,winter_heating,冬季采暖日,80.0,1.5,0.25,34.27958520063453,48.30898898601336,2.5251238873028687,0.0,5.0,-5.0,0.0,57.69001898809098,0.0,20.000453105698256,0.0,0.0,0.0,15.47868637001153,49.5317963840369,0.8417079624342896,2.5251238873028687,0.0,0.0,2.0900394550106314,0.0,31.149291621168537,1.2228073980235432,0.0,35.77496933034054,0.0,0.0,0.0,0.0,0.0,0.0,11.898401780500912,5.984999565983458,11.107557969587834,4.149757472548207,1.5111089965382423,0.0,52.0,7.8,46.0,45.0,0.0,0.605962988157921,1.0,26.738076456494934,44.44426986713229,0.7575371661908606,34.27958520063453,77.69047209378924,57.69001898809098,20.000453105698256,0.0,0.0,0.0,0.0,0.0,0.0,0.0,0.0,0.0,0.0,0.0,0.0,0.34594893115289693,-0.02207152749295016,0.0
4,winter_heating,冬季采暖日,80.0,1.75,0.25,34.45489502407934,48.57765160434517,2.426954150607698,0.0,5.0,-5.0,0.0,57.91656263419943,0.0,19.71210984950556,0.0,0.0,0.0,15.562643438240222,49.80045900236871,0.8089847168692327,2.426954150607698,0.0,0.0,2.0900394550106314,0.0,31.644118527152504,1.2228073980235432,0.0,36.047498602705964,0.0,0.0,0.0,0.0,0.0,0.0,11.935829464657784,5.997268003487311,11.136842816731102,4.151838924411007,1.5133738613170247,0.0,52.0,7.8,46.0,45.0,0.0,0.6054809692515558,1.0,26.87481811878189,44.69143947599756,0.7280862451823095,34.45489502407934,77.62867248370499,57.91656263419943,19.71210984950556,0.0,0.0,0.0,0.0,0.0,0.0,0.0,0.0,0.0,0.0,0.0,0.0,0.2686626183318097,-0.0981697366951706,0.0
4,winter_heating,冬季采暖日,80.0,2.0,0.25,34.42675247506539,49.15772345349021,2.444647077793212,0.0,5.0,-5.0,0.0,58.075590180438475,0.0,17.4846980267289,0.0,0.0,0.0,15.743915891098048,50.380530851513754,0.814882359264404,2.444647077793212,0.0,0.0,2.0900394550106314,0.0,32.13892069179117,1.2228073980235432,0.0,36.31989161043521,0.0,0.0,0.0,0.0,0.0,0.0,11.980893187737404,6.012437773514979,11.169622156628202,4.154308387541256,1.5160377092753505,0.0,52.0,7.8,46.0,45.0,0.0,0.5893481760905552,1.0,26.852866930551006,45.225105577210996,0.7333941233379636,34.42675247506539,75.56028820716737,58.075590180438475,17.4846980267289,0.0,0.0,0.0,0.0,0.0,0.0,0.0,0.0,0.0,0.0,0.0,0.0,0.5800718491450425,0.017692927185513962,0.0
4,winter_heating,冬季采暖日,80.0,2.25,0.25,34.52588597872573,49.64576662855635,2.404757105361467,0.0,5.0,-5.0,0.0,58.31394051882974,0.0,17.097826584699575,0.0,0.0,0.0,15.896429383306216,50.86857402657989,0.8015857017871557,2.404757105361467,0.0,0.0,2.0900394550106314,0.0,32.633698116321604,1.2228073980235432,0.0,36.59214842166058,0.0,0.0,0.0,0.0,0.0,0.0,12.034854888068281,6.031068355876284,11.206122157912276,4.157225533376328,1.519157171837129,0.0,52.0,7.8,46.0,45.0,0.0,0.5881897548666967,1.0,26.93019106340607,45.67410529827185,0.7214271316084401,34.52588597872573,75.41176710352931,58.31394051882974,17.097826584699575,0.0,0.0,0.0,0.0,0.0,0.0,0.0,0.0,0.0,0.0,0.0,0.0,0.4880431750661387,-0.03988997243174497,0.0
4,winter_heating,冬季采暖日,80.0,2.5,0.25,34.7290448625068,50.12697540542935,2.5479203426725103,0.0,5.0,-5.0,0.0,58.715198224487295,0.0,16.582929065873472,0.0,0.0,0.0,16.046807126079027,51.34978280345289,0.8493067808908368,2.5479203426725103,0.0,0.0,2.0900394550106314,0.0,33.12845080198081,1.2228073980235432,0.0,36.86426910448034,0.0,0.0,0.0,0.0,0.0,0.0,12.099427468518607,6.053793977474161,11.246551844290934,4.160656569546652,1.5227941808836123,0.0,52.0,7.8,46.0,45.0,0.0,0.5873033975193223,1.0,27.088654992755302,46.116817372995,0.764376102801753,34.7290448625068,75.29812729036077,58.715198224487295,16.582929065873472,0.0,0.0,0.0,0.0,0.0,0.0,0.0,7.105427357601002e-15,0.0,0.0,0.0,0.0,0.4812087768729967,0.1431632373110432,0.0
4,winter_heating,冬季采暖日,80.0,2.75,0.25,34.70885352591989,50.699532558397834,2.508734448409157,0.0,5.0,-5.0,0.0,58.860869033448594,0.0,13.813156515923168,0.0,0.0,0.0,16.22573123638168,51.922339956421375,0.8362448161363857,2.508734448409157,0.0,0.0,2.0900394550106314,0.0,33.623178750005735,1.2228073980235432,0.0,37.1362537269587,0.0,0.0,0.0,0.0,0.0,0.0,12.176841481288626,6.081325481399429,11.291097026811965,4.164674437326223,1.5270159424802652,0.0,52.0,7.8,46.0,45.0,0.0,0.5668361704662996,1.0,27.072905750217515,46.64356995372601,0.752620334522747,34.70885352591989,72.67402554937176,58.860869033448594,13.813156515923168,0.0,0.0,0.0,0.0,0.0,0.0,0.0,0.0,0.0,0.0,0.0,0.0,0.5725571529684856,-0.039185894263353394,0.0
4,winter_heating,冬季采暖日,80.0,3.0,0.25,35.12771510927401,51.17313942925682,2.477359551337696,0.0,5.0,-5.0,0.0,59.41727446492232,0.0,11.03337069917827,0.0,0.0,0.0,16.373733383525114,52.39594682728036,0.8257865171125652,2.477359551337696,0.0,0.0,2.0900394550106314,0.0,34.11788196163326,1.2228073980235432,0.0,37.40810235712581,0.0,0.0,0.0,0.0,0.0,0.0,12.269877091397662,6.114450062848668,11.339913979209037,4.169358904978092,1.5318947933621572,0.0,52.0,7.8,46.0,45.0,0.0,0.5494944529331103,1.0,27.399617785233726,47.07928827491628,0.7432078654013087,35.12771510927401,70.45064516410059,59.41727446492232,11.03337069917827,0.0,0.0,0.0,0.0,0.0,0.0,0.0,0.0,0.0,0.0,0.0,0.0,0.4736068708589869,-0.03137489707146113,0.0
4,winter_heating,冬季采暖日,80.0,3.25,0.25,35.42830137178927,52.15582571728036,2.475770384769521,0.0,5.0,-5.0,0.0,60.024420470255535,0.0,7.783200087709801,0.0,0.0,0.0,16.68082284853247,53.3786331153039,0.8252567949231736,2.475770384769521,0.0,0.0,2.0900394550106314,0.0,34.6125604381002,1.2228073980235432,0.0,37.679815062977845,0.0,0.0,0.0,0.0,0.0,0.0,12.381837685767072,6.1540283534154545,11.393123010732625,4.174796533914582,1.5375079216242937,0.0,52.0,7.8,46.0,45.0,0.0,0.5288796330595075,1.0,27.634075069995628,47.98335965989793,0.7427311154308562,35.42830137178927,67.80762055796534,60.024420470255535,7.783200087709801,0.0,0.0,0.0,0.0,0.0,0.0,0.0,0.0,0.0,0.0,0.0,0.0,0.9826862880235367,-0.0015891665681748712,0.0
4,winter_heating,冬季采暖日,80.0,3.5,0.25,35.56957619726598,53.037838634396195,2.650332218662188,0.0,5.0,-5.0,0.0,60.49951161029517,0.0,5.8889534032380055,0.0,0.0,0.0,16.956451885131166,54.260646032419736,0.883444072887396,2.650332218662188,0.0,0.0,2.0900394550106314,0.0,35.107214180643325,1.2228073980235432,0.0,37.95139191247695,0.0,0.0,0.0,0.0,0.0,0.0,12.516439905905806,6.2009883347360875,11.450802117436693,4.181080493850458,1.5439369336234074,0.0,52.0,7.8,46.0,45.0,0.0,0.5178106343626423,1.0,27.744269433867466,48.7948115436445,0.7950996655986564,35.56957619726598,66.38846501353318,60.49951161029517,5.8889534032380055,0.0,0.0,0.0,0.0,0.0,0.0,0.0,0.0,0.0,0.0,0.0,0.0,0.8820129171158371,0.1745618338926671,0.0
4,winter_heating,冬季采暖日,80.0,3.75,0.25,35.871603230499005,54.049487774785185,2.5832581768328695,0.0,5.0,-5.0,0.0,61.095320985956654,0.0,6.040156890687236,0.0,0.0,0.0,17.272592241502725,55.272295172808725,0.8610860589442898,2.5832581768328695,0.0,0.0,2.0900394550106314,0.0,35.60184319049932,1.2228073980235432,0.0,38.222832973551306,0.0,0.0,0.0,0.0,0.0,0.0,12.67759771938531,6.256315590086826,11.512980916235565,4.18831020305209,1.5512672503706577,0.0,52.0,7.8,46.0,45.0,0.0,0.5236371164848839,1.0,27.979850519789224,49.72552875280237,0.7749774530498609,35.871603230499005,67.13547787664389,61.095320985956654,6.040156890687236,0.0,0.0,0.0,0.0,0.0,0.0,0.0,7.105427357601002e-15,0.0,0.0,0.0,0.0,1.0116491403889896,-0.06707404182931853,0.0
4,winter_heating,冬季采暖日,80.0,4.0,0.25,36.38514982080636,55.27345491195955,2.575479389204729,0.0,5.0,-5.0,0.0,61.98876437742162,0.0,6.211731068235537,0.0,0.0,0.0,17.655081971869713,56.49626230998309,0.8584931297349097,2.575479389204729,0.0,0.0,2.0900394550106314,0.0,36.09644746890481,1.2228073980235432,0.0,38.494138314095125,0.0,0.0,0.0,0.0,0.0,0.0,12.869086902678674,6.321039463439713,11.579635084607881,4.196590770506949,1.5595873187619862,0.0,52.0,7.8,46.0,45.0,0.0,0.5319439424207705,1.0,28.380416860228962,50.851578519002786,0.7726438167614187,36.38514982080636,68.20049544565715,61.98876437742162,6.211731068235537,0.0,0.0,0.0,0.0,0.0,0.0,0.0,0.0,0.0,0.0,0.0,0.0,1.2239671371743626,-0.007778787628140549,0.0
4,winter_heating,冬季采暖日,80.0,4.25,0.25,36.66083634529535,56.33999482901824,2.437118654269297,0.0,5.0,-5.0,0.0,62.55162438101297,0.0,5.696158034742595,0.0,0.0,0.0,17.988375695950555,57.56280222704178,0.8123728847564323,2.437118654269297,0.0,0.0,2.0900394550106314,0.0,36.591027017096394,1.2228073980235432,0.0,38.76530800196867,0.0,0.0,0.0,0.0,0.0,0.0,13.09409167615053,6.396214793782231,11.650681541021164,4.206032218477407,1.5689876259172395,0.0,52.0,7.8,46.0,45.0,0.0,0.5323127669745352,1.0,28.595452349330376,51.83279524269678,0.7311355962807891,36.66083634529535,68.24778241575557,62.55162438101297,5.696158034742595,0.0,0.0,0.0,0.0,0.0,0.0,0.0,-7.105427357601002e-15,0.0,0.0,0.0,0.0,1.066539917058691,-0.1383607349354321,0.0
4,winter_heating,冬季采暖日,80.0,4.5,0.25,37.12371118962946,57.511175815916616,2.402180923512912,0.0,5.0,-5.0,0.0,63.3688473735007,0.0,7.369820016732902,0.0,0.0,0.0,18.3543697543563,58.73398321394016,0.800726974504304,2.402180923512912,0.0,0.0,2.0900394550106314,0.0,37.08558183631057,1.2228073980235432,0.0,39.036342104998276,0.0,0.0,0.0,0.0,0.0,0.0,13.35465654349753,6.4828990307420495,11.725974605450592,4.216748466565439,1.5795595087182277,0.0,52.0,7.8,46.0,45.0,0.0,0.5517409421627388,1.0,28.95649472791098,52.910281750643286,0.7206542770538735,37.12371118962946,70.7386673902336,63.3688473735007,7.369820016732902,0.0,0.0,0.0,0.0,0.0,0.0,0.0,0.0,0.0,0.0,0.0,0.0,1.1711809868983778,-0.034937730756384955,0.0
4,winter_heating,冬季采暖日,80.0,4.75,0.25,37.39094041990202,58.927376497598615,2.4379838355862886,0.0,5.0,-5.0,0.0,63.36758419239524,0.0,8.00423977716531,1.4736090260954882,0.5157631591334209,0.6631240617429697,18.589706198087246,59.48705983387919,0.8126612785287629,2.4379838355862886,0.0,0.0,2.0900394550106314,0.0,37.580111927783776,1.2228073980235432,0.0,39.30724069097637,0.0,0.0,0.0,0.0,0.0,0.0,13.651091226853284,6.582124716211198,11.805303374379491,4.228856062181404,1.5913937553560473,0.0,52.0,7.8,46.0,45.0,0.0,0.5566793785300405,1.0,29.16493352752358,54.21318637779073,0.7313951506758866,37.39094041990202,71.37182396956055,63.36758419239524,8.00423977716531,0.29472180521909763,0.07368045130477441,5.894436104381953,0.0,0.0,0.0,0.0,0.0,0.0,0.0,0.0,0.5157631591334209,0.75307661993903,0.035802912073376714,0.0
4,winter_heating,冬季采暖日,80.0,5.0,0.25,37.93559194054703,60.18921828705399,2.5730860282444636,0.0,5.0,-5.0,0.0,62.93844986196537,0.0,3.5961456547907034,4.353905534628628,1.5238669371200195,1.9592574905828826,18.578990060779574,59.452768194494645,0.8576953427481545,2.5730860282444636,0.0,0.0,2.0900394550106314,0.0,38.074617292752414,1.2228073980235432,0.0,39.578003827661476,0.0,0.0,0.0,0.0,0.0,0.0,13.981400759265638,6.6948675336662316,11.888390529242258,4.242472647229077,1.6045790012890015,0.0,52.0,7.8,46.0,45.0,0.0,0.518950409601581,1.0,29.589761713626682,55.374080824089674,0.771925808473339,37.93559194054703,66.53459551675607,62.93844986196537,3.5961456547907034,0.8707811069257256,0.2176952767314314,17.415622138514514,0.0,0.0,0.0,0.0,0.0,0.0,0.0,0.0,1.0081037779865987,-0.034291639384541384,0.13510219265817502,0.0
4,winter_heating,冬季采暖日,80.0,5.25,0.25,38.760101322197805,61.720066079138505,2.3611540306541294,0.0,5.0,-5.0,0.0,62.5390432629604,0.0,1.8707274353649765,7.6795858739619085,2.6878550558866676,3.455813643282859,18.589706198087246,59.48705983387919,0.7870513435513765,2.3611540306541294,0.0,0.0,2.0900394550106314,0.0,38.5690979324528,1.2228073980235432,0.0,39.84863158277824,0.0,0.0,0.0,0.0,0.0,0.0,14.340830799785364,6.822010377238499,11.974892770582164,4.257715156898589,1.6191999284026473,0.0,52.0,7.8,46.0,45.0,0.0,0.5023773967006682,1.0,30.23287903131429,56.78246079280743,0.7083462091962388,38.760101322197805,64.40977069832537,62.5390432629604,1.8707274353649765,1.5359171747923819,0.38397929369809547,30.718343495847638,0.0,0.0,0.0,0.0,0.0,0.0,0.0,0.0,1.163988118766648,0.034291639384541384,-0.2119319975903342,0.0
4,winter_heating,冬季采暖日,80.0,5.5,0.25,39.17186672136496,62.910370710335066,2.3537720527641515,0.0,5.0,-5.0,0.0,60.88358847757456,0.0,2.622086695946251,7.607357503235287,2.6625751261323503,3.4233108764558793,18.589706198087246,59.48705983387919,0.7845906842547171,2.3537720527641515,0.0,0.0,0.0,0.0,38.56716947755618,0.0,0.0,39.828707266986854,0.0,0.0,0.0,0.0,0.0,0.0,14.721624291661577,6.964304168152685,12.064403031854226,4.274697753660234,1.6353352832366128,0.0,52.0,7.8,46.0,45.0,0.0,0.4953257157026508,1.0,30.554056042664666,57.87754105350826,0.7061316158292454,39.17186672136496,63.505675173520814,60.88358847757456,2.622086695946251,1.5214715006470574,0.38036787516176435,30.429430012941147,0.0,0.0,0.0,0.0,0.0,0.0,0.0,0.0,-0.025279929754317365,0.0,-0.007381977889977964,0.0
4,winter_heating,冬季采暖日,80.0,5.75,0.25,39.86102265716776,63.98519778503888,2.3566576118724294,0.0,3.8751599110687014,-3.8751599110687014,0.0,59.61288956382364,0.0,0.0,9.995862113688203,3.4985517397908708,4.498137951159691,18.589706198087246,59.48705983387919,0.7855525372908098,2.3566576118724294,0.0,0.0,0.0,0.0,38.5652411190823,0.0,0.0,39.808792913353365,0.0,0.0,0.0,0.0,0.0,0.0,15.113075053761536,7.122326435586738,12.15645457693127,4.29352950778261,1.6530557377363582,0.0,52.0,7.8,46.0,45.0,0.0,0.46496312506911,1.0,31.091597672590854,58.86638196223577,0.7069972835617288,39.86102265716776,59.61288956382364,59.61288956382364,0.0,1.9991724227376406,0.49979310568441015,39.98344845475281,0.0,0.0,0.0,0.0,-7.105427357601002e-15,0.0,0.0,1.1248400889312986,0.8359766136585205,0.0,0.002885559108277924,0.0
4,winter_heating,冬季采暖日,80.0,6.0,0.25,40.78811148000454,64.91791303681008,2.378995889316104,0.0,0.7369571542768245,-0.7369571542768245,0.0,57.538616000234796,0.0,0.0,9.626164176873841,3.369157461905844,4.331773879593229,18.589706198087246,59.48705983387919,0.7929986297720347,2.378995889316104,0.0,0.0,0.0,0.0,38.56331285702635,0.0,1.0990793233376606,39.49965711601836,0.0,0.0,0.0,0.0,0.0,0.0,15.501934805405533,7.296438967990432,12.250527024684587,4.314311844808757,1.6724216238937528,0.0,52.0,7.8,46.0,45.0,0.0,0.4487843971894301,1.0,31.81472695440354,59.72447999386527,0.7136987667948312,40.78811148000454,57.538616000234796,57.538616000234796,0.0,1.9252328353747683,0.4813082088436921,38.504656707495364,0.0,0.0,0.0,0.0,0.0,0.0,0.0,3.138202756791877,-0.12939427788502655,0.0,0.02233827744367467,0.0
4,winter_heating,冬季采暖日,80.0,6.25,0.25,41.501147252385074,65.53120376834283,2.3925199202045646,0.0,3.2034741363021952,-3.2034741363021952,0.0,60.2456728626336,0.0,0.0,10.989032469168857,3.8461613642090997,4.945064611125986,18.589706198087246,59.48705983387919,0.7975066400681882,2.3925199202045646,0.0,0.0,0.0,0.0,38.561384691383495,0.0,1.0990793233376606,39.19067588658203,0.0,0.0,0.0,0.0,0.0,0.0,15.873184341470656,7.486746112586193,12.346054273868399,4.33713579020443,1.6934805816070466,0.0,52.0,7.8,46.0,45.0,0.0,0.4698986499574181,1.0,32.37089485686036,60.28870746687541,0.7177559760613693,41.501147252385074,60.2456728626336,60.2456728626336,0.0,2.1978064938337716,0.5494516234584429,43.95612987667543,0.0,0.0,0.0,0.0,0.0,0.0,0.0,-2.4665169820253707,0.4770039023032555,0.0,0.013524030888460548,0.0
4,winter_heating,冬季采暖日,80.0,6.5,0.25,42.15578670351661,65.86845605857319,2.4400142836244783,0.0,3.2456228911247518,-3.2456228911247518,0.0,60.69598518621517,0.0,1.3598528454087315,11.738482003014086,4.10846870105493,5.282316901356339,18.589706198087246,59.48705983387919,0.8133380945414928,2.4400142836244783,0.0,0.0,0.0,0.0,38.55945662214893,0.0,1.0990793233376606,38.88184914776041,0.0,0.0,0.0,0.0,0.0,0.0,16.211123198321882,7.6930555365119675,12.442434223970382,4.3620790515751535,1.7162651668298874,0.0,52.0,7.8,46.0,45.0,0.0,0.48401740950796585,1.0,32.88151362874296,60.598979573887334,0.7320042850873435,42.15578670351661,62.0558380316239,60.69598518621517,1.3598528454087315,2.347696400602817,0.5869241001507043,46.953928012056345,0.0,0.0,0.0,0.0,0.0,0.0,0.0,-0.04214875482255653,0.2623073368458302,0.0,0.04749436341991364,0.0
4,winter_heating,冬季采暖日,80.0,6.75,0.25,43.07404365234997,66.13179922590001,2.3842526176815926,0.0,3.2456228911247518,-3.2456228911247518,0.0,61.39083244959115,0.0,0.0,12.323689041518138,4.313291164531348,5.545660068683162,18.589706198087246,59.48705983387919,0.7947508725605309,2.3842526176815926,0.0,0.0,0.0,0.0,38.557528649317824,0.0,1.0990793233376606,38.573176822308206,0.0,0.0,0.0,0.0,0.0,0.0,16.500674835530376,7.914843443360571,12.539040105393347,4.389202989109877,1.7407904742722486,0.0,52.0,7.8,46.0,45.0,0.0,0.47883056022297515,1.0,33.597754048832975,60.84125528782801,0.7152757853044778,43.07404365234997,61.39083244959115,61.39083244959115,0.0,2.464737808303628,0.616184452075907,49.29475616607256,0.0,0.0,0.0,0.0,0.0,0.0,0.0,0.0,0.2048224634764182,0.0,-0.055761665942885674,0.0
4,winter_heating,冬季采暖日,80.0,7.0,0.25,43.748021937727266,66.17252835564756,2.7020401074484397,0.0,5.0,-5.0,0.0,61.355759844569434,0.12851863214499623,3.6081092676704714,12.414198218734908,4.344969376557217,5.586389198430709,18.589706198087246,59.48705983387919,0.9006800358161465,2.7020401074484397,0.0,0.0,0.0,2.537678950504013,37.887790522752724,0.0,1.0990793233376606,38.26465883301872,0.0,0.0,0.0,0.0,0.0,0.0,16.728757539713456,8.151226344559491,12.635233148620934,4.418549534876894,1.7670518352263433,0.0,93.28,13.991999999999999,46.0,45.0,0.0038797229584546502,0.5066992024714437,1.0,34.12345711142727,60.87872608719576,0.8106120322345319,43.748021937727266,65.09238774438491,61.355759844569434,3.7366278998154674,2.4828396437469817,0.6207099109367454,49.65679287493963,0.0,0.0,0.0,0.0,1.4210854715202004e-14,0.0,0.0,-1.7543771088752482,0.03167821202586918,0.0,0.3177874897668471,0.0
4,winter_heating,冬季采暖日,80.0,7.25,0.25,44.47583575100579,66.05409834656163,2.7353541249301765,0.0,5.0,-5.0,0.0,62.186790559630914,0.7311048567967644,2.54862503051789,12.151020420766182,4.2528571472681636,5.467959189344782,18.589706198087246,59.48705983387919,0.9117847083100589,2.7353541249301765,0.0,0.0,0.0,2.537678950504013,37.218085883093956,0.0,1.0990793233376606,37.956295102723885,0.0,0.0,0.0,0.0,0.0,0.0,16.885545618962553,8.400941498590528,12.730376240739366,4.450138130862656,1.795022656174443,0.0,93.28,13.991999999999999,46.0,45.0,0.02207060758903776,0.5049173317327204,1.0,34.691151885784514,60.769770478836705,0.8206062374790529,44.47583575100579,65.46652044694557,62.186790559630914,3.2797298873146543,2.4302040841532366,0.6075510210383092,48.604081683064734,0.0,0.0,0.0,0.0,7.105427357601002e-15,0.0,0.0,0.0,-0.09211222928905372,0.0,0.03331401748173679,0.0
4,winter_heating,冬季采暖日,80.0,7.5,0.25,44.793317300000545,65.5358143835163,2.7561760214628306,0.0,5.0,-5.0,0.0,62.91432248983849,1.445829919418891,3.313551099085906,10.99927828066544,3.849747398232904,4.949675226299448,18.589706198087246,59.48705983387919,0.9187253404876102,2.7561760214628306,0.0,0.0,0.0,2.537678950504013,36.54841472866717,0.0,1.0990793233376606,37.6480855542942,0.0,0.0,0.0,0.0,0.0,0.0,16.965448245462177,8.66233803793697,12.823848143084806,4.4839627637715305,1.8246524673583497,0.0,93.28,13.991999999999999,46.0,45.0,0.043646741634018445,0.5165580681610751,1.0,34.93878749400043,60.29294923283499,0.8268528064388492,44.793317300000545,67.6737035083433,62.91432248983849,4.759381018504797,2.199855656133088,0.549963914033272,43.997113122661766,0.0,0.0,0.0,0.0,7.105427357601002e-15,0.0,0.0,0.0,-0.40310974903525976,0.0,0.020821896532654094,0.0
4,winter_heating,冬季采暖日,80.0,7.75,0.25,45.19766616561387,64.71751769897661,2.9746806449329863,0.0,5.0,-5.0,0.0,64.02795920680606,2.249699316974455,0.793915566847204,9.180841203910575,3.213294421368701,4.131378541759759,18.589706198087246,59.48705983387919,0.9915602149776621,2.9746806449329863,0.0,0.0,0.0,2.537678950504013,35.878777057798104,0.0,1.0990793233376606,37.34003011063872,0.0,0.0,0.0,0.0,0.0,0.0,16.96766623875921,8.933380593651512,12.915057780333491,4.519989181152683,1.8558652521421384,0.0,93.28,13.991999999999999,46.0,45.0,0.0679139665899826,0.5055916881084521,1.0,35.25417960917882,59.54011628305848,0.8924041934798959,45.19766616561387,67.07157409062772,64.02795920680606,3.043614883821659,1.836168240782115,0.45904206019552873,36.7233648156423,0.0,0.0,0.0,0.0,7.105427357601002e-15,0.0,0.0,0.0,-0.6364529768642027,0.0,0.21850462347015576,0.0
4,winter_heating,冬季采暖日,80.0,8.0,0.25,45.53587347028913,63.6428024357787,3.057881872171108,0.0,5.0,-5.0,0.0,65.22978990304796,3.306179425637153,0.6997686174937314,6.792585063470776,2.3774047722147715,3.0566632785618495,18.589706198087246,59.48705983387919,1.0192939573903692,3.057881872171108,0.0,0.0,0.0,2.537678950504013,35.20917286881258,0.0,1.0990793233376606,37.03212869470507,0.0,0.0,0.0,0.0,0.0,0.0,16.896245507879964,9.211666895843113,13.003458063527212,4.558152377957555,1.8885581275123642,0.0,93.28,13.991999999999999,46.0,45.0,0.09980700858956568,0.5142312977685424,1.0,35.517981306825526,58.55137824091641,0.9173645616513323,45.53587347028913,69.23573794617884,65.22978990304796,4.005948043130884,1.3585170126941553,0.3396292531735388,27.170340253883104,0.0,0.0,0.0,0.0,7.105427357601002e-15,0.0,0.0,0.0,-0.8358896491539296,0.0,0.08320122723812151,0.0
4,winter_heating,冬季采暖日,80.0,8.25,0.25,45.96841038559368,62.403761849110744,3.1702801076405587,0.0,5.0,-5.0,0.33269048127985457,66.33080064963755,4.1986852510722805,0.0,4.039161537541989,1.413706538139696,1.817622691893895,18.589706198087246,59.48705983387919,1.0567600358801863,3.1702801076405587,0.0,0.0,0.0,2.537678950504013,34.53960216003651,0.0,1.0990793233376606,36.72438122947939,0.0,0.0,0.0,0.0,0.0,0.0,16.75961949054026,9.494460376908522,13.088558681564926,4.5983544447590745,1.922600443223189,0.0,93.28,13.991999999999999,46.0,45.0,0.13679325844641985,0.517360869168601,1.0,35.85536010076307,57.41146090118189,0.9510840322921675,45.96841038559368,70.86217638198968,66.66349113091741,4.1986852510722805,0.8078323075083977,0.20195807687709944,16.156646150167955,0.0,0.0,0.0,0.0,7.105427357601002e-15,0.0,0.0,0.0,-0.9636982340750755,0.0,0.11239823546945082,0.0
4,winter_heating,冬季采暖日,80.0,8.5,0.25,46.07516499135085,61.10295659859727,3.2318172931550837,0.0,5.0,-5.0,0.0,67.80249554891213,6.005722914350518,0.6273532605802075,1.1484832030675958,0.4019691210736585,0.5168174413804181,18.589706198087246,59.48705983387919,1.0772724310516946,3.2318172931550837,0.0,0.0,0.0,2.537678950504013,33.87006492979587,0.0,1.0990793233376606,36.416787637986324,0.0,0.0,0.0,0.0,0.0,0.0,16.56970800093928,9.778738241769414,13.169937291307198,4.640462868235925,1.9578333617716144,0.0,93.28,13.991999999999999,46.0,45.0,0.1813008797559791,0.5337328316622447,1.0,35.93862869325367,56.21472007070949,0.9695451879465251,46.07516499135085,74.43557172384286,67.80249554891213,6.633076174930726,0.22969664061351916,0.05742416015337979,4.593932812270383,0.0,0.0,0.0,0.0,7.105427357601002e-15,0.0,0.0,0.0,-1.0117374170660376,0.0,0.06153718551452503,0.0
4,winter_heating,冬季采暖日,80.0,8.75,0.25,46.21290678587723,59.967969591738225,3.268418764304312,0.0,5.0,-5.0,1.4953456604443858,66.66588330523878,5.960735560560162,0.0,0.0,0.0,0.0,18.396528208875175,58.86889026840056,1.0894729214347707,3.268418764304312,0.0,0.0,0.0,2.537678950504013,33.20056117641675,0.0,1.0990793233376606,36.10934784328901,0.0,0.0,0.0,0.0,0.0,0.0,16.340702352535956,10.061254811806684,13.247248558544662,4.684309370871468,1.9940699735316383,0.0,93.28,13.991999999999999,46.0,45.0,0.22508432443163218,0.5199744160012536,1.0,36.04606729298424,55.17053202439917,0.9805256292912935,46.21290678587723,74.12196452624333,68.16122896568316,5.960735560560162,0.0,0.0,0.0,0.0,0.0,0.0,0.0,7.105427357601002e-15,0.0,0.0,0.0,-0.4019691210736585,-0.6181695654786239,0.03660147114922818,0.0
4,winter_heating,冬季采暖日,80.0,9.0,0.25,46.42833142780973,58.82091424535816,3.456830297492857,0.0,5.0,-5.0,0.0,68.08100265626808,9.32615167051537,1.0274385164902782,0.0,0.0,0.0,18.038073413131404,57.7218349220205,1.1522767658309523,3.456830297492857,0.0,0.0,0.0,2.537678950504013,32.531090898225294,0.0,1.0990793233376606,35.80206176848904,0.0,0.0,0.0,0.0,0.0,0.0,16.087705259780503,10.33861921982056,13.320230552502023,4.729689369961839,2.031095991035345,0.0,93.28,13.991999999999999,46.0,45.0,0.2815380474117303,0.5390256538720186,1.0,36.21409851369159,54.11524110572951,1.037049089247857,46.42833142780973,78.43459284327373,68.08100265626808,10.353590187005649,0.0,0.0,0.0,0.0,0.0,0.0,0.0,1.4210854715202004e-14,0.0,0.0,0.0,0.0,-1.1470553463800641,0.1884115331885452,0.0
4,winter_heating,冬季采暖日,80.0,9.25,0.25,46.78493660173909,57.34522096311757,3.6005324001621473,0.0,5.0,-5.0,0.0,68.02435438038701,10.84685123648474,1.0296339369891854,0.0,0.0,0.0,17.57691926243122,56.24614163977991,1.2001774667207157,3.6005324001621473,0.0,0.0,0.0,2.537678950504013,31.861654093547745,0.0,1.0990793233376606,35.49492933672647,0.0,0.0,0.0,0.0,0.0,0.0,15.825402952901179,10.607385761923187,13.38870807577705,4.776362125908751,2.068671053718672,0.0,93.28,13.991999999999999,46.0,45.0,0.3274449553871206,0.5386009375062681,1.0,36.49225054935649,52.75760328606817,1.0801597200486441,46.78493660173909,79.90083955386093,68.02435438038701,11.876485173473926,0.0,0.0,0.0,0.0,0.0,0.0,0.0,0.0,0.0,0.0,0.0,0.0,-1.4756932822405915,0.14370210266929018,0.0
4,winter_heating,冬季采暖日,80.0,9.5,0.25,46.959121764495514,55.830127906330134,3.5801462114798857,0.0,5.0,-5.0,4.103512363527543,66.49590644218944,8.120746908014112,0.0,0.0,0.0,0.0,17.446914970728166,55.830127906330134,1.1933820704932951,3.5801462114798857,0.0,0.0,0.0,0.0,31.86006101084307,0.0,0.0,35.47718187205811,0.0,0.0,0.0,0.0,0.0,0.0,15.566926630000802,10.86415443404802,13.45259261860132,4.824051636453525,2.106530659712633,0.0,93.28,13.991999999999999,46.0,45.0,0.3690261758496999,0.5186486461214318,1.0,36.6281149763065,51.36371767382373,1.0740438634439657,46.959121764495514,78.72016571373109,70.59941880571698,8.120746908014112,0.0,0.0,0.0,0.0,0.0,0.0,0.0,7.105427357601002e-15,0.0,0.0,0.0,0.0,-0.4160137334497733,-0.020386188682261608,0.0
4,winter_heating,冬季采暖日,80.0,9.75,0.25,47.03256067979546,54.37898716804968,3.5665514206082674,0.0,5.0,-5.0,5.867442179571114,64.34740246377596,7.72373965234366,0.0,0.0,0.0,0.0,16.993433490015526,54.37898716804968,1.1888504735360892,3.5665514206082674,0.0,0.0,0.0,0.0,31.858468007792528,0.0,0.0,35.459443281122084,0.0,0.0,0.0,0.0,0.0,0.0,15.323017101426428,11.105678435166043,13.511878758332314,4.872448317189649,2.144388724825195,0.0,93.28,13.991999999999999,46.0,45.0,0.4102908605992697,0.5018909426895757,1.0,36.68539733024046,50.02866819460571,1.0699654261824803,47.03256067979546,77.93858429569073,70.21484464334708,7.72373965234366,0.0,0.0,0.0,0.0,0.0,0.0,0.0,0.0,0.0,0.0,0.0,0.0,-1.4511407382804506,-0.0135947908716183,0.0
4,winter_heating,冬季采暖日,80.0,10.0,0.25,46.86779494581851,53.1196242610948,3.7143372928308174,0.0,5.0,-5.0,1.8875631657283662,67.81822679262588,13.215689427526948,0.0,0.0,0.0,0.0,16.599882581592123,53.1196242610948,1.2381124309436058,3.7143372928308174,0.0,0.0,0.0,0.0,31.85687508439214,0.0,0.0,35.44171355948153,0.0,0.0,0.0,0.0,0.0,0.0,15.101550459418487,11.328974748290202,13.566636977699005,4.921211489709872,2.181940751190348,0.0,88.0,13.2,46.0,45.0,0.45593728205326045,0.5289623585916711,1.0,36.55688005773844,48.87005432020722,1.1143011878492453,46.86779494581851,82.9214793858812,69.70578995835425,13.215689427526948,0.0,0.0,0.0,0.0,0.0,0.0,0.0,0.0,0.0,0.0,0.0,0.0,-1.259362906954884,0.14778587222255002,0.0
4,winter_heating,冬季采暖日,80.0,10.25,0.25,46.813252844046865,51.987644507336825,3.8655523664796174,0.0,5.0,-5.0,3.621586135271045,65.72632307281178,12.528321783974057,0.0,0.0,0.0,0.0,16.246138908542758,51.987644507336825,1.2885174554932057,3.8655523664796174,0.0,0.0,0.0,0.0,31.85528224063792,0.0,0.0,35.42399270270179,0.0,0.0,0.0,0.0,0.0,0.0,14.907425336930803,11.53143335654408,13.617003042418625,4.969972677574852,2.2188675697091758,0.0,88.0,13.2,46.0,45.0,0.48753373332306577,0.5126461206433814,1.0,36.51433721835656,47.82863294674988,1.1596657099438852,46.813252844046865,81.87623099205689,69.34790920808283,12.528321783974057,0.0,0.0,0.0,0.0,0.0,0.0,0.0,-7.105427357601002e-15,0.0,0.0,0.0,0.0,-1.1319797537579745,0.15121507364880005,0.0
4,winter_heating,冬季采暖日,80.0,10.5,0.25,46.86136638479261,51.074255582790684,4.059298728141686,0.0,5.0,-5.0,8.825272632535786,60.34989819792614,8.331634097780121,0.0,0.0,0.0,0.0,15.960704869622088,51.074255582790684,1.3530995760472286,4.059298728141686,0.0,0.0,0.0,0.0,31.853689476525886,0.0,0.0,35.40628070635044,0.0,0.0,0.0,0.0,0.0,0.0,14.742763983981526,11.71092025622717,13.663164252787977,5.018339687533169,2.2548396019890076,0.0,88.0,13.2,46.0,45.0,0.5179330329517776,0.470711577127424,1.0,36.551865780138236,46.98831513616743,1.2177896184425057,46.86136638479261,77.50680492824205,69.17517083046192,8.331634097780121,0.0,0.0,0.0,0.0,0.0,0.0,0.0,-7.105427357601002e-15,0.0,0.0,0.0,0.0,-0.9133889245461404,0.19374636166206827,0.0
4,winter_heating,冬季采暖日,80.0,10.75,0.25,46.859758222158845,50.15908624814144,4.192304429399224,0.0,5.0,-5.0,10.018792380622678,58.91311510388011,8.126140437386429,0.0,0.0,0.0,0.0,15.6747144525442,50.15908624814144,1.3974348097997413,4.192304429399224,0.0,0.0,0.0,0.0,31.85209679205206,0.0,0.0,35.38857756599727,0.0,0.0,0.0,0.0,0.0,0.0,14.607346880872484,11.865869229701802,13.705343055950921,5.065901429785418,2.289521569660788,0.0,88.0,13.2,46.0,45.0,0.5477595836393908,0.4595050886927564,1.0,36.5506114132839,46.146359348290126,1.257691328819767,46.859758222158845,77.05804792188921,68.93190748450279,8.126140437386429,0.0,0.0,0.0,0.0,0.0,0.0,0.0,0.0,0.0,0.0,0.0,0.0,-0.9151693346492422,0.13300570125753808,0.0
4,winter_heating,冬季采暖日,80.0,11.0,0.25,47.021657389786945,49.19221971035419,4.450063959743037,0.0,5.0,-5.0,14.121807404348402,57.227940065064885,4.691670168309063,0.0,0.0,0.0,0.0,15.75469597136804,50.41502710837773,1.4833546532476791,4.450063959743037,0.0,0.0,2.0900394550106314,0.0,32.34688855777748,1.2228073980235432,0.0,35.66130003424486,0.0,0.0,0.0,0.0,0.0,0.0,14.499186618362078,11.995357370174574,13.743778666204287,5.112233407361841,2.3225775623986644,0.0,70.0,10.5,46.0,45.0,0.5679416256520801,0.4463612156466915,1.0,36.676892764033816,45.25684213352586,1.3350191879229112,47.021657389786945,76.04141763772235,71.34974746941329,4.691670168309063,0.0,0.0,0.0,0.0,0.0,0.0,0.0,0.0,0.0,0.0,0.0,0.0,0.2559408602362865,0.2577595303438134,0.0
4,winter_heating,冬季采暖日,80.0,11.25,0.25,47.087831001972994,48.13080917743489,4.644583690441407,0.0,2.6472673513014655,-2.6472673513014655,19.047587982851375,49.748749568744934,0.0,0.0,0.0,0.0,0.0,15.42300517983076,49.35361657545843,1.548194563480469,4.644583690441407,0.0,0.0,2.0900394550106314,0.0,32.841655583914616,1.2228073980235432,0.0,35.933886141258334,0.0,0.0,0.0,0.0,0.0,0.0,14.415149990798652,12.099159632324577,13.778707480124346,5.156903781723095,2.3536763613451477,0.0,70.0,10.5,46.0,45.0,0.5750089552531126,0.38802571452267826,1.0,36.728508181538935,44.280344443240104,1.393375107132422,47.087831001972994,68.79633755159631,68.79633755159631,0.0,0.0,0.0,0.0,0.0,0.0,0.0,0.0,-7.105427357601002e-15,0.0,0.0,2.3527326486985345,0.0,-1.0614105329192967,0.19451973069836992,0.0
4,winter_heating,冬季采暖日,80.0,11.5,0.25,47.367324048720235,47.49360119568154,4.7883280760644436,4.064151655805226,0.0,4.064151655805226,19.4936851965681,42.18910714595639,3.552713678800501e-15,0.0,1.0810834132425542,0.37837919463489395,0.4864875359591494,15.071850330545603,48.22992105774593,1.5961093586881479,4.7883280760644436,0.0,0.0,2.0900394550106314,0.0,33.33639787170044,1.2228073980235432,0.0,36.2063359552183,0.0,0.0,0.0,0.0,0.0,0.0,14.351553396785064,12.17777823152108,13.81034318201178,5.1994799003694805,2.3824969025845952,0.0,70.0,10.5,46.0,45.0,0.5884757465881372,0.32906271187303243,1.0,36.94651275800179,43.69411310002702,1.436498422819333,47.367324048720235,61.68279234252449,61.68279234252449,3.552713678800501e-15,2.451500093341385,0.6128750233353463,49.0300018668277,0.0,0.0,0.0,0.0,7.105427357601002e-15,0.0,0.0,6.7114190071066915,0.37837919463489395,-1.1236955177124983,0.14374438562303649,0.0
4,winter_heating,冬季采暖日,80.0,11.75,0.25,47.78550214385134,47.00711365972239,4.99494190454006,2.081955038671879,0.0,2.081955038671879,20.220229743956814,44.310187781625565,-7.105427357601002e-15,0.0,0.0,0.0,0.0,15.071850330545603,48.22992105774593,1.6649806348466865,4.99494190454006,0.0,0.0,2.0900394550106314,0.0,33.83111542237188,1.2228073980235432,0.0,36.478649544271285,0.0,0.0,0.0,0.0,0.0,0.0,14.304679979357742,12.232443532298307,13.8388575046795,5.23953515341255,2.40873375636107,0.0,70.0,10.5,46.0,45.0,0.6104086874683653,0.3456065212421191,1.0,37.27269167220405,43.2465445669446,1.4984825713620178,47.78550214385134,64.53041752558238,64.53041752558238,-7.105427357601002e-15,1.1450752712695333,0.28626881781738334,22.901505425390667,0.0,0.0,0.0,0.0,7.105427357601002e-15,0.0,0.0,-1.9821966171333472,-0.37837919463489395,0.0,0.20661382847561605,0.0
4,winter_heating,冬季采暖日,80.0,12.0,0.25,48.08533120904721,46.442876281066766,5.108657473552294,5.004816671426231,0.0,5.004816671426231,20.991810846744336,40.178867417625746,-3.552713678800501e-15,0.0,1.219439903173891,0.4268039661108618,0.5487479564282509,14.724042413331892,47.116935722662056,1.7028858245174314,5.108657473552294,0.0,0.0,2.0900394550106314,0.0,34.325808237165745,1.2228073980235432,0.0,36.75082697652958,0.0,0.0,0.0,0.0,0.0,0.0,14.27119172624174,12.265084142106826,13.864362634075484,5.276656010528959,2.432102492359528,0.0,70.0,10.5,46.0,45.0,0.6337011927559815,0.3133834292034348,1.0,37.506558343056824,42.727446178581424,1.5325972420656881,48.08533120904721,61.17067826437008,61.17067826437008,-3.552713678800501e-15,2.9965371499192055,0.7491342874798014,59.93074299838411,0.0,0.0,0.0,0.0,1.4210854715202004e-14,0.0,0.0,2.922861632754352,0.4268039661108618,-1.1129853350838772,0.11371556901223467,0.0
4,winter_heating,冬季采暖日,80.0,12.25,0.25,48.02032985163299,45.894128324638515,5.1295451628864015,4.4198713385712765,0.0,4.4198713385712765,21.36939893073719,40.75498983829584,-3.552713678800501e-15,0.0,0.0,0.0,0.0,14.724042413331892,47.116935722662056,1.7098483876288004,5.1295451628864015,0.0,0.0,2.0900394550106314,0.0,34.820476317318914,1.2228073980235432,0.0,37.02286832007191,0.0,0.0,0.0,0.0,0.0,0.0,14.248431383513205,12.278265231955434,13.886896218979976,5.3104490781930584,2.4523447998951764,0.0,70.0,10.5,46.0,45.0,0.6450998291548907,0.3178770157934684,1.0,37.45585728427373,42.22259805866744,1.5388635488659204,48.02032985163299,62.12438876903303,62.12438876903303,-3.552713678800501e-15,2.4309292362142023,0.6077323090535506,48.61858472428405,0.0,0.0,0.0,0.0,7.105427357601002e-15,0.0,0.0,-0.5849453328549545,-0.4268039661108618,0.0,0.02088768933410723,0.0
4,winter_heating,冬季采暖日,80.0,12.5,0.25,48.16238286807056,45.60513135634602,5.1920259760763265,5.294701711336625,0.0,5.294701711336625,21.63231437496742,39.16915000255045,-3.552713678800501e-15,0.0,1.0612227675433417,0.3714279686401696,0.47755024539450375,14.484496409054705,46.35038850897506,1.7306753253587754,5.1920259760763265,0.0,0.0,2.0900394550106314,0.0,35.31511966406807,1.2228073980235432,0.0,37.29477364294247,0.0,0.0,0.0,0.0,0.0,0.0,14.234624637070144,12.275095597709578,13.906409867083463,5.340548010159072,2.469233234476344,0.0,70.0,10.5,46.0,45.0,0.6530367256817812,0.30550792831452944,1.0,37.56665863709504,41.95672084783834,1.557607792822898,48.16238286807056,60.801464377517874,60.801464377517874,-3.552713678800501e-15,3.124330494743812,0.781082623685953,62.486609894876246,0.0,0.0,0.0,0.0,0.0,0.0,0.0,0.8748303727653486,0.3714279686401696,-0.766547213686998,0.062480813189925044,0.0
4,winter_heating,冬季采暖日,80.0,12.75,0.25,48.11241787175783,45.12758111095152,5.279732377895272,4.552549802270008,0.0,4.552549802270008,21.393993418275258,40.50032130790966,3.552713678800501e-15,0.0,0.0,0.0,0.0,14.484496409054705,46.35038850897506,1.7599107926317572,5.279732377895272,0.0,0.0,2.0900394550106314,0.0,35.809738278649895,1.2228073980235432,0.0,37.56654301315159,0.0,0.0,0.0,0.0,0.0,0.0,14.229001521010623,12.259105594074185,13.922761877232205,5.366620102264988,2.4825754689579003,0.0,70.0,10.5,46.0,45.0,0.6458422880214404,0.3158906756477128,1.0,37.52768593997111,41.5173746220754,1.5839197133685814,48.11241787175783,61.894314726184916,61.894314726184916,3.552713678800501e-15,2.5039023912485043,0.6259755978121261,50.078047824970085,0.0,0.0,0.0,0.0,7.105427357601002e-15,0.0,0.0,-0.7421519090666173,-0.3714279686401696,0.0,0.08770640181894507,0.0
4,winter_heating,冬季采暖日,80.0,13.0,0.25,48.363434549558754,44.87476657314236,5.407727056173411,5.5660948503606695,0.0,5.5660948503606695,20.629027531510893,40.4654169533948,-3.552713678800501e-15,0.0,0.0020427427944172097,0.0007149599780460233,0.0009192342574877443,14.405204605283878,46.09665473690841,1.802575685391137,5.407727056173411,0.0,0.0,2.0900394550106314,0.0,36.30433216230099,1.2228073980235432,0.0,37.83817649867561,0.0,0.0,0.0,0.0,0.0,0.0,14.231857858781515,12.234099741225378,13.935714778836111,5.388372406005531,2.4922179382602434,0.0,70.0,10.5,46.0,45.0,0.6227494830033634,0.3156184318784123,1.0,37.72347894865583,41.28478524729097,1.6223181168520233,48.363434549558754,61.094444484905694,61.094444484905694,-3.552713678800501e-15,3.0617607162572518,0.7654401790643129,61.23521432514504,0.0,0.0,0.0,0.0,7.105427357601002e-15,0.0,0.0,1.0135450480906618,0.0007149599780460233,-0.2537337720666457,0.1279946782781396,0.0
4,winter_heating,冬季采暖日,80.0,13.25,0.25,48.46171010799698,44.87384733888487,5.694851416776341,3.617559960498909,0.0,3.617559960498909,19.491639332920002,43.74603868046469,3.552713678800501e-15,0.0,0.0,0.0,0.0,14.405204605283878,46.09665473690841,1.8982838055921138,5.694851416776341,0.0,0.0,2.0900394550106314,0.0,36.7989013162579,1.2228073980235432,0.0,38.109674167456866,0.0,0.0,0.0,0.0,0.0,0.0,14.244574165845629,12.203989431320643,13.944938030855974,5.405557204017775,2.4980487811074754,0.0,70.0,10.5,46.0,45.0,0.5884139860166704,0.3412063230467296,1.0,37.800133884237646,41.28393955177408,1.7084554250329023,48.46171010799698,63.237678013384695,63.237678013384695,3.552713678800501e-15,1.9896579782744,0.4974144945686,39.793159565488,0.0,0.0,0.0,0.0,7.105427357601002e-15,0.0,0.0,-1.9485348898617607,-0.0007149599780460233,0.0,0.2871243606029301,0.0
4,winter_heating,冬季采暖日,80.0,13.5,0.25,48.30506915979641,44.8386282024023,5.8494308938297435,6.139640617832967,0.0,6.139640617832967,18.221562818255983,42.09665032635123,3.552713678800501e-15,0.0,0.5732764849797276,0.20064676974290466,0.2579744182408774,14.3135816194328,45.80346118218496,1.949810297943248,5.8494308938297435,0.0,0.0,2.0900394550106314,0.0,37.29344574175711,1.2228073980235432,0.0,38.38103608740373,0.0,0.0,0.0,0.0,0.0,0.0,14.269602743042855,12.172612648045469,13.95001598480745,5.4179767044791936,2.5,0.0,70.0,10.5,46.0,45.0,0.5500728915722731,0.32834157568768546,1.0,37.6779539446412,41.251537946210114,1.754829268148923,48.30506915979641,60.31821314460721,60.31821314460721,3.552713678800501e-15,3.4914576368040775,0.8728644092010194,69.82915273608155,0.0,0.0,0.0,0.0,7.105427357601002e-15,0.0,0.0,2.522080657334058,0.20064676974290466,-0.29319355472345165,0.15457947705340214,0.0
4,winter_heating,冬季采暖日,80.0,13.75,0.25,48.40449288043235,44.58065378416142,6.0504745384387615,3.8457312062722764,0.0,3.8457312062722764,16.814348129927282,46.16485946482248,0.0,0.0,-0.0,0.0,0.0,14.3135816194328,45.80346118218496,2.0168248461462537,6.0504745384387615,0.0,0.0,2.0900394550106314,0.0,37.787965440035045,1.2228073980235432,0.0,38.65226232639062,0.0,0.0,0.0,0.0,0.0,0.0,14.31042561129623,12.14354885117443,13.950460951615469,5.425486830066429,2.4980487811074754,0.0,70.0,10.5,46.0,45.0,0.5075918672829398,0.3600724186026749,1.0,37.755504446737234,41.01420148142851,1.8151423615316284,48.40449288043235,62.97920759474976,62.97920759474976,0.0,2.115152163449752,0.528788040862438,42.30304326899504,0.0,0.0,0.0,0.0,0.0,0.0,0.0,-2.2939094115606906,-0.20064676974290466,0.0,0.20104364460901802,0.0
4,winter_heating,冬季采暖日,80.0,14.0,0.25,48.48804496858572,44.499899443298666,6.081562050306796,0.8448014148525687,0.0,0.8448014148525687,15.53880417647833,50.510012070280915,3.552713678800501e-15,0.0,0.0,0.0,0.0,14.28834588791319,45.72270684132221,2.0271873501022655,6.081562050306796,0.0,0.0,2.0900394550106314,0.0,38.28246041232807,1.2228073980235432,0.0,38.92335295225802,0.0,0.0,0.0,0.0,0.0,0.0,14.37147819721897,12.119938065722211,13.945730945389748,5.428000000000001,2.4922179382602434,0.0,70.0,10.5,46.0,45.0,0.46908572169051976,0.3939633396621733,1.0,37.820675075496865,40.93990748783477,1.8244686150920386,48.48804496858572,66.04881624675924,66.04881624675924,3.552713678800501e-15,0.4646407781689128,0.1161601945422282,9.292815563378255,0.0,0.0,0.0,0.0,1.4210854715202004e-14,0.0,0.0,-3.0009297914197077,0.0,-0.08075434086275379,0.03108751186803449,0.0
4,winter_heating,冬季采暖日,80.0,14.25,0.25,48.51184670484524,44.72604419262712,6.114599499555779,1.9801294601644344,0.0,1.9801294601644344,14.226513897104951,50.792458757850085,5.329070518200751e-15,0.0,-0.0,0.0,0.0,14.359016122078332,45.94885159065066,2.0381998331852595,6.114599499555779,0.0,0.0,2.0900394550106314,0.0,38.77693065987248,1.2228073980235432,0.0,39.194308032812486,0.0,0.0,0.0,0.0,0.0,0.0,14.458027643056239,12.104313657227763,13.935251423550422,5.425486830066429,2.4825754689579003,0.0,70.0,10.5,46.0,45.0,0.42947027729878623,0.39616634131967515,1.0,37.83924042977929,41.147960657216956,1.8343798498667336,48.51184670484524,65.01897265495504,65.01897265495504,5.329070518200751e-15,1.089071203090439,0.27226780077260976,21.78142406180878,0.0,0.0,0.0,0.0,1.4210854715202004e-14,0.0,0.0,1.1353280453118657,0.0,0.22614474932845496,0.03303744924898311,0.0
4,winter_heating,冬季采暖日,80.0,14.5,0.25,48.438045041106406,44.956809580772536,6.053036727987571,4.583441354871796,0.0,4.583441354871796,12.697395130389523,49.444458851483475,-1.7763568394002505e-15,0.0,0.5128119736564763,0.1794841907797667,0.23076538814541436,14.359016122078332,45.94885159065066,2.0176789093291903,6.053036727987571,0.0,0.0,2.0900394550106314,0.0,39.27137618390451,1.2228073980235432,0.0,39.465127635826676,0.0,0.0,0.0,0.0,0.0,0.0,14.575991280780174,12.098458195162872,13.91844011732816,5.4179767044791936,2.469233234476344,0.0,70.0,10.5,46.0,45.0,0.3833092103280722,0.3856523358144388,1.0,37.781675132063,41.36026481431073,1.8159110183962712,48.438045041106406,62.141853981873,62.141853981873,-1.7763568394002505e-15,2.6234551399107833,0.6558637849776958,52.469102798215665,0.0,0.0,0.0,0.0,0.0,0.0,0.0,2.6033118947073612,0.1794841907797667,0.0,-0.061562771568207886,0.0
4,winter_heating,冬季采暖日,80.0,14.75,0.25,48.30094585892686,44.97206277892696,5.967000098416508,5.509286560957943,0.0,5.509286560957943,11.385732163079204,49.48348207435465,-3.552713678800501e-15,0.0,0.8914781730409796,0.31201736056434287,0.40116517786844086,14.310532812213143,45.79370499908206,1.9890000328055029,5.967000098416508,0.0,0.0,2.0900394550106314,0.0,39.76579698566034,1.2228073980235432,0.0,39.735811829039356,0.0,0.0,0.0,0.0,0.0,0.0,14.73168082750357,12.103291156854324,13.89473386343122,5.405557204017775,2.4523447998951764,0.0,70.0,10.5,46.0,45.0,0.34371270324505826,0.3859567055537554,1.0,37.67473776996295,41.374297756612805,1.7901000295249525,48.30094585892686,60.86921423743385,60.86921423743385,-3.552713678800501e-15,3.2084032431350646,0.8021008107837662,64.1680648627013,0.0,0.0,0.0,0.0,1.4210854715202004e-14,0.0,0.0,0.9258452060861471,0.13253316978457616,-0.15514659156860233,-0.08603662957106284,0.0
4,winter_heating,冬季采暖日,80.0,15.0,0.25,48.14829848632945,45.20879259172856,5.893140708682939,5.509286560957943,0.0,5.509286560957943,10.350087919875051,46.74283176729803,-3.552713678800501e-15,0.0,4.117905673831567,1.4412669858410483,1.853057553224205,13.930794511414968,44.5785424365279,1.9643802362276463,5.893140708682939,0.0,0.0,0.0,0.0,39.76380869581106,1.2228073980235432,0.0,40.00636068015543,0.0,0.0,0.0,0.0,0.0,0.0,14.931461542030378,12.118795991430483,13.863616218387232,5.388372406005531,2.432102492359528,0.0,70.0,10.5,46.0,45.0,0.3124486547558293,0.3645804337304218,1.0,37.555672819336976,41.592089184390275,1.7679422126048816,48.14829848632945,57.09291968717308,57.09291968717308,-3.552713678800501e-15,3.853688743293182,0.9634221858232955,77.07377486586364,0.0,0.0,0.0,0.0,1.4210854715202004e-14,0.0,0.0,0.0,1.1292496252767055,-1.2151625625541627,-0.07385938973356954,0.0
4,winter_heating,冬季采暖日,80.0,15.25,0.25,48.64534791152624,45.69621271305224,5.753805534251053,5.509286560957943,0.0,5.509286560957943,8.79184720624621,47.84231504264454,0.0,0.0,6.281840640962868,2.198644224337004,2.826828288433291,13.778809944575778,44.09219182264249,1.9179351780836844,5.753805534251053,0.0,0.0,0.0,0.0,39.76182050537627,1.2228073980235432,0.0,40.27677425684595,0.0,0.0,0.0,0.0,0.0,0.0,15.181322894764628,12.143992275260304,13.824644570482901,5.366620102264988,2.40873375636107,0.0,70.0,10.5,46.0,45.0,0.2654084538871809,0.3731560821079259,1.0,37.94337137099047,42.040515696008065,1.726141660275316,48.64534791152624,56.63416224889075,56.63416224889075,0.0,4.286475736719442,1.0716189341798605,85.72951473438884,0.0,0.0,0.0,0.0,0.0,0.0,0.0,0.0,0.7573772384959556,-0.48635061388540635,-0.1393351744318858,0.0
4,winter_heating,冬季采暖日,80.0,15.5,0.25,48.647456929544326,45.95307683685784,5.670542415525096,4.327124993558347,0.0,4.327124993558347,7.3237565409753245,48.53340273074597,1.7763568394002505e-15,0.0,9.60752098029615,3.362632343103652,4.323384441133268,13.009278873663929,41.629692395724575,1.8901808051750322,5.670542415525096,0.0,0.0,0.0,0.0,39.759832414351,0.0,0.0,40.25663586971753,0.0,0.0,0.0,0.0,0.0,0.0,15.486367815034015,12.176956419726508,13.777475465397073,5.340548010159072,2.3824969025845952,0.0,70.0,10.5,46.0,45.0,0.22108970442587042,0.37854636420140503,1.0,37.945016405044576,42.27683068990921,1.701162724657529,48.647456929544326,55.857159271721294,55.857159271721294,1.7763568394002505e-15,4.3014229425163215,1.0753557356290804,86.02845885032643,0.0,0.0,0.0,0.0,7.105427357601002e-15,7.105427357601002e-15,0.0,-1.1821615673995955,1.1639881187666483,-2.4624994269179155,-0.08326311872595671,0.0
4,winter_heating,冬季采暖日,80.0,15.75,0.25,49.206028303440156,46.460227453573395,5.848521128494523,2.5185428986761433,0.0,2.5185428986761433,6.109050886932799,50.70141074246121,3.552713678800501e-15,0.0,12.93320131962943,4.5266204618703005,5.819940593833244,12.700089643668797,40.64028685974015,1.9495070428315078,5.848521128494523,0.0,0.0,0.0,0.0,39.75784442273029,0.0,0.0,40.23650755178267,0.0,0.0,0.0,0.0,0.0,0.0,15.850240415715666,12.214891755412486,13.721886931484319,5.3104490781930584,2.3536763613451477,0.0,70.0,10.5,46.0,45.0,0.18442014659524783,0.39545619339568927,1.0,38.38070207668332,42.743409257287524,1.754556338548357,49.206028303440156,56.81046162939401,56.81046162939401,3.552713678800501e-15,3.9718388581977653,0.9929597145494413,79.4367771639553,0.0,0.0,0.0,0.0,0.0,0.0,0.0,-1.8085820948822038,1.1639881187666483,-0.9894055359844245,0.17797871296942702,0.0
4,winter_heating,冬季采暖日,80.0,16.0,0.25,49.3767505674285,47.063678645261064,6.006392042405845,0.9285146992541486,0.0,0.9285146992541486,4.698934362895571,52.48181794879623,2.6645352591003757e-15,0.0,16.258881658962714,5.690608580636949,7.316496746533222,12.42099434335245,39.747181898727845,2.0021306808019483,6.006392042405845,0.0,0.0,0.0,0.0,39.75585653050915,0.0,0.0,40.21638929800678,0.0,0.0,0.0,0.0,0.0,0.0,16.274525914473486,12.254245969346934,13.657796725889458,5.276656010528959,2.3225775623986644,0.0,132.0,19.8,46.0,45.0,0.14185152163329512,0.409342849530128,1.0,38.51386544259423,43.29858435364018,1.8019176127217533,49.3767505674285,57.1807523116918,57.1807523116918,2.6645352591003757e-15,3.762459416382325,0.9406148540955812,75.2491883276465,0.0,0.0,0.0,0.0,-7.105427357601002e-15,0.0,0.0,-1.5900281994219947,1.1639881187666488,-0.8931049610123054,0.1578709139113217,0.0
4,winter_heating,冬季采暖日,80.0,16.25,0.25,49.74467150809025,47.6600660868287,5.986800942965759,0.0,0.0,0.0,3.2392326566108167,53.78613408752135,0.05319060470550774,0.0,19.584561998295996,6.854596699403598,8.813052899233199,12.139691621123593,38.8470131875955,1.9956003143219199,5.986800942965759,0.0,0.0,0.0,0.0,39.75386873768262,0.0,0.0,40.196281103357784,0.0,0.0,0.0,0.0,0.0,0.0,16.758169515770103,12.29087099911968,13.585275615833067,5.23953515341255,2.289521569660788,0.0,132.0,19.8,46.0,45.0,0.09939173723439299,0.4195161344082316,1.0,38.800843776310394,43.847260799882406,1.7960402828897277,49.74467150809025,57.07855734883767,57.025366744132164,0.05319060470550774,3.9169123996591995,0.9792280999147999,78.33824799318398,0.0,0.0,0.0,0.0,0.0,0.0,0.0,-0.9285146992541486,1.1639881187666488,-0.9001687111323449,-0.019591099440085635,0.0
4,winter_heating,冬季采暖日,80.0,16.5,0.25,50.27768378603609,48.02575707567873,5.8912026935088795,2.4993978571564224,0.0,2.4993978571564224,2.2818921703720676,51.22783942892746,-3.552713678800501e-15,0.0,22.910242337629278,8.018584818170247,10.309609051933176,11.786296257420487,37.71614802374556,1.9637342311696264,5.8912026935088795,0.0,0.0,0.0,0.0,39.75188104424574,0.0,0.0,40.17618296280611,0.0,0.0,0.0,0.0,0.0,0.0,17.29697125220521,12.320217791426698,13.504555049450122,5.1994799003694805,2.2548396019890076,0.0,132.0,19.8,46.0,45.0,0.06888580507239,0.39956218337497573,1.0,39.21659335310815,44.18369650962444,1.7673608080526637,50.27768378603609,53.50973159929953,53.50973159929953,-3.552713678800501e-15,5.9567172889618885,1.4891793222404721,119.13434577923778,0.0,0.0,0.0,0.0,-1.4210854715202004e-14,7.105427357601002e-15,0.0,2.4993978571564224,1.1639881187666488,-1.1308651638499398,-0.09559824945687989,0.0
4,winter_heating,冬季采暖日,80.0,16.75,0.25,51.05236347515117,48.77822889072003,5.905680096846772,5.584559828508077,0.0,5.584559828508077,1.313214384948111,48.49434625894249,-8.881784197001252e-16,0.0,26.23592267696256,9.182572936936895,11.806165204633151,11.553769901902148,36.97206368608688,1.9685600322822572,5.905680096846772,0.0,0.0,0.0,0.0,39.74989345019353,0.0,0.0,40.15609487132471,0.0,0.0,0.0,0.0,0.0,0.0,17.88321913240925,12.337556015467749,13.416028843533379,5.156903781723095,2.2188675697091758,0.0,132.0,19.8,46.0,45.0,0.039643341308736854,0.3782417351301288,1.0,39.82084351061791,44.87597057946243,1.7717040290540316,51.05236347515117,49.807560643890604,49.807560643890604,-8.881784197001252e-16,8.318692441071954,2.0796731102679886,166.37384882143908,0.0,0.0,0.0,0.0,7.105427357601002e-15,0.0,0.0,3.0851619713516545,1.1639881187666479,-0.7440843376586841,0.01447740333789227,0.0
4,winter_heating,冬季采暖日,80.0,17.0,0.25,51.38060700456254,49.515401691255875,5.7315420358976406,4.936301672010325,0.0,4.936301672010325,0.6308566886145286,47.444384881989244,-3.3306690738754696e-16,0.0,26.23592267696256,9.182572936936895,11.806165204633151,11.44067411352658,36.61015716328506,1.91051401196588,5.7315420358976406,0.0,0.0,0.0,2.537678950504013,39.08009570538839,0.0,1.0990793233376606,39.84678542301072,0.0,0.0,0.0,0.0,0.0,0.0,18.50552160811043,12.338207069034446,13.320248805518894,5.112233407361841,2.181940751190348,0.0,139.92000000000002,20.988000000000003,46.0,45.0,0.019044313944697976,0.3700523430942442,1.0,40.07687346355878,45.554169555955404,1.719462610769292,51.38060700456254,48.07524157060377,48.07524157060377,-3.3306690738754696e-16,7.962150454998191,1.9905376137495479,159.24300909996384,0.0,0.0,0.0,0.0,0.0,0.0,0.0,-0.6482581564977519,0.0,-0.36190652280181723,-0.1741380609491312,0.0
4,winter_heating,冬季采暖日,80.0,17.25,0.25,52.04340004784825,50.22219085047666,5.6176105590658265,7.308841997787329,0.0,7.308841997787329,0.0,44.916726824939644,0.0,0.0,29.561603016295837,10.346561055703543,13.302721357333127,11.193871928064333,35.82039016980587,1.8725368530219422,5.6176105590658265,0.0,0.0,0.0,2.537678950504013,38.41033145047049,0.0,1.0990793233376606,39.53763062942089,0.0,0.0,0.0,0.0,0.0,0.0,19.14889118581058,12.317777677878714,13.217914497264278,5.065901429785418,2.144388724825195,0.0,139.92000000000002,20.988000000000003,46.0,45.0,0.0,0.3503373486037722,1.0,40.59385203732164,46.20441558243853,1.685283167719748,52.04340004784825,44.916726824939644,44.916726824939644,0.0,9.932183702042199,2.4830459255105497,198.64367404084396,0.0,0.0,0.0,0.0,7.105427357601002e-15,0.0,0.0,2.3725403257770044,1.1639881187666479,-0.7897669934791907,-0.11393147683181404,0.0
4,winter_heating,冬季采暖日,80.0,17.5,0.25,52.309147307966164,50.829599475536476,5.398360964972501,10.746993837671234,0.0,10.746993837671234,0.0,41.86105424247374,0.0,0.0,29.561603016295837,10.346561055703543,13.302721357333127,11.383687123395527,36.42779879486569,1.7994536549908338,5.398360964972501,0.0,0.0,0.0,2.537678950504013,37.74060068376533,0.0,1.0990793233376606,39.228630413227854,0.0,0.0,0.0,0.0,0.0,0.0,19.79511374774061,12.272381167739177,13.109857622080646,5.018339687533169,2.106530659712633,0.0,139.92000000000002,20.988000000000003,46.0,45.0,0.0,0.3265039950534429,1.0,40.80113490021361,46.76323151749356,1.6195082894917503,52.309147307966164,41.86105424247374,41.86105424247374,0.0,11.823167213978348,2.955791803494587,236.46334427956697,0.0,0.0,0.0,0.0,7.105427357601002e-15,0.0,0.0,3.438151839883904,0.0,0.6074086250598185,-0.21924959409332523,0.0
4,winter_heating,冬季采暖日,80.0,17.75,0.25,52.88272819208328,51.462335732497706,5.112916429902514,11.257581300610113,0.0,11.257581300610113,0.0,42.02662956559568,0.0,0.0,29.561603016295837,10.346561055703543,13.302721357333127,11.581417203695912,37.06053505182692,1.7043054766341712,5.112916429902514,0.0,0.0,0.0,2.537678950504013,37.07090340359851,0.0,1.0990793233376606,38.919784697142916,0.0,0.0,0.0,0.0,0.0,0.0,20.423413757039597,12.198834122274446,12.997021758913895,4.969972677574852,2.068671053718672,0.0,139.92000000000002,20.988000000000003,46.0,45.0,0.0,0.3277954342075654,1.0,41.24852798982496,47.34534887389789,1.533874928970754,52.88272819208328,42.02662956559568,42.02662956559568,0.0,12.10399031859473,3.0259975796486827,242.07980637189462,0.0,0.0,0.0,0.0,-1.4210854715202004e-14,0.0,0.0,0.5105874629388794,0.0,0.6327362569612305,-0.28544453506998746,0.0
4,winter_heating,冬季采暖日,80.0,18.0,0.25,53.371652428752725,52.08929554559045,5.069999038520286,13.648143807870248,0.0,13.648143807870248,0.0,40.30661043946907,0.0,0.0,29.561603016295837,10.346561055703543,13.302721357333127,11.777342145287394,37.687494864919664,1.689999679506762,5.069999038520286,0.0,0.0,0.0,2.537678950504013,36.4012396082957,0.0,1.0990793233376606,38.611093403916016,0.0,0.0,0.0,0.0,0.0,0.0,21.011396164036416,12.09481760033896,12.880438365696858,4.921211489709872,2.031095991035345,0.0,139.92000000000002,20.988000000000003,46.0,45.0,0.0,0.3143797874587825,1.0,41.629888894427125,47.92215190194322,1.5209997115560856,53.371652428752725,40.30661043946907,40.30661043946907,0.0,13.418799697587804,3.354699924396951,268.3759939517561,0.0,0.0,0.0,0.0,-7.105427357601002e-15,0.0,0.0,2.3905625072601353,0.0,0.6269598130927463,-0.042917391382228054,0.0
4,winter_heating,冬季采暖日,80.0,18.25,0.25,53.638270886660116,52.805454832131126,5.063293250060887,16.178502381227396,0.0,16.178502381227396,0.0,38.26443483824348,0.0,0.0,29.561603016295837,10.346561055703543,13.302721357333127,12.001141922331355,38.40365415146034,1.6877644166869625,5.063293250060887,0.0,0.0,0.0,2.537678950504013,35.73160929618265,0.0,1.0990793233376606,38.30255645633573,0.0,0.0,0.0,0.0,0.0,0.0,21.536214723458645,11.958994276140206,12.761200118004814,4.872448317189649,1.9940699735316383,0.0,139.92000000000002,20.988000000000003,46.0,45.0,0.0,0.2984514143093962,1.0,41.837851291594895,48.58101844556064,1.5189879750182662,53.638270886660116,38.26443483824348,38.26443483824348,0.0,14.810496912934237,3.7026242282335593,296.20993825868476,0.0,0.0,0.0,0.0,7.105427357601002e-15,0.0,0.0,2.530358573357148,0.0,0.7161592865406732,-0.0067057884593983985,0.0
4,winter_heating,冬季采暖日,80.0,18.5,0.25,53.51448030360206,53.31660818272907,4.81102057641134,16.94806346862341,0.0,16.94806346862341,0.0,37.44672769863476,0.0,0.0,29.561603016295837,10.346561055703543,13.302721357333127,12.160877344393212,38.91480750205828,1.6036735254704466,4.81102057641134,0.0,0.0,0.0,2.537678950504013,35.062012465585205,0.0,1.0990793233376606,37.994173777229236,0.0,0.0,0.0,0.0,0.0,0.0,21.975887485726417,11.791075628625205,12.64043273320543,4.824051636453525,1.9578333617716144,0.0,139.92000000000002,20.988000000000003,46.0,45.0,0.0,0.2920735374809842,1.0,41.74129463680961,49.05127952811075,1.443306172923402,53.51448030360206,37.44672769863476,37.44672769863476,0.0,15.233755511002045,3.808438877750511,304.6751102200409,0.0,0.0,0.0,0.0,0.0,0.0,0.0,0.7695610873960135,0.0,0.5111533505979438,-0.2522726736495473,0.0
4,winter_heating,冬季采暖日,80.0,18.75,0.25,53.491837217413874,54.05760125000676,4.646814192469617,15.025316869790942,0.0,15.025316869790942,0.0,39.523656083489406,0.0,0.0,29.561603016295837,10.346561055703543,13.302721357333127,12.39243767791749,39.65580056933597,1.5489380641565391,4.646814192469617,0.0,0.0,0.0,2.537678950504013,34.3924491148293,0.0,1.0990793233376606,37.685945289462296,0.0,0.0,0.0,0.0,0.0,0.0,22.31065749814865,11.591836436894749,12.519266452188361,4.776362125908751,1.922600443223189,0.0,139.92000000000002,20.988000000000003,46.0,45.0,0.0,0.3082729721910371,1.0,41.72363302958282,49.73299315000622,1.3940442577408851,53.491837217413874,39.523656083489406,39.523656083489406,0.0,14.176244881644188,3.544061220411047,283.5248976328837,0.0,0.0,0.0,0.0,0.0,0.0,0.0,-1.9227465988324681,0.0,0.7409930672776923,-0.16420638394172293,0.0
4,winter_heating,冬季采暖日,80.0,19.0,0.25,53.034804266024736,54.27971704841315,4.642416618911538,13.665577252885939,0.0,13.665577252885939,0.0,40.49430807815457,0.0,0.0,29.561603016295837,10.346561055703543,13.302721357333127,12.461848864919487,39.87791636774236,1.547472206303846,4.642416618911538,0.0,0.0,0.0,2.537678950504013,33.72291924224093,0.0,1.0990793233376606,37.37787091593924,0.0,0.0,0.0,0.0,0.0,0.0,22.5242838205463,11.363077101503396,12.398808312270113,4.729689369961839,1.8885581275123642,0.0,139.92000000000002,20.988000000000003,46.0,45.0,0.0,0.3158437742121484,1.0,41.367147327499296,49.9373396845401,1.3927249856734614,53.034804266024736,40.49430807815457,40.49430807815457,0.0,13.428388092346434,3.3570970230866086,268.5677618469287,0.0,0.0,0.0,0.0,-7.105427357601002e-15,0.0,0.0,-1.359739616905003,0.0,0.22211579840638507,-0.0043975735580792374,0.0
4,winter_heating,冬季采暖日,80.0,19.25,0.25,52.67558369260594,54.6541296229231,4.515794763520318,11.480768702000546,0.0,11.480768702000546,0.0,42.394692700025125,0.0,0.0,29.561603016295837,10.346561055703543,13.302721357333127,12.578852794453846,40.25232894225231,1.5052649211734392,4.515794763520318,0.0,0.0,0.0,2.537678950504013,33.053422846146184,0.0,1.0990793233376606,37.069950579602946,0.0,0.0,0.0,0.0,0.0,0.0,22.605147304754997,11.107537463158371,12.280116251359724,4.684309370871468,1.8558652521421384,0.0,139.92000000000002,20.988000000000003,46.0,45.0,0.0,0.33066621914114636,1.0,41.08695528023264,50.281799253089254,1.3547384290560953,52.67558369260594,42.394692700025125,42.394692700025125,0.0,12.22674338935947,3.0566858473398675,244.5348677871894,0.0,0.0,0.0,0.0,0.0,0.0,0.0,-2.1848085508853927,0.0,0.3744125745099538,-0.12662185539122017,0.0
4,winter_heating,冬季采暖日,80.0,19.5,0.25,52.027646202137795,54.99292401815789,4.407043001846346,8.888630695726484,0.0,8.888630695726484,0.0,44.40851587711727,0.0,0.0,29.561603016295837,10.346561055703543,13.302721357333127,12.68472604296472,40.591123337487105,1.469014333948782,4.407043001846346,0.0,0.0,0.0,2.537678950504013,32.38395992487124,0.0,1.0990793233376606,36.76218420343482,0.0,0.0,0.0,0.0,0.0,0.0,22.547068111967842,10.828768599473547,12.164175943336142,4.640462868235925,1.8246524673583497,0.0,139.92000000000002,20.988000000000003,46.0,45.0,0.0,0.34637345166432193,1.0,40.58156403766748,50.59349009670527,1.3221129005539038,52.027646202137795,44.40851587711727,44.40851587711727,0.0,10.801067485908735,2.700266871477184,216.0213497181747,0.0,0.0,0.0,0.0,7.105427357601002e-15,0.0,0.0,-2.5921380062740624,0.0,0.3387943952347925,-0.10875176167397171,0.0
4,winter_heating,冬季采暖日,80.0,19.75,0.25,51.21531557339779,55.15494696887155,4.3465479558439934,7.688783244123888,0.0,7.688783244123888,0.0,46.00319948755738,0.0,0.0,27.163234342026012,9.507132019709104,12.223455453911706,13.072628809881932,41.83241219162218,1.4488493186146645,4.3465479558439934,0.0,0.0,0.0,2.537678950504013,31.714530476742368,0.0,1.0990793233376606,36.45457171045478,0.0,0.0,0.0,0.0,0.0,0.0,22.34975672649533,10.530971349319326,12.051881088524576,4.5983544447590745,1.795022656174443,0.0,139.92000000000002,20.988000000000003,46.0,45.0,0.0,0.3588115180025236,1.0,39.94794614725028,50.74255121136183,1.303964386753198,51.21531557339779,46.00319948755738,46.00319948755738,0.0,9.66147765267334,2.415369413168335,193.22955305346682,0.0,0.0,0.0,0.0,0.0,0.0,0.0,-1.1998474516025954,-0.8394290359944385,1.2412888541350782,-0.06049504600235256,0.0
4,winter_heating,冬季采暖日,80.0,20.0,0.25,50.46716523144605,55.333345487820026,4.209540835782559,4.895352982344287,0.0,4.895352982344287,0.0,49.69022182102156,0.0,0.0,23.837554002692734,8.343143900942456,10.72689930121173,13.596052144772072,43.50736686327063,1.4031802785941865,4.209540835782559,0.0,0.0,0.0,2.537678950504013,31.045134500085897,0.0,1.0990793233376606,36.147113023721225,0.0,0.0,0.0,0.0,0.0,0.0,22.01885457609751,10.218811895421911,11.944017683308669,4.558152377957555,1.7670518352263433,0.0,139.92000000000002,20.988000000000003,46.0,45.0,0.0,0.38756921518698373,1.0,39.364388880527926,50.90667784879442,1.2628622507347678,50.46716523144605,49.69022182102156,49.69022182102156,0.0,7.459954940827905,1.8649887352069763,149.1990988165581,0.0,0.0,0.0,0.0,0.0,0.0,0.0,-2.7934302617796014,-1.1639881187666479,1.6749546716484502,-0.13700712006143423,0.0
4,winter_heating,冬季采暖日,80.0,20.25,0.25,49.64589395863777,55.210280518050304,4.064345533390724,6.59948477555915,0.0,6.59948477555915,0.0,48.70962443430015,0.0,0.0,20.511873663359452,7.179155782175807,9.230343148511754,14.025268139437776,44.880858046200885,1.3547818444635746,4.064345533390724,0.0,0.0,0.0,2.537678950504013,30.37577199322826,0.0,1.0990793233376606,35.83980806633104,0.0,0.0,0.0,0.0,0.0,0.0,21.565560171396314,9.897225543487918,11.841252581972414,4.519989181152683,1.7407904742722486,0.0,139.92000000000002,20.988000000000003,46.0,45.0,0.0,0.37992084201298354,1.0,38.72379728773746,50.793458076606285,1.2193036600172171,49.64589395863777,48.70962443430015,48.70962443430015,0.0,7.732091359229424,1.933022839807356,154.64182718458846,0.0,0.0,0.0,0.0,-7.105427357601002e-15,-7.105427357601002e-15,0.0,1.704131793214863,-1.1639881187666488,1.3734911829302519,-0.1451953023918353,0.0
4,winter_heating,冬季采暖日,80.0,20.5,0.25,48.564598231690724,55.12303540780165,4.053938857784965,1.924299550017567,0.0,1.924299550017567,0.0,53.90444286055879,0.0,0.0,17.18619332402617,6.0151676634091595,7.733786995811777,14.465677840203815,46.29016908865221,1.3513129525949885,4.053938857784965,0.0,0.0,0.0,2.537678950504013,29.706442954495962,0.0,1.0990793233376606,35.532656761419545,0.0,0.0,0.0,0.0,0.0,0.0,21.005876990294922,9.571219851515666,11.744126454203553,4.4839627637715305,1.7162651668298874,0.0,139.92000000000002,20.988000000000003,46.0,45.0,0.0,0.420438908278733,1.0,37.88038662071877,50.71319257517752,1.2161816573354896,48.564598231690724,53.90444286055879,53.90444286055879,0.0,4.495603417314896,1.123900854328724,89.91206834629793,0.0,0.0,0.0,0.0,0.0,0.0,0.0,-4.675185225541583,-1.1639881187666479,1.4093110424513284,-0.010406675605758586,0.0
4,winter_heating,冬季采暖日,80.0,20.75,0.25,47.4822793001088,54.89016706046987,3.738244099384193,2.2653425158428755,0.0,2.2653425158428755,0.0,53.93473993496217,0.0,0.0,13.860512984692889,4.851179544642511,6.2372308431118,14.860580279381375,47.553856894020406,1.2460813664613977,3.738244099384193,0.0,0.0,0.0,2.537678950504013,29.0371473822156,0.0,1.0990793233376606,35.22565903216051,0.0,0.0,0.0,0.0,0.0,0.0,20.359555140434413,9.245687532791216,11.653051044584522,4.450138130862656,1.6934805816070466,0.0,139.92000000000002,20.988000000000003,46.0,45.0,0.0,0.4206752166089971,1.0,37.03617785408486,50.49895369563228,1.1214732298152579,47.4822793001088,53.93473993496217,53.93473993496217,0.0,4.0180409806521595,1.0045102451630399,80.36081961304319,0.0,0.0,0.0,0.0,-7.105427357601002e-15,0.0,0.0,0.34104296582530846,-1.1639881187666488,1.2636878053681926,-0.3156947584007721,0.0
4,winter_heating,冬季采暖日,80.0,21.0,0.25,45.90549580553022,54.526420331052336,3.532611117328945,0.0,-0.0,0.0,0.0,56.072745692417136,0.0,1.738399848751257,10.534832645359607,3.6871914258758625,4.740674690411823,15.21458322415714,48.68666631730285,1.1775370391096482,3.532611117328945,0.0,0.0,0.0,2.537678950504013,28.367885274713853,0.0,1.0990793233376606,34.9188148017661,0.0,0.0,0.0,0.0,0.0,0.0,19.648825798151762,8.925238184683195,11.568310465385279,4.418549534876894,1.6724216238937528,0.0,139.92000000000002,20.988000000000003,46.0,45.0,0.0,0.45091004800007345,1.0,35.80628672831357,50.16430670456815,1.0597833351986834,45.90549580553022,57.81114554116839,56.072745692417136,1.738399848751257,2.1069665290719217,0.5267416322679804,42.139330581438436,0.0,0.0,-0.0,0.0,0.0,0.0,0.0,-2.2653425158428755,-1.1639881187666483,1.1328094232824455,-0.20563298205524827,0.0
4,winter_heating,冬季采暖日,80.0,21.25,0.25,44.91484303804647,54.25310915933355,3.2510502968489816,0.0,0.0,0.0,0.0,56.53449149343,0.0,0.0,7.209152306026325,2.5232033071092137,3.244118537711846,15.59684728071376,49.90991129828404,1.0836834322829938,3.2510502968489816,0.0,0.0,0.0,2.537678950504013,27.698656630317483,0.0,1.0990793233376606,34.6121239934869,0.0,0.0,0.0,0.0,0.0,0.0,18.897042531113566,8.614056031797292,11.490066108396734,4.389202989109877,1.6530557377363582,0.0,139.92000000000002,20.988000000000003,46.0,45.0,0.0,0.44095251935128943,1.0,35.03357756967625,49.91286042658687,0.9753150890546944,44.91484303804647,56.53449149343,56.53449149343,0.0,1.441830461205265,0.36045761530131626,28.836609224105302,0.0,0.0,0.0,0.0,0.0,0.0,0.0,0.0,-1.1639881187666488,1.2232449809811854,-0.28156082047996334,0.0
4,winter_heating,冬季采暖日,80.0,21.5,0.25,43.82345969924589,53.9096060231235,2.915762015240676,0.0,2.3993407461918608,-2.3993407461918608,0.0,61.79268227720895,0.0,0.0,3.883471966693042,1.3592151883425647,1.7475623850118691,15.957176348366865,51.06296431477397,0.9719206717468919,2.915762015240676,0.0,0.0,0.0,0.0,27.697271697485967,0.0,1.0990793233376606,34.305586530611826,0.0,0.0,0.0,0.0,0.0,0.0,18.12734557537405,8.315788693720116,11.418364650286996,4.3620790515751535,1.6353352832366128,0.0,139.92000000000002,20.988000000000003,46.0,45.0,0.0,0.48196487149399,1.0,34.18229856541179,49.59683754127362,0.8747286045722027,43.82345969924589,61.79268227720895,61.79268227720895,0.0,0.7766943933386085,0.19417359833465211,15.533887866772169,0.0,0.0,0.0,0.0,7.105427357601002e-15,0.0,0.0,-2.3993407461918608,-1.163988118766649,1.1530530164899346,-0.3352882816083058,0.0
4,winter_heating,冬季采暖日,80.0,21.75,0.25,42.27050193189844,53.54475931214235,2.7817344947908325,0.0,3.34008984420634,-3.34008984420634,0.0,62.6534450870298,0.0,0.0,0.5577916273597605,0.19522706957591618,0.25100623231189223,16.310835548903995,52.19467375649279,0.9272448315969442,2.7817344947908325,0.0,0.0,0.0,0.0,27.695886833901092,0.0,1.0990793233376606,33.999202336468194,0.0,0.0,0.0,0.0,0.0,0.0,17.36145450501485,8.033469682296884,11.35314855138413,4.33713579020443,1.6191999284026473,0.0,139.92000000000002,20.988000000000003,46.0,45.0,0.0,0.4886785699730593,1.0,32.97099150688078,49.26117856717096,0.8345203484372498,42.27050193189844,62.6534450870298,62.6534450870298,0.0,0.1115583254719521,0.027889581367988026,2.231166509439042,0.0,0.0,0.0,0.0,0.0,0.0,0.0,-0.940749098014479,-1.1639881187666485,1.1317094417188187,-0.13402752044984334,0.0
4,winter_heating,冬季采暖日,80.0,22.0,0.25,41.199473381177526,53.006873108314714,2.712663952732198,0.0,5.0,-5.0,0.0,63.66834254510328,0.0,1.915472114595694,0.0,0.0,0.0,16.564647846348347,53.006873108314714,0.9042213175773993,2.712663952732198,0.0,0.0,0.0,0.0,27.694502039559396,0.0,0.0,33.982202735299964,0.0,0.0,0.0,0.0,0.0,0.0,16.61867369963756,7.7694750819491425,11.29426840984115,4.314311844808757,1.6045790012890015,0.0,62.0,9.299999999999999,46.0,45.0,0.0,0.5115345966492522,1.0,32.13558923731847,48.76632325964954,0.8137991858196594,41.199473381177526,65.58381465969897,63.66834254510328,1.915472114595694,0.0,0.0,0.0,0.0,0.0,0.0,0.0,7.105427357601002e-15,0.0,0.0,-1.6599101557936602,-0.19522706957591618,0.8121993518219242,-0.06907054205863439,0.0
4,winter_heating,冬季采暖日,80.0,22.25,0.25,40.149659703048286,52.41603868139728,2.5064075676980506,0.0,5.0,-5.0,0.0,62.36514098021762,0.0,5.052151819597839,0.0,0.0,0.0,16.38001208793665,52.41603868139728,0.8354691892326835,2.5064075676980506,0.0,0.0,0.0,0.0,27.693117314457417,0.0,0.0,33.96521163393231,0.0,0.0,0.0,0.0,0.0,0.0,15.915166983795963,7.525512827490736,11.241496529638164,4.29352950778261,1.5913937553560473,0.0,62.0,9.299999999999999,46.0,45.0,0.0,0.5258351905646291,1.0,31.316734568377665,48.222755586885505,0.7519222703094152,40.149659703048286,67.41729279981546,62.36514098021762,5.052151819597839,0.0,0.0,0.0,0.0,0.0,0.0,0.0,0.0,0.0,0.0,0.0,0.0,-0.5908344269174322,-0.20625638503414745,0.0
4,winter_heating,冬季采暖日,80.0,22.5,0.25,39.39195184700237,52.095094812554485,2.5524588854081447,0.0,5.0,-5.0,0.0,61.52248860439502,0.0,8.217318827260428,0.0,0.0,0.0,16.279717128923277,52.095094812554485,0.8508196284693815,2.5524588854081447,0.0,0.0,0.0,0.0,27.691732658591693,0.0,0.0,33.94822902811535,0.0,0.0,0.0,0.0,0.0,0.0,15.263526793984916,7.302641291889582,11.194541087892606,4.274697753660234,1.5795595087182277,0.0,62.0,9.299999999999999,46.0,45.0,0.0,0.5439501262629381,1.0,30.725722440661848,47.92748722755013,0.7657376656224434,39.39195184700237,69.73980743165545,61.52248860439502,8.217318827260428,0.0,0.0,0.0,0.0,0.0,0.0,0.0,-7.105427357601002e-15,0.0,0.0,0.0,0.0,-0.3209438688427966,0.046051317710094075,0.0
4,winter_heating,冬季采暖日,80.0,22.75,0.25,38.8693116374335,51.518560602085095,2.358137446142924,0.0,5.0,-5.0,0.0,60.75490764096607,0.0,7.151940388095838,0.0,0.0,0.0,16.099550188151593,51.518560602085095,0.7860458153809747,2.358137446142924,0.0,0.0,0.0,0.0,27.690348071958763,0.0,0.0,33.93125491360129,0.0,0.0,0.0,0.0,0.0,0.0,14.67263320496067,7.1013126149945025,11.153060339265485,4.257715156898589,1.5689876259172395,0.0,62.0,9.299999999999999,46.0,45.0,0.0,0.5296535783487115,1.0,30.31806307719813,47.39707575391829,0.7074412338428772,38.8693116374335,67.9068480290619,60.75490764096607,7.151940388095838,0.0,0.0,0.0,0.0,0.0,0.0,0.0,0.0,0.0,0.0,0.0,0.0,-0.57653421046939,-0.1943214392652206,0.0
4,winter_heating,冬季采暖日,80.0,23.0,0.25,37.82110861991985,51.11431613400963,2.5182418919848955,0.0,5.0,-5.0,0.0,59.633746375792825,0.0,8.66809176726278,0.0,0.0,0.0,15.973223791878008,51.11431613400963,0.8394139639949652,2.5182418919848955,0.0,0.0,0.0,0.0,27.688963554555166,0.0,0.0,33.914289286144495,0.0,0.0,0.0,0.0,0.0,0.0,14.147772503886802,6.921435383342914,11.116676366861743,4.242472647229077,1.5595873187619862,0.0,62.0,9.299999999999999,46.0,45.0,0.0,0.5327343858572502,1.0,29.500464723537483,47.02517084328886,0.7554725675954687,37.82110861991985,68.3018381430556,59.633746375792825,8.66809176726278,0.0,0.0,0.0,0.0,0.0,0.0,0.0,7.105427357601002e-15,0.0,0.0,0.0,0.0,-0.40424446807546843,0.16010444584197137,0.0
4,winter_heating,冬季采暖日,80.0,23.25,0.25,37.15925271698336,50.69010454499307,2.5552793528939794,0.0,5.0,-5.0,0.0,58.85167017159169,0.0,9.78787680464059,0.0,0.0,0.0,15.840657670310334,50.69010454499307,0.8517597842979931,2.5552793528939794,0.0,0.0,0.0,0.0,27.687579106377438,0.0,0.0,33.89733214150142,0.0,0.0,0.0,0.0,0.0,0.0,13.690966120012126,6.762450909045881,11.084987973608916,4.228856062181404,1.5512672503706577,0.0,62.0,9.299999999999999,46.0,45.0,0.0,0.5353684161078582,1.0,28.98421711924702,46.63489618139363,0.7665838058681939,37.15925271698336,68.63954697623228,58.85167017159169,9.78787680464059,0.0,0.0,0.0,0.0,0.0,0.0,0.0,0.0,0.0,0.0,0.0,0.0,-0.42421158901655787,0.037037460909084,0.0
4,winter_heating,冬季采暖日,80.0,23.5,0.25,36.80879567858604,50.29470034279601,2.5364937344888996,0.0,5.0,-5.0,0.0,58.37138744720609,0.0,9.329066527040581,0.0,0.0,0.0,15.717093857123754,50.29470034279601,0.8454979114962998,2.5364937344888996,0.0,0.0,0.0,0.0,27.68619472742212,0.0,0.0,33.880383475430676,0.0,0.0,0.0,0.0,0.0,0.0,13.30144977676652,6.6234174145954245,11.05758239947434,4.216748466565439,1.5439369336234074,0.0,62.0,9.299999999999999,46.0,45.0,0.0,0.5280437650109462,1.0,28.71086062929711,46.27112431537233,0.7609481203466698,36.80879567858604,67.70045397424667,58.37138744720609,9.329066527040581,0.0,0.0,0.0,0.0,0.0,0.0,0.0,-7.105427357601002e-15,0.0,0.0,0.0,0.0,-0.3954042021970565,-0.018785618405079862,0.0
4,winter_heating,冬季采暖日,80.0,23.75,0.25,36.25516544163341,49.90798338154976,2.4990492844170746,0.0,5.0,-5.0,0.0,57.68442667650673,0.0,9.411957707692395,0.0,0.0,0.0,15.5962448067343,49.90798338154976,0.8330164281390249,2.4990492844170746,0.0,0.0,0.0,0.0,27.68481041768575,0.0,0.0,33.863443283692966,0.0,0.0,0.0,0.0,0.0,0.0,12.976239717717545,6.503096844611147,11.034045642359668,4.206032218477407,1.5375079216242937,0.0,62.0,9.299999999999999,46.0,45.0,0.0,0.5233321986634197,1.0,28.27902904447406,45.91534471102578,0.7497147853251224,36.25516544163341,67.09638438419913,57.68442667650673,9.411957707692395,0.0,0.0,0.0,0.0,0.0,0.0,0.0,0.0,0.0,0.0,0.0,0.0,-0.38671696124625043,-0.03744445007182495,0.0
5,holiday_return,春节返乡日,30.0,0.0,0.25,33.656376854183634,34.79212211199601,3.4910532506853715,0.0,5.0,-5.0,0.0,53.1647661979705,0.0,6.5666915215957005,0.0,0.0,0.0,11.254665471881108,36.01492951001955,1.163684416895124,3.4910532506853715,0.0,0.0,2.0900394550106314,0.0,28.17981054772989,1.2228073980235432,0.0,34.13692831908171,0.0,0.0,0.0,0.0,0.0,0.0,14.200327252248394,6.169663082094346,7.609660644643136,4.503062487565456,1.1275212648659492,0.0,52.0,7.8,45.0,45.0,0.0,0.4658879220489429,1.0,24.232591335012216,30.617067458556487,1.22186863773988,33.656376854183634,59.7314577195662,53.1647661979705,6.5666915215957005,0.0,0.0,0.0,0.0,0.0,0.0,0.0,0.0,0.0,0.0,0.0,0.0,-1.806904665489533,-0.21720849505995643,0.0
5,holiday_return,春节返乡日,30.0,0.25,0.25,33.696753291066955,34.91822815693481,3.4382924611746706,0.0,5.0,-5.0,0.0,53.22696384406029,0.0,7.6870819657812675,0.0,0.0,0.0,11.294073610924483,36.14103555495835,1.1460974870582235,3.4382924611746706,0.0,0.0,2.0900394550106314,0.0,28.674785927767527,1.2228073980235432,0.0,34.41027661195277,0.0,0.0,0.0,0.0,0.0,0.0,14.203654366828866,6.172756266833757,7.618921435951184,4.503803890621053,1.1281072717225091,0.0,52.0,7.8,45.0,45.0,0.0,0.47511176370713404,1.0,24.261662369568207,30.72804077810263,1.2034023614111347,33.696753291066955,60.91404580984156,53.22696384406029,7.6870819657812675,0.0,0.0,0.0,0.0,0.0,0.0,0.0,0.0,0.0,0.0,0.0,0.0,0.12610604493880118,-0.052760789510700956,0.0
5,holiday_return,春节返乡日,30.0,0.5,0.25,33.667759191150694,35.05785528581147,3.4919767666596964,0.0,5.0,-5.0,0.0,53.259497990412996,0.0,11.222200319540633,0.0,0.0,0.0,11.33770708869844,36.28066268383501,1.163992255553232,3.4919767666596964,0.0,0.0,2.0900394550106314,0.0,29.169736559036163,1.2228073980235432,0.0,34.68348823067738,0.0,0.0,0.0,0.0,0.0,0.0,14.213275793946348,6.17673712295853,7.629607681900323,4.504706361083105,1.1288145519232595,0.0,52.0,7.8,45.0,45.0,0.0,0.5029384110605849,1.0,24.240786617628498,30.850912651514093,1.2221918683308937,33.667759191150694,64.48169830995363,53.259497990412996,11.222200319540633,0.0,0.0,0.0,0.0,0.0,0.0,0.0,-7.105427357601002e-15,0.0,0.0,0.0,0.0,0.1396271288766613,0.053684305485025785,0.0
5,holiday_return,春节返乡日,30.0,0.75,0.25,33.67039155022113,35.31744220533712,3.4723150935257636,0.0,5.0,-5.0,0.0,53.33669737079056,0.0,13.764259572020407,0.0,0.0,0.0,11.418828001050207,36.540249603360664,1.157438364508588,3.4723150935257636,0.0,0.0,2.0900394550106314,0.0,29.66466244277324,1.2228073980235432,0.0,34.95656324359264,0.0,0.0,0.0,0.0,0.0,0.0,14.229310921026574,6.18182666118169,7.641877480470062,4.505800240548684,1.129664567328399,0.0,52.0,7.8,45.0,45.0,0.0,0.5233678632849014,1.0,24.242681916159214,31.079349140696667,1.2153102827340172,33.67039155022113,67.10095694281097,53.33669737079056,13.764259572020407,0.0,0.0,0.0,0.0,0.0,0.0,0.0,0.0,0.0,0.0,0.0,0.0,0.2595869195256526,-0.019661673133932744,0.0
5,holiday_return,春节返乡日,30.0,1.0,0.25,33.69108830384894,35.50999981624779,3.516159970481648,0.0,5.0,-5.0,0.0,53.43218333681325,0.0,16.288068309852235,0.0,0.0,0.0,11.479002254459791,36.73280721427133,1.1720533234938826,3.516159970481648,0.0,0.0,2.0900394550106314,0.0,30.159563580216126,1.2228073980235432,0.0,35.22950171900144,0.0,0.0,0.0,0.0,0.0,0.0,14.25194802868096,6.188290661360224,7.655894987806781,4.5071204969234175,1.130681758083195,0.0,52.0,7.8,45.0,45.0,0.0,0.5437975968524592,1.0,24.25758357877124,31.24879983829806,1.2306559896685767,33.69108830384894,69.72025164666549,53.43218333681325,16.288068309852235,0.0,0.0,0.0,0.0,0.0,0.0,0.0,0.0,0.0,0.0,0.0,0.0,0.1925576109106686,0.04384487695588435,0.0
5,holiday_return,春节返乡日,30.0,1.25,0.25,33.55604383170575,35.73152307557666,3.5214195033300464,0.0,5.0,-5.0,0.0,53.36811806082646,0.0,17.97366960741583,0.0,0.0,0.0,11.548228273000062,36.9543304736002,1.1738065011100154,3.5214195033300464,0.0,0.0,2.0900394550106314,0.0,30.65443997260214,1.2228073980235432,0.0,35.50230372517253,0.0,0.0,0.0,0.0,0.0,0.0,14.281490102384126,6.196445859167049,7.671828452098505,4.508707192346344,1.1318937836244212,0.0,52.0,7.8,45.0,45.0,0.0,0.5564451041536659,1.0,24.16035155882814,31.44374030650746,1.2324968261655163,33.55604383170575,71.34178766824229,53.36811806082646,17.97366960741583,0.0,0.0,0.0,0.0,0.0,0.0,0.0,0.0,0.0,0.0,0.0,0.0,0.22152325932886896,0.005259532848398418,0.0
5,holiday_return,春节返乡日,30.0,1.5,0.25,34.06598624629612,35.85341398806333,3.4939362931526765,0.0,5.0,-5.0,0.0,53.906990315509795,0.0,20.749775156606724,0.0,0.0,0.0,11.586319183152147,37.07622138608687,1.1646454310508922,3.4939362931526765,0.0,0.0,2.0900394550106314,0.0,31.149291621168537,1.2228073980235432,0.0,35.77496933034054,0.0,0.0,0.0,0.0,0.0,0.0,14.318415701958726,6.206666216575438,7.689847825099269,4.510605948421964,1.1333317474036817,0.0,52.0,7.8,45.0,45.0,0.0,0.582300962685299,1.0,24.527510097333206,31.55100430949573,1.2228777026034368,34.06598624629612,74.65676547211652,53.906990315509795,20.749775156606724,0.0,0.0,0.0,0.0,0.0,0.0,0.0,0.0,0.0,0.0,0.0,0.0,0.12189091248666983,-0.027483210177369877,0.0
5,holiday_return,春节返乡日,30.0,1.75,0.25,34.06447911137858,36.06670888679635,3.335747335366945,0.0,5.0,-5.0,0.0,53.919408183851075,0.0,19.402939383438195,0.0,0.0,0.0,11.652973839006215,37.28951628481989,1.1119157784556484,3.335747335366945,0.0,0.0,2.0900394550106314,0.0,31.644118527152504,1.2228073980235432,0.0,36.047498602705964,0.0,0.0,0.0,0.0,0.0,0.0,14.363455796452588,6.219389040653508,7.710121950044608,4.51286839609892,1.1350303959877686,0.0,52.0,7.8,45.0,45.0,0.0,0.5718928928246295,1.0,24.52642496019258,31.73870382038079,1.1675115673784306,34.06447911137858,73.32234756728927,53.919408183851075,19.402939383438195,0.0,0.0,0.0,0.0,0.0,0.0,0.0,0.0,0.0,0.0,0.0,0.0,0.2132948987330181,-0.1581889577857316,0.0
5,holiday_return,春节返乡日,30.0,2.0,0.25,34.15160494967234,36.53484356226991,3.400116745935563,0.0,5.0,-5.0,0.0,54.17428257841986,0.0,19.10741668210126,0.0,0.0,0.0,11.799265925091703,37.757650960293454,1.1333722486451876,3.400116745935563,0.0,0.0,2.0900394550106314,0.0,32.13892069179117,1.2228073980235432,0.0,36.31989161043521,0.0,0.0,0.0,0.0,0.0,0.0,14.417685022531453,6.235120654015534,7.732815339204139,4.515552595153539,1.137028281956513,0.0,52.0,7.8,45.0,45.0,0.0,0.57157584790562,1.0,24.589155563764084,32.150662334797524,1.1900408610774469,34.15160494967234,73.28169926052112,54.17428257841986,19.10741668210126,0.0,0.0,0.0,0.0,0.0,0.0,0.0,0.0,0.0,0.0,0.0,0.0,0.46813467547356424,0.06436941056861789,0.0
5,holiday_return,春节返乡日,30.0,2.25,0.25,34.353801168746095,36.98776693876495,3.2786679466845623,0.0,5.0,-5.0,0.0,54.47753441956465,0.0,19.46337634478496,0.0,0.0,0.0,11.940804480246403,38.21057433678849,1.0928893155615207,3.2786679466845623,0.0,0.0,2.0900394550106314,0.0,32.633698116321604,1.2228073980235432,0.0,36.59214842166058,0.0,0.0,0.0,0.0,0.0,0.0,14.482621983946576,6.254441257945776,7.758084570862344,4.518723405843835,1.1393678788778467,0.0,52.0,7.8,45.0,45.0,0.0,0.5767175050731264,1.0,24.734736841497188,32.549234906113156,1.1475337813395967,34.353801168746095,73.94091076434961,54.47753441956465,19.46337634478496,0.0,0.0,0.0,0.0,0.0,0.0,0.0,-7.105427357601002e-15,0.0,0.0,0.0,0.0,0.4529233764950362,-0.1214487992510005,0.0
5,holiday_return,春节返乡日,30.0,2.5,0.25,34.60588894597937,37.52778597275994,3.3568687423712853,0.0,5.0,-5.0,0.0,54.92444507681694,0.0,18.13642067305527,0.0,0.0,0.0,12.109560428369837,38.750593370783484,1.118956247457095,3.3568687423712853,0.0,0.0,2.0900394550106314,0.0,33.12845080198081,1.2228073980235432,0.0,36.86426910448034,0.0,0.0,0.0,0.0,0.0,0.0,14.560327970590187,6.278008569232464,7.7860743537398776,4.522452792985491,1.1420956356627092,0.0,52.0,7.8,45.0,45.0,0.0,0.5698534110302632,1.0,24.916240041105148,33.02445165602875,1.1749040598299498,34.60588894597937,73.0608657498722,54.92444507681694,18.13642067305527,0.0,0.0,0.0,0.0,0.0,0.0,0.0,0.0,0.0,0.0,0.0,0.0,0.5400190339949944,0.078200795686723,0.0
5,holiday_return,春节返乡日,30.0,2.75,0.25,34.821856582587316,37.98986699770107,3.256012089146887,0.0,5.0,-5.0,0.0,55.251194149310855,0.0,15.537539563180538,0.0,0.0,0.0,12.25396074866394,39.21267439572461,1.0853373630489622,3.256012089146887,0.0,0.0,2.0900394550106314,0.0,33.623178750005735,1.2228073980235432,0.0,37.1362537269587,0.0,0.0,0.0,0.0,0.0,0.0,14.653487206296482,6.306559758488298,7.816913326254436,4.526820040571981,1.145261956860199,0.0,52.0,7.8,45.0,45.0,0.0,0.5521314448514698,1.0,25.071736739462867,33.43108295797694,1.1396042312014103,34.821856582587316,70.78873371249139,55.251194149310855,15.537539563180538,0.0,0.0,0.0,0.0,0.0,0.0,0.0,0.0,0.0,0.0,0.0,0.0,0.4620810249411278,-0.10085665322439841,0.0
5,holiday_return,春节返乡日,30.0,3.0,0.25,34.76141106965162,38.489760847641236,3.291449768186045,0.0,5.0,-5.0,0.0,55.35877802416118,0.0,15.8189907112409,0.0,0.0,0.0,12.410177576770241,39.71256824566478,1.0971499227286816,3.291449768186045,0.0,0.0,2.0900394550106314,0.0,34.11788196163326,1.2228073980235432,0.0,37.40810235712581,0.0,0.0,0.0,0.0,0.0,0.0,14.765445313376848,6.340911176287508,7.850709677913948,4.531911853237057,1.1489210950216178,0.0,52.0,7.8,45.0,45.0,0.0,0.5551658043891035,1.0,25.028215970149166,33.87098954592429,1.1520074188651157,34.76141106965162,71.17776873540208,55.35877802416118,15.8189907112409,0.0,0.0,0.0,0.0,0.0,0.0,0.0,0.0,0.0,0.0,0.0,0.0,0.4998938499401646,0.035437679039158176,0.0
5,holiday_return,春节返乡日,30.0,3.25,0.25,34.87516807150168,39.26201803422321,3.340326773336533,0.0,5.0,-5.0,0.0,55.73015773186827,0.0,13.092215152142167,0.0,0.0,0.0,12.651507947577109,40.48482543224675,1.1134422577788443,3.340326773336533,0.0,0.0,2.0900394550106314,0.0,34.6125604381002,1.2228073980235432,0.0,37.679815062977845,0.0,0.0,0.0,0.0,0.0,0.0,14.900177554058681,6.381955329467879,7.88754669973797,4.5378223194723715,1.1531309412182202,0.0,52.0,7.8,45.0,45.0,0.0,0.5367944047832288,1.0,25.110121011481212,34.550575870116425,1.1691143706677865,34.87516807150168,68.82237288401043,55.73015773186827,13.092215152142167,0.0,0.0,0.0,0.0,0.0,0.0,0.0,0.0,0.0,0.0,0.0,0.0,0.7722571865819745,0.048877005150488095,0.0
5,holiday_return,春节返乡日,30.0,3.5,0.25,35.182230946800026,39.77180679071162,3.468271347006536,0.0,5.0,-5.0,0.0,56.239177784792574,0.0,9.150565914604087,0.0,0.0,0.0,12.810816933979737,40.99461418873516,1.1560904490021786,3.468271347006536,0.0,0.0,2.0900394550106314,0.0,35.107214180643325,1.2228073980235432,0.0,37.95139191247695,0.0,0.0,0.0,0.0,0.0,0.0,15.062156496937494,6.4306545693559425,7.927478388994633,4.54465271070702,1.1579527002175556,0.0,52.0,7.8,45.0,45.0,0.0,0.5100208998489869,1.0,25.331206281696016,34.999189975826226,1.2138949714522875,35.182230946800026,65.38974369939666,56.239177784792574,9.150565914604087,0.0,0.0,0.0,0.0,0.0,0.0,0.0,0.0,0.0,0.0,0.0,0.0,0.5097887564884118,0.1279445736700029,0.0
5,holiday_return,春节返乡日,30.0,3.75,0.25,35.50860108715578,40.74472907442868,3.5260456086661134,0.0,5.0,-5.0,0.0,56.888844226029775,0.0,4.798895962674102,0.0,0.0,0.0,13.11485514764132,41.967536472452224,1.1753485362220377,3.5260456086661134,0.0,0.0,2.0900394550106314,0.0,35.60184319049932,1.2228073980235432,0.0,38.222832973551306,0.0,0.0,0.0,0.0,0.0,0.0,15.256092170785712,6.488030982312265,7.970525249701544,4.552511090274011,1.1634504377779933,0.0,52.0,7.8,45.0,45.0,0.0,0.4811463538582972,1.0,25.56619278275216,35.85536158549724,1.2341159630331395,35.50860108715578,61.68774018870388,56.888844226029775,4.798895962674102,0.0,0.0,0.0,0.0,0.0,0.0,0.0,0.0,0.0,0.0,0.0,0.0,0.972922283717061,0.05777426165957733,0.0
5,holiday_return,春节返乡日,30.0,4.0,0.25,35.93853827799786,41.40362114915331,3.5129866483841146,0.0,5.0,-5.0,0.0,57.52033220346263,0.0,3.311894727682585,0.0,0.0,0.0,13.320758920992764,42.62642854717685,1.1709955494613715,3.5129866483841146,0.0,0.0,2.0900394550106314,0.0,36.09644746890481,1.2228073980235432,0.0,38.494138314095125,0.0,0.0,0.0,0.0,0.0,0.0,15.486528306613321,6.555152036159702,8.01667044319007,4.56151170707277,1.1696904890714896,0.0,52.0,7.8,45.0,45.0,0.0,0.4744736003534255,1.0,25.875747560158455,36.43518661125491,1.22954532693444,35.93853827799786,60.832226931145215,57.52033220346263,3.311894727682585,0.0,0.0,0.0,0.0,0.0,0.0,0.0,0.0,0.0,0.0,0.0,0.0,0.6588920747246263,-0.013058960281998822,0.0
5,holiday_return,春节返乡日,30.0,4.25,0.25,36.376592858544655,42.12915810554625,3.4557077037017336,0.0,4.569912984541887,-4.569912984541887,0.0,57.73593708586331,0.0,0.0,0.0,0.0,0.0,13.54748921986556,43.351965503569794,1.1519025679005779,3.4557077037017336,0.0,0.0,2.0900394550106314,0.0,36.591027017096394,1.2228073980235432,0.0,38.76530800196867,0.0,0.0,0.0,0.0,0.0,0.0,15.757296762825213,6.633111637996388,8.06585645147619,4.57177415051892,1.1767407194379296,0.0,52.0,7.8,45.0,45.0,0.0,0.45032344401784524,1.0,26.191146858152152,37.0736591328807,1.2094976962956068,36.376592858544655,57.73593708586331,57.73593708586331,0.0,0.0,0.0,0.0,0.0,0.0,0.0,0.0,0.0,0.0,0.0,0.43008701545811334,0.0,0.7255369563929435,-0.05727894468238093,0.0
5,holiday_return,春节返乡日,30.0,4.5,0.25,36.83448590596004,43.159378622446916,3.5088888582384383,0.0,4.235044326417039,-4.235044326417039,0.0,58.198632438197535,0.0,0.0,0.0,0.0,0.0,13.869433131397017,44.382186020470456,1.1696296194128128,3.5088888582384383,0.0,0.0,2.0900394550106314,0.0,37.08558183631057,1.2228073980235432,0.0,39.036342104998276,0.0,0.0,0.0,0.0,0.0,0.0,16.070857874378383,6.7230064022510145,8.117982419158102,4.583422246266781,1.1846696315386707,0.0,52.0,7.8,45.0,45.0,0.0,0.45393233260805427,1.0,26.520829852291225,37.980253187753284,1.2281111003834533,36.83448590596004,58.198632438197535,58.198632438197535,0.0,0.0,0.0,0.0,0.0,0.0,0.0,0.0,0.0,0.0,0.0,0.33486865812484723,0.0,1.0302205169006626,0.05318115453670469,0.0
5,holiday_return,春节返乡日,30.0,4.75,0.25,37.51507281687095,44.03817039101838,3.5182314382444204,0.0,4.235044326417039,-4.235044326417039,0.0,59.15695597012236,0.0,0.33663316638655516,0.0,0.0,0.0,14.1440555590756,45.260977789041924,1.1727438127481402,3.5182314382444204,0.0,0.0,2.0900394550106314,0.0,37.580111927783776,1.2228073980235432,0.0,39.30724069097637,0.0,0.0,0.0,0.0,0.0,0.0,16.4275843577387,6.825907113107909,8.172902336108878,4.596582676284135,1.1935453165170355,0.0,52.0,7.8,45.0,45.0,0.0,0.464032616584918,1.0,27.010852428147082,38.75358994409618,1.231381003385547,37.51507281687095,59.493589136508916,59.15695597012236,0.33663316638655516,0.0,0.0,0.0,0.0,0.0,0.0,0.0,7.105427357601002e-15,0.0,0.0,0.0,0.0,0.8787917685714675,0.009342580005982093,0.0
5,holiday_return,春节返乡日,30.0,5.0,0.25,38.41199678766314,45.16614706089473,3.4984228599878375,0.0,3.860141017467882,-3.860141017467882,0.0,60.024866481882896,0.0,0.0,0.0,0.0,0.0,14.496548268411958,46.38895445891827,1.1661409533292793,3.4984228599878375,0.0,0.0,2.0900394550106314,0.0,38.074617292752414,1.2228073980235432,0.0,39.578003827661476,0.0,0.0,0.0,0.0,0.0,0.0,16.825075489963734,6.9428255904686855,8.230424212552332,4.611383312205518,1.203434250966751,0.0,52.0,7.8,45.0,45.0,0.0,0.46817642468734244,1.0,27.65663768711746,39.746209413587366,1.224448000995743,38.41199678766314,60.024866481882896,60.024866481882896,0.0,0.0,0.0,0.0,0.0,0.0,0.0,0.0,0.0,0.0,0.0,0.3749033089491576,0.0,1.1279766698763467,-0.019808578256582887,0.0
5,holiday_return,春节返乡日,30.0,5.25,0.25,38.95494687211559,46.046447756591206,3.4720386168845847,0.0,3.1816245819271387,-3.1816245819271387,0.0,60.15559935049867,0.0,0.0,0.0,0.0,0.0,14.771642235817108,47.26925515461475,1.157346205628195,3.4720386168845847,0.0,0.0,2.0900394550106314,0.0,38.5690979324528,1.2228073980235432,0.0,39.84863158277824,0.0,0.0,0.0,0.0,0.0,0.0,17.25760994550442,7.074677428247333,8.290310379633805,4.6279512574984665,1.2143999463019854,0.0,52.0,7.8,45.0,45.0,0.0,0.4691961028741507,1.0,28.047561747923226,40.52087402580026,1.2152135159096045,38.95494687211559,60.15559935049867,60.15559935049867,0.0,0.0,0.0,0.0,0.0,0.0,0.0,0.0,0.0,0.0,0.0,0.6785164355407431,0.0,0.8803006956964765,-0.026384243103252825,0.0
5,holiday_return,春节返乡日,30.0,5.5,0.25,39.677275364647016,46.756977160446866,3.3634050199916143,0.0,3.1816245819271387,-3.1816245819271387,0.0,58.591590315877674,0.0,2.0000738996679033,0.0,0.0,0.0,14.611555362639645,46.756977160446866,1.1211350066638714,3.3634050199916143,0.0,0.0,0.0,0.0,38.56716947755618,0.0,0.0,39.828707266986854,0.0,0.0,0.0,0.0,0.0,0.0,17.715852961152066,7.222241359565747,8.352279022052926,4.646410601804602,1.2265014624274597,0.0,52.0,7.8,45.0,45.0,0.0,0.47259728144255364,1.0,28.567638262545852,41.146139901193244,1.177191756997065,39.677275364647016,60.59166421554558,58.591590315877674,2.0000738996679033,0.0,0.0,0.0,0.0,0.0,0.0,0.0,7.105427357601002e-15,0.0,0.0,0.0,0.0,-0.5122779941678814,-0.10863359689297036,0.0
5,holiday_return,春节返乡日,30.0,5.75,0.25,40.16259907466876,47.62878253291188,3.4654440210956676,0.0,2.9185350061056496,-2.9185350061056496,0.0,59.12027662934126,0.0,0.0,0.0,0.0,0.0,14.88399454153496,47.62878253291188,1.1551480070318891,3.4654440210956676,0.0,0.0,0.0,0.0,38.5652411190823,0.0,0.0,39.808792913353365,0.0,0.0,0.0,0.0,0.0,0.0,18.18692082740795,7.386116303571432,8.416007014798572,4.666879899763706,1.2397918033022686,0.0,52.0,7.8,45.0,45.0,0.0,0.461120888077374,1.0,28.91707133376151,41.913328628962454,1.2129054073834835,40.16259907466876,59.12027662934126,59.12027662934126,0.0,0.0,0.0,0.0,0.0,0.0,0.0,0.0,0.0,0.0,0.0,0.26308957582148906,0.0,0.8718053724650119,0.10203900110405328,0.0
5,holiday_return,春节返乡日,30.0,6.0,0.25,40.772098900088025,48.11043753337233,3.5069515504162294,0.10301976380601019,0.0,0.10301976380601019,0.0,56.529112427056596,0.0,0.0,0.0,0.0,0.0,14.691049440635831,47.011358210034665,1.168983850138743,3.5069515504162294,0.0,0.0,0.0,0.0,38.56331285702635,0.0,1.0990793233376606,39.49965711601836,0.0,0.0,0.0,0.0,0.0,0.0,18.654870698030386,7.566677448286375,8.481134094012406,4.6894693965312575,1.2543162179203147,0.0,52.0,7.8,45.0,45.0,0.0,0.44091056420485664,1.0,29.355911208063375,42.337185029367646,1.2274330426456803,40.772098900088025,56.529112427056596,56.529112427056596,0.0,0.05666087009330561,0.014165217523326402,0.4249565256997921,0.0,0.0,0.0,0.0,7.105427357601002e-15,0.0,0.0,3.02155476991166,0.0,-0.6174243228772127,0.04150752932056179,0.0
5,holiday_return,春节返乡日,30.0,6.25,0.25,41.59399164487001,48.87532527405701,3.561590102610363,0.0,0.5171406528874982,-0.5171406528874982,0.0,58.228405858227426,0.0,0.6128050048228317,0.0,0.0,0.0,14.930076859599795,47.77624595071935,1.187196700870121,3.561590102610363,0.0,0.0,0.0,0.0,38.561384691383495,0.0,1.0990793233376606,39.19067588658203,0.0,0.0,0.0,0.0,0.0,0.0,19.101628614312148,7.764033005644941,8.547268343447353,4.714278032830902,1.270110436205285,0.0,52.0,7.8,45.0,45.0,0.0,0.45894425661824045,1.0,29.947673984306405,43.01028624117017,1.246556535913627,41.59399164487001,58.84121086305026,58.228405858227426,0.6128050048228317,0.0,0.0,0.0,0.0,0.0,0.0,0.0,7.105427357601002e-15,0.0,0.0,-0.6201604166935084,0.0,0.764887740684685,0.054638552194133716,0.0
5,holiday_return,春节返乡日,30.0,6.5,0.25,42.20419616553493,49.31765630118919,3.6237778943899186,0.0,0.5171406528874982,-0.5171406528874982,0.0,58.997568088797664,0.0,0.0,0.0,0.0,0.0,15.068305305578601,48.21857697785153,1.2079259647966396,3.6237778943899186,0.0,0.0,0.0,0.0,38.55945662214893,0.0,1.0990793233376606,38.88184914776041,0.0,0.0,0.0,0.0,0.0,0.0,19.508300797980567,7.977983519345744,8.613992924287187,4.741390273451254,1.2871988751224155,0.0,52.0,7.8,45.0,45.0,0.0,0.46016379730554124,1.0,30.38702123918515,43.399537545046485,1.2683222630364714,42.20419616553493,58.997568088797664,58.997568088797664,0.0,0.0,0.0,0.0,0.0,0.0,0.0,0.0,0.0,0.0,0.0,0.0,0.0,0.44233102713217676,0.06218779177955547,0.0
5,holiday_return,春节返乡日,30.0,6.75,0.25,42.56238821757537,49.5470852237989,3.6789644037467686,0.0,1.826741023864166,-1.826741023864166,0.0,60.755452553249256,0.0,0.0,0.0,0.0,0.0,15.140001843894137,48.44800590046124,1.2263214679155896,3.6789644037467686,0.0,0.0,0.0,0.0,38.557528649317824,0.0,1.0990793233376606,38.573176822308206,0.0,0.0,0.0,0.0,0.0,0.0,19.85674429360435,8.207985793114666,8.68087391911847,4.7708728142498655,1.3055928557041865,0.0,52.0,7.8,45.0,45.0,0.0,0.4738747826324103,1.0,30.644919516654262,43.601434996943034,1.287637541311369,42.56238821757537,60.755452553249256,60.755452553249256,0.0,0.0,0.0,0.0,0.0,0.0,0.0,0.0,0.0,0.0,0.0,-1.3096003709766677,0.0,0.22942892260971348,0.05518650935684999,0.0
5,holiday_return,春节返乡日,30.0,7.0,0.25,43.135579652182884,49.678320622586526,3.769265194753665,0.0,5.0,-5.0,0.0,62.03533533927869,0.43847264699641103,0.5448342077154535,0.0,0.0,0.0,15.181012906015269,48.579241299248864,1.256421731584555,3.769265194753665,0.0,0.0,0.0,2.537678950504013,37.887790522752724,0.0,1.0990793233376606,38.26465883301872,0.0,0.0,0.0,0.0,0.0,0.0,20.13121670033314,8.453123616580214,8.747469102891415,4.802771233561842,1.3252888764197575,0.0,88.0,13.2,45.0,45.0,0.013236620767073657,0.4881070421653084,1.0,31.057617349571675,43.71692214787614,1.3192428181637827,43.135579652182884,63.01864219399055,62.03533533927869,0.9833068547118646,0.0,0.0,0.0,0.0,0.0,0.0,0.0,0.0,0.0,0.0,-3.173258976135834,0.0,0.13123539878762358,0.09030079100689647,0.0
5,holiday_return,春节返乡日,30.0,7.25,0.25,43.653302730328726,49.427393216602226,3.9547130078154376,0.0,5.0,-5.0,0.0,62.5364595407417,1.3284346370051539,3.947746440536747,0.0,0.0,0.0,15.102598091645175,48.328313893264564,1.3182376692718125,3.9547130078154376,0.0,0.0,0.0,2.537678950504013,37.218085883093956,0.0,1.0990793233376606,37.956295102723885,0.0,0.0,0.0,0.0,0.0,0.0,20.319893880446465,8.712087480019807,8.813337397434944,4.837106663981148,1.3462669921308321,0.0,88.0,13.2,45.0,45.0,0.04010281057287093,0.5185573859441491,1.0,31.43037796583668,43.49610603060996,1.384149552735403,43.653302730328726,67.81264061828361,62.5364595407417,5.276181077541901,0.0,0.0,0.0,0.0,0.0,0.0,0.0,7.105427357601002e-15,0.0,0.0,0.0,0.0,-0.2509274059842994,0.1854478130617725,0.0
5,holiday_return,春节返乡日,30.0,7.5,0.25,44.11727535832173,49.09586448636901,4.08120999489733,0.0,5.0,-5.0,0.0,62.93899510289745,2.364511031274156,5.369777089175344,0.0,0.0,0.0,14.998995363447296,47.99678516303135,1.3604033316324433,4.08120999489733,0.0,0.0,0.0,2.537678950504013,36.54841472866717,0.0,1.0990793233376606,37.6480855542942,0.0,0.0,0.0,0.0,0.0,0.0,20.41604788860703,8.983165372675376,8.878048714443327,4.87387256931688,1.3684893505187623,0.0,88.0,13.2,45.0,45.0,0.07137990484682256,0.5327884694140783,1.0,31.764438257991642,43.20436074800473,1.4284234982140656,44.11727535832173,70.67328322334696,62.93899510289745,7.7342881204494995,0.0,0.0,0.0,0.0,0.0,0.0,0.0,7.105427357601002e-15,0.0,0.0,0.0,0.0,-0.3315287302332166,0.1264969870818926,0.0
5,holiday_return,春节返乡日,30.0,7.75,0.25,44.56705852101984,48.76157109020138,4.2084558194734445,0.0,5.0,-5.0,0.0,63.326726854151886,3.3857552251233605,6.325328809118247,0.0,0.0,0.0,14.89452867714491,47.66249176686372,1.402818606491148,4.2084558194734445,0.0,0.0,0.0,2.537678950504013,35.878777057798104,0.0,1.0990793233376606,37.34003011063872,0.0,0.0,0.0,0.0,0.0,0.0,20.418716999184813,9.26424654156453,8.941193847923186,4.91303171864422,1.391898939106604,0.0,88.0,13.2,45.0,45.0,0.10220924436698749,0.5432656881027128,1.0,32.088282135134286,42.91018255937721,1.4729595368157056,44.56705852101984,73.0378108883935,63.326726854151886,9.711084034241608,0.0,0.0,0.0,0.0,0.0,0.0,0.0,7.105427357601002e-15,0.0,0.0,0.0,0.0,-0.3342933961676309,0.12724582457611433,0.0
5,holiday_return,春节返乡日,30.0,8.0,0.25,44.92594054533344,48.174151460626994,4.262358649719252,0.0,5.0,-5.0,0.0,63.52000785430543,4.894852197708208,7.98445585910315,0.0,0.0,0.0,14.710960042902915,47.07507213728933,1.4207862165730838,4.262358649719252,0.0,0.0,0.0,2.537678950504013,35.20917286881258,0.0,1.0990793233376606,37.03212869470507,0.0,0.0,0.0,0.0,0.0,0.0,20.332770017957245,9.552839743837302,9.002394043980377,4.95451345430169,1.4164185956342732,0.0,88.0,13.2,45.0,45.0,0.14776589302837612,0.5577139297866428,1.0,32.34667719264007,42.393253285351754,1.491825527401738,44.92594054533344,76.39931591111679,63.52000785430543,12.879308056811357,0.0,0.0,0.0,0.0,0.0,0.0,0.0,1.4210854715202004e-14,0.0,0.0,0.0,0.0,-0.5874196295743843,0.05390283024580711,0.0
5,holiday_return,春节返乡日,30.0,8.25,0.25,45.34617677080739,47.45073931459577,4.3810331995710605,0.0,5.0,-5.0,0.0,63.753735967428554,6.556652613795032,8.162152159285654,0.0,0.0,0.0,14.484893747268158,46.35165999125811,1.4603443998570202,4.3810331995710605,0.0,0.0,0.0,2.537678950504013,34.53960216003651,0.0,1.0990793233376606,36.72438122947939,0.0,0.0,0.0,0.0,0.0,0.0,20.168355658107767,9.846107057534763,9.061309856468025,4.998211352998994,1.4419503324173917,0.0,88.0,13.2,45.0,45.0,0.19793235620227292,0.5609229200291892,1.0,32.64924727498132,41.75665059684428,1.5333616198498712,45.34617677080739,78.47254074050925,63.753735967428554,14.718804773080686,0.0,0.0,0.0,0.0,0.0,0.0,0.0,0.0,0.0,0.0,0.0,0.0,-0.7234121460312224,0.11867454985180892,0.0
5,holiday_return,春节返乡日,30.0,8.5,0.25,45.68899937291842,46.40866044421703,4.463062844479962,0.0,5.0,-5.0,0.0,63.79825213751586,7.9600500596200785,5.079687132265519,0.0,0.0,0.0,14.159244100274801,45.309581120879365,1.487687614826654,4.463062844479962,0.0,0.0,0.0,2.537678950504013,33.87006492979587,0.0,1.0990793233376606,36.416787637986324,0.0,0.0,0.0,0.0,0.0,0.0,19.93981810282523,10.140913732205318,9.117648893981904,5.0439813785173095,1.4683750213287108,0.0,88.0,13.2,45.0,45.0,0.2402981455009107,0.5372278063607382,1.0,32.89607954850126,40.83962119091098,1.5620719955679867,45.68899937291842,76.83798932940145,63.79825213751586,13.039737191885598,0.0,0.0,0.0,0.0,0.0,0.0,0.0,0.0,0.0,0.0,0.0,0.0,-1.0420788703787451,0.08202964490890174,0.0
5,holiday_return,春节返乡日,30.0,8.75,0.25,45.89873467233848,45.575217357220154,4.6508053023497675,0.0,5.0,-5.0,0.0,63.81011729153933,9.660200852724794,2.4457294862970684,0.0,0.0,0.0,13.898793135588278,44.47613803388249,1.550268434116589,4.6508053023497675,0.0,0.0,0.0,2.537678950504013,33.20056117641675,0.0,1.0990793233376606,36.10934784328901,0.0,0.0,0.0,0.0,0.0,0.0,19.664235034407675,10.433893878910636,9.171172078992457,5.0916406205124645,1.4955524801487288,0.0,88.0,13.2,45.0,45.0,0.2916223305996241,0.516776250863337,1.0,33.047088964083706,40.10619127435373,1.6277818558224186,45.89873467233848,75.9160476305612,63.81011729153933,12.105930339021862,0.0,0.0,0.0,0.0,0.0,0.0,0.0,0.0,0.0,0.0,0.0,0.0,-0.8334430869968728,0.18774245786980526,0.0
5,holiday_return,春节返乡日,30.0,9.0,0.25,46.03015538071711,44.514984789479314,4.756056918485088,0.0,5.0,-5.0,0.0,63.645299194544066,11.489752990440154,3.037995077806883,0.0,0.0,0.0,13.567470458169266,43.41590546614165,1.585352306161696,4.756056918485088,0.0,0.0,0.0,2.537678950504013,32.531090898225294,0.0,1.0990793233376606,35.80206176848904,0.0,0.0,0.0,0.0,0.0,0.0,19.359780905837553,10.721531042776878,9.221698074809092,5.14096670648026,1.5233219932765087,0.0,88.0,13.2,45.0,45.0,0.34685288599781605,0.5201102164588087,1.0,33.14171187411632,39.173186614741795,1.6646199214697808,46.03015538071711,78.1730472627911,63.645299194544066,14.527748068247037,0.0,0.0,0.0,0.0,0.0,0.0,0.0,7.105427357601002e-15,0.0,0.0,0.0,0.0,-1.0602325677408402,0.10525161613532052,0.0
5,holiday_return,春节返乡日,30.0,9.25,0.25,46.454664786262256,43.427424129164166,4.814240441087901,0.0,5.0,-5.0,0.0,63.74934040127499,12.745562437186857,0.5375481946282861,0.0,0.0,0.0,13.227607751820782,42.328344805826504,1.604746813695967,4.814240441087901,0.0,0.0,0.0,2.537678950504013,31.861654093547745,0.0,1.0990793233376606,35.49492933672647,0.0,0.0,0.0,0.0,0.0,0.0,19.044128977220062,11.000251901253675,9.269105590922573,5.191697962944294,1.5515032902890038,0.0,88.0,13.2,45.0,45.0,0.3847632859193663,0.5014189521968824,1.0,33.447358646108825,38.216133233664465,1.6849841543807653,46.454664786262256,77.03245103309014,63.74934040127499,13.283110631815143,0.0,0.0,0.0,0.0,0.0,0.0,0.0,0.0,0.0,0.0,0.0,0.0,-1.0875606603151482,0.05818352260281312,0.0
5,holiday_return,春节返乡日,30.0,9.5,0.25,46.72048890428404,42.33083300326939,4.946370305376501,0.0,5.0,-5.0,3.9320775137025663,62.66558680589533,10.28063514989366,0.0,0.0,0.0,0.0,13.228385313521684,42.33083300326939,1.648790101792167,4.946370305376501,0.0,0.0,0.0,0.0,31.86006101084307,0.0,0.0,35.47718187205811,0.0,0.0,0.0,0.0,0.0,0.0,18.733081198814524,11.266530524197947,9.313333351339375,5.2435343874494835,1.579897994784475,0.0,88.0,13.2,45.0,45.0,0.4290536453940955,0.4887732718334914,1.0,33.638752011084506,37.251133042877065,1.7312296068817752,46.72048890428404,76.87829946949155,66.5976643195979,10.28063514989366,0.0,0.0,0.0,0.0,0.0,0.0,0.0,7.105427357601002e-15,0.0,0.0,0.0,0.0,0.0024881974428865306,0.13212986428859974,0.0
5,holiday_return,春节返乡日,30.0,9.75,0.25,46.72447275998074,41.369842080177555,5.150614405943767,0.0,5.0,-5.0,3.7815628136374144,62.58785706504674,12.251761308906868,0.0,0.0,0.0,0.0,12.928075650055485,41.369842080177555,1.7168714686479223,5.150614405943767,0.0,0.0,0.0,0.0,31.858468007792528,0.0,0.0,35.459443281122084,0.0,0.0,0.0,0.0,0.0,0.0,18.439562952564007,11.516999858690712,9.35437760192237,5.29613947520614,1.6082915436188965,0.0,88.0,13.2,45.0,45.0,0.48401429940835,0.48816700256051687,1.0,33.64162038718613,36.405461030556246,1.8027150420803182,46.72447275998074,78.62118118759102,66.36941987868416,12.251761308906868,0.0,0.0,0.0,0.0,0.0,0.0,0.0,7.105427357601002e-15,0.0,0.0,0.0,0.0,-0.9609909230918348,0.20424410056726572,0.0
5,holiday_return,春节返乡日,30.0,10.0,0.25,46.74461181243801,40.261680502552586,5.213746460249064,0.0,5.0,-5.0,4.757910996494893,61.30639145974049,12.568392633471078,0.0,0.0,0.0,0.0,12.581775157047682,40.261680502552586,1.737915486749688,5.213746460249064,0.0,0.0,0.0,0.0,31.85687508439214,0.0,0.0,35.44171355948153,0.0,0.0,0.0,0.0,0.0,0.0,18.17305224777479,11.748566405634284,9.392287138407003,5.349142923597687,1.636455563392761,0.0,88.0,13.2,45.0,45.0,0.5230467898420775,0.4781719451682082,1.0,33.65612050495537,35.430278842246274,1.8248112610871723,46.74461181243801,78.63269508970646,66.06430245623538,12.568392633471078,0.0,0.0,0.0,0.0,0.0,0.0,0.0,7.105427357601002e-15,0.0,0.0,0.0,0.0,-1.1081615776249691,0.06313205430529756,0.0
5,holiday_return,春节返乡日,30.0,10.25,0.25,46.848258822425564,39.33452217748477,5.409450785786169,0.0,5.0,-5.0,8.530157904068297,57.41328936074998,10.128372103573302,0.0,0.0,0.0,0.0,12.29203818046399,39.33452217748477,1.803150261928723,5.409450785786169,0.0,0.0,0.0,0.0,31.85528224063792,0.0,0.0,35.42399270270179,0.0,0.0,0.0,0.0,0.0,0.0,17.939444049526898,11.958523480860528,9.427155952443664,5.402144214755273,1.664150677281882,0.0,88.0,13.2,45.0,45.0,0.5632640655558095,0.44780688601062907,1.0,33.730746352146404,34.6143795161866,1.893307775025159,46.848258822425564,76.07181936839157,65.94344726481827,10.128372103573302,0.0,0.0,0.0,0.0,0.0,0.0,0.0,0.0,0.0,0.0,0.0,0.0,-0.9271583250678148,0.19570432553710493,0.0
5,holiday_return,春节返乡日,30.0,10.5,0.25,46.78864716056742,38.49999028519533,5.5889904909922254,0.0,5.0,-5.0,9.262967866986102,56.4199230880356,10.59255865547511,0.0,0.0,0.0,0.0,12.03124696412354,38.49999028519533,1.8629968303307418,5.5889904909922254,0.0,0.0,0.0,0.0,31.853689476525886,0.0,0.0,35.40628070635044,0.0,0.0,0.0,0.0,0.0,0.0,17.74129225190997,12.144658043494845,9.459113713468598,5.454717051666488,1.6911297014917557,0.0,88.0,13.2,45.0,45.0,0.5993990195482891,0.44005891925580454,1.0,33.687825955608545,33.87999145097189,1.9561466718472789,46.78864716056742,76.27544961049682,65.6828909550217,10.59255865547511,0.0,0.0,0.0,0.0,0.0,0.0,0.0,0.0,0.0,0.0,0.0,0.0,-0.8345318922894407,0.17953970520605633,0.0
5,holiday_return,春节返乡日,30.0,10.75,0.25,46.72242244072376,37.82539189146889,5.881681389879488,0.0,5.0,-5.0,11.691295978972647,53.8121218911283,9.106322978470136,0.0,0.0,0.0,0.0,11.820434966084028,37.82539189146889,1.9605604632931628,5.881681389879488,0.0,0.0,0.0,0.0,31.85209679205206,0.0,0.0,35.38857756599727,0.0,0.0,0.0,0.0,0.0,0.0,17.578332687151633,12.305345867838907,9.488314423350637,5.506414597592846,1.717141177245591,0.0,88.0,13.2,45.0,45.0,0.6278389242374456,0.41971883168506524,1.0,33.64014415732111,33.28634486449263,2.0585884864578206,46.72242244072376,74.60974084857108,65.50341787010095,9.106322978470136,0.0,0.0,0.0,0.0,0.0,0.0,0.0,-7.105427357601002e-15,0.0,0.0,0.0,0.0,-0.6745983937264413,0.29269089888726274,0.0
5,holiday_return,春节返乡日,30.0,11.0,0.25,46.5961507881338,36.987156740404,6.142839340838049,0.0,5.0,-5.0,18.494990645135765,49.17942650487995,2.678733237958941,0.0,0.0,0.0,0.0,11.940613793258605,38.20996413842754,2.047613113612683,6.142839340838049,0.0,0.0,2.0900394550106314,0.0,32.34688855777748,1.2228073980235432,0.0,35.66130003424486,0.0,0.0,0.0,0.0,0.0,0.0,17.448173727181484,12.439629865366225,9.514923691987583,5.55677544278461,1.7419331717989983,0.0,70.0,10.5,45.0,45.0,0.6391927870236086,0.38358516092956363,1.0,33.54922856745633,32.548697931555516,2.149993769293317,46.5961507881338,70.35315038797465,67.67441715001571,2.678733237958941,0.0,0.0,0.0,0.0,0.0,0.0,0.0,-7.105427357601002e-15,0.0,0.0,0.0,0.0,0.38457224695864767,0.26115795095856065,0.0
5,holiday_return,春节返乡日,30.0,11.25,0.25,46.697327438803896,36.26511590288973,6.369234095777654,0.0,5.0,-5.0,19.3285876110711,48.29683334620471,2.381047198218532,0.0,0.0,0.0,0.0,11.714976031535397,37.48792330091327,2.1230780319258846,6.369234095777654,0.0,0.0,2.0900394550106314,0.0,32.841655583914616,1.2228073980235432,0.0,35.933886141258334,0.0,0.0,0.0,0.0,0.0,0.0,17.34704490418143,12.547276655744007,9.539105178547624,5.605330197525103,1.7652572710088608,0.0,70.0,10.5,45.0,45.0,0.6553708764519133,0.376701192106296,1.0,33.6220757559388,31.913301994542966,2.2292319335221786,46.697327438803896,70.00646815549433,67.62542095727581,2.381047198218532,0.0,0.0,0.0,0.0,0.0,0.0,0.0,0.0,0.0,0.0,0.0,0.0,-0.722040837514264,0.22639475493960504,0.0
5,holiday_return,春节返乡日,30.0,11.5,0.25,46.844066992631426,35.58801605108061,6.8273060230657485,0.0,2.966760618844411,-2.966760618844411,21.902896240052307,43.777121828634456,-3.552713678800501e-15,0.0,0.0,0.0,0.0,11.503382327845046,36.81082344910415,2.2757686743552497,6.8273060230657485,0.0,0.0,2.0900394550106314,0.0,33.33639787170044,1.2228073980235432,0.0,36.2063359552183,0.0,0.0,0.0,0.0,0.0,0.0,17.2705134096905,12.62880705491075,9.561006818315848,5.6516085873581305,1.7868726769384464,0.0,70.0,10.5,45.0,45.0,0.6612050562700411,0.3414487625227514,1.0,33.727728234694624,31.317454124950935,2.389557108073012,46.844066992631426,65.68001806868676,65.68001806868676,-3.552713678800501e-15,0.0,0.0,0.0,0.0,0.0,0.0,0.0,0.0,0.0,0.0,2.033239381155589,0.0,-0.6770998518091247,0.45807192728809465,0.0
5,holiday_return,春节返乡日,30.0,11.75,0.25,46.639492542245875,35.20640333880808,7.069734580470442,2.8805725477447623,0.0,2.8805725477447623,22.557468921267564,37.032197076994215,-3.552713678800501e-15,0.0,0.0,0.0,0.0,11.38412835525988,36.42921073683162,2.3565781934901473,7.069734580470442,0.0,0.0,2.0900394550106314,0.0,33.83111542237188,1.2228073980235432,0.0,36.478649544271285,0.0,0.0,0.0,0.0,0.0,0.0,17.214106415837282,12.685496996457504,9.580747503239655,5.695146905883207,1.8065503172708026,0.0,70.0,10.5,45.0,45.0,0.6809653090590911,0.28884031972078034,1.0,33.58043463041703,30.98163493815111,2.4744071031646544,46.639492542245875,59.58966599826178,59.58966599826178,-3.552713678800501e-15,1.5843149012596194,0.39607872531490484,11.882361759447145,0.0,0.0,0.0,0.0,0.0,0.0,0.0,5.8473331665891735,0.0,-0.3816127122725277,0.24242855740469338,0.0
5,holiday_return,春节返乡日,30.0,12.0,0.25,46.46212702448516,34.704137382124244,7.225327606705329,5.923069179765293,0.0,5.923069179765293,23.290022139748977,32.63744363315989,0.0,0.0,0.6873769298063811,0.24058192543223336,0.3093196184128715,11.13050786304216,35.617625161734914,2.408442535568443,7.225327606705329,0.0,0.0,2.0900394550106314,0.0,34.325808237165745,1.2228073980235432,0.0,36.75082697652958,0.0,0.0,0.0,0.0,0.0,0.0,17.173806992595992,12.719346517740412,9.598404900513795,5.735495663618433,1.8240768692696459,0.0,70.0,10.5,45.0,45.0,0.7030796398187408,0.2545625266108572,1.0,33.45273145762932,30.539640896269336,2.528864662346865,46.46212702448516,55.92746577290887,55.92746577290887,0.0,3.3951634348321877,0.8487908587080469,25.46372576124141,0.0,0.0,0.0,0.0,-7.105427357601002e-15,0.0,0.0,3.042496632020531,0.24058192543223336,-0.8115855750967071,0.1555930262348868,0.0
5,holiday_return,春节返乡日,30.0,12.25,0.25,46.45144517844682,34.39481776371137,7.471377029261611,4.447788668246027,0.0,4.447788668246027,23.708825165751435,34.00583767225602,3.552713678800501e-15,0.0,0.0,0.0,0.0,11.13050786304216,35.617625161734914,2.4904590097538706,7.471377029261611,0.0,0.0,2.0900394550106314,0.0,34.820476317318914,1.2228073980235432,0.0,37.02286832007191,0.0,0.0,0.0,0.0,0.0,0.0,17.146417427617585,12.733015796101931,9.614005074678444,5.772227258905498,1.8392585999213824,0.0,70.0,10.5,45.0,45.0,0.7157224736859645,0.2652356003940511,1.0,33.445040528481705,30.267439632066008,2.614981960241564,46.45144517844682,57.714662838007456,57.714662838007456,3.552713678800501e-15,2.4462837675353146,0.6115709418838287,18.34712825651486,0.0,0.0,0.0,0.0,0.0,0.0,0.0,-1.4752805115192666,-0.24058192543223336,0.0,0.2460494225562826,0.0
5,holiday_return,春节返乡日,30.0,12.5,0.25,46.611059977407635,34.17807606432705,7.509279747424025,5.1209536070735595,0.0,5.1209536070735595,23.85509467019878,33.02657040940471,3.552713678800501e-15,0.0,0.5388027044425314,0.188580946554886,0.24246121699913914,10.987006951672328,35.15842224535145,2.5030932491413416,7.509279747424025,0.0,0.0,2.0900394550106314,0.0,35.31511966406807,1.2228073980235432,0.0,37.29477364294247,0.0,0.0,0.0,0.0,0.0,0.0,17.129802529355597,12.729728767995118,9.627514523365473,5.804943489303339,1.851924925857258,0.0,70.0,10.5,45.0,45.0,0.7201380603215732,0.257597601797695,1.0,33.559963183733494,30.076706936607806,2.6282479115984088,46.611059977407635,56.88166507960349,56.88166507960349,3.552713678800501e-15,2.9242850247789645,0.7310712561947411,21.932137685842232,0.0,0.0,0.0,0.0,0.0,0.0,0.0,0.6731649388275329,0.188580946554886,-0.459202916383461,0.03790271816241386,0.0
5,holiday_return,春节返乡日,30.0,12.75,0.25,46.560566311654874,33.93561484732791,7.782220839408136,4.694984961415955,0.0,4.694984961415955,23.972855306225377,33.56384606383255,-3.552713678800501e-15,0.0,-0.0,0.0,0.0,10.987006951672328,35.15842224535145,2.5940736131360453,7.782220839408136,0.0,0.0,2.0900394550106314,0.0,35.809738278649895,1.2228073980235432,0.0,37.56654301315159,0.0,0.0,0.0,0.0,0.0,0.0,17.123035728673802,12.713146542002859,9.638835145776142,5.833282719853247,1.861931601718425,0.0,70.0,10.5,45.0,45.0,0.7236930206846677,0.2617881949585727,1.0,33.523607744391505,29.863341065648562,2.7237772937928475,46.560566311654874,57.536701370057926,57.536701370057926,-3.552713678800501e-15,2.5822417287787753,0.6455604321946938,19.366812965840815,0.0,0.0,0.0,0.0,0.0,0.0,0.0,-0.42596864565760484,-0.188580946554886,0.0,0.27294109198411043,0.0
5,holiday_return,春节返乡日,30.0,13.0,0.25,46.21992290165741,33.76263181615504,7.9544928286904,1.413152596671928,0.0,1.413152596671928,23.55532093994448,36.92593618404591,-3.552713678800501e-15,0.0,0.0,0.0,0.0,10.932949754430807,34.985439214178584,2.651497609563467,7.9544928286904,0.0,0.0,2.0900394550106314,0.0,36.30433216230099,1.2228073980235432,0.0,37.83817649867561,0.0,0.0,0.0,0.0,0.0,0.0,17.12647301649979,12.68721454645595,9.64780253919423,5.856926528266881,1.8691634536951827,0.0,70.0,10.5,45.0,45.0,0.7110884851417107,0.2880115157956664,1.0,33.27834448919334,29.71111599821644,2.78407249004164,46.21992290165741,60.48125712399039,60.48125712399039,-3.552713678800501e-15,0.7772339281695605,0.19430848204239012,5.829254461271704,0.0,0.0,0.0,0.0,0.0,0.0,0.0,-3.2818323647440266,0.0,-0.17298303117286906,0.1722719892822644,0.0
5,holiday_return,春节返乡日,30.0,13.25,0.25,46.33852118047744,33.55417070850329,7.828319242805456,0.0,0.0,0.0,21.26897583138821,40.63683020999132,1.3966542866767497,0.0,0.0,0.0,0.0,10.867805658289635,34.77697810652683,2.6094397476018187,7.828319242805456,0.0,0.0,2.0900394550106314,0.0,36.7989013162579,1.2228073980235432,0.0,38.109674167456866,0.0,0.0,0.0,0.0,0.0,0.0,17.141775691102367,12.655989039888075,9.654187867515674,5.87560565654106,1.8735365858306066,0.0,70.0,10.5,45.0,45.0,0.684230481364655,0.31695540520831705,1.0,33.36373524994376,29.527670223482897,2.7399117349819093,46.33852118047744,63.30246032805628,61.90580604137953,1.3966542866767497,0.0,0.0,0.0,0.0,0.0,0.0,0.0,0.0,0.0,0.0,-1.413152596671928,0.0,-0.2084611076517504,-0.12617358588494376,0.0
5,holiday_return,春节返乡日,30.0,13.5,0.25,46.835707254945696,33.605486259388776,8.090526329078632,0.16698241916141532,0.0,0.16698241916141532,21.83310529041775,40.450394673226526,3.552713678800501e-15,0.0,0.11403455752329705,0.03991209513315397,0.051315550885483674,10.867805658289635,34.77697810652683,2.696842109692877,8.090526329078632,0.0,0.0,2.0900394550106314,0.0,37.29344574175711,1.2228073980235432,0.0,38.38103608740373,0.0,0.0,0.0,0.0,0.0,0.0,17.171894826373606,12.623450153528635,9.657703374097466,5.889105113564341,1.875,0.0,70.0,10.5,45.0,45.0,0.659098205729615,0.3155012624812599,1.0,33.7217092235609,29.572827908262123,2.831684215177521,46.835707254945696,62.283499963644275,62.283499963644275,3.552713678800501e-15,0.11464724204343785,0.028661810510859462,0.8598543153257838,0.0,0.0,0.0,0.0,7.105427357601002e-15,0.0,0.0,0.16698241916141532,0.03991209513315397,0.0,0.26220708627317535,0.0
5,holiday_return,春节返乡日,30.0,13.75,0.25,47.18793226084407,33.56589101926983,8.212615201483581,1.536165247340878,0.0,1.536165247340878,20.68341939531333,40.58770087623795,-3.552713678800501e-15,0.0,0.16243129245605953,0.05685095235962083,0.07309408160522679,10.848626354902544,34.71560433568814,2.737538400494527,8.212615201483581,0.0,0.0,2.0900394550106314,0.0,37.787965440035045,1.2228073980235432,0.0,38.65226232639062,0.0,0.0,0.0,0.0,0.0,0.0,17.221020650881904,12.593309919736447,9.658011428041478,5.897268293550466,1.8735365858306066,0.0,70.0,10.5,45.0,45.0,0.6243914656421872,0.3165722107562167,1.0,33.97531122780773,29.537984096957448,2.8744153205192533,47.18793226084407,61.27112027155128,61.27112027155128,-3.552713678800501e-15,0.8773771445286949,0.21934428613217372,6.580328583965212,0.0,0.0,0.0,0.0,0.0,0.0,0.0,1.3691828281794627,0.01693885722646686,-0.06137377083869211,0.12208887240494981,0.0
5,holiday_return,春节返乡日,30.0,14.0,0.25,47.30427958807204,33.4927969376646,8.338192668591333,0.0,-0.0,0.0,18.558271976267562,44.464070977914766,0.9738413391785201,0.0,0.0,0.0,0.0,10.848626354902544,34.71560433568814,2.779397556197111,8.338192668591333,0.0,0.0,2.0900394550106314,0.0,38.28246041232807,1.2228073980235432,0.0,38.92335295225802,0.0,0.0,0.0,0.0,0.0,0.0,17.294490711907574,12.56882466074896,9.654736808346748,5.9,1.8691634536951827,0.0,70.0,10.5,45.0,45.0,0.5896358153857331,0.3468067652223349,1.0,34.05908130341187,29.473661305144848,2.9183674340069663,47.30427958807204,63.99618429336085,63.02234295418233,0.9738413391785201,0.0,0.0,0.0,0.0,0.0,-0.0,0.0,0.0,0.0,0.0,-1.536165247340878,-0.05685095235962083,0.0,0.12557746710775142,0.0
5,holiday_return,春节返乡日,30.0,14.25,0.25,47.44666567411655,33.583265933723595,8.500664967928424,0.0,0.0,0.0,16.59834032577362,46.648817708834024,1.4986220266240728,0.0,0.0,0.0,0.0,10.876897916170979,34.806073331747136,2.8335549893094747,8.500664967928424,0.0,0.0,2.0900394550106314,0.0,38.77693065987248,1.2228073980235432,0.0,39.194308032812486,0.0,0.0,0.0,0.0,0.0,0.0,17.398643434864287,12.552621570458422,9.647481754765677,5.897268293550466,1.861931601718425,0.0,70.0,10.5,45.0,45.0,0.5463114502936329,0.3638471515368611,1.0,34.16159928536392,29.553274021676764,2.9752327387749484,47.44666567411655,64.74578006123171,63.247158034607644,1.4986220266240728,0.0,0.0,0.0,0.0,0.0,0.0,0.0,7.105427357601002e-15,0.0,0.0,0.0,0.0,0.09046899605899483,0.16247229933709129,0.0
5,holiday_return,春节返乡日,30.0,14.5,0.25,47.88887429313761,33.61206126872684,8.330936543584928,0.3246117669229969,0.0,0.3246117669229969,16.6895337443069,46.59624862928178,0.0,0.0,0.06398963334054504,0.022396371669190764,0.02879533500324527,10.876897916170979,34.806073331747136,2.7769788478616424,8.330936543584928,0.0,0.0,2.0900394550106314,0.0,39.27137618390451,1.2228073980235432,0.0,39.465127635826676,0.0,0.0,0.0,0.0,0.0,0.0,17.540599676871057,12.546549239428163,9.635843158150264,5.889105113564341,1.851924925857258,0.0,70.0,10.5,45.0,45.0,0.5038239681903749,0.36343712807231404,1.0,34.47998949105908,29.57861391647962,2.9158277902547245,47.88887429313761,63.28578237358868,63.28578237358868,0.0,0.1913343984757573,0.04783359961893933,1.43500798856818,0.0,0.0,0.0,0.0,-7.105427357601002e-15,0.0,0.0,0.3246117669229969,0.022396371669190764,0.0,-0.16972842434349644,0.0
5,holiday_return,春节返乡日,30.0,14.75,0.25,48.424664821019306,33.763107082890556,8.370523732135725,0.0,0.0,0.0,14.89682487738029,49.34115225131388,0.29641931303945235,0.0,0.0,0.0,0.0,10.933098275285655,34.9859144809141,2.790174577378575,8.370523732135725,0.0,0.0,2.0900394550106314,0.0,39.76579698566034,1.2228073980235432,0.0,39.735811829039356,0.0,0.0,0.0,0.0,0.0,0.0,17.72795489411447,12.55156119970078,9.619431136221614,5.87560565654106,1.8392585999213824,0.0,70.0,10.5,45.0,45.0,0.4586539501328968,0.38484657451002,1.0,34.8657586711339,29.71153423294369,2.9296833062475036,48.424664821019306,64.53439644173362,64.23797712869417,0.29641931303945235,0.0,0.0,0.0,0.0,0.0,0.0,0.0,7.105427357601002e-15,0.0,0.0,-0.3246117669229969,-0.022396371669190764,0.17984114916696115,0.039587188550797237,0.0
5,holiday_return,春节返乡日,30.0,15.0,0.25,48.5309347784545,33.88413239323807,8.59164497167405,0.0,-0.0,0.0,10.804380710884544,49.9296924930785,2.8808320369447387,0.0,3.3256803393332817,1.1639881187666485,1.4965561526999769,10.50324488705051,33.610383638561636,2.8638816572246832,8.59164497167405,0.0,0.0,0.0,0.0,39.76380869581106,1.2228073980235432,0.0,40.00636068015543,0.0,0.0,0.0,0.0,0.0,0.0,17.968368974307744,12.56764028740939,9.59788815119116,5.856926528266881,1.8240768692696459,0.0,70.0,10.5,45.0,45.0,0.41312946771163345,0.38943701647721957,1.0,34.94227304048724,29.818036506049502,3.0070757400859174,48.5309347784545,63.61490524090778,60.73407320396304,2.8808320369447387,0.6651360678666564,0.1662840169666641,4.9885205089999225,0.0,0.0,-0.0,0.0,-7.105427357601002e-15,0.0,0.0,0.0,1.1639881187666485,-1.375530842352461,0.2211212395383253,0.0
5,holiday_return,春节返乡日,30.0,15.25,0.25,48.691585263149484,34.04073630178717,8.675964263742548,1.555181506269578,0.0,1.555181506269578,12.21329548448685,45.571629933527305,-3.552713678800501e-15,0.0,6.651360678666563,2.327976237533297,2.9931123053999538,10.08450981075336,32.27043139441076,2.8919880879141826,8.675964263742548,0.0,0.0,0.0,0.0,39.76182050537627,1.2228073980235432,0.0,40.27677425684595,0.0,0.0,0.0,0.0,0.0,0.0,18.269049585225233,12.593769766936612,9.570907779565085,5.833282719853247,1.8065503172708026,0.0,70.0,10.5,45.0,45.0,0.36869520083356244,0.35544540154692605,1.0,35.05794138946763,29.95584794557271,3.036587492309892,48.691585263149484,57.784925418014154,57.784925418014154,-3.552713678800501e-15,2.1856219641815806,0.5464054910453952,16.392164731361856,0.0,0.0,0.0,0.0,0.0,0.0,0.0,1.555181506269578,1.1639881187666485,-1.3399522441508793,0.08431929206849809,0.0
5,holiday_return,春节返乡日,30.0,15.5,0.25,48.74301751981785,34.455731752192506,8.769427437855976,3.5057774622452156,0.0,3.5057774622452156,10.849039660540512,43.183773299421425,-1.7763568394002505e-15,0.0,9.977041017999845,3.4919643562999454,4.48966845809993,9.364394779403929,29.966063294092574,2.923142479285325,8.769427437855976,0.0,0.0,0.0,0.0,39.759832414351,0.0,0.0,40.25663586971753,0.0,0.0,0.0,0.0,0.0,0.0,18.636137540125677,12.627954805642304,9.538252245274895,5.804943489303339,1.7868726769384464,0.0,70.0,10.5,45.0,45.0,0.32751101957493756,0.33682081731800373,1.0,35.09497261426885,30.321043941929407,3.069299603249591,48.74301751981785,54.03281295996194,54.03281295996194,-1.7763568394002505e-15,3.9235858078348382,0.9808964519587096,29.426893558761286,0.0,0.0,0.0,0.0,-7.105427357601002e-15,0.0,0.0,1.9505959559756376,1.1639881187666483,-2.3043681003181824,0.09346317411342753,0.0
5,holiday_return,春节返乡日,30.0,15.75,0.25,49.188188175333245,34.85431088828765,8.666516755671465,3.2428490166410624,0.0,3.2428490166410624,9.057744355926154,44.14175820797151,0.0,0.0,13.302721357333127,4.655952475066594,5.9862246107999075,9.021276961714918,28.86808627748774,2.888838918557155,8.666516755671465,0.0,0.0,0.0,0.0,39.75784442273029,0.0,0.0,40.23650755178267,0.0,0.0,0.0,0.0,0.0,0.0,19.07401812738665,12.667295153761096,9.49976787564299,5.772227258905498,1.7652572710088608,0.0,70.0,10.5,45.0,45.0,0.2734353621959859,0.34429281976760157,1.0,35.415495486239934,30.67179358169313,3.0332808644850124,49.188188175333245,53.19950256389767,53.19950256389767,0.0,4.44411123061921,1.1110278076548026,33.330834229644076,0.0,0.0,0.0,0.0,0.0,0.0,0.0,-0.2629284456041532,1.1639881187666488,-1.0979770166048333,-0.10291068218451116,0.0
5,holiday_return,春节返乡日,30.0,16.0,0.25,49.70996515322983,35.25390757320811,8.473211051963736,4.495412232410953,0.0,4.495412232410953,7.562021007751007,43.33547213125636,8.881784197001252e-16,0.0,16.62840169666641,5.819940593833243,7.482780763499884,8.67847712803382,27.771126809708228,2.824403683987912,8.473211051963736,0.0,0.0,0.0,0.0,39.75585653050915,0.0,0.0,40.21638929800678,0.0,0.0,0.0,0.0,0.0,0.0,19.584598981824026,12.7081069311746,9.455397733308086,5.735495663618433,1.7419331717989983,0.0,132.0,19.8,45.0,45.0,0.22828243676751755,0.3380040238935513,1.0,35.79117491032547,31.023438664423136,2.9656238681873073,49.70996515322983,50.897493139007366,50.897493139007366,8.881784197001252e-16,5.7981570671593055,1.4495392667898264,43.48617800369479,0.0,0.0,0.0,0.0,7.105427357601002e-15,0.0,0.0,1.2525632157698903,1.1639881187666488,-1.096959467779513,-0.19330570370772904,0.0
5,holiday_return,春节返乡日,30.0,16.25,0.25,49.91561462780452,35.71220768282389,8.421919948714336,5.490973050508625,0.0,5.490973050508625,6.403387929547712,42.19865369928975,-8.881784197001252e-16,0.0,19.95408203599969,6.983928712599891,8.97933691619986,8.354022114570007,26.732870766624025,2.8073066495714456,8.421919948714336,0.0,0.0,0.0,0.0,39.75386873768262,0.0,0.0,40.196281103357784,0.0,0.0,0.0,0.0,0.0,0.0,20.16661077321487,12.746088443531521,9.405190810961354,5.695146905883207,1.717141177245591,0.0,132.0,19.8,45.0,45.0,0.19330559894326496,0.32913717220038774,1.0,35.93924253201926,31.42674276088502,2.9476719820500175,49.91561462780452,48.60204162883746,48.60204162883746,-8.881784197001252e-16,7.010851584979683,1.7527128962449208,52.58138688734762,0.0,0.0,0.0,0.0,0.0,0.0,0.0,0.9955608180976725,1.1639881187666479,-1.0382560430842034,-0.05129110324939923,0.0
5,holiday_return,春节返乡日,30.0,16.5,0.25,50.327171205914205,36.181945692733734,8.41533389845437,3.167504850153936,0.0,3.167504850153936,4.906484474370181,44.94351779445643,3.552713678800501e-15,0.0,23.279762375332975,8.14791683136654,10.47589306889984,8.033141444948091,25.706052623833894,2.8051112994847904,8.41533389845437,0.0,0.0,0.0,0.0,39.75188104424574,0.0,0.0,40.17618296280611,0.0,0.0,0.0,0.0,0.0,0.0,20.814999303501185,12.776522154072131,9.349307341927007,5.6516085873581305,1.6911297014917557,0.0,132.0,19.8,45.0,45.0,0.148117048421733,0.35054631034008965,1.0,36.235563268258225,31.840112209605685,2.9453668644590296,50.327171205914205,49.850002268826614,49.850002268826614,3.552713678800501e-15,6.39808014265126,1.599520035662815,47.98560106988445,0.0,0.0,0.0,0.0,0.0,0.0,0.0,-2.3234682003546894,1.1639881187666496,-1.0268181427901304,-0.0065860502599655035,0.0
5,holiday_return,春节返乡日,30.0,16.75,0.25,50.732021585736504,36.75325839945377,8.243419258776166,4.315803241049315,0.0,4.315803241049315,3.6498781540701373,43.946244528155276,-2.220446049250313e-15,0.0,26.605442714666253,9.311904950133188,11.972449221599815,7.7440028680793604,24.780809177853953,2.7478064195920555,8.243419258776166,0.0,0.0,0.0,0.0,39.74989345019353,0.0,0.0,40.15609487132471,0.0,0.0,0.0,0.0,0.0,0.0,21.520484040695877,12.794502534559147,9.28801996860003,5.605330197525103,1.664150677281882,0.0,132.0,19.8,45.0,45.0,0.11018259246590735,0.3427678701765607,1.0,36.527055541730284,32.34286739151932,2.885196740571658,50.732021585736504,47.59612268222541,47.59612268222541,-2.220446049250313e-15,7.694780325510374,1.9236950813775935,57.7108524413278,0.0,0.0,0.0,0.0,0.0,0.0,0.0,1.1482983908953788,1.1639881187666479,-0.925243445979941,-0.17191463967820475,0.0
5,holiday_return,春节返乡日,30.0,17.0,0.25,51.22646584327299,37.210236401843034,7.883050091697801,4.315803241049315,0.0,4.315803241049315,2.5263954929818198,41.85754383616853,-2.6645352591003757e-15,0.0,28.33419469758267,9.916968144153934,12.750387613912203,7.300240457685365,23.36076946459317,2.627683363899267,7.883050091697801,0.0,0.0,0.0,2.537678950504013,39.08009570538839,0.0,1.0990793233376606,39.84678542301072,0.0,0.0,0.0,0.0,0.0,0.0,22.269356511454923,12.795177701220908,9.22171071151308,5.55677544278461,1.636455563392761,0.0,132.0,19.8,45.0,45.0,0.07626687611489281,0.3264766149096875,1.0,36.883055407156554,32.74500803362187,2.7590675320942304,51.22646584327299,44.38393932915035,44.38393932915035,-2.6645352591003757e-15,8.040530722093656,2.010132680523414,60.303980415702426,0.0,0.0,0.0,0.0,0.0,0.0,0.0,0.0,0.6050631940207456,-1.4200397132607847,-0.36036916707836486,0.0
5,holiday_return,春节返乡日,30.0,17.25,0.25,51.54188690749726,37.69096577022753,7.727781986799599,5.627523160154279,0.0,5.627523160154279,1.4746764999375657,41.40923866061753,-2.4424906541753444e-15,0.0,29.561603016295837,10.346561055703543,13.302721357333127,7.277864090486481,23.28916508955674,2.5759273289331994,7.727781986799599,0.0,0.0,0.0,2.537678950504013,38.41033145047049,0.0,1.0990793233376606,39.53763062942089,0.0,0.0,0.0,0.0,0.0,0.0,23.04358091851782,12.773991665948296,9.150863882721422,5.506414597592846,1.6082915436188965,0.0,132.0,19.8,45.0,45.0,0.04451756276589088,0.3229799654948713,1.0,37.110158573398024,33.16804987780022,2.7047236953798595,51.54188690749726,42.8839151605551,42.8839151605551,-2.4424906541753444e-15,9.007458341344023,2.2518645853360058,67.55593756008017,0.0,0.0,0.0,0.0,0.0,0.0,0.0,1.3117199191049647,0.42959291154960866,-0.07160437503642925,-0.15526810489820253,0.0
5,holiday_return,春节返乡日,30.0,17.5,0.25,52.06417130200628,38.13437683645617,7.521069688466467,6.971687627392797,0.0,6.971687627392797,0.7354435260802532,41.39625342049743,-2.3314683517128287e-15,0.0,29.561603016295837,10.346561055703543,13.302721357333127,7.4164300486829315,23.73257615578538,2.5070232294888224,7.521069688466467,0.0,0.0,0.0,2.537678950504013,37.74060068376533,0.0,1.0990793233376606,39.228630413227854,0.0,0.0,0.0,0.0,0.0,0.0,23.821238577789547,12.72691380358137,9.076055276825063,5.454717051666488,1.579897994784475,0.0,132.0,19.8,45.0,45.0,0.022201583421470317,0.32287868441505463,1.0,37.48620333744452,33.55825161608143,2.632374390963263,52.06417130200628,42.131696946577684,42.131696946577684,-2.3314683517128287e-15,9.746748798325207,2.4366871995813018,73.10061598743906,0.0,0.0,0.0,0.0,0.0,0.0,0.0,1.3441644672385173,0.0,0.44341106622864146,-0.20671229833313198,0.0
5,holiday_return,春节返乡日,30.0,17.75,0.25,52.35611204343836,38.66023827436546,7.653253648426261,8.407982654579776,0.0,8.407982654579776,0.0788009515150776,41.11693472864095,-1.582067810090848e-15,0.0,29.561603016295837,10.346561055703543,13.302721357333127,7.580761748029585,24.258437593694673,2.5510845494754206,7.653253648426261,0.0,0.0,0.0,2.537678950504013,37.07090340359851,0.0,1.0990793233376606,38.919784697142916,0.0,0.0,0.0,0.0,0.0,0.0,24.577328419488328,12.650642793469796,8.997938140786543,5.402144214755273,1.5515032902890038,0.0,132.0,19.8,45.0,45.0,0.0023788446518493026,0.3207000802103925,1.0,37.69640067127562,34.021009681441605,2.6786387769491915,52.35611204343836,41.19573568015603,41.19573568015603,-1.582067810090848e-15,10.536711063278045,2.634177765819511,79.02533297458534,0.0,0.0,0.0,0.0,0.0,0.0,0.0,1.4362950271869792,0.0,0.5258614379092919,0.1321839599597947,0.0
5,holiday_return,春节返乡日,30.0,18.0,0.25,52.81084114501592,38.93632559413387,7.8799893254686895,7.467405511743358,0.0,7.467405511743358,0.0,42.75289777101179,0.0,0.0,29.561603016295837,10.346561055703543,13.302721357333127,7.667039035457212,24.53452491346308,2.6266631084895633,7.8799893254686895,0.0,0.0,0.0,2.537678950504013,36.4012396082957,0.0,1.0990793233376606,38.611093403916016,0.0,0.0,0.0,0.0,0.0,0.0,25.284900468586194,12.542773807758921,8.917226560867054,5.349142923597687,1.5233219932765087,0.0,132.0,19.8,45.0,45.0,0.0,0.3334601140595137,1.0,38.02380562441146,34.263966522837805,2.757996263914041,52.81084114501592,42.75289777101179,42.75289777101179,0.0,10.019393634718016,2.504848408679504,75.14545226038511,0.0,0.0,0.0,0.0,0.0,0.0,0.0,-0.9405771428364176,0.0,0.2760873197684077,0.22673567704242803,0.0
5,holiday_return,春节返乡日,30.0,18.25,0.25,53.02100162786685,39.502118933916755,7.497323356241735,6.253464642967504,0.0,6.253464642967504,0.0,44.22625421824507,0.0,0.0,29.561603016295837,10.346561055703543,13.302721357333127,7.843849454139364,25.100318253245966,2.4991077854139117,7.497323356241735,0.0,0.0,0.0,2.537678950504013,35.73160929618265,0.0,1.0990793233376606,38.30255645633573,0.0,0.0,0.0,0.0,0.0,0.0,25.916461785857013,12.401919990071326,8.834677004772564,5.29613947520614,1.4955524801487288,0.0,132.0,19.8,45.0,45.0,0.0,0.344951863965595,1.0,38.17512117206413,34.761864661846744,2.6240631746846073,53.02100162786685,44.22625421824507,44.22625421824507,0.0,9.351726156891296,2.337931539222824,70.13794617668472,0.0,0.0,0.0,0.0,7.105427357601002e-15,0.0,0.0,-1.213940868775854,0.0,0.5657933397828856,-0.38266596922695406,0.0
5,holiday_return,春节返乡日,30.0,18.5,0.25,53.28160832310843,40.01648333872079,7.306359033520431,9.57807859955252,0.0,9.57807859955252,0.0,41.259331059162456,0.0,0.0,29.561603016295837,10.346561055703543,13.302721357333127,8.004588330640624,25.61468265805,2.435453011173477,7.306359033520431,0.0,0.0,0.0,2.537678950504013,35.062012465585205,0.0,1.0990793233376606,37.994173777229236,0.0,0.0,0.0,0.0,0.0,0.0,26.44555951672162,12.227782133389102,8.751068815296065,5.2435343874494835,1.4683750213287108,0.0,132.0,19.8,45.0,45.0,0.0,0.3218107299930501,1.0,38.362757992638066,35.2145053380743,2.5572256617321507,53.28160832310843,41.259331059162456,41.259331059162456,0.0,11.180263833013054,2.7950659582532635,83.85197874759791,0.0,0.0,0.0,0.0,7.105427357601002e-15,0.0,0.0,3.324613956585015,0.0,0.5143644048040343,-0.19096432272130404,0.0
5,holiday_return,春节返乡日,30.0,18.75,0.25,53.239754772805206,40.55407813863845,7.0298309803059835,10.100851506823659,0.0,10.100851506823659,0.0,40.77052695882421,0.0,0.0,29.561603016295837,10.346561055703543,13.302721357333127,8.172586705614894,26.152277457967664,2.3432769934353277,7.0298309803059835,0.0,0.0,0.0,2.537678950504013,34.3924491148293,0.0,1.0990793233376606,37.685945289462296,0.0,0.0,0.0,0.0,0.0,0.0,26.84841834522973,12.021163712335294,8.667184466899634,5.191697962944294,1.4419503324173917,0.0,132.0,19.8,45.0,45.0,0.0,0.31799820079503943,1.0,38.332623436419745,35.68758876200184,2.460440843107094,53.239754772805206,40.77052695882421,40.77052695882421,0.0,11.46778893201218,2.866947233003045,86.00841699009135,0.0,0.0,0.0,0.0,7.105427357601002e-15,0.0,0.0,0.5227729072711398,0.0,0.5375947999176631,-0.27652805321444784,0.0
5,holiday_return,春节返乡日,30.0,19.0,0.25,53.450967711420276,40.82568497199451,6.798688730444745,10.635547404725791,0.0,10.635547404725791,0.0,40.4548737183405,0.0,0.0,29.561603016295837,10.346561055703543,13.302721357333127,8.257463841038662,26.423884291323724,2.266229576814915,6.798688730444745,0.0,0.0,0.0,2.537678950504013,33.72291924224093,0.0,1.0990793233376606,37.37787091593924,0.0,0.0,0.0,0.0,0.0,0.0,27.10549408913199,11.783931808966486,8.583790370033155,5.14096670648026,1.4164185956342732,0.0,132.0,19.8,45.0,45.0,0.0,0.3155361977247745,1.0,38.4846967522226,35.92660277535517,2.3795410556556607,53.450967711420276,40.4548737183405,40.4548737183405,0.0,11.761871675858355,2.940467918964589,88.21403756893767,0.0,0.0,0.0,0.0,0.0,0.0,0.0,0.5346958979021323,0.0,0.27160683335605995,-0.23114224986123855,0.0
5,holiday_return,春节返乡日,30.0,19.25,0.25,53.368146478008086,41.11670700043923,6.708963606832864,11.847633751571387,0.0,11.847633751571387,0.0,39.2210021474344,0.0,0.0,29.561603016295837,10.346561055703543,13.302721357333127,8.348408224927637,26.71490631976844,2.236321202277621,6.708963606832864,0.0,0.0,0.0,2.537678950504013,33.053422846146184,0.0,1.0990793233376606,37.069950579602946,0.0,0.0,0.0,0.0,0.0,0.0,27.202804383688214,11.518927739571645,8.501618943249039,5.0916406205124645,1.391898939106604,0.0,132.0,19.8,45.0,45.0,0.0,0.3059123598980876,1.0,38.42506546416582,36.18270216038652,2.3481372623915022,53.368146478008086,39.2210021474344,39.2210021474344,0.0,12.428519166623431,3.107129791655858,93.21389374967573,0.0,0.0,0.0,0.0,0.0,0.0,0.0,1.2120863468455951,0.0,0.2910220284447149,-0.08972512361188123,0.0
5,holiday_return,春节返乡日,30.0,19.5,0.25,52.74865588431536,41.41319727353477,6.220303308449658,12.677200656126244,0.0,12.677200656126244,0.0,38.13097590330687,0.0,0.0,28.68666837190262,10.040333930165916,12.90900076735618,8.56409911963779,27.40511718284093,2.073434436149886,6.220303308449658,0.0,0.0,0.0,2.537678950504013,32.38395992487124,0.0,1.0990793233376606,36.76218420343482,0.0,0.0,0.0,0.0,0.0,0.0,27.132912473724016,11.229834103157753,8.42135257615579,5.0439813785173095,1.3684893505187623,0.0,132.0,19.8,45.0,45.0,0.0,0.297410473601597,1.0,37.979032236707056,36.4436136007106,2.1771061579573803,52.74865588431536,38.13097590330687,38.13097590330687,0.0,12.70979403524996,3.17744850881249,95.3234552643747,0.0,0.0,0.0,0.0,0.0,0.0,0.0,0.8295669045548575,-0.3062271255376263,0.6902108630724904,-0.48866029838320557,0.0
5,holiday_return,春节返乡日,30.0,19.75,0.25,52.117325980451874,41.79152946757779,5.670498867626787,11.242136694590746,0.0,11.242136694590746,0.0,40.50133254116176,0.0,0.0,25.360988032569338,8.876345811399268,11.412444614656202,9.150001727994976,29.280005529583924,1.8901662892089288,5.670498867626787,0.0,0.0,0.0,2.537678950504013,31.714530476742368,0.0,1.0990793233376606,36.45457171045478,0.0,0.0,0.0,0.0,0.0,0.0,26.895469959002853,10.921007325220042,8.343609984363168,4.998211352998994,1.3462669921308321,0.0,132.0,19.8,45.0,45.0,0.0,0.3158985629716877,1.0,37.52447470592535,36.776545931468455,1.9846746036693752,52.117325980451874,40.50133254116176,40.50133254116176,0.0,11.255372788538779,2.8138431971346947,84.41529591404084,0.0,0.0,0.0,0.0,1.4210854715202004e-14,0.0,0.0,-1.4350639615354979,-1.1639881187666479,1.8748883467429955,-0.5498044408228715,0.0
5,holiday_return,春节返乡日,30.0,20.0,0.25,51.330893939815795,41.82030770587755,5.574692908191223,9.834115497119202,0.0,9.834115497119202,0.0,42.73164149413943,0.0,0.0,22.03530769323606,7.7123576926326205,9.915888461956227,9.626668725182395,30.805339920583663,1.8582309693970744,5.574692908191223,0.0,0.0,0.0,2.537678950504013,31.045134500085897,0.0,1.0990793233376606,36.147113023721225,0.0,0.0,0.0,0.0,0.0,0.0,26.497265676320733,10.597286410067168,8.268935319213693,4.95451345430169,1.3252888764197575,0.0,132.0,19.8,45.0,45.0,0.0,0.33329432130908304,1.0,36.95824363666737,36.80187078117225,1.951142517866928,51.330893939815795,42.73164149413943,42.73164149413943,0.0,9.815825062062773,2.4539562655156932,73.6186879654708,0.0,0.0,0.0,0.0,-7.105427357601002e-15,0.0,0.0,-1.4080211974715446,-1.1639881187666479,1.5253343909997383,-0.09580595943556336,0.0
5,holiday_return,春节返乡日,30.0,20.25,0.25,50.51729093175245,41.90039786575194,5.343981041906385,8.299120997885604,0.0,8.299120997885604,0.0,45.032819121327535,0.0,0.0,18.70962735390278,6.548369573865972,8.41933230925625,10.119370697861884,32.38198623315803,1.7813270139687951,5.343981041906385,0.0,0.0,0.0,2.537678950504013,30.37577199322826,0.0,1.0990793233376606,35.83980806633104,0.0,0.0,0.0,0.0,0.0,0.0,25.95177579947692,10.26378945250599,8.197790249057824,4.91303171864422,1.3055928557041865,0.0,132.0,19.8,45.0,45.0,0.0,0.35124283460386235,1.0,36.37244947086176,36.87235012186171,1.8703933646672348,50.51729093175245,45.032819121327535,45.032819121327535,0.0,8.306442019617638,2.0766105049044095,62.298315147132286,0.0,0.0,0.0,0.0,-7.105427357601002e-15,0.0,0.0,-1.5349944992335978,-1.1639881187666488,1.5766463125743684,-0.23071186628483797,0.0
5,holiday_return,春节返乡日,30.0,20.5,0.25,49.69379195599724,41.65189581976404,5.328176177478275,4.862353201834921,0.0,4.862353201834921,0.0,49.19482468059448,0.0,0.0,15.383947014569499,5.384381455099324,6.922776156556274,10.509387606209408,33.630040339870106,1.7760587258260916,5.328176177478275,0.0,0.0,0.0,2.537678950504013,29.706442954495962,0.0,1.0990793233376606,35.532656761419545,0.0,0.0,0.0,0.0,0.0,0.0,25.278258751032872,9.925709475645878,8.130549083679382,4.87387256931688,1.2871988751224155,0.0,132.0,19.8,45.0,45.0,0.0,0.38370526220217394,1.0,35.779530208318015,36.65366832139236,1.8648616621173961,49.69379195599724,49.19482468059448,49.19482468059448,0.0,5.751083663923106,1.4377709159807766,43.133127479423294,0.0,0.0,0.0,0.0,-7.105427357601002e-15,0.0,0.0,-3.436767796050683,-1.1639881187666479,1.2480541067120754,-0.015804864428110577,0.0
5,holiday_return,春节返乡日,30.0,20.75,0.25,48.398488691388785,41.41090872561896,5.117392887008557,0.0,0.0,0.0,0.0,54.247966970562764,0.0,0.0,12.058266675236217,4.220393336332676,5.426220003856297,10.901752937007814,34.885609398425004,1.7057976290028523,5.117392887008557,0.0,0.0,0.0,2.537678950504013,29.0371473822156,0.0,1.0990793233376606,35.22565903216051,0.0,0.0,0.0,0.0,0.0,0.0,24.50048160967531,9.588120404376076,8.067496877020053,4.837106663981148,1.270110436205285,0.0,132.0,19.8,45.0,45.0,0.0,0.42311829598989276,1.0,34.846911857799924,36.441599678544684,1.7910875104529949,48.398488691388785,54.247966970562764,54.247966970562764,0.0,2.4116533350472436,0.6029133337618109,18.087400012854328,0.0,0.0,0.0,0.0,0.0,7.105427357601002e-15,0.0,-4.862353201834921,-1.1639881187666479,1.2555690585548973,-0.21078329046971778,0.0
5,holiday_return,春节返乡日,30.0,21.0,0.25,47.18712144043686,41.116226809523795,4.720417241207267,0.0,1.2886302930735676,-1.2886302930735676,0.0,55.732478615122965,0.0,0.6152404362887509,8.732586335902933,3.0564052175660263,3.92966385115632,11.277338635946816,36.08748363502981,1.5734724137357556,4.720417241207267,0.0,0.0,0.0,2.537678950504013,28.367885274713853,0.0,1.0990793233376606,34.9188148017661,0.0,0.0,0.0,0.0,0.0,0.0,23.64519714692839,9.255802561893683,8.008830322189809,4.802771233561842,1.2543162179203147,0.0,132.0,19.8,45.0,45.0,0.0,0.4394957488616685,1.0,33.97472743711454,36.18227959238094,1.6521460344225434,47.18712144043686,56.347719051411715,55.732478615122965,0.6152404362887509,1.7465172671805869,0.4366293167951467,13.098879503854402,0.0,0.0,0.0,0.0,-7.105427357601002e-15,0.0,0.0,-1.2886302930735676,-1.1639881187666496,1.2018742366048087,-0.3969756458012901,0.0
5,holiday_return,春节返乡日,30.0,21.25,0.25,46.067310308545025,40.88087054781878,4.601973845624292,0.0,1.2886302930735676,-1.2886302930735676,0.0,56.13129943607271,0.0,0.9669665000620498,5.406905996569651,1.8924170987993776,2.433107698456343,11.67146360188274,37.34868352602477,1.5339912818747639,4.601973845624292,0.0,0.0,0.0,2.537678950504013,27.698656630317483,0.0,1.0990793233376606,34.6121239934869,0.0,0.0,0.0,0.0,0.0,0.0,22.740508808628192,8.93309514408608,7.9546611519669685,4.7708728142498655,1.2397918033022686,0.0,132.0,19.8,45.0,45.0,0.0,0.4453497953201628,1.0,33.16846342215241,35.97516608208053,1.6106908459685019,46.067310308545025,57.09826593613476,56.13129943607271,0.9669665000620498,1.0813811993139302,0.27034529982848254,8.110358994854476,0.0,0.0,0.0,0.0,0.0,-7.105427357601002e-15,0.0,0.0,-1.1639881187666488,1.261199890994959,-0.11844339558297534,0.0
5,holiday_return,春节返乡日,30.0,21.5,0.25,44.94192582915679,40.64077404186889,4.517067036487264,0.0,1.2886302930735676,-1.2886302930735676,0.0,59.07192339585219,0.0,0.0,2.0812256572363697,0.7284289800327294,0.9365515457563663,12.064107241492144,38.60514317277486,1.5056890121624213,4.517067036487264,0.0,0.0,0.0,0.0,27.697271697485967,0.0,1.0990793233376606,34.305586530611826,0.0,0.0,0.0,0.0,0.0,0.0,21.814263319517927,8.623780867561603,7.90502168096792,4.741390273451254,1.2265014624274597,0.0,132.0,19.8,45.0,45.0,0.0,0.46074374698062837,1.0,32.35818659699289,35.76388115684462,1.5809734627705423,44.94192582915679,59.07192339585219,59.07192339585219,0.0,0.41624513144727393,0.10406128286181848,3.1218384858545543,0.0,0.0,0.0,0.0,0.0,0.0,0.0,0.0,-1.1639881187666483,1.2564596467500877,-0.08490680913702775,0.0
5,holiday_return,春节返乡日,30.0,21.75,0.25,43.64812709174945,40.37312479521095,4.4542905169048295,0.0,2.246066733081065,-2.246066733081065,0.0,59.65209654042586,0.0,0.0,0.0,0.0,0.0,12.273139209960402,39.274045471873286,1.484763505634943,4.4542905169048295,0.0,0.0,0.0,0.0,27.695886833901092,0.0,1.0990793233376606,33.999202336468194,0.0,0.0,0.0,0.0,0.0,0.0,20.892597794170417,8.331005596456029,7.859872074035167,4.714278032830902,1.2143999463019854,0.0,132.0,19.8,45.0,45.0,0.0,0.46526892803385234,1.0,31.426651506059603,35.52834981978563,1.5590016809166902,43.64812709174945,59.65209654042586,59.65209654042586,0.0,0.0,0.0,0.0,0.0,0.0,0.0,0.0,-7.105427357601002e-15,0.0,0.0,-0.9574364400074975,-0.7284289800327294,0.668902299098427,-0.06277651958243435,0.0
5,holiday_return,春节返乡日,30.0,22.0,0.25,42.293983960475,40.05854402648247,4.4374305629179664,0.0,2.4966950544774846,-2.4966950544774846,0.0,58.788117544200915,0.0,0.0,0.0,0.0,0.0,12.518295008275771,40.05854402648247,1.4791435209726556,4.4374305629179664,0.0,0.0,0.0,0.0,27.694502039559396,0.0,0.0,33.982202735299964,0.0,0.0,0.0,0.0,0.0,0.0,19.998742926682493,8.05723341831763,7.8191088991207955,4.6894693965312575,1.203434250966751,0.0,62.0,9.299999999999999,45.0,45.0,0.0,0.4585301442403117,1.0,30.451668451542,35.25151874330458,1.5531006970212882,42.293983960475,58.788117544200915,58.788117544200915,0.0,0.0,0.0,0.0,0.0,0.0,0.0,0.0,0.0,0.0,0.0,-0.25062832139641955,0.0,0.7844985546091863,-0.01685995398686302,0.0
5,holiday_return,春节返乡日,30.0,22.25,0.25,40.9745385551477,39.637404486139374,4.315616750098745,0.0,5.0,-5.0,0.0,59.79976637376584,0.0,1.3709187863920675,0.0,0.0,0.0,12.386688901918554,39.637404486139374,1.4385389166995817,4.315616750098745,0.0,0.0,0.0,0.0,27.693117314457417,0.0,0.0,33.96521163393231,0.0,0.0,0.0,0.0,0.0,0.0,19.152150099144293,7.804235524805208,7.782574520518729,4.666879899763706,1.1935453165170355,0.0,62.0,9.299999999999999,45.0,45.0,0.0,0.47711347567264845,1.0,29.501667759706343,34.88091594780265,1.5104658625345608,40.9745385551477,61.17068516015791,59.79976637376584,1.3709187863920675,0.0,0.0,0.0,0.0,0.0,0.0,0.0,0.0,0.0,0.0,-2.5033049455225154,0.0,-0.4211395403430984,-0.12181381281922121,0.0
5,holiday_return,春节返乡日,30.0,22.5,0.25,39.76535424040546,39.335284120379356,4.2561237162986565,0.0,5.0,-5.0,0.0,58.47633843345689,0.0,5.4208318627585825,0.0,0.0,0.0,12.292276287618549,39.335284120379356,1.4187079054328855,4.2561237162986565,0.0,0.0,0.0,0.0,27.691732658591693,0.0,0.0,33.94822902811535,0.0,0.0,0.0,0.0,0.0,0.0,18.367972921575067,7.5731094878854925,7.750066907002573,4.646410601804602,1.1846696315386707,0.0,62.0,9.299999999999999,45.0,45.0,0.0,0.4983792632999793,1.0,28.631055053091927,34.61505002593383,1.4896433007045298,39.76535424040546,63.89717029621547,58.47633843345689,5.4208318627585825,0.0,0.0,0.0,0.0,0.0,0.0,0.0,0.0,0.0,0.0,0.0,0.0,-0.3021203657600182,-0.059493033800088746,0.0
5,holiday_return,春节返乡日,30.0,22.75,0.25,38.75997388464042,39.14985913522755,4.254964020435328,0.0,5.0,-5.0,0.0,57.41262620454414,0.0,9.92180143687149,0.0,0.0,0.0,12.234330979758608,39.14985913522755,1.4183213401451094,4.254964020435328,0.0,0.0,0.0,0.0,27.690348071958763,0.0,0.0,33.93125491360129,0.0,0.0,0.0,0.0,0.0,0.0,17.656897585630638,7.364324193327633,7.721349465645336,4.6279512574984665,1.1767407194379296,0.0,62.0,9.299999999999999,45.0,45.0,0.0,0.5251888665348624,1.0,27.9071811969411,34.45187603900025,1.4892374071523649,38.75997388464042,67.33442764141563,57.41262620454414,9.92180143687149,0.0,0.0,0.0,0.0,0.0,0.0,0.0,0.0,0.0,0.0,0.0,0.0,-0.18542498515180483,-0.0011596958633282028,0.0
5,holiday_return,春节返乡日,30.0,23.0,0.25,38.07310692168471,38.82873974914997,4.174670876955123,0.0,5.0,-5.0,0.0,56.59864505227912,0.0,11.111410494436335,0.0,0.0,0.0,12.133981171609364,38.82873974914997,1.391556958985041,4.174670876955123,0.0,0.0,0.0,0.0,27.688963554555166,0.0,0.0,33.914289286144495,0.0,0.0,0.0,0.0,0.0,0.0,17.025285555524796,7.177784841985243,7.696160561673514,4.611383312205518,1.1696904890714896,0.0,62.0,9.299999999999999,45.0,45.0,0.0,0.5281186544714861,1.0,27.41263698361299,34.16929097925197,1.4611348069342929,38.07310692168471,67.71005554671545,56.59864505227912,11.111410494436335,0.0,0.0,0.0,0.0,0.0,0.0,0.0,0.0,0.0,0.0,0.0,0.0,-0.3211193860775836,-0.08029314348020566,0.0
5,holiday_return,春节返乡日,30.0,23.25,0.25,37.142874326809185,38.474921408338005,4.084504941960838,0.0,5.0,-5.0,0.0,55.52778891423509,0.0,14.384529808313005,0.0,0.0,0.0,12.023412940105626,38.474921408338005,1.3615016473202795,4.084504941960838,0.0,0.0,0.0,0.0,27.687579106377438,0.0,0.0,33.89733214150142,0.0,0.0,0.0,0.0,0.0,0.0,16.47556939865866,7.0129120538253575,7.674222443267711,4.596582676284135,1.1634504377779933,0.0,62.0,9.299999999999999,45.0,45.0,0.0,0.5452956639396057,1.0,26.742869515302612,33.85793083933744,1.4295767296862933,37.142874326809185,69.9123187225481,55.52778891423509,14.384529808313005,0.0,0.0,0.0,0.0,0.0,0.0,0.0,-7.105427357601002e-15,0.0,0.0,0.0,0.0,-0.3538183408119622,-0.09016593499428449,0.0
5,holiday_return,春节返乡日,30.0,23.5,0.25,36.453229468515204,38.16911699879139,3.9079827569082095,0.0,5.0,-5.0,0.0,54.68373944960692,0.0,14.232959570885498,0.0,0.0,0.0,11.927849062122307,38.16911699879139,1.3026609189694032,3.9079827569082095,0.0,0.0,0.0,0.0,27.68619472742212,0.0,0.0,33.880383475430676,0.0,0.0,0.0,0.0,0.0,0.0,16.006829392380048,6.868729170691552,7.655249353482235,4.583422246266781,1.1579527002175556,0.0,62.0,9.299999999999999,45.0,45.0,0.0,0.5375301210941686,1.0,26.246325217330945,33.58882295893642,1.3677939649178732,36.453229468515204,68.91669902049242,54.68373944960692,14.232959570885498,0.0,0.0,0.0,0.0,0.0,0.0,0.0,7.105427357601002e-15,0.0,0.0,0.0,0.0,-0.30580440954661725,-0.17652218505262862,0.0
5,holiday_return,春节返乡日,30.0,23.75,0.25,35.86167879671773,37.82183417550908,3.708261745745328,0.0,5.0,-5.0,0.0,53.9170892251461,0.0,13.97286220731526,0.0,0.0,0.0,11.819323179846588,37.82183417550908,1.236087248581776,3.708261745745328,0.0,0.0,0.0,0.0,27.68481041768575,0.0,0.0,33.863443283692966,0.0,0.0,0.0,0.0,0.0,0.0,15.615474914541453,6.743952283300448,7.63895467547977,4.57177415051892,1.1531309412182202,0.0,62.0,9.299999999999999,45.0,45.0,0.0,0.5295217898308943,1.0,25.820408733636768,33.28321407444799,1.2978916110108647,35.86167879671773,67.88995143246136,53.9170892251461,13.97286220731526,0.0,0.0,0.0,0.0,0.0,0.0,0.0,0.0,0.0,0.0,0.0,0.0,-0.3472828232823062,-0.19972101116288155,0.0
