day_id,day_type,day_name,day_weight,hour,dt,electric_load,heat_load,cooling_load,P_grid_buy,P_grid_sell,P_grid_net,P_PV,P_WT,P_PV_curt,P_WT_curt,G_CHP,P_CHP,H_CHP,P_HP,H_HP,P_EC,C_EC_out,G_GB,H_GB,P_BAT_ch,P_BAT_dis,SOC_BAT,H_TS_ch,H_TS_dis,SOC_TS,P_shift_in,P_shift_out,P_interrupt,P_unmet_e,H_unmet,C_unmet,residential_load,commercial_load,industrial_load,cold_storage_load,agro_processing_load,irrigation_load,electricity_buy_price,electricity_sell_price,gas_price,carbon_price,pv_cf,wt_cf,grid_import_availability,critical_electric_load,critical_heat_load,critical_cooling_load,electric_load_adjusted,renewable_available,renewable_used,renewable_curtailment,co2_emission_rate,co2_emission,co2_emission_annual,battery_simultaneous_overlap,thermal_storage_simultaneous_overlap,grid_import_export_overlap,flexible_load_overlap,electric_balance_error,heat_balance_error,cooling_balance_error,P_grid_net_ramp,P_CHP_ramp,H_HP_ramp,C_EC_out_ramp,H_GB_ramp
0,spring_irrigation,春季灌溉日,55.0,0.0,0.25,31.95037898084261,21.80869137813271,5.676283771110161,0.0,5.0,-5.0,0.0,45.65768962687915,-0.0,3.7814884359362466,0.0,-0.0,-0.0,6.815216055666472,21.80869137813271,1.8920945903700537,5.676283771110161,-0.0,0.0,0.0,0.0,0.0,0.0,0.0,0.0,0.0,0.0,0.0,0.0,0.0,0.0,9.800225850143258,5.233196364276454,10.568973117559912,4.503062487565456,1.7288659394611219,0.0,52.0,7.8,41.0,45.0,0.0,0.42739800140985446,1.0,21.726257706972977,16.356518533599534,2.5543276969995725,31.95037898084261,49.439178062815394,45.65768962687915,3.7814884359362466,0.0,0.0,0.0,0.0,0.0,0.0,0.0,1.4210854715202004e-14,0.0,0.0,0.0,0.0,-2.101358267715341,-0.3136005296364601,0.0
0,spring_irrigation,春季灌溉日,55.0,0.25,0.25,31.732889583282425,22.018346827528443,5.722566734623446,0.0,5.0,-5.0,0.0,45.52114521175955,-0.0,6.457981104429514,0.0,-0.0,-0.0,6.880733383602638,22.018346827528443,1.907522244874482,5.722566734623446,-0.0,0.0,0.0,0.0,0.0,0.0,0.0,0.0,0.0,0.0,0.0,0.0,0.0,0.0,9.80252202781147,5.235820047760775,10.581835327709978,4.503803890621053,1.7297644833078472,0.0,52.0,7.8,41.0,45.0,0.0,0.4493556643345309,1.0,21.57836491663205,16.51376012064633,2.5751550305805506,31.732889583282425,51.97912631618907,45.52114521175955,6.457981104429514,0.0,0.0,0.0,0.0,0.0,0.0,0.0,7.105427357601002e-15,0.0,0.0,0.0,0.0,0.20965544939573277,0.04628296351328487,0.0
0,spring_irrigation,春季灌溉日,55.0,0.5,0.25,31.601613519929185,22.114925780692147,5.694813045539695,0.0,5.0,-5.0,0.0,45.410798841575385,-0.0,8.754422654594023,0.0,-0.0,-0.0,6.910914306466296,22.114925780692147,1.8982710151798983,5.694813045539695,-0.0,0.0,0.0,0.0,0.0,0.0,0.0,0.0,0.0,0.0,0.0,0.0,0.0,0.0,9.809162167653113,5.239196666795181,10.596677335972672,4.504706361083105,1.7308489796156643,0.0,52.0,7.8,41.0,45.0,0.0,0.46825429387137696,1.0,21.489097193551846,16.58619433551911,2.5626658704928627,31.601613519929185,54.16522149616941,45.410798841575385,8.754422654594023,0.0,0.0,0.0,0.0,0.0,0.0,0.0,7.105427357601002e-15,0.0,0.0,0.0,0.0,0.09657895316370357,-0.02775368908375153,0.0
0,spring_irrigation,春季灌溉日,55.0,0.75,0.25,31.651959135961715,22.299088041727693,5.6950105433735,0.0,5.0,-5.0,0.0,45.518760996792786,-0.0,10.575631208537942,0.0,-0.0,-0.0,6.9684650130399035,22.299088041727693,1.8983368477911666,5.6950105433735,-0.0,0.0,0.0,0.0,0.0,0.0,0.0,0.0,0.0,0.0,0.0,0.0,0.0,0.0,9.820228663807073,5.243513685823754,10.613718722875086,4.505800240548684,1.7321523365702114,0.0,52.0,7.8,41.0,45.0,0.0,0.4849318305494013,1.0,21.52333221245397,16.72431603129577,2.562754744518075,31.651959135961715,56.09439220533073,45.518760996792786,10.575631208537942,0.0,0.0,0.0,0.0,0.0,0.0,0.0,0.0,0.0,0.0,0.0,0.0,0.18416226103554578,0.0001974978338052935,0.0
0,spring_irrigation,春季灌溉日,55.0,1.0,0.25,31.620011249020244,22.373743763795066,5.711438524702766,0.0,5.0,-5.0,0.0,45.51561901677379,-0.0,10.505154861522087,0.0,-0.0,-0.0,6.991794926185958,22.373743763795066,1.9038128415675886,5.711438524702766,-0.0,0.0,0.0,0.0,0.0,0.0,0.0,0.0,0.0,0.0,0.0,0.0,0.0,0.0,9.83585145641362,5.248996543118046,10.633187483064974,4.5071204969234175,1.7337120290608987,0.0,52.0,7.8,41.0,45.0,0.0,0.4842954056112307,1.0,21.501607649333767,16.7803078228463,2.5701473361162446,31.620011249020244,56.02077387829588,45.51561901677379,10.505154861522087,0.0,0.0,0.0,0.0,0.0,0.0,0.0,-3.552713678800501e-15,0.0,0.0,0.0,0.0,0.07465572206737292,0.01642798132926604,0.0
0,spring_irrigation,春季灌溉日,55.0,1.25,0.25,31.797135385890993,22.610810784158854,5.632110300507578,0.0,5.0,-5.0,0.0,45.74038385610983,-0.0,11.102951366568249,0.0,-0.0,-0.0,7.065878370049641,22.610810784158854,1.8773701001691927,5.632110300507578,-0.0,0.0,0.0,0.0,0.0,0.0,0.0,0.0,0.0,0.0,0.0,0.0,0.0,0.0,9.856239648124257,5.255913898400621,10.655317294581257,4.508707192346344,1.7355704682241124,0.0,52.0,7.8,41.0,45.0,0.0,0.4914063869908013,1.0,21.622052062405878,16.95810808811914,2.5344496352284103,31.797135385890993,56.84333522267808,45.74038385610983,11.102951366568249,0.0,0.0,0.0,0.0,0.0,0.0,0.0,7.105427357601002e-15,0.0,0.0,0.0,0.0,0.23706702036378857,-0.07932822419518804,0.0
0,spring_irrigation,春季灌溉日,55.0,1.5,0.25,31.66570872223631,22.78847934649379,5.812943760310877,0.0,5.0,-5.0,0.0,45.72475643811925,-0.0,10.984429620870145,0.0,-0.0,-0.0,7.121399795779309,22.78847934649379,1.9376479201036256,5.812943760310877,-0.0,0.0,0.0,0.0,0.0,0.0,0.0,0.0,0.0,0.0,0.0,0.0,0.0,0.0,9.881723512619402,5.264582951559522,10.680344201526763,4.510605948421964,1.7377753460189784,0.0,52.0,7.8,41.0,45.0,0.0,0.49024667749121176,1.0,21.532681931120692,17.091359509870344,2.6158246921398947,31.66570872223631,56.709186058989395,45.72475643811925,10.984429620870145,0.0,0.0,0.0,0.0,0.0,0.0,0.0,3.552713678800501e-15,0.0,0.0,0.0,0.0,0.17766856233493655,0.18083345980329923,0.0
0,spring_irrigation,春季灌溉日,55.0,1.75,0.25,31.733182571248353,22.93126706752056,5.884898676186372,0.0,5.0,-5.0,0.0,45.86083642191065,-0.0,11.595311978099929,0.0,-0.0,-0.0,7.166020958600175,22.93126706752056,1.9616328920621242,5.884898676186372,-0.0,0.0,0.0,0.0,0.0,0.0,0.0,0.0,0.0,0.0,0.0,0.0,0.0,0.0,9.912807521495449,5.275374632697171,10.70850270839529,4.51286839609892,1.7403799405145783,0.0,52.0,7.8,41.0,45.0,0.0,0.496704111133722,1.0,21.57856414844888,17.19845030064042,2.6482044042838675,31.733182571248353,57.456148400010576,45.86083642191065,11.595311978099929,0.0,0.0,0.0,0.0,0.0,0.0,0.0,0.0,0.0,0.0,0.0,0.0,0.14278772102677095,0.0719549158754953,0.0
0,spring_irrigation,春季灌溉日,55.0,2.0,0.25,32.15257595396745,23.279687031202833,5.886962283352347,0.0,5.0,-5.0,0.0,46.38979891233578,-0.0,13.4681668852704,0.0,-0.0,-0.0,7.274902197250885,23.279687031202833,1.9623207611174491,5.886962283352347,-0.0,0.0,0.0,0.0,0.0,0.0,0.0,0.0,0.0,0.0,0.0,0.0,0.0,0.0,9.95023332540903,5.288718411888175,10.740021304450194,4.515552595153539,1.743443365666653,0.0,52.0,7.8,41.0,45.0,0.0,0.5174676431281153,1.0,21.863751648697868,17.459765273402127,2.6491330275085563,32.15257595396745,59.85796579760618,46.38979891233578,13.4681668852704,0.0,0.0,0.0,0.0,0.0,0.0,0.0,0.0,0.0,0.0,0.0,0.0,0.34841996368227157,0.002063607165974979,0.0
0,spring_irrigation,春季灌溉日,55.0,2.25,0.25,32.42177377391137,23.435186763635294,5.771287069503808,0.0,5.0,-5.0,0.0,46.669031994048666,-0.0,15.588447512746612,0.0,-0.0,-0.0,7.323495863636029,23.435186763635294,1.9237623565012694,5.771287069503808,-0.0,0.0,0.0,0.0,0.0,0.0,0.0,0.0,0.0,0.0,0.0,0.0,0.0,0.0,9.99504897483637,5.305106424150434,10.775117459531034,4.518723405843835,1.7470307476126983,0.0,52.0,7.8,41.0,45.0,0.0,0.5382112599083124,1.0,22.04680616625973,17.57639007272647,2.5970791812767136,32.42177377391137,62.25747950679528,46.669031994048666,15.588447512746612,0.0,0.0,0.0,0.0,0.0,0.0,0.0,0.0,0.0,0.0,0.0,0.0,0.1554997324324603,-0.1156752138485393,0.0
0,spring_irrigation,春季灌溉日,55.0,2.5,0.25,32.66353443718609,23.66055283576531,5.771453861645391,0.0,5.0,-5.0,0.0,46.98127515224454,-0.0,15.534167310945406,0.0,-0.0,-0.0,7.3939227611766585,23.66055283576531,1.923817953881797,5.771453861645391,-0.0,0.0,0.0,0.0,0.0,0.0,0.0,0.0,0.0,0.0,0.0,0.0,0.0,0.0,10.048677050125622,5.325096554259678,10.813992157972052,4.522452792985491,1.751213308016154,0.0,52.0,7.8,41.0,45.0,0.0,0.5404413303973642,1.0,22.21120341728654,17.74541462682398,2.5971542377404258,32.66353443718609,62.51544246318995,46.98127515224454,15.534167310945406,0.0,0.0,0.0,0.0,0.0,0.0,0.0,0.0,0.0,0.0,0.0,0.0,0.22536607213001503,0.0001667921415826612,0.0
0,spring_irrigation,春季灌溉日,55.0,2.75,0.25,32.89926901490866,24.030004370078792,5.727052444964369,0.0,5.0,-5.0,0.0,47.317662862213076,-0.0,15.160144569583068,0.0,-0.0,-0.0,7.509376365649622,24.030004370078792,1.9090174816547896,5.727052444964369,-0.0,0.0,0.0,0.0,0.0,0.0,0.0,0.0,0.0,0.0,0.0,0.0,0.0,0.0,10.112970043782079,5.3493140808606086,10.856824064242273,4.526820040571981,1.7560683338523049,0.0,52.0,7.8,41.0,45.0,0.0,0.5401159783621772,1.0,22.37150293013789,18.022503277559096,2.5771736002339662,32.89926901490866,62.477807431796144,47.317662862213076,15.160144569583068,0.0,0.0,0.0,0.0,0.0,0.0,0.0,0.0,0.0,0.0,0.0,0.0,0.3694515343134839,-0.04440141668102182,0.0
0,spring_irrigation,春季灌溉日,55.0,3.0,0.25,32.961012593684394,24.302150984821022,5.621120002110688,0.0,5.0,-5.0,0.0,47.42914144381119,-0.0,14.113711659200419,0.0,-0.0,-0.0,7.594422182756569,24.302150984821022,1.8737066673702294,5.621120002110688,-0.0,0.0,0.0,0.0,0.0,0.0,0.0,0.0,0.0,0.0,0.0,0.0,0.0,0.0,10.190236906415008,5.378451444172439,10.90376344154715,4.531911853237057,1.7616790123664805,0.0,52.0,7.8,41.0,45.0,0.0,0.5320333680278329,1.0,22.41348856370539,18.226613238615766,2.5295040009498098,32.961012593684394,61.54285310301161,47.42914144381119,14.113711659200419,0.0,0.0,0.0,0.0,0.0,0.0,0.0,0.0,0.0,0.0,0.0,0.0,0.2721466147422298,-0.10593244285368097,0.0
0,spring_irrigation,春季灌溉日,55.0,3.25,0.25,33.30069993366272,24.67708585212846,5.464433540616786,0.0,5.0,-5.0,0.0,47.83376710932512,-0.0,11.054667984239927,0.0,-0.0,-0.0,7.711589328790144,24.67708585212846,1.8214778468722619,5.464433540616786,-0.0,0.0,0.0,0.0,0.0,0.0,0.0,0.0,0.0,0.0,0.0,0.0,0.0,0.0,10.283221128857399,5.4132656812450755,10.954925971858293,4.5378223194723715,1.7681341098679377,0.0,52.0,7.8,41.0,45.0,0.0,0.5090861226124187,1.0,22.644475954890652,18.507814389096346,2.4589950932775535,33.30069993366272,58.88843509356505,47.83376710932512,11.054667984239927,0.0,0.0,0.0,0.0,0.0,0.0,0.0,0.0,0.0,0.0,0.0,0.0,0.37493486730743797,-0.1566864614939023,0.0
0,spring_irrigation,春季灌溉日,55.0,3.5,0.25,33.300260259526816,25.152953826977075,5.442305966332503,0.0,5.0,-5.0,0.0,47.97466031923465,-0.0,9.278137195385689,0.0,-0.0,-0.0,7.860298070930336,25.152953826977075,1.814101988777501,5.442305966332503,-0.0,0.0,0.0,0.0,0.0,0.0,0.0,0.0,0.0,0.0,0.0,0.0,0.0,0.0,10.395009413379398,5.4545730722215575,11.010386651381435,4.54465271070702,1.7755274736669184,0.0,52.0,7.8,41.0,45.0,0.0,0.4949461579191624,1.0,22.644176976478235,18.86471537023281,2.4490376848496265,33.300260259526816,57.25279751462034,47.97466031923465,9.278137195385689,0.0,0.0,0.0,0.0,0.0,0.0,0.0,0.0,0.0,0.0,0.0,0.0,0.4758679748486152,-0.02212757428428258,0.0
0,spring_irrigation,春季灌溉日,55.0,3.75,0.25,33.571069034432966,25.68130167573259,5.471932425955609,0.0,5.0,-5.0,0.0,48.420453283417935,-0.0,6.8969199086997435,0.0,-0.0,-0.0,8.025406773666434,25.68130167573259,1.8239774753185365,5.471932425955609,-0.0,0.0,0.0,0.0,0.0,0.0,0.0,0.0,0.0,0.0,0.0,0.0,0.0,0.0,10.52885234321831,5.503240565354152,11.070173957918811,4.552511090274011,1.7839573379262563,0.0,52.0,7.8,41.0,45.0,0.0,0.4782145592209264,1.0,22.828326943414417,19.260976256799445,2.4623695916800243,33.571069034432966,55.31737319211768,48.420453283417935,6.8969199086997435,0.0,0.0,0.0,0.0,0.0,0.0,0.0,0.0,0.0,0.0,0.0,0.0,0.5283478487555158,0.02962645962310617,0.0
0,spring_irrigation,春季灌溉日,55.0,4.0,0.25,33.8556142573304,26.25870180745702,5.536241746417611,0.0,5.0,-5.0,0.0,48.90687248763325,-0.0,5.703681009780389,0.0,-0.0,-0.0,8.205844314830317,26.25870180745702,1.8454139154725369,5.536241746417611,-0.0,0.0,0.0,0.0,0.0,0.0,0.0,0.0,0.0,0.0,0.0,0.0,0.0,0.0,10.687885732733138,5.560173602099747,11.134264504430655,4.56151170707277,1.793525416576284,0.0,52.0,7.8,41.0,45.0,0.0,0.47210415575730486,1.0,23.021817694984676,19.694026355592765,2.491308785887925,33.8556142573304,54.61055349741364,48.90687248763325,5.703681009780389,0.0,0.0,0.0,0.0,0.0,0.0,0.0,0.0,0.0,0.0,0.0,0.0,0.5774001317244277,0.06430932046200155,0.0
0,spring_irrigation,春季灌溉日,55.0,4.25,0.25,34.038668911443686,26.767292134928635,5.557418590235083,0.0,5.0,-5.0,0.0,49.255920567020574,-0.0,3.16429783837269,0.0,-0.0,-0.0,8.364778792165199,26.767292134928635,1.8524728634116945,5.557418590235083,-0.0,0.0,0.0,0.0,0.0,0.0,0.0,0.0,0.0,0.0,0.0,0.0,0.0,0.0,10.874754103921626,5.62630005008622,11.202578404828042,4.57177415051892,1.8043357698048252,0.0,52.0,7.8,41.0,45.0,0.0,0.45316887249758014,1.0,23.146294859781708,20.075469101196475,2.5008383656057873,34.038668911443686,52.420218405393264,49.255920567020574,3.16429783837269,0.0,0.0,0.0,0.0,0.0,0.0,0.0,0.0,0.0,0.0,0.0,0.0,0.5085903274716159,0.021176843817472424,0.0
0,spring_irrigation,春季灌溉日,55.0,4.5,0.25,34.28806991012923,27.597868290798477,5.602036753365284,0.0,5.0,-5.0,0.0,49.779749335458845,-0.0,2.842495878125291,0.0,-0.0,-0.0,8.624333840874524,27.597868290798477,1.8673455844550946,5.602036753365284,-0.0,0.0,0.0,0.0,0.0,0.0,0.0,0.0,0.0,0.0,0.0,0.0,0.0,0.0,11.091155434430153,5.702550073337913,11.27497558216403,4.583422246266781,1.8164934350259616,0.0,52.0,7.8,41.0,45.0,0.0,0.45491537916365543,1.0,23.31588753888788,20.69840121809886,2.5209165390143777,34.28806991012923,52.62224521358414,49.779749335458845,2.842495878125291,0.0,0.0,0.0,0.0,0.0,0.0,0.0,-7.105427357601002e-15,0.0,0.0,0.0,0.0,0.8305761558698421,0.04461816313020073,0.0
0,spring_irrigation,春季灌溉日,55.0,4.75,0.25,34.97738486033079,28.15010944061038,5.688768112708146,0.0,5.0,-5.0,0.0,50.670550098090914,-0.0,0.992986439799985,0.0,-0.0,-0.0,8.796909200190743,28.15010944061038,1.8962560375693822,5.688768112708146,-0.0,0.0,0.0,0.0,0.0,0.0,0.0,0.0,0.0,0.0,0.0,0.0,0.0,0.0,11.337346951115439,5.789831926296887,11.351253244595664,4.596582676284135,1.8301028186594543,0.0,52.0,7.8,41.0,45.0,0.0,0.4466274142746565,1.0,23.784621705024936,21.112582080457784,2.559945650718666,34.97738486033079,51.6635365378909,50.670550098090914,0.992986439799985,0.0,0.0,0.0,0.0,0.0,0.0,0.0,7.105427357601002e-15,0.0,0.0,0.0,0.0,0.552241149811902,0.08673135934286247,0.0
0,spring_irrigation,春季灌溉日,55.0,5.0,0.25,35.397195637623064,28.656746947505827,5.85103718026324,0.0,4.4082997712415235,-4.4082997712415235,-0.0,50.71107455671457,0.0,0.0,0.0,-0.0,-0.0,8.95523342109557,28.656746947505827,1.9503457267544133,5.85103718026324,-0.0,0.0,0.0,0.0,0.0,0.0,0.0,0.0,0.0,0.0,0.0,0.0,0.0,0.0,11.611671817017225,5.889003849058259,11.431144739656018,4.611383312205518,1.8452658514823517,0.0,52.0,7.8,41.0,45.0,0.0,0.4383934515931489,1.0,24.070093033583685,21.49256021062937,2.632966731118458,35.397195637623064,50.71107455671457,50.71107455671457,0.0,0.0,0.0,0.0,0.0,0.0,0.0,0.0,0.0,0.0,0.0,0.5917002287584765,0.0,0.5066375068954478,0.1622690675550933,0.0
0,spring_irrigation,春季灌溉日,55.0,5.25,0.25,35.98852569706276,29.291417515687684,5.946920545683205,0.0,3.2387632878976262,-3.2387632878976262,-0.0,50.363163807173855,0.0,0.0,0.0,-0.0,-0.0,9.1535679736524,29.291417515687684,1.9823068485610682,5.946920545683205,-0.0,0.0,0.0,0.0,0.0,0.0,0.0,0.0,0.0,0.0,0.0,0.0,0.0,0.0,11.91018151168615,6.00084246145979,11.514319971713618,4.6279512574984665,1.8620799176630443,0.0,52.0,7.8,41.0,45.0,0.0,0.43538578915115245,1.0,24.47219747400268,21.968563136765763,2.676114245557442,35.98852569706276,50.363163807173855,50.363163807173855,0.0,0.0,0.0,0.0,0.0,0.0,0.0,0.0,0.0,0.0,0.0,1.1695364833438973,0.0,0.634670568181857,0.09588336541996512,0.0
0,spring_irrigation,春季灌溉日,55.0,5.5,0.25,36.40359827586393,29.954742947580122,6.017184158141165,0.0,0.8475098541652599,-0.8475098541652599,-0.0,48.617693353861696,0.0,0.0,0.0,-0.0,-0.0,9.360857171118788,29.954742947580122,2.005728052713722,6.017184158141165,-0.0,0.0,0.0,0.0,0.0,0.0,0.0,0.0,0.0,0.0,0.0,0.0,0.0,0.0,12.226433733752835,6.126008296060231,11.600387530629064,4.646410601804602,1.8806355757221045,0.0,52.0,7.8,41.0,45.0,0.0,0.42029632746314216,1.0,24.754446827587472,22.466057210685094,2.7077328711635245,36.40359827586393,48.617693353861696,48.617693353861696,0.0,0.0,0.0,0.0,0.0,0.0,0.0,0.0,0.0,0.0,0.0,2.3912534337323663,0.0,0.6633254318924386,0.07026361245796053,0.0
0,spring_irrigation,春季灌溉日,55.0,5.75,0.25,37.06776141742135,30.537613719167645,6.1486277099095386,1.745535361428331,0.0,1.745535361428331,-0.0,46.914772913202754,0.0,0.0,0.0,-0.0,-0.0,9.543004287239889,30.537613719167645,2.049542569969846,6.1486277099095386,-0.0,0.0,0.0,0.0,0.0,0.0,0.0,0.0,0.0,0.0,0.0,0.0,0.0,0.0,12.55153690905619,6.265009364636482,11.688898631664683,4.666879899763706,1.9010140983968118,0.0,52.0,7.8,41.0,45.0,0.0,0.4055747074561737,1.0,25.206077763846523,22.903210289375735,2.7668824694592926,37.06776141742135,46.914772913202754,46.914772913202754,0.0,0.9600444487855821,0.24001111219639554,13.200611170801755,0.0,0.0,0.0,0.0,0.0,0.0,0.0,2.593045215593591,0.0,0.5828707715875225,0.1314435517683732,0.0
0,spring_irrigation,春季灌溉日,55.0,6.0,0.25,37.74600474489888,31.056249958578142,6.153137947921031,2.9120420849072746,0.0,2.9120420849072746,0.5047974282841874,46.085289326403434,0.0,0.0,0.0,-0.0,-0.0,9.705078112055668,31.056249958578142,2.0510459826403435,6.153137947921031,-0.0,0.0,0.0,0.0,0.0,0.0,0.0,0.0,0.0,0.0,0.0,0.0,0.0,0.0,12.874488228218155,6.41816390702862,11.779352908350564,4.6894693965312575,1.9232848674778156,0.0,52.0,7.8,41.0,45.0,0.01388224328883126,0.3984038838079757,1.0,25.667283226531243,23.292187468933605,2.768912076564464,37.74600474489888,46.59008675468762,46.59008675468762,0.0,1.6016231466990012,0.4004057866747503,22.022318267111267,0.0,0.0,0.0,0.0,0.0,0.0,0.0,1.1665067234789435,0.0,0.5186362394104975,0.004510238011492085,0.0
0,spring_irrigation,春季灌溉日,55.0,6.25,0.25,38.49541182901382,31.40015887391489,6.237979742092146,5.169085007631023,0.0,5.169085007631023,0.7923721770547332,44.42583087312385,0.0,0.0,-0.0,-0.0,-0.0,9.812549648098402,31.40015887391489,2.079326580697382,6.237979742092146,-0.0,0.0,0.0,0.0,0.0,0.0,0.0,0.0,0.0,0.0,0.0,0.0,0.0,0.0,13.182814114102749,6.585563710145262,11.871206032565768,4.714278032830902,1.9475026688481034,0.0,52.0,7.8,41.0,45.0,0.02179072776690541,0.384057989435435,1.0,26.176880043729398,23.550119155436168,2.807090883941466,38.49541182901382,45.21820305017858,45.21820305017858,0.0,2.842996754197063,0.7107491885492657,39.091205370209615,0.0,0.0,0.0,0.0,0.0,0.0,0.0,2.2570429227237483,0.0,0.3439089153367476,0.08484179417111548,0.0
0,spring_irrigation,春季灌溉日,55.0,6.5,0.25,39.00739886891425,31.741094341032717,6.356028969268824,5.395606221966944,0.0,5.395606221966944,1.6122515920666265,43.66559499608816,0.0,0.0,0.757634371372949,0.26517202998053213,0.3409354671178271,9.812549648098402,31.40015887391489,2.1186763230896077,6.356028969268824,-0.0,0.0,0.0,0.0,0.0,0.0,0.0,0.0,0.0,0.0,0.0,0.0,0.0,0.0,13.463475198606309,6.767039592302193,11.963879061509983,4.741390273451254,1.9737049418543704,0.0,52.0,7.8,41.0,45.0,0.04433792168860686,0.37748580706556856,1.0,26.525031230861693,23.805820755774537,2.8602130361709706,39.00739886891425,45.27784658815479,45.27784658815479,0.0,3.1191102963564092,0.7797775740891023,42.887766574900624,0.0,0.0,0.0,0.0,0.0,0.0,0.0,0.22652121433592143,0.26517202998053213,0.0,0.11804922717667754,0.0
0,spring_irrigation,春季灌溉日,55.0,6.75,0.25,39.87236358968557,31.668442756691213,6.38669736464699,1.9860260268337084,0.0,1.9860260268337084,2.4783647866273215,47.43326025923954,0.0,0.0,0.0,-0.0,-0.0,9.896388361466004,31.668442756691213,2.1288991215489967,6.38669736464699,-0.0,0.0,0.0,0.0,0.0,0.0,0.0,0.0,0.0,0.0,0.0,0.0,0.0,0.0,13.703950287135397,6.9621308066597605,12.056769332108987,4.7708728142498655,2.0019090454130857,0.0,52.0,7.8,41.0,45.0,0.06815657330778557,0.41005699183337074,1.0,27.11320724098619,23.751332067518412,2.8740138140911453,39.87236358968557,49.91162504586686,49.91162504586686,0.0,1.0923143147585397,0.2730785786896349,15.01932182792992,0.0,0.0,0.0,0.0,0.0,0.0,0.0,-3.409580195133236,-0.26517202998053213,0.2682838827763234,0.030668395378166124,0.0
0,spring_irrigation,春季灌溉日,55.0,7.0,0.25,48.9269707481529,31.65438691594452,6.374156198015402,4.998251625870582,0.0,4.998251625870582,3.8830104087167414,49.4363976778922,0.0,0.0,5.352409028438903,1.873343159953616,2.4085840627975066,9.139313391608441,29.245802853147016,2.1247187326718007,6.374156198015402,-0.0,0.0,0.0,0.0,0.0,0.0,0.0,0.0,0.0,0.0,0.0,0.0,0.0,0.0,13.893374905863718,7.170060210492144,12.149262642904743,4.802771233561842,2.0321096105102945,8.5,88.0,13.2,41.0,45.0,0.10678520167999529,0.4273739651898791,1.0,33.27034010874397,23.740790186958392,2.868370289106931,48.9269707481529,53.319408086608945,53.319408086608945,0.0,3.8195201999166013,0.9548800499791503,52.51840274885327,0.0,0.0,0.0,0.0,0.0,0.0,0.0,3.0122255990368734,1.873343159953616,-2.422639903544198,-0.012541166631588219,0.0
0,spring_irrigation,春季灌溉日,55.0,7.25,0.25,49.41538521323825,31.560286578314784,6.403425628603345,1.6057475745402554,0.0,1.6057475745402554,5.17942018861496,52.10385204276211,0.0,0.0,5.143297167039486,1.80015400846382,2.3144837251677686,9.139313391608441,29.245802853147016,2.134475209534448,6.403425628603345,-0.0,0.0,0.0,0.0,0.0,0.0,0.0,0.0,0.0,0.0,0.0,0.0,0.0,0.0,14.02358873439263,7.3897170589453705,12.240746385326313,4.837106663981148,2.0642760546006094,8.5,88.0,13.2,41.0,45.0,0.14243727706346054,0.45043390892415536,1.0,33.60246194500201,23.670214933736087,2.881541532871505,49.41538521323825,57.28327223137707,57.28327223137707,0.0,1.9118205994050377,0.4779551498512594,26.28753324181927,0.0,0.0,0.0,0.0,0.0,0.0,0.0,-3.3925040513303264,-0.07318915148979621,0.0,0.02926943058794329,0.0
0,spring_irrigation,春季灌溉日,55.0,7.5,0.25,49.70894137633568,31.304470111770517,6.565360509033296,0.0,1.7545761502868045,-1.7545761502868045,6.949251799714832,56.48536613984704,0.0,0.0,0.0,-0.0,-0.0,9.782646909928285,31.304470111770517,2.1884535030110985,6.565360509033296,-0.0,0.0,0.0,0.0,0.0,0.0,0.0,0.0,0.0,0.0,0.0,0.0,0.0,0.0,14.08994854284147,7.6196492000371485,12.330623214504621,4.87387256931688,2.098350337462102,8.5,88.0,13.2,41.0,45.0,0.19110874729868688,0.4883117710088342,1.0,33.80208013590826,23.47835258382789,2.954412229064983,49.70894137633568,63.43461793956187,63.43461793956187,0.0,0.0,0.0,0.0,0.0,0.0,0.0,0.0,0.0,0.0,0.0,-3.36032372482706,-1.80015400846382,2.058667258623501,0.16193488042995074,0.0
0,spring_irrigation,春季灌溉日,55.0,7.75,0.25,50.14237807820871,30.867314754479487,6.946960137798364,0.0,5.0,-5.0,8.680243726754295,58.42382359149537,0.0,0.8024200148683747,0.0,-0.0,-0.0,9.64603586077484,30.867314754479487,2.3156533792661214,6.946960137798364,-0.0,0.0,0.0,0.0,0.0,0.0,0.0,0.0,0.0,0.0,0.0,0.0,0.0,0.0,14.091790605071209,7.858066262934199,12.418324788782202,4.91303171864422,2.134245039963459,8.5,88.0,13.2,41.0,45.0,0.23871210206188984,0.5120064519723841,1.0,34.096817093181926,23.150486065859617,3.1261320620092636,50.14237807820871,67.90648733311804,67.10406731824966,0.8024200148683747,0.0,0.0,0.0,0.0,0.0,0.0,0.0,-7.105427357601002e-15,0.0,0.0,-3.2454238497131955,0.0,-0.4371553572910294,0.38159962876506803,0.0
0,spring_irrigation,春季灌溉日,55.0,8.0,0.25,50.57890220879519,30.396302401873587,7.267652722855844,0.0,5.0,-5.0,8.69738618759937,58.802911429399934,2.024983560930961,0.0,0.0,-0.0,-0.0,9.498844500585495,30.396302401873587,2.4225509076186147,7.267652722855844,-0.0,0.0,0.0,0.0,0.0,0.0,0.0,0.0,0.0,0.0,0.0,0.0,0.0,0.0,14.032475082815562,8.102855139861996,12.503325061083858,4.95451345430169,2.1718418466392184,8.5,90.64,13.596,41.0,45.0,0.29487183797240674,0.5083467769240463,1.0,34.39365350198074,22.79722680140519,3.2704437252851295,50.57890220879519,69.52528117793027,67.5002976169993,2.024983560930961,0.0,0.0,0.0,0.0,0.0,0.0,0.0,7.105427357601002e-15,0.0,0.0,0.0,0.0,-0.4710123526059,0.32069258505748,0.0
0,spring_irrigation,春季灌溉日,55.0,8.25,0.25,50.812710291729296,29.817708786192604,7.379542483914789,0.0,5.0,-5.0,6.92476455440854,60.6658272276442,5.662857230837465,0.0,0.0,-0.0,-0.0,9.318033995685187,29.817708786192604,2.459847494638263,7.379542483914789,-0.0,0.0,0.0,0.0,0.0,0.0,0.0,0.0,0.0,0.0,0.0,0.0,0.0,0.0,13.919006017567334,8.351608664873236,12.585152578427813,4.998211352998994,2.210990509706667,8.5,90.64,13.596,41.0,45.0,0.34616742926867905,0.5244515448462156,1.0,34.55264299837592,22.36328158964445,3.320794117761655,50.812710291729296,73.2534490128902,67.59059178205274,5.662857230837465,0.0,0.0,0.0,0.0,0.0,0.0,0.0,0.0,0.0,0.0,0.0,0.0,-0.5785936156809832,0.11188976105894533,0.0
0,spring_irrigation,春季灌溉日,55.0,8.5,0.25,50.707506758787346,29.115679644196224,7.556810381411959,0.0,5.0,-5.0,14.833980897352967,52.491112544049685,0.0,7.914712832312468,0.0,-0.0,-0.0,9.09864988881132,29.115679644196224,2.5189367938039866,7.556810381411959,-0.0,0.0,0.0,0.0,0.0,0.0,0.0,0.0,0.0,0.0,0.0,0.0,0.0,0.0,13.761282916034316,8.601667897852723,12.663401241641536,5.0439813785173095,2.2515083660373563,8.5,90.64,13.596,41.0,45.0,0.4079437022072087,0.5222038482631611,1.0,34.481104595975395,21.83675973314717,3.4005646716353817,50.707506758787346,75.23980627371512,67.32509344140266,7.914712832312468,0.0,0.0,0.0,0.0,0.0,0.0,0.0,0.0,0.0,0.0,0.0,0.0,-0.7020291419963804,0.17726789749717042,0.0
0,spring_irrigation,春季灌溉日,55.0,8.75,0.25,50.87872949406257,28.315973262528278,7.760873615172507,0.0,5.0,-5.0,9.392434660498587,57.92199434982823,7.358888003697569,0.0,0.0,-0.0,-0.0,8.848741644540086,28.315973262528278,2.586957871724169,7.760873615172507,-0.0,0.0,0.0,0.0,0.0,0.0,0.0,0.0,0.0,0.0,0.0,0.0,0.0,0.0,13.571091784309521,8.850177843718843,12.737738998600635,5.0916406205124645,2.293180469561384,8.5,90.64,13.596,41.0,45.0,0.4606717934845875,0.500731314572743,1.0,34.59753605596255,21.23697994689621,3.4923931268276283,50.87872949406257,74.67331701402439,67.31442901032682,7.358888003697569,0.0,0.0,0.0,0.0,0.0,0.0,0.0,0.0,0.0,0.0,0.0,0.0,-0.7997063816679457,0.20406323376054747,0.0
0,spring_irrigation,春季灌溉日,55.0,9.0,0.25,51.21587367188964,27.770820515954806,7.964260135294969,0.0,5.0,-5.0,12.439482716744998,55.10952574481218,6.0646220943420985,0.0,0.0,-0.0,-0.0,8.678381411235877,27.770820515954806,2.6547533784316566,7.964260135294969,-0.0,0.0,0.0,0.0,0.0,0.0,0.0,0.0,0.0,0.0,0.0,0.0,0.0,0.0,13.36097555473296,9.094155795212528,12.807913992790407,5.14096670648026,2.3357603896906465,8.5,90.64,13.596,41.0,45.0,0.508874392848389,0.4764177335644877,1.0,34.82679409688496,20.828115386966104,3.583917060882736,51.21587367188964,73.61363055589928,67.54900846155718,6.0646220943420985,0.0,0.0,0.0,0.0,0.0,0.0,0.0,7.105427357601002e-15,0.0,0.0,0.0,0.0,-0.5451527465734713,0.2033865201224625,0.0
0,spring_irrigation,春季灌溉日,55.0,9.25,0.25,51.58329830001796,27.208233251952468,8.24326984929252,0.0,5.0,-5.0,20.230657985685806,47.60296982199814,0.0,4.903188175369515,0.0,-0.0,-0.0,8.502572891235145,27.208233251952468,2.74775661643084,8.24326984929252,-0.0,0.0,0.0,0.0,0.0,0.0,0.0,0.0,0.0,0.0,0.0,0.0,0.0,0.0,13.143131265968776,9.330570809099097,12.87375776517024,5.191697962944294,2.3789717117764724,8.5,90.64,13.596,41.0,45.0,0.5563556791583297,0.45391181385079526,1.0,35.07664284401221,20.40617493896435,3.709471432181634,51.58329830001796,72.73681598305346,67.83362780768394,4.903188175369515,0.0,0.0,0.0,0.0,0.0,0.0,0.0,-7.105427357601002e-15,0.0,0.0,0.0,0.0,-0.5625872640023388,0.27900971399755115,0.0
0,spring_irrigation,春季灌溉日,55.0,9.5,0.25,51.74245221730801,26.750513825116418,8.442498912519962,0.0,5.0,-5.0,21.818969296645594,46.097184795184624,0.0,2.6450533962103364,0.0,-0.0,-0.0,8.35953557034888,26.750513825116418,2.814166304173321,8.442498912519962,-0.0,0.0,0.0,0.0,0.0,0.0,0.0,0.0,0.0,0.0,0.0,0.0,0.0,0.0,12.928464489322701,9.556432141060757,12.935185210193577,5.2435343874494835,2.422510258669528,8.5,90.64,13.596,41.0,45.0,0.6000352282243624,0.42137300828052954,1.0,35.184867507769454,20.062885368837314,3.799124510633983,51.74245221730801,70.56120748804055,67.91615409183022,2.6450533962103364,0.0,0.0,0.0,0.0,0.0,0.0,0.0,7.105427357601002e-15,0.0,0.0,0.0,0.0,-0.45771942683605005,0.19922906322744183,0.0
0,spring_irrigation,春季灌溉日,55.0,9.75,0.25,51.687581334955354,26.33510054021609,8.568413040813095,0.0,5.0,-5.0,23.2756133935034,44.49782454054051,0.0,2.0904149096437976,0.0,-0.0,-0.0,8.229718918817527,26.33510054021609,2.8561376802710314,8.568413040813095,-0.0,0.0,0.0,0.0,0.0,0.0,0.0,0.0,0.0,0.0,0.0,0.0,0.0,0.0,12.72589555881178,9.76888380871087,12.99219111378107,5.29613947520614,2.4660470335489744,8.5,90.64,13.596,41.0,45.0,0.6400938469985369,0.4027518500593496,1.0,35.14755530776964,19.751325405162067,3.8557858683658925,51.687581334955354,69.86385284368771,67.77343793404391,2.0904149096437976,0.0,0.0,0.0,0.0,0.0,0.0,0.0,0.0,0.0,0.0,0.0,0.0,-0.41541328490032825,0.12591412829313242,0.0
0,spring_irrigation,春季灌溉日,55.0,10.0,0.25,51.890937372662684,25.8373984789607,8.91234667537874,0.0,5.0,-5.0,24.955618572514098,42.980288049950055,0.0,3.429145240737199,0.0,-0.0,-0.0,8.074187024675219,25.8373984789607,2.970782225126247,8.91234667537874,-0.0,0.0,0.0,0.0,0.0,0.0,0.0,0.0,0.0,0.0,0.0,0.0,0.0,0.0,12.541965635788236,9.965301861921935,13.044843247787504,5.349142923597687,2.5092318638689,8.5,90.64,13.596,41.0,45.0,0.6862950344744628,0.40120608416672665,1.0,35.285837413410626,19.378048859220527,4.010556003920433,51.890937372662684,71.36505186320136,67.93590662246416,3.429145240737199,0.0,0.0,0.0,0.0,0.0,0.0,0.0,0.0,0.0,0.0,0.0,0.0,-0.49770206125538863,0.3439336345656461,0.0
0,spring_irrigation,春季灌溉日,55.0,10.25,0.25,52.16788743662465,25.129569724768082,9.124913988176566,0.0,5.0,-5.0,26.61859743151708,41.44391854015645,0.0,5.3501676675929986,0.0,-0.0,-0.0,7.852990538990025,25.129569724768082,3.041637996058855,9.124913988176566,-0.0,0.0,0.0,0.0,0.0,0.0,0.0,0.0,0.0,0.0,0.0,0.0,0.0,0.0,12.380743076434058,10.143390452515625,13.093272156171755,5.402144214755273,2.551697705165552,8.5,90.64,13.596,41.0,45.0,0.7320279875588943,0.4045313799024279,1.0,35.47416345690477,18.84717729357606,4.106211294679455,52.16788743662465,73.41268363926653,68.06251597167353,5.3501676675929986,0.0,0.0,0.0,0.0,0.0,0.0,0.0,0.0,0.0,0.0,0.0,0.0,-0.7078287541926187,0.21256731279782493,0.0
0,spring_irrigation,春季灌溉日,55.0,10.5,0.25,52.45401385597061,24.444760267803087,9.576510310015953,0.0,5.0,-5.0,23.48237287771152,44.80279866528621,4.214954272383611,0.0,0.0,-0.0,-0.0,7.638987583688464,24.444760267803087,3.192170103338651,9.576510310015953,-0.0,0.0,0.0,0.0,0.0,0.0,0.0,0.0,0.0,0.0,0.0,0.0,0.0,0.0,12.243990427374488,10.301272447607232,13.137657935373054,5.454717051666488,2.5930655422873583,8.5,90.64,13.596,41.0,45.0,0.761693725847407,0.3873168478404306,1.0,35.66872942206002,18.333570200852314,4.309429639507179,52.45401385597061,72.50012581538134,68.28517154299773,4.214954272383611,0.0,0.0,0.0,0.0,0.0,0.0,0.0,7.105427357601002e-15,0.0,0.0,0.0,0.0,-0.6848094569649952,0.45159632183938747,0.0
0,spring_irrigation,春季灌溉日,55.0,10.75,0.25,52.636800661437405,24.07162311724338,9.911854856502037,0.0,5.0,-5.0,28.465667953668504,39.997466550741464,0.0,4.051043219901686,0.0,-0.0,-0.0,7.522382224138556,24.07162311724338,3.3039516188340126,9.911854856502037,-0.0,0.0,0.0,0.0,0.0,0.0,0.0,0.0,0.0,0.0,0.0,0.0,0.0,0.0,12.13152537563986,10.437570155756214,13.178214476875885,5.506414597592846,2.632949805109906,8.5,90.64,13.596,41.0,45.0,0.7828235758947747,0.3807960766891285,1.0,35.79302444977744,18.053717337932536,4.4603346854259165,52.636800661437405,72.51417772431165,68.46313450440996,4.051043219901686,0.0,0.0,0.0,0.0,0.0,0.0,0.0,-7.105427357601002e-15,0.0,0.0,0.0,0.0,-0.37313715055970675,0.335344546486084,0.0
0,spring_irrigation,春季灌溉日,55.0,11.0,0.25,52.723105402095186,23.63807124996706,10.227530471494198,0.0,5.0,-5.0,27.18940745393617,41.329772037605125,1.6700904623495099,0.0,0.0,-0.0,-0.0,7.386897265614706,23.63807124996706,3.4091768238313995,10.227530471494198,-0.0,0.0,0.0,0.0,0.0,0.0,0.0,0.0,0.0,0.0,0.0,0.0,0.0,0.0,12.041697361012574,10.551471760801707,13.2151717944272,5.55677544278461,2.670964196758464,8.5,72.10000000000001,10.815000000000001,41.0,45.0,0.7936541448500607,0.3572927920677369,1.0,35.85171167342473,17.728553437475295,4.602388712172389,52.723105402095186,70.1892699538908,68.5191794915413,1.6700904623495099,0.0,0.0,0.0,0.0,0.0,0.0,0.0,0.0,0.0,0.0,0.0,0.0,-0.43355186727632145,0.3156756149921609,0.0
0,spring_irrigation,春季灌溉日,55.0,11.25,0.25,52.87900864488936,23.188177803896888,10.458044611183482,0.0,4.219200291056456,-4.219200291056456,28.701373529771292,39.12915584028679,0.0,0.0,0.0,-0.0,-0.0,7.246305563717777,23.188177803896888,3.4860148703944938,10.458044611183482,-0.0,0.0,0.0,0.0,0.0,0.0,0.0,0.0,0.0,0.0,0.0,0.0,0.0,0.0,11.97190422964634,10.642779306211432,13.248757192427256,5.605330197525103,2.7067278155469197,8.5,72.10000000000001,10.815000000000001,41.0,45.0,0.7893056258590841,0.3382686294206759,1.0,35.95772587852477,17.391133352922665,4.706120075032567,52.87900864488936,67.83052937005809,67.83052937005809,0.0,0.0,0.0,0.0,0.0,0.0,0.0,0.0,0.0,0.0,0.0,0.7807997089435439,0.0,-0.44989344607017046,0.23051413968928358,0.0
0,spring_irrigation,春季灌溉日,55.0,11.5,0.25,53.094205263175446,22.73603492418951,10.881823485665642,0.0,0.6271402165638094,-0.6271402165638094,28.89737553311336,35.556255355657,0.0,0.0,0.0,-0.0,-0.0,7.105010913809222,22.73603492418951,3.6272744952218807,10.881823485665642,-0.0,0.0,0.0,0.0,0.0,0.0,0.0,0.0,0.0,0.0,0.0,0.0,0.0,0.0,11.919086719363866,10.711934555504651,13.279176136549788,5.6516085873581305,2.739871437972284,8.5,72.10000000000001,10.815000000000001,41.0,45.0,0.7946958028747267,0.3073811716149077,1.0,36.10405957895931,17.052026193142133,4.896820568549539,53.094205263175446,64.45363088877036,64.45363088877036,0.0,0.0,0.0,0.0,0.0,0.0,0.0,0.0,0.0,0.0,0.0,3.5920600744926467,0.0,-0.45214287970737743,0.42377887448216,0.0
0,spring_irrigation,春季灌溉日,55.0,11.75,0.25,53.211406367117974,22.281922923733113,11.176245407356125,0.0,0.0,0.0,29.7747853590985,33.71060051883878,0.0,0.0,0.8449152379774112,0.2957203332920939,0.38021185708983507,6.844284708326024,21.901711066643276,3.7254151357853753,11.176245407356125,-0.0,0.0,0.0,0.0,0.0,0.0,0.0,0.0,0.0,0.0,0.0,0.0,0.0,0.0,11.880157948958125,10.760019773780916,13.30659375449952,5.695146905883207,2.77004381981523,8.5,72.10000000000001,10.815000000000001,41.0,45.0,0.818825118885187,0.29142562341492984,1.0,36.183756329640225,16.711442192799836,5.029310433310257,53.211406367117974,63.48538587793728,63.48538587793728,0.0,0.16898304759548224,0.04224576189887056,2.3235169044378807,0.0,0.0,0.0,0.0,7.105427357601002e-15,0.0,0.0,0.6271402165638094,0.2957203332920939,-0.8343238575462344,0.29442192169048376,0.0
0,spring_irrigation,春季灌溉日,55.0,12.0,0.25,44.86654013995065,21.893531485572513,11.588404721017044,0.0,5.0,-5.0,31.059148471603752,29.511921831260654,0.0,3.6847888099893176,0.0,-0.0,-0.0,6.84172858924141,21.893531485572513,3.862801573672348,11.588404721017044,-0.0,0.0,0.0,0.0,0.0,0.0,0.0,0.0,0.0,0.0,0.0,0.0,0.0,0.0,11.852345670946532,10.788731421297669,13.331117917380272,5.735495663618433,2.7969178662134566,0.0,72.10000000000001,10.815000000000001,41.0,45.0,0.8541459034216738,0.2869830838090498,1.0,30.509247295166446,16.420148614179386,5.2147821244576695,44.86654013995065,64.25585911285373,60.571070302864406,3.6847888099893176,0.0,0.0,0.0,0.0,0.0,0.0,0.0,-7.105427357601002e-15,0.0,0.0,-5.0,-0.2957203332920939,-0.00817958107076322,0.4121593136609185,0.0
0,spring_irrigation,春季灌溉日,55.0,12.25,0.25,44.737413723684625,21.661626348217926,12.101471129137142,0.0,5.0,-5.0,32.12823793507766,28.412257732137448,0.0,4.499847007002074,0.0,-0.0,-0.0,6.7692582338181015,21.661626348217926,4.03382370971238,12.101471129137142,-0.0,0.0,0.0,0.0,0.0,0.0,0.0,0.0,0.0,0.0,0.0,0.0,0.0,0.0,11.833443013426221,10.800325898479315,13.352784825942283,5.772227258905498,2.8201965198794525,0.0,72.10000000000001,10.815000000000001,41.0,45.0,0.883546528698068,0.2845226870444251,1.0,30.421441332105548,16.246219761163445,5.445662008111714,44.737413723684625,65.04034267421719,60.540495667215104,4.499847007002074,0.0,0.0,0.0,0.0,0.0,0.0,0.0,0.0,0.0,0.0,0.0,0.0,-0.2319051373545875,0.513066408120098,0.0
0,spring_irrigation,春季灌溉日,55.0,12.5,0.25,44.64942648216512,21.546738452897443,12.416096177734127,0.0,5.0,-5.0,29.05364767940666,31.467833295200286,3.6650549807876303,0.0,0.0,-0.0,-0.0,6.733355766530451,21.546738452897443,4.138698725911376,12.416096177734127,-0.0,0.0,0.0,0.0,0.0,0.0,0.0,0.0,0.0,0.0,0.0,0.0,0.0,0.0,11.821976393498934,10.797537794281572,13.371547949118714,5.804943489303339,2.8396182196477957,0.0,72.10000000000001,10.815000000000001,41.0,45.0,0.8997846759394349,0.27203706829387336,1.0,30.361610007872283,16.160053839673083,5.587243279980357,44.64942648216512,64.18653595539458,60.521480974606945,3.6650549807876303,0.0,0.0,0.0,0.0,0.0,0.0,0.0,0.0,0.0,0.0,0.0,0.0,-0.11488789532048216,0.3146250485969855,0.0
0,spring_irrigation,春季灌溉日,55.0,12.75,0.25,44.605829475018425,21.48648690318358,12.683373344891795,0.0,5.0,-5.0,30.113618829435072,30.434528917792154,2.8454087184050216,0.0,0.0,-0.0,-0.0,6.714527157244868,21.48648690318358,4.227791114963932,12.683373344891795,-0.0,0.0,0.0,0.0,0.0,0.0,0.0,0.0,0.0,0.0,0.0,0.0,0.0,0.0,11.817306347957976,10.783472513305995,13.387271035800197,5.833282719853247,2.8549617893015853,0.0,72.10000000000001,10.815000000000001,41.0,45.0,0.9063937598446362,0.26310422913560155,1.0,30.33196404301253,16.114865177387685,5.707518005201308,44.605829475018425,63.393556465632244,60.548147747227226,2.8454087184050216,0.0,0.0,0.0,0.0,0.0,0.0,0.0,0.0,0.0,0.0,0.0,0.0,-0.060251549713864705,0.26727716715766725,0.0
0,spring_irrigation,春季灌溉日,55.0,13.0,0.25,44.4733756313386,21.23968153108655,13.158234724706752,0.0,5.0,-5.0,28.576636229459496,31.92021812191257,3.730488927532953,0.0,0.0,-0.0,-0.0,6.637400478464547,21.23968153108655,4.386078241568917,13.158234724706752,-0.0,0.0,0.0,0.0,0.0,0.0,0.0,0.0,0.0,0.0,0.0,0.0,0.0,0.0,11.819678560682954,10.761476624226027,13.399725748880876,5.856926528266881,2.8660506289992798,0.0,72.10000000000001,10.815000000000001,41.0,45.0,0.8884660385781504,0.2759479013291498,1.0,30.241895429310247,15.929761148314913,5.921205626118039,44.4733756313386,64.22734327890501,60.496854351372065,3.730488927532953,0.0,0.0,0.0,0.0,0.0,0.0,0.0,0.0,0.0,0.0,0.0,0.0,-0.2468053720970289,0.474861379814957,0.0
0,spring_irrigation,春季灌溉日,55.0,13.25,0.25,44.45008766010457,21.187630684387123,13.623299787528133,0.0,5.0,-5.0,28.671379630862912,31.940942547288675,2.387675354781834,0.0,0.0,-0.0,-0.0,6.621134588870976,21.187630684387123,4.5410999291760445,13.623299787528133,-0.0,0.0,0.0,0.0,0.0,0.0,0.0,0.0,0.0,0.0,0.0,0.0,0.0,0.0,11.830239561465014,10.73499070347649,13.408594260438436,5.87560565654106,2.8727560982735967,0.0,72.10000000000001,10.815000000000001,41.0,45.0,0.8541433324996479,0.2761270624384802,1.0,30.22605960887111,15.890723013290343,6.13048490438766,44.45008766010457,62.99999753293342,60.61232217815159,2.387675354781834,0.0,0.0,0.0,0.0,0.0,0.0,0.0,0.0,0.0,0.0,0.0,0.0,-0.0520508466994265,0.46506506282138105,0.0
0,spring_irrigation,春季灌溉日,55.0,13.5,0.25,51.11032139633963,21.16750386455271,13.882980842973511,0.0,0.6062632326303792,-0.6062632326303792,29.811205388698585,33.14788447893532,0.0,0.0,0.0,-0.0,-0.0,6.614844957672721,21.16750386455271,4.62766028099117,13.882980842973511,-0.0,0.0,0.0,0.0,0.0,0.0,0.0,0.0,0.0,0.0,0.0,0.0,0.0,0.0,11.851026006933896,10.70739075522518,13.413476908468702,5.889105113564341,2.875,6.5,72.10000000000001,10.815000000000001,41.0,45.0,0.8198266923543969,0.28656098528299256,1.0,34.75501854951095,15.875627898414532,6.2473413793380805,51.11032139633963,62.95908986763391,62.95908986763391,0.0,0.0,0.0,0.0,0.0,0.0,0.0,0.0,0.0,0.0,0.0,4.393736767369621,0.0,-0.020126819834413112,0.25968105544537856,0.0
0,spring_irrigation,春季灌溉日,55.0,13.75,0.25,50.94321382556272,21.32161257801613,14.144127380061635,0.0,1.0758999753111453,-1.0758999753111453,28.403055988235934,34.993770869955185,0.0,0.0,0.0,-0.0,-0.0,6.66300393063004,21.32161257801613,4.714709126687212,14.144127380061635,-0.0,0.0,0.0,0.0,0.0,0.0,0.0,0.0,0.0,0.0,0.0,0.0,0.0,0.0,11.884929744974835,10.681825378347877,13.41390476116872,5.897268293550466,2.8727560982735967,6.5,72.10000000000001,10.815000000000001,41.0,45.0,0.7811017078973856,0.3025185352517473,1.0,34.64138540138266,15.991209433512097,6.364857321027736,50.94321382556272,63.39682685819112,63.39682685819112,0.0,0.0,0.0,0.0,0.0,0.0,0.0,0.0,0.0,0.0,0.0,-0.46963674268076616,0.0,0.15410871346341892,0.2611465370881234,0.0
0,spring_irrigation,春季灌溉日,55.0,14.0,0.25,51.25914493026677,21.351399088209106,14.162562313573138,0.0,1.6969925905028198,-1.6969925905028198,26.80910281064592,37.540201029713394,0.0,0.0,0.0,-0.0,-0.0,6.672312215065346,21.351399088209106,4.7208541045243795,14.162562313573138,-0.0,0.0,0.0,0.0,0.0,0.0,0.0,0.0,0.0,0.0,0.0,0.0,0.0,0.0,11.935634434978466,10.661056631885277,13.409356678259373,5.9,2.8660506289992798,6.5,72.10000000000001,10.815000000000001,41.0,45.0,0.7372670039894788,0.3245322337729411,1.0,34.85621855258141,16.01354931615683,6.373153041107912,51.25914493026677,64.34930384035931,64.34930384035931,0.0,0.0,0.0,0.0,0.0,0.0,0.0,0.0,0.0,0.0,0.0,-0.6210926151916745,0.0,0.02978651019297729,0.018434933511503715,0.0
0,spring_irrigation,春季灌溉日,55.0,14.25,0.25,51.12785302325455,21.383497999023568,14.48699860476694,0.0,1.6969925905028198,-1.6969925905028198,23.64536483749852,40.69082343587603,1.722309422247239,0.0,0.0,-0.0,-0.0,6.682343124694865,21.383497999023568,4.828999534922313,14.48699860476694,-0.0,0.0,0.0,0.0,0.0,0.0,0.0,0.0,0.0,0.0,0.0,0.0,0.0,0.0,12.0075144832162,10.647312939228124,13.399280214952329,5.897268293550466,2.8549617893015853,6.5,72.10000000000001,10.815000000000001,41.0,45.0,0.6976268221940233,0.3517691291331374,1.0,34.766940055813095,16.037623499267674,6.519149372145123,51.12785302325455,66.05849769562178,64.33618827337455,1.722309422247239,0.0,0.0,0.0,0.0,0.0,0.0,0.0,0.0,0.0,0.0,0.0,0.0,0.03209891081446159,0.3244362911938019,0.0
0,spring_irrigation,春季灌溉日,55.0,14.5,0.25,51.197452787653205,21.402267447992504,14.566911676569545,0.0,1.6969925905028198,-1.6969925905028198,23.486244693333298,40.95204648784357,0.22475426789937458,0.0,0.0,-0.0,-0.0,6.688208577497657,21.402267447992504,4.855637225523181,14.566911676569545,-0.0,0.0,0.0,0.0,0.0,0.0,0.0,0.0,0.0,0.0,0.0,0.0,0.0,0.0,12.105484284037773,10.642162301300674,13.383115497430923,5.889105113564341,2.8396182196477957,6.5,72.10000000000001,10.815000000000001,41.0,45.0,0.652067220944216,0.35402738290489827,1.0,34.81426789560418,16.05170058599438,6.555110254456295,51.197452787653205,64.66304544907624,64.43829118117687,0.22475426789937458,0.0,0.0,0.0,0.0,0.0,0.0,0.0,7.105427357601002e-15,0.0,0.0,0.0,0.0,0.01876944896893562,0.07991307180260421,0.0
0,spring_irrigation,春季灌溉日,55.0,14.75,0.25,51.37263075684093,21.422646300342127,14.45423414330732,0.0,-0.0,0.0,22.307417366690913,40.577868406776034,0.0,0.0,0.0,-0.0,-0.0,6.694576968856914,21.422646300342127,4.818078047769107,14.45423414330732,-0.0,0.0,0.0,0.0,0.0,0.0,0.0,0.0,0.0,0.0,0.0,0.0,0.0,0.0,12.234785771994492,10.646413517603339,13.36032102253002,5.87560565654106,2.8201965198794525,6.5,72.10000000000001,10.815000000000001,41.0,45.0,0.6134678539914489,0.3507926413439353,1.0,34.933388914651836,16.066984725256596,6.504405364488294,51.37263075684093,62.88528577346695,62.88528577346695,0.0,0.0,0.0,0.0,0.0,0.0,-0.0,0.0,0.0,0.0,0.0,1.6969925905028198,0.0,0.02037885234962289,-0.11267753326222518,0.0
0,spring_irrigation,春季灌溉日,55.0,15.0,0.25,51.58490452146815,21.550794168673704,14.303869137831482,0.0,0.0,0.0,21.163075234708355,41.924408843747486,0.0,0.23198372279687618,0.0,-0.0,-0.0,6.7346231777105325,21.550794168673704,4.767956379277161,14.303869137831482,-0.0,0.0,0.0,0.0,0.0,0.0,0.0,0.0,0.0,0.0,0.0,0.0,0.0,0.0,12.400705348465907,10.660052029499035,13.330400209987722,5.856926528266881,2.7969178662134566,6.5,72.10000000000001,10.815000000000001,41.0,45.0,0.5819977335198797,0.3644388647945954,1.0,35.077735074598344,16.163095626505278,6.436741112024167,51.58490452146815,63.31946780125271,63.087484078455844,0.23198372279687618,0.0,0.0,0.0,0.0,0.0,0.0,0.0,7.105427357601002e-15,0.0,0.0,0.0,0.0,0.12814786833157754,-0.15036500547583742,0.0
0,spring_irrigation,春季灌溉日,55.0,15.25,0.25,51.63142393676842,21.770997717525734,14.387883856403407,-0.0,0.0,-0.0,19.8084297874604,42.03776980583341,0.0,0.0,2.822160337669719,0.9877561181844016,1.2699721519513736,6.406570489241987,20.50102556557436,4.795961285467802,14.387883856403407,-0.0,0.0,0.0,0.0,0.0,0.0,0.0,0.0,0.0,0.0,0.0,0.0,0.0,0.0,12.608217319380794,10.682215427312304,13.292927471618174,5.833282719853247,2.77004381981523,6.5,72.10000000000001,10.815000000000001,41.0,45.0,0.544744141058595,0.3634133798889774,1.0,35.10936827700253,16.3282482881443,6.474547735381534,51.63142393676842,61.84619959329382,61.84619959329382,0.0,0.5644320675339438,0.14110801688348595,7.760940928591728,0.0,0.0,0.0,0.0,7.105427357601002e-15,0.0,0.0,-0.0,0.9877561181844016,-1.049768603099345,0.08401471857192533,0.0
0,spring_irrigation,春季灌溉日,55.0,15.5,0.25,52.0113677021314,22.139734087560264,14.326711301487562,-0.0,0.0,-0.0,18.02912031368114,42.18279850249301,0.0,0.0,7.1208891152082,2.49231119032287,3.20440010184369,5.917291870536429,18.935333985716575,4.775570433829187,14.326711301487562,-0.0,0.0,0.0,0.0,0.0,0.0,0.0,0.0,0.0,0.0,0.0,0.0,0.0,0.0,12.861559710790962,10.711211665500167,13.2475725628818,5.804943489303339,2.739871437972284,6.5,72.10000000000001,10.815000000000001,41.0,45.0,0.49581202370394767,0.3646671421384353,1.0,35.367730037449356,16.604800565670196,6.447020085669402,52.0113677021314,60.21191881617415,60.21191881617415,0.0,1.4241778230416402,0.35604445576041005,19.582445066822554,0.0,0.0,0.0,0.0,0.0,0.0,0.0,0.0,1.5045550721384684,-1.5656915798577842,-0.06117255491584572,0.0
0,spring_irrigation,春季灌溉日,55.0,15.75,0.25,52.06770381505439,22.29165084235032,14.204894110965618,-0.0,0.0,-0.0,16.509944631080238,43.03152401268158,0.0,0.0,8.61623595043517,3.0156825826523095,3.877306177695827,5.754482707704529,18.414344664654493,4.734964703655206,14.204894110965618,-0.0,0.0,0.0,0.0,0.0,0.0,0.0,0.0,0.0,0.0,0.0,0.0,0.0,0.0,13.163758989323181,10.7445807107795,13.194122049504152,5.772227258905498,2.7067278155469197,6.5,72.10000000000001,10.815000000000001,41.0,45.0,0.45403374742384517,0.3720043107770253,1.0,35.40603859423698,16.71873813176274,6.392202349934529,52.06770381505439,59.54146864376182,59.54146864376182,0.0,1.723247190087034,0.4308117975217585,23.69464886369672,0.0,0.0,0.0,0.0,0.0,0.0,0.0,0.0,0.5233713923294396,-0.520989321062082,-0.12181719052194317,0.0
0,spring_irrigation,春季灌溉日,55.0,16.0,0.25,52.46877899286416,22.457955570808704,13.870709364431118,0.0,-0.0,0.0,14.602016235854451,43.3097351786863,0.0,0.9409804951685956,12.634310282486286,4.4220085988702,5.6854396271188286,5.2414112324030855,16.772515943689875,4.623569788143706,13.870709364431118,-0.0,0.0,0.0,0.0,0.0,0.0,0.0,0.0,0.0,0.0,0.0,0.0,0.0,0.0,13.51613169168137,10.779197843407024,13.132496851816786,5.735495663618433,2.670964196758464,6.5,135.96,20.394000000000002,41.0,45.0,0.4015645297215658,0.38254413161828144,1.0,35.67876971514763,16.843466678106527,6.241819213994003,52.46877899286416,58.85273190970935,57.91175141454075,0.9409804951685956,2.5268620564972575,0.6317155141243144,34.74435327683729,0.0,0.0,-0.0,0.0,0.0,0.0,0.0,0.0,1.40632601621789,-1.641828720964618,-0.3341847465345005,0.0
0,spring_irrigation,春季灌溉日,55.0,16.25,0.25,52.89941797417849,22.640776554728664,13.78946807870279,-0.0,0.0,-0.0,12.691901279689265,43.05451456548686,0.0,0.0,17.98671931092519,6.2953517588238155,8.094023689916336,4.545860270253852,14.546752864812328,4.596489359567596,13.78946807870279,-0.0,-0.0,0.0,0.0,0.0,0.0,0.0,0.0,0.0,0.0,0.0,0.0,0.0,0.0,13.917801801232796,10.811414304781199,13.062765015224103,5.695146905883207,2.632949805109906,6.5,135.96,20.394000000000002,41.0,45.0,0.34903518023329505,0.37220306238870865,1.0,35.97160422244138,16.9805824160465,6.205260635416256,52.89941797417849,55.74641584517613,55.74641584517613,0.0,3.597343862185038,0.8993359655462595,49.463478105044274,0.0,0.0,0.0,0.0,0.0,0.0,0.0,-0.0,1.8733431599536159,-2.225763078877547,-0.08124128572832845,-0.0
0,spring_irrigation,春季灌溉日,55.0,16.5,0.25,53.168680496820315,22.915731577818505,13.633086878818506,0.0,0.0,0.0,10.741805717105528,44.739574348870086,0.0,0.0,19.144619295495524,6.700616753423433,8.615078682972985,4.4689540296392245,14.30065289484552,4.5443622929395024,13.633086878818506,-0.0,0.0,0.0,0.0,0.0,0.0,0.0,0.0,0.0,0.0,0.0,0.0,0.0,0.0,14.365281209458566,10.837228612829039,12.985149086009732,5.6516085873581305,2.5930655422873583,6.5,135.96,20.394000000000002,41.0,45.0,0.2954063391984373,0.3867702783476606,1.0,36.154702737837816,17.18679868336388,6.134889095468328,53.168680496820315,55.481380065975614,55.481380065975614,0.0,3.828923859099105,0.9572309647747762,52.64770306261269,0.0,0.0,0.0,0.0,7.105427357601002e-15,0.0,0.0,0.0,0.4052649945996176,-0.24609996996680827,-0.156381199884283,0.0
0,spring_irrigation,春季灌溉日,55.0,16.75,0.25,53.271959058255575,23.275897897029616,13.420712729831042,0.0,-0.0,0.0,8.99752826746549,44.008056686235506,0.0,0.8370203225337463,24.486447097722337,8.570256484202817,11.018901193975053,3.830311469704551,12.256996703054563,4.473570909943681,13.420712729831042,-0.0,0.0,0.0,0.0,0.0,0.0,0.0,0.0,0.0,0.0,0.0,0.0,0.0,0.0,14.852165042170395,10.852479828420703,12.90002773416671,5.605330197525103,2.551697705165552,6.5,135.96,20.394000000000002,41.0,45.0,0.24743762429941246,0.38768234096178894,1.0,36.22493215961379,17.456923422772213,6.039320728423969,53.271959058255575,53.84260527623474,53.005584953700996,0.8370203225337463,4.897289419544467,1.2243223548861168,67.33772951873642,0.0,0.0,-0.0,0.0,7.105427357601002e-15,0.0,0.0,0.0,1.869639730779384,-2.043656191790957,-0.21237414898746465,0.0
0,spring_irrigation,春季灌溉日,55.0,17.0,0.25,53.382265762686266,23.659831172501946,13.159061384009211,0.0,0.0,0.0,7.056041385005803,43.4665866268592,0.0,0.0,29.83885612616124,10.443599644156434,13.427485256772558,3.1976080986654334,10.232345915729388,4.386353794669737,13.159061384009211,-0.0,0.0,0.0,0.0,0.0,0.0,0.0,0.0,0.0,0.0,0.0,0.0,0.0,0.0,15.368992521990018,10.853052514428446,12.807931543768166,5.55677544278461,2.5092318638689,6.5,135.96,20.394000000000002,41.0,45.0,0.19404552732302577,0.37576539457885155,1.0,36.299940718626665,17.744873379376457,5.921577622804145,53.382265762686266,50.522628011865,50.522628011865,0.0,5.967771225232248,1.491942806308062,82.05685434694341,0.0,0.0,0.0,0.0,0.0,0.0,0.0,0.0,1.8733431599536168,-2.024650787325175,-0.26165134582183036,0.0
0,spring_irrigation,春季灌溉日,55.0,17.25,0.25,53.49869250363845,24.044653381231306,13.01171839851818,0.18989136061516465,0.0,0.18989136061516465,5.27135494439404,42.62292537996106,0.0,0.0,35.191265154600146,12.31694280411005,15.836069319570067,2.565182519269137,8.20858406166124,4.3372394661727265,13.01171839851818,-0.0,-0.0,0.0,0.0,0.0,0.0,0.0,0.0,0.0,0.0,0.0,0.0,0.0,0.0,15.90331640855455,10.835082216652571,12.70953317044642,5.506414597592846,2.4660470335489744,6.5,135.96,20.394000000000002,41.0,45.0,0.1449655400357235,0.3684720061181237,1.0,36.37911090247415,18.033490035923478,5.855273279333181,53.49869250363845,47.8942803243551,47.8942803243551,0.0,7.14269327925837,1.7856733198145924,98.21203258980259,0.0,0.0,0.0,0.0,0.0,0.0,0.0,0.18989136061516465,1.8733431599536168,-2.023761854068148,-0.1473429854910311,-0.0
0,spring_irrigation,春季灌溉日,55.0,17.5,0.25,53.899033246319945,24.370660194145714,12.868832794581243,0.0,0.0,0.0,3.714054725914718,42.20453896927803,0.0,0.0,40.53173359149004,14.186106757021513,18.23928011617052,1.9160562743672482,6.131380077975194,4.289610931527081,12.868832794581243,-0.0,0.0,0.0,0.0,0.0,0.0,0.0,0.0,0.0,0.0,0.0,0.0,0.0,0.0,16.44000972269983,10.795150101252053,12.605632328923699,5.454717051666488,2.422510258669528,6.5,135.96,20.394000000000002,41.0,45.0,0.10213881530346279,0.36485508684985085,1.0,36.65134260749757,18.277995145609285,5.7909747575615595,53.899033246319945,45.918593695192754,45.918593695192754,0.0,8.106346718298008,2.026586679574502,111.46226737659761,0.0,0.0,0.0,0.0,-7.105427357601002e-15,0.0,0.0,-0.18989136061516465,1.869163952911462,-2.0772039836860454,-0.1428856039369375,0.0
0,spring_irrigation,春季灌溉日,55.0,17.75,0.25,54.22497743352303,24.566954384968387,12.736213260721076,3.091466073640288,0.0,3.091466073640288,2.3857275739611934,38.158453978561894,0.0,0.0,45.884142619928944,16.05944991697513,20.647864178968025,1.2247156893751132,3.9190902060003623,4.245404420240359,12.736213260721076,-0.0,0.0,0.0,0.0,0.0,0.0,0.0,0.0,0.0,0.0,0.0,0.0,0.0,0.0,16.961818204998988,10.730455940889557,12.497136306647976,5.402144214755273,2.3789717117764724,6.5,135.96,20.394000000000002,41.0,45.0,0.06560899233416302,0.32987698433428464,1.0,36.872984654795665,18.42521578872629,5.731295967324485,54.22497743352303,40.544181552523085,40.544181552523085,0.0,10.877134864487948,2.719283716121987,149.5606043867093,0.0,0.0,0.0,0.0,-7.105427357601002e-15,0.0,0.0,3.091466073640288,1.8733431599536168,-2.212289871974832,-0.13261953386016678,0.0
0,spring_irrigation,春季灌溉日,55.0,18.0,0.25,54.39315562552749,24.9018608851169,12.518862860675796,6.353277440270281,0.0,6.353277440270281,1.3328685421643358,35.319344971447514,0.0,0.0,47.57696914167914,16.651939199587698,21.409636113755614,1.091320241050402,3.492224771361286,4.172954286891932,12.518862860675796,-0.0,-0.0,0.0,0.0,0.0,0.0,0.0,0.0,0.0,0.0,0.0,0.0,0.0,0.0,17.4501425769116,10.638959926224084,12.385036890093131,5.349142923597687,2.3357603896906465,6.5,132.0,19.8,41.0,45.0,0.03665471402508483,0.30533309903983924,1.0,36.987345825358695,18.676395663837674,5.633488287304108,54.39315562552749,36.65221351361185,36.65221351361185,0.0,13.009696420484484,3.252424105121121,178.88332578166165,0.0,0.0,0.0,0.0,7.105427357601002e-15,0.0,0.0,3.261811366629993,0.5924892826125685,-0.4268654346390761,-0.21735040004528017,-0.0
0,spring_irrigation,春季灌溉日,55.0,18.25,0.25,54.470661269014144,25.04557334570586,12.264282645295266,8.218345776514212,0.0,8.218345776514212,0.45105617670746134,34.37364471628764,0.0,0.0,47.57696914167914,16.651939199587698,21.409636113755614,1.1362303849844524,3.6359372319502477,4.088094215098422,12.264282645295266,-0.0,-0.0,0.0,0.0,0.0,0.0,0.0,0.0,0.0,0.0,0.0,0.0,0.0,0.0,17.88600883812667,10.519485705864069,12.270384728850782,5.29613947520614,2.293180469561384,6.5,132.0,19.8,41.0,45.0,0.012404325440536691,0.2971575909746653,1.0,37.04004966292962,18.784180009279396,5.51892719038287,54.470661269014144,34.824700892995104,34.824700892995104,0.0,14.035484005418647,3.508871001354662,192.9879050745064,0.0,0.0,0.0,0.0,-7.105427357601002e-15,0.0,0.0,1.8650683362439313,0.0,0.14371246058896148,-0.2545802153805301,0.0
0,spring_irrigation,春季灌溉日,55.0,18.5,0.25,54.651863345767715,25.289468063222227,11.95230259172726,9.268222442260612,0.0,9.268222442260612,0.005143570907780146,33.92310648112903,0.0,0.0,47.57696914167914,16.651939199587698,21.409636113755614,1.2124474842083166,3.879831949466613,3.9841008639090867,11.95230259172726,-0.0,-0.0,0.0,0.0,0.0,0.0,0.0,0.0,0.0,0.0,0.0,0.0,0.0,0.0,18.251160793230415,10.37177948814254,12.154262243466759,5.2435343874494835,2.2515083660373563,6.5,132.0,19.8,41.0,45.0,0.00014145139954033193,0.2932627215854361,1.0,37.16326707512205,18.96710104741667,5.378536166277267,54.651863345767715,33.928250052036816,33.928250052036816,0.0,14.612916171579165,3.6532290428947913,200.92759735921354,0.0,0.0,0.0,0.0,7.105427357601002e-15,0.0,0.0,1.0498766657463996,0.0,0.2438947175163655,-0.3119800535680053,0.0
0,spring_irrigation,春季灌溉日,55.0,18.75,0.25,54.75935365666705,25.478049940541315,11.627427262260992,11.645318449179335,0.0,11.645318449179335,-0.0,31.60928441619088,0.0,0.0,47.57696914167914,16.651939199587698,21.409636113755614,1.2713793208705315,4.068413826785701,3.875809087420331,11.627427262260992,-0.0,-0.0,0.0,0.0,0.0,0.0,0.0,0.0,0.0,0.0,0.0,0.0,0.0,0.0,18.529190125581085,10.196522791712972,12.03775620402727,5.191697962944294,2.210990509706667,6.5,132.0,19.8,41.0,45.0,0.0,0.2732599026689059,1.0,37.2363604865336,19.108537455405987,5.2323422680174465,54.75935365666705,31.60928441619088,31.60928441619088,0.0,15.920318975384465,3.980079743846116,218.9043859115364,0.0,0.0,0.0,0.0,7.105427357601002e-15,0.0,0.0,2.3770960069187232,0.0,0.1885818773190877,-0.32487532946626807,0.0
0,spring_irrigation,春季灌溉日,55.0,19.0,0.25,48.10392785346929,25.774928130871384,11.28679738761977,5.748417186780102,0.0,5.748417186780102,-0.0,30.829991018323426,0.0,0.0,47.57696914167914,16.651939199587698,21.409636113755614,1.3641537553486782,4.36529201711577,3.7622657958732564,11.28679738761977,-0.0,0.0,0.0,0.0,0.0,0.0,0.0,0.0,0.0,0.0,0.0,0.0,0.0,0.0,18.706608596724895,9.995299302248357,11.921931069490492,5.14096670648026,2.1718418466392184,0.0,132.0,19.8,41.0,45.0,0.0,0.26652296945498266,1.0,32.710670940359115,19.331196098153537,5.079058824428897,48.10392785346929,30.829991018323426,30.829991018323426,0.0,12.677023281064887,3.1692558202662218,174.3090701146422,0.0,0.0,0.0,0.0,7.105427357601002e-15,0.0,0.0,-5.896901262399233,0.0,0.29687819033006946,-0.3406298746412233,0.0
0,spring_irrigation,春季灌溉日,55.0,19.25,0.25,47.740351596306816,25.971280214386358,10.863204841025007,7.472166429150864,0.0,7.472166429150864,-0.0,28.662828029357033,0.0,0.0,47.57696914167914,16.651939199587698,21.409636113755614,1.4255137814471075,4.561644100630744,3.621068280341669,10.863204841025007,-0.0,-0.0,0.0,0.0,0.0,0.0,0.0,0.0,0.0,0.0,0.0,0.0,0.0,0.0,18.77376640564398,9.770519064815232,11.807804087845888,5.0916406205124645,2.134245039963459,0.0,132.0,19.8,41.0,45.0,0.0,0.2477880072952801,1.0,32.46343908548864,19.47846016078977,4.888442178461253,47.740351596306816,28.662828029357033,28.662828029357033,0.0,13.625085364368804,3.406271341092201,187.34492376007105,0.0,0.0,0.0,0.0,0.0,0.0,0.0,1.7237492423707614,0.0,0.19635208351497369,-0.42359254659476164,-0.0
0,spring_irrigation,春季灌溉日,55.0,19.5,0.25,47.15419669720043,26.09856931180329,10.645154490631745,7.472166429150864,0.0,7.472166429150864,-0.0,28.212606463461885,0.0,0.0,47.23283881729793,16.531493586054275,21.25477746778407,1.5136849512560058,4.8437918440192185,3.5483848302105816,10.645154490631745,-0.0,-0.0,0.0,0.0,0.0,0.0,0.0,0.0,0.0,0.0,0.0,0.0,0.0,0.0,18.725531143837703,9.525305712499879,11.696323022438598,5.0439813785173095,2.098350337462102,0.0,132.0,19.8,41.0,45.0,0.0,0.24389587548817937,1.0,32.0648537540963,19.573926983852466,4.790319520784285,47.15419669720043,28.212606463461885,28.212606463461885,0.0,13.556259299492563,3.3890648248731408,186.39856536802273,0.0,0.0,0.0,0.0,7.105427357601002e-15,0.0,0.0,0.0,-0.12044561353342331,0.2821477433884745,-0.2180503503932627,0.0
0,spring_irrigation,春季灌溉日,55.0,19.75,0.25,46.4126267441864,26.256526746864658,10.367153500364521,7.997444689276758,0.0,7.997444689276758,-0.0,28.432585646635257,0.0,0.0,44.114097019361886,15.43993395677666,19.85134365871285,2.00161971504744,6.405183088151809,3.4557178334548406,10.367153500364521,-0.0,-0.0,0.0,0.0,0.0,0.0,0.0,0.0,0.0,0.0,0.0,0.0,0.0,0.0,18.561662366072394,9.263354427642,11.5883472005044,4.998211352998994,2.0642760546006094,0.0,132.0,19.8,41.0,45.0,0.0,0.2457975790949953,1.0,31.560586186046752,19.692395060148492,4.665219075164035,46.4126267441864,28.432585646635257,28.432585646635257,0.0,13.221413982974596,3.305353495743649,181.7944422659007,0.0,0.0,0.0,0.0,0.0,0.0,0.0,0.5252782601258943,-1.091559629277615,1.5613912441325901,-0.27800099026722336,0.0
0,spring_irrigation,春季灌溉日,55.0,20.0,0.25,45.689172635068466,26.36464132940889,10.020864308714021,7.919515889422851,0.0,7.919515889422851,-0.0,30.33144209344398,0.0,0.0,38.76168799092298,13.566590796823043,17.44275959591534,2.788088041716734,8.92188173349355,3.340288102904674,10.020864308714021,-0.0,-0.0,0.0,0.0,0.0,0.0,0.0,0.0,0.0,0.0,0.0,0.0,0.0,0.0,18.286845325911493,8.988769722824829,11.484632387796797,4.95451345430169,2.0321096105102945,0.0,132.0,19.8,41.0,45.0,0.0,0.2622130512393566,1.0,31.068637391846558,19.773480997056666,4.50938893892131,45.689172635068466,30.33144209344398,30.33144209344398,0.0,12.108071337367164,3.027017834341791,166.4859808887985,0.0,0.0,0.0,0.0,0.0,0.0,0.0,-0.07792879985390755,-1.8733431599536168,2.516698645341741,-0.3462891916505004,0.0
0,spring_irrigation,春季灌溉日,55.0,20.25,0.25,44.69487566062338,26.41544258919033,9.595982531101228,4.145632393166927,0.0,4.145632393166927,-0.0,35.611302429310086,0.0,0.0,33.40927896248407,11.693247636869426,15.034175533117834,3.5566459550226552,11.381267056072497,3.1986608437004094,9.595982531101228,-0.0,0.0,0.0,0.0,0.0,0.0,0.0,0.0,0.0,0.0,0.0,0.0,0.0,0.0,17.910380481329142,8.705892839179185,11.38581979035809,4.91303171864422,2.0019090454130857,0.0,132.0,19.8,41.0,45.0,0.0,0.30785704945480413,1.0,30.3925154492239,19.811581941892747,4.318192138995553,44.69487566062338,35.611302429310086,35.611302429310086,0.0,8.961953608738625,2.2404884021846563,123.2268621201561,0.0,0.0,0.0,0.0,-7.105427357601002e-15,0.0,0.0,-3.773883496255923,-1.8733431599536168,2.4593853225789477,-0.4248817776127929,0.0
0,spring_irrigation,春季灌溉日,55.0,20.5,0.25,43.765703834025985,26.433786149460225,9.202103395209956,0.5805482839541085,0.0,0.5805482839541085,-0.0,40.7476797087906,0.0,0.0,28.05686993404517,9.81990447691581,12.625591470320327,4.315060837231218,13.808194679139898,3.067367798403319,9.202103395209956,-0.0,0.0,0.0,0.0,0.0,0.0,0.0,0.0,0.0,0.0,0.0,0.0,0.0,0.0,17.445558856346633,8.419128573092484,11.292429282888031,4.87387256931688,1.9737049418543704,0.0,132.0,19.8,41.0,45.0,0.0,0.3522606473655082,1.0,29.76067860713767,19.82533961209517,4.140946527844481,43.765703834025985,40.7476797087906,40.7476797087906,0.0,5.930675542983795,1.4826688857459487,81.54678871602718,0.0,0.0,0.0,0.0,0.0,0.0,0.0,-3.565084109212819,-1.8733431599536168,2.4269276230674013,-0.39387913589127166,0.0
0,spring_irrigation,春季灌溉日,55.0,20.75,0.25,42.77260415266844,26.525363811084578,8.907766955056648,0.0,0.0,0.0,-0.0,42.89165986350485,0.0,0.0,22.704460905606265,7.9465613169621925,10.21700740752282,5.09636137611305,16.30835640356176,2.969255651685549,8.907766955056648,-0.0,0.0,0.0,0.0,0.0,0.0,0.0,0.0,0.0,0.0,0.0,0.0,0.0,0.0,16.908783082733667,8.13278070014042,11.204856773638964,4.837106663981148,1.9475026688481034,0.0,132.0,19.8,41.0,45.0,0.0,0.3707951956547821,1.0,29.085370823814543,19.894022858313434,4.008495129775492,42.77260415266844,42.89165986350485,42.89165986350485,0.0,4.5408921811212535,1.1352230452803134,62.437267490417234,0.0,0.0,0.0,0.0,0.0,3.552713678800501e-15,0.0,-0.5805482839541085,-1.8733431599536168,2.5001617244218615,-0.29433644015330884,0.0
0,spring_irrigation,春季灌溉日,55.0,21.0,0.25,41.70647768986648,26.426629567834848,8.590325930271833,0.0,0.1370328546959172,-0.1370328546959172,0.0,44.451923809032834,-0.0,1.3468684981217152,17.352051877167362,6.073218157008577,7.8084233447253135,5.818189444721729,18.618206223109535,2.8634419767572776,8.590325930271833,-0.0,0.0,0.0,0.0,0.0,0.0,0.0,0.0,0.0,0.0,0.0,0.0,0.0,0.0,16.318516340837903,7.850903958749106,11.123375447485845,4.802771233561842,1.9232848674778156,0.0,132.0,19.8,41.0,45.0,0.0,0.3959271384769495,1.0,28.36040482910921,19.819972175876135,3.865646668622325,41.70647768986648,45.79879230715455,44.451923809032834,1.3468684981217152,3.4704103754334725,0.8676025938583681,47.71814266221025,0.0,0.0,0.0,0.0,0.0,0.0,0.0,-0.1370328546959172,-1.8733431599536159,2.3098498195477752,-0.31744102478481473,0.0
0,spring_irrigation,春季灌溉日,55.0,21.25,0.25,40.81773922804567,26.274026403192188,8.149650052174453,0.0,0.1370328546959172,-0.1370328546959172,0.0,45.99463057847322,-0.0,1.7647635850765582,11.99964284872846,4.199874997054961,5.399839281927807,6.523183475395118,20.87418712126438,2.716550017391484,8.149650052174453,-0.0,0.0,0.0,0.0,0.0,0.0,0.0,0.0,0.0,0.0,0.0,0.0,0.0,0.0,15.694153966518048,7.577178916858728,11.048140488843012,4.7708728142498655,1.9010140983968118,0.0,132.0,19.8,41.0,45.0,0.0,0.4128763950750081,1.0,27.756062675071057,19.705519802394143,3.6673425234785038,40.81773922804567,47.75939416354978,45.99463057847322,1.7647635850765582,2.399928569745692,0.599982142436423,32.99901783400327,0.0,0.0,0.0,0.0,0.0,0.0,0.0,0.0,-1.8733431599536159,2.2559808981548457,-0.4406758780973803,0.0
0,spring_irrigation,春季灌溉日,55.0,21.5,0.25,39.89563657487446,26.0990628874435,7.608293322078402,0.0,0.1370328546959172,-0.1370328546959172,-0.0,47.46342526284304,0.0,0.0,6.647233820289557,2.326531837101345,2.991255219130301,7.221189896347873,23.107807668313196,2.536097774026134,7.608293322078402,-0.0,0.0,0.0,0.0,0.0,0.0,0.0,0.0,0.0,0.0,0.0,0.0,0.0,0.0,15.054914121920824,7.314814128735287,10.97919677912211,4.741390273451254,1.8806355757221045,0.0,132.0,19.8,41.0,45.0,0.0,0.41031776603629694,1.0,27.129032870914635,19.574297165582625,3.423731994935281,39.89563657487446,47.46342526284304,47.46342526284304,0.0,1.3294467640579115,0.3323616910144779,18.279893005796282,0.0,0.0,0.0,0.0,0.0,0.0,0.0,0.0,-1.8733431599536159,2.2336205470488153,-0.5413567300960507,0.0
0,spring_irrigation,春季灌溉日,55.0,21.75,0.25,39.029996347158004,25.820933754552147,7.366341367926599,0.0,0.0,0.0,-0.0,48.38921690992285,0.0,0.0,2.3750692650698575,0.8312742427744501,1.068781169281436,7.735047682897097,24.75215258527071,2.4554471226421994,7.366341367926599,-0.0,0.0,0.0,0.0,0.0,0.0,0.0,0.0,0.0,0.0,0.0,0.0,0.0,0.0,14.418835097385218,7.066477961279666,10.916488991715509,4.714278032830902,1.8620799176630443,0.0,132.0,19.8,41.0,45.0,0.0,0.418321165671726,1.0,26.540397516067443,19.36570031591411,3.3148536155669697,39.029996347158004,48.38921690992285,48.38921690992285,0.0,0.47501385301397153,0.11875346325349288,6.531440478942109,0.0,0.0,0.0,0.0,0.0,0.0,0.0,0.1370328546959172,-1.4952575943268949,1.6443449169575146,-0.24195195415180315,0.0
0,spring_irrigation,春季灌溉日,55.0,22.0,0.25,38.21590504594782,25.487398978201064,7.1981673717139785,0.0,3.143602547769696,-3.143602547769696,-0.0,51.72370889831001,0.0,0.0,0.0,-0.0,-0.0,7.964812180687832,25.487398978201064,2.3993891239046596,7.1981673717139785,-0.0,0.0,0.0,0.0,0.0,0.0,0.0,0.0,0.0,0.0,0.0,0.0,0.0,0.0,13.80194934376679,6.83426048875156,10.859873471001105,4.6894693965312575,1.8452658514823517,0.0,62.0,9.299999999999999,41.0,45.0,0.0,0.4471475998358033,1.0,25.98681543124452,19.115549233650796,3.2391753172712905,38.21590504594782,51.72370889831001,51.72370889831001,0.0,0.0,0.0,0.0,0.0,0.0,0.0,0.0,0.0,0.0,0.0,-3.143602547769696,-0.8312742427744501,0.7352463929303532,-0.1681739962126203,0.0
0,spring_irrigation,春季灌溉日,55.0,22.25,0.25,37.21801272490741,25.28825622300658,6.969587935684451,0.0,5.0,-5.0,0.0,52.44378877315845,-0.0,0.003597332657051311,0.0,-0.0,-0.0,7.902580069689556,25.28825622300658,2.3231959785614835,6.969587935684451,-0.0,0.0,0.0,0.0,0.0,0.0,0.0,0.0,0.0,0.0,0.0,0.0,0.0,0.0,13.217681054339021,6.619664061218702,10.809131278498235,4.666879899763706,1.8301028186594543,0.0,62.0,9.299999999999999,41.0,45.0,0.0,0.45340373523839295,1.0,25.308248652937042,18.966192167254935,3.1363145710580027,37.21801272490741,52.447386105815504,52.44378877315845,0.003597332657051311,0.0,0.0,0.0,0.0,0.0,0.0,0.0,0.0,0.0,0.0,-1.8563974522303042,0.0,-0.1991427551944831,-0.2285794360295279,0.0
0,spring_irrigation,春季灌溉日,55.0,22.5,0.25,36.44886626089837,25.168545133834595,6.64861681283527,0.0,5.0,-5.0,0.0,51.5302422195001,-0.0,3.5970040601636484,0.0,-0.0,-0.0,7.86517035432331,25.168545133834595,2.2162056042784233,6.64861681283527,-0.0,0.0,0.0,0.0,0.0,0.0,0.0,0.0,0.0,0.0,0.0,0.0,0.0,0.0,12.676488354326455,6.423619654902873,10.763981815281351,4.646410601804602,1.8164934350259616,0.0,62.0,9.299999999999999,41.0,45.0,0.0,0.4765709262646141,1.0,24.785229057410895,18.876408850375945,2.9918775657758716,36.44886626089837,55.12724627966375,51.5302422195001,3.5970040601636484,0.0,0.0,0.0,0.0,0.0,0.0,0.0,0.0,0.0,0.0,0.0,0.0,-0.11971108917198592,-0.3209711228491807,0.0
0,spring_irrigation,春季灌溉日,55.0,22.75,0.25,35.50411936057812,24.957924683729487,6.472352187505799,0.0,5.0,-5.0,0.0,50.46092155341219,-0.0,4.60519834716392,0.0,-0.0,-0.0,7.799351463665465,24.957924683729487,2.1574507291685996,6.472352187505799,-0.0,0.0,0.0,0.0,0.0,0.0,0.0,0.0,0.0,0.0,0.0,0.0,0.0,0.0,12.185746221069031,6.24652498541183,10.724096480062967,4.6279512574984665,1.8043357698048252,0.0,62.0,9.299999999999999,41.0,45.0,0.0,0.47604249328334,1.0,24.142801165193127,18.718443512797116,2.91255848437761,35.50411936057812,55.06611990057611,50.46092155341219,4.60519834716392,0.0,0.0,0.0,0.0,0.0,0.0,0.0,0.0,0.0,0.0,0.0,0.0,-0.21062045010510744,-0.17626462532947063,0.0
0,spring_irrigation,春季灌溉日,55.0,23.0,0.25,34.6135326901037,24.65652358942113,6.290096050146821,0.0,5.0,-5.0,0.0,49.41539499518008,-0.0,5.9683379405541075,0.0,-0.0,-0.0,7.705163621694103,24.65652358942113,2.096698683382274,6.290096050146821,-0.0,0.0,0.0,0.0,0.0,0.0,0.0,0.0,0.0,0.0,0.0,0.0,0.0,0.0,11.74984496085514,6.08829964275534,10.689111891213214,4.611383312205518,1.793525416576284,0.0,62.0,9.299999999999999,41.0,45.0,0.0,0.4787882342476376,1.0,23.53720222927052,18.49239269206585,2.8305432225660696,34.6135326901037,55.38373293573419,49.41539499518008,5.9683379405541075,0.0,0.0,0.0,0.0,0.0,0.0,0.0,0.0,0.0,0.0,0.0,0.0,-0.30140109430835693,-0.18225613735897817,0.0
0,spring_irrigation,春季灌溉日,55.0,23.25,0.25,33.98524369654048,24.41406501489766,6.285903459107942,0.0,5.0,-5.0,0.0,48.70994016673198,-0.0,8.91494734113789,0.0,-0.0,-0.0,7.629395317155518,24.41406501489766,2.095301153035981,6.285903459107942,-0.0,0.0,0.0,0.0,0.0,0.0,0.0,0.0,0.0,0.0,0.0,0.0,0.0,0.0,11.370463387806682,5.948452188512579,10.658642282316265,4.596582676284135,1.7839573379262563,0.0,62.0,9.299999999999999,41.0,45.0,0.0,0.498162848116912,1.0,23.109965713647526,18.310548761173244,2.828656556598574,33.98524369654048,57.62488750786987,48.70994016673198,8.91494734113789,0.0,0.0,0.0,0.0,0.0,0.0,0.0,0.0,0.0,0.0,0.0,0.0,-0.24245857452347153,-0.004192591038878923,0.0
0,spring_irrigation,春季灌溉日,55.0,23.5,0.25,33.41071052015944,24.105129312732334,6.111699549262237,0.0,5.0,-5.0,0.0,47.980796613475704,-0.0,9.876912708466833,0.0,-0.0,-0.0,7.532852910228854,24.105129312732334,2.0372331830874124,6.111699549262237,-0.0,0.0,0.0,0.0,0.0,0.0,0.0,0.0,0.0,0.0,0.0,0.0,0.0,0.0,11.046966763755245,5.826154207283012,10.632290768725326,4.583422246266781,1.7755274736669184,0.0,62.0,9.299999999999999,41.0,45.0,0.0,0.5001755753085503,1.0,22.71928315370842,18.07884698454925,2.7502647971680068,33.41071052015944,57.85770932194254,47.980796613475704,9.876912708466833,0.0,0.0,0.0,0.0,0.0,0.0,0.0,0.0,0.0,0.0,0.0,0.0,-0.30893570216532495,-0.17420390984570489,0.0
0,spring_irrigation,春季灌溉日,55.0,23.75,0.25,33.005069266607656,23.91004964584805,5.989884300746621,0.0,5.0,-5.0,0.0,47.473587881184045,-0.0,8.889720671751391,0.0,-0.0,-0.0,7.471890514327516,23.91004964584805,1.9966281002488737,5.989884300746621,-0.0,0.0,0.0,0.0,0.0,0.0,0.0,0.0,0.0,0.0,0.0,0.0,0.0,0.0,10.776877053697623,5.7203166688709155,10.60965927149968,4.57177415051892,1.7681341098679377,0.0,62.0,9.299999999999999,41.0,45.0,0.0,0.4872565922872817,1.0,22.443447101293206,17.93253723438604,2.6954479353359795,33.005069266607656,56.363308552935436,47.473587881184045,8.889720671751391,0.0,0.0,0.0,0.0,0.0,0.0,0.0,0.0,0.0,0.0,0.0,0.0,-0.1950796668842827,-0.12181524851561587,0.0
1,spring_pv_high,春秋光伏大发日,65.0,0.0,0.25,29.798345532579265,19.541953259841247,5.379931283537366,0.0,5.0,-5.0,0.0,42.69851635412544,-0.0,6.375283654207372,0.0,-0.0,-0.0,6.106860393700389,19.541953259841247,1.7933104278457888,5.379931283537366,-0.0,0.0,0.0,0.0,0.0,0.0,0.0,0.0,0.0,0.0,0.0,0.0,0.0,0.0,9.500218936363362,5.067937531720355,9.723455268155119,4.052756238808911,1.353025517839139,0.0,52.0,7.8,40.5,45.0,0.0,0.4242393354213855,1.0,17.28304040889597,13.679367281888872,2.1519725134149463,29.798345532579265,49.07380000833281,42.69851635412544,6.375283654207372,0.0,0.0,0.0,0.0,0.0,0.0,0.0,-3.552713678800501e-15,0.0,0.0,0.0,0.0,-1.387413072955205,0.18862747431878013,0.0
1,spring_pv_high,春秋光伏大发日,65.0,0.25,0.25,29.62243780677029,19.661883394612826,5.448451473164208,0.0,5.0,-5.0,0.0,42.582926858641535,-0.0,8.230768829467088,0.0,-0.0,-0.0,6.144338560816507,19.661883394612826,1.816150491054736,5.448451473164208,-0.0,0.0,0.0,0.0,0.0,0.0,0.0,0.0,0.0,0.0,0.0,0.0,0.0,0.0,9.502444822878466,5.070478362042015,9.73528850149318,4.053423501558948,1.353728726067011,0.0,52.0,7.8,40.5,45.0,0.0,0.43928060360859117,1.0,17.181013927926767,13.763318376228977,2.179380589265683,29.62243780677029,50.81369568810862,42.582926858641535,8.230768829467088,0.0,0.0,0.0,0.0,0.0,0.0,0.0,3.552713678800501e-15,0.0,0.0,0.0,0.0,0.11993013477157888,0.0685201896268417,0.0
1,spring_pv_high,春秋光伏大发日,65.0,0.5,0.25,29.63839363633646,19.83503493552838,5.428108551626664,0.0,5.0,-5.0,0.0,42.64621157089796,-0.0,9.742097986505222,0.0,-0.0,-0.0,6.198448417352618,19.83503493552838,1.8093695172088882,5.428108551626664,-0.0,0.0,0.0,0.0,0.0,0.0,0.0,0.0,0.0,0.0,0.0,0.0,0.0,0.0,9.508881693133121,5.073748351001649,9.748943149094858,4.054235724974795,1.3545774623079114,0.0,52.0,7.8,40.5,45.0,0.0,0.45289302289019134,1.0,17.190268309075144,13.884524454869865,2.171243420650666,29.63839363633646,52.38830955740318,42.64621157089796,9.742097986505222,0.0,0.0,0.0,0.0,0.0,0.0,0.0,-7.105427357601002e-15,0.0,0.0,0.0,0.0,0.17315154091555485,-0.020342921537543468,0.0
1,spring_pv_high,春秋光伏大发日,65.0,0.75,0.25,29.654461376017846,19.891539136828243,5.48164333431457,0.0,5.0,-5.0,0.0,42.697781801048194,-0.0,11.145300726457556,0.0,-0.0,-0.0,6.216105980258826,19.891539136828243,1.8272144447715233,5.48164333431457,-0.0,0.0,0.0,0.0,0.0,0.0,0.0,0.0,0.0,0.0,0.0,0.0,0.0,0.0,9.519609418996652,5.077929043113531,9.76462122504508,4.055220216493816,1.3555974807940787,0.0,52.0,7.8,40.5,45.0,0.0,0.4654694265499958,1.0,17.19958759809035,13.924077395779769,2.192657333725828,29.654461376017846,53.84308252750575,42.697781801048194,11.145300726457556,0.0,0.0,0.0,0.0,0.0,0.0,0.0,0.0,0.0,0.0,0.0,0.0,0.056504201299862444,0.05353478268790557,0.0
1,spring_pv_high,春秋光伏大发日,65.0,1.0,0.25,30.026204843658974,19.967319392304894,5.450466446228451,0.0,5.0,-5.0,0.0,43.08281430249707,-0.0,14.639036121661377,0.0,-0.0,-0.0,6.239787310095279,19.967319392304894,1.8168221487428171,5.450466446228451,-0.0,0.0,0.0,0.0,0.0,0.0,0.0,0.0,0.0,0.0,0.0,0.0,0.0,0.0,9.534753962849939,5.083238757545898,9.782532484419777,4.0564084472310755,1.356818109699834,0.0,52.0,7.8,40.5,45.0,0.0,0.49900108528541737,1.0,17.415198809322202,13.977123574613426,2.1801865784913805,30.026204843658974,57.72185042415845,43.08281430249707,14.639036121661377,0.0,0.0,0.0,0.0,0.0,0.0,0.0,0.0,0.0,0.0,0.0,0.0,0.07578025547665135,-0.031176888086118737,0.0
1,spring_pv_high,春秋光伏大发日,65.0,1.25,0.25,29.776662105489095,20.165178283570626,5.36406497021057,0.0,5.0,-5.0,0.0,42.86630197584177,-0.0,15.475790576498227,0.0,-0.0,-0.0,6.3016182136158205,20.165178283570626,1.7880216567368565,5.36406497021057,-0.0,0.0,0.0,0.0,0.0,0.0,0.0,0.0,0.0,0.0,0.0,0.0,0.0,0.0,9.554518026242901,5.089937670030076,9.802891911014758,4.05783647311171,1.3582725403493057,0.0,52.0,7.8,40.5,45.0,0.0,0.5043630321535101,1.0,17.270464021183674,14.115624798499438,2.145625988084228,29.776662105489095,58.34209255234,42.86630197584177,15.475790576498227,0.0,0.0,0.0,0.0,0.0,0.0,0.0,0.0,0.0,0.0,0.0,0.0,0.19785889126573153,-0.0864014760178815,0.0
1,spring_pv_high,春秋光伏大发日,65.0,1.5,0.25,29.8304629710581,20.315446916725165,5.118328033529452,0.0,5.0,-5.0,0.0,42.88514947704453,-0.0,15.95479548168511,0.0,-0.0,-0.0,6.348577161476614,20.315446916725165,1.7061093445098174,5.118328033529452,-0.0,0.0,0.0,0.0,0.0,0.0,0.0,0.0,0.0,0.0,0.0,0.0,0.0,0.0,9.579221772437176,5.098332963615538,9.825916665404623,4.059545353579768,1.359998096884418,0.0,52.0,7.8,40.5,45.0,0.0,0.5086669290188194,1.0,17.301668523213696,14.220812841707614,2.047331213411781,29.8304629710581,58.83994495872964,42.88514947704453,15.95479548168511,0.0,0.0,0.0,0.0,0.0,0.0,0.0,0.0,0.0,0.0,0.0,0.0,0.1502686331545391,-0.2457369366811175,0.0
1,spring_pv_high,春秋光伏大发日,65.0,1.75,0.25,29.602454197318046,20.451565465629624,4.987660249801298,0.0,5.0,-5.0,0.0,42.656121821927734,-0.0,17.47483364185718,0.0,-0.0,-0.0,6.391114208009257,20.451565465629624,1.6625534166004325,4.987660249801298,-0.0,0.0,0.0,0.0,0.0,0.0,0.0,0.0,0.0,0.0,0.0,0.0,0.0,0.0,9.609354230021097,5.108783854822524,9.851822491723667,4.0615815564890285,1.3620364751853222,0.0,52.0,7.8,40.5,45.0,0.0,0.5198276184008048,1.0,17.169423434444465,14.316095825940735,1.9950640999205191,29.602454197318046,60.130955463784915,42.656121821927734,17.47483364185718,0.0,0.0,0.0,0.0,0.0,0.0,0.0,0.0,0.0,0.0,0.0,0.0,0.1361185489044594,-0.13066778372815424,0.0
1,spring_pv_high,春秋光伏大发日,65.0,2.0,0.25,29.858918905869142,20.50700554234333,4.993452819673201,0.0,5.0,-5.0,0.0,42.93184241107584,-0.0,17.140387539299475,0.0,-0.0,-0.0,6.40843923198229,20.50700554234333,1.6644842732244003,4.993452819673201,-0.0,0.0,0.0,0.0,0.0,0.0,0.0,0.0,0.0,0.0,0.0,0.0,0.0,0.0,9.645634346059774,5.1217062515127605,9.880819600094178,4.063997335638185,1.3644339383478155,0.0,52.0,7.8,40.5,45.0,0.0,0.5193199407239806,1.0,17.318172965404102,14.354903879640329,1.9973811278692803,29.858918905869142,60.072229950375316,42.93184241107584,17.140387539299475,0.0,0.0,0.0,0.0,0.0,0.0,0.0,1.0658141036401503e-14,0.0,0.0,0.0,0.0,0.055440076713704656,0.005792569871903019,0.0
1,spring_pv_high,春秋光伏大发日,65.0,2.25,0.25,29.870293301667072,20.686358716406385,5.15159190534776,0.0,5.0,-5.0,0.0,43.05197770232665,-0.0,16.279796633097376,0.0,-0.0,-0.0,6.464487098876995,20.686358716406385,1.7171973017825868,5.15159190534776,-0.0,0.0,0.0,0.0,0.0,0.0,0.0,0.0,0.0,0.0,0.0,0.0,0.0,0.0,9.689078087851582,5.137576747598316,9.91310806276855,4.066851065259451,1.3672414546534162,0.0,52.0,7.8,40.5,45.0,0.0,0.5129187572423136,1.0,17.3247701149669,14.48045110148447,2.060636762139104,29.870293301667072,59.33177433542403,43.05197770232665,16.279796633097376,0.0,0.0,0.0,0.0,0.0,0.0,0.0,0.0,0.0,0.0,0.0,0.0,0.1793531740630563,0.15813908567455925,0.0
1,spring_pv_high,春秋光伏大发日,65.0,2.5,0.25,29.87798945229198,20.73645329873803,5.1632740061378515,0.0,5.0,-5.0,0.0,43.0792224435269,-0.0,18.514090055026337,0.0,-0.0,-0.0,6.480141655855634,20.73645329873803,1.7210913353792838,5.1632740061378515,-0.0,0.0,0.0,0.0,0.0,0.0,0.0,0.0,0.0,0.0,0.0,0.0,0.0,0.0,9.741064487366675,5.156935610440952,9.948872785334288,4.070207513686942,1.3705147627952512,0.0,52.0,7.8,40.5,45.0,0.0,0.5324695857331402,1.0,17.329233882329348,14.515517309116621,2.0653096024551405,29.87798945229198,61.59331249855324,43.0792224435269,18.514090055026337,0.0,0.0,0.0,0.0,0.0,0.0,0.0,3.552713678800501e-15,0.0,0.0,0.0,0.0,0.050094582331645654,0.011682100790091354,0.0
1,spring_pv_high,春秋光伏大发日,65.0,2.75,0.25,29.523468197378573,20.89560981511258,4.973820968204258,0.0,5.0,-5.0,0.0,42.71128658733601,-0.0,17.609867688927906,0.0,-0.0,-0.0,6.529878067222681,20.89560981511258,1.6579403227347527,4.973820968204258,-0.0,0.0,0.0,0.0,0.0,0.0,0.0,0.0,0.0,0.0,0.0,0.0,0.0,0.0,9.803389328156097,5.180388373043958,9.988278139102892,4.074138036514783,1.3743143482322386,0.0,52.0,7.8,40.5,45.0,0.0,0.5214718729274632,1.0,17.12361155447957,14.626926870578805,1.9895283872817033,29.523468197378573,60.32115427626392,42.71128658733601,17.609867688927906,0.0,0.0,0.0,0.0,0.0,0.0,0.0,3.552713678800501e-15,0.0,0.0,0.0,0.0,0.15915651637454786,-0.18945303793359347,0.0
1,spring_pv_high,春秋光伏大发日,65.0,3.0,0.25,29.922657142587635,21.203693244718355,5.028478221438903,0.0,5.0,-5.0,0.0,43.224970688708424,-0.0,14.632851565396592,0.0,-0.0,-0.0,6.626154138974486,21.203693244718355,1.676159407146301,5.028478221438903,-0.0,0.0,0.0,0.0,0.0,0.0,0.0,0.0,0.0,0.0,0.0,0.0,0.0,0.0,9.87829087866761,5.20860560909331,10.031462366223378,4.078720667913352,1.3787053140259415,0.0,52.0,7.8,40.5,45.0,0.0,0.5001765515986593,1.0,17.355141142700827,14.842585271302848,2.0113912885755614,29.922657142587635,57.85782225410502,43.224970688708424,14.632851565396592,0.0,0.0,0.0,0.0,0.0,0.0,0.0,3.552713678800501e-15,0.0,0.0,0.0,0.0,0.3080834296057766,0.05465725323464543,0.0
1,spring_pv_high,春秋光伏大发日,65.0,3.25,0.25,30.153382889383227,21.586610362801665,4.995252533756631,0.0,5.0,-5.0,0.0,43.56428280567762,-0.0,10.884132205884349,0.0,-0.0,-0.0,6.74581573837552,21.586610362801665,1.665084177918877,4.995252533756631,-0.0,0.0,0.0,0.0,0.0,0.0,0.0,0.0,0.0,0.0,0.0,0.0,0.0,0.0,9.968428645320948,5.242320449205757,10.078531894109629,4.084040087525135,1.3837571294618645,0.0,52.0,7.8,40.5,45.0,0.0,0.47070248065832615,1.0,17.48896207584227,15.110627253961164,1.9981010135026525,30.153382889383227,54.44841501156197,43.56428280567762,10.884132205884349,0.0,0.0,0.0,0.0,0.0,0.0,0.0,-3.552713678800501e-15,0.0,0.0,0.0,0.0,0.3829171180833093,-0.03322568768227274,0.0
1,spring_pv_high,春秋光伏大发日,65.0,3.5,0.25,30.513432484015215,21.866825235288246,5.0895062287874895,0.0,5.0,-5.0,0.0,44.04331744630529,-0.0,8.247547957287836,0.0,-0.0,-0.0,6.833382886027577,21.866825235288246,1.6965020762624965,5.0895062287874895,-0.0,0.0,0.0,0.0,0.0,0.0,0.0,0.0,0.0,0.0,0.0,0.0,0.0,0.0,10.076794839500437,5.2823233962566665,10.12955571927092,4.090187439636318,1.3895432402610668,0.0,52.0,7.8,40.5,45.0,0.0,0.45205062545925956,1.0,17.697790840728825,15.306777664701771,2.0358024915149957,30.513432484015215,52.29086540359312,44.04331744630529,8.247547957287836,0.0,0.0,0.0,0.0,0.0,0.0,0.0,-3.552713678800501e-15,0.0,0.0,0.0,0.0,0.2802148724865816,0.09425369503085879,0.0
1,spring_pv_high,春秋光伏大发日,65.0,3.75,0.25,30.813141362497213,22.269536875220286,5.064459852350856,0.0,5.0,-5.0,0.0,44.460524920120505,-0.0,6.081797392277593,0.0,-0.0,-0.0,6.959230273506339,22.269536875220286,1.688153284116952,5.064459852350856,-0.0,0.0,0.0,0.0,0.0,0.0,0.0,0.0,0.0,0.0,0.0,0.0,0.0,0.0,10.206540536793257,5.329454021185074,10.184560041285307,4.09725998124661,1.396140525333592,0.0,52.0,7.8,40.5,45.0,0.0,0.43693460104626786,1.0,17.871621990248382,15.588675812654198,2.0257839409403426,30.813141362497213,50.5423223123981,44.460524920120505,6.081797392277593,0.0,0.0,0.0,0.0,0.0,0.0,0.0,7.105427357601002e-15,0.0,0.0,0.0,0.0,0.40271163993203984,-0.025046376436633544,0.0
1,spring_pv_high,春秋光伏大发日,65.0,4.0,0.25,31.11571405902367,22.676287919003325,4.808758506925907,0.0,5.0,-5.0,0.0,44.80497353602085,-0.0,5.927416335456684,0.0,-0.0,-0.0,7.0863399746885385,22.676287919003325,1.6029195023086356,4.808758506925907,-0.0,0.0,0.0,0.0,0.0,0.0,0.0,0.0,0.0,0.0,0.0,0.0,0.0,0.0,10.360705557241307,5.384589172559755,10.243523344076204,4.1053605363654935,1.4036285868857876,0.0,52.0,7.8,40.5,45.0,0.0,0.4385777208970912,1.0,18.04711415423373,15.873401543302327,1.9235034027703628,31.11571405902367,50.73238987147754,44.80497353602085,5.927416335456684,0.0,0.0,0.0,0.0,0.0,0.0,0.0,3.552713678800501e-15,0.0,0.0,0.0,0.0,0.4067510437830393,-0.25570134542494927,0.0
1,spring_pv_high,春秋光伏大发日,65.0,4.25,0.25,31.390120394028607,23.202441680173493,4.796542092848473,0.0,5.0,-5.0,0.0,45.23973078336565,-0.0,5.289399945745771,0.0,-0.0,-0.0,7.2507630250542165,23.202441680173493,1.5988473642828245,4.796542092848473,-0.0,0.0,0.0,0.0,0.0,0.0,0.0,0.0,0.0,0.0,0.0,0.0,0.0,0.0,10.541853468087291,5.4486274169256035,10.3063721324418,4.114596735467028,1.4120888633255155,0.0,52.0,7.8,40.5,45.0,0.0,0.4368205607941222,1.0,18.20626982853659,16.241709176121443,1.9186168371393895,31.390120394028607,50.52913072911142,45.23973078336565,5.289399945745771,0.0,0.0,0.0,0.0,0.0,0.0,0.0,0.0,0.0,0.0,0.0,0.0,0.5261537611701677,-0.012216414077433235,0.0
1,spring_pv_high,春秋光伏大发日,65.0,4.5,0.25,32.29014211119918,23.655343376241618,5.057048239826798,0.0,5.0,-5.0,0.0,46.36811966288362,-0.0,4.392254584855465,0.0,-0.0,-0.0,7.3922948050755055,23.655343376241618,1.6856827466089328,5.057048239826798,-0.0,0.0,0.0,0.0,0.0,0.0,0.0,0.0,0.0,0.0,0.0,0.0,0.0,0.0,10.751630268070047,5.5224695447061904,10.372977535590909,4.125080021640103,1.421603557846405,0.0,52.0,7.8,40.5,45.0,0.0,0.43881964373953186,1.0,18.728282424495525,16.558740363369132,2.0228192959307196,32.29014211119918,50.76037424773909,46.36811966288362,4.392254584855465,0.0,0.0,0.0,0.0,0.0,0.0,0.0,0.0,0.0,0.0,0.0,0.0,0.4529016960681247,0.26050614697832497,0.0
1,spring_pv_high,春秋光伏大发日,65.0,4.75,0.25,32.831834426303274,24.386604718042708,4.985713436142568,0.0,5.0,-5.0,0.0,47.114552879405814,-0.0,2.260934048475015,0.0,-0.0,-0.0,7.620813974388346,24.386604718042708,1.6619044787141892,4.985713436142568,-0.0,0.0,0.0,0.0,0.0,0.0,0.0,0.0,0.0,0.0,0.0,0.0,0.0,0.0,10.990285309754762,5.606995128624353,10.443152985028012,4.136924408655721,1.4322543798204426,0.0,52.0,7.8,40.5,45.0,0.0,0.42684739630586244,1.0,19.042463967255898,17.070623302629894,1.9942853744570272,32.831834426303274,49.37548692788083,47.114552879405814,2.260934048475015,0.0,0.0,0.0,0.0,0.0,0.0,0.0,0.0,0.0,0.0,0.0,0.0,0.7312613418010905,-0.07133480368423051,0.0
1,spring_pv_high,春秋光伏大发日,65.0,5.0,0.25,33.345221138903916,24.872194877986782,5.200093781672735,0.0,4.875574583314496,-4.875574583314496,-0.0,47.72672121548019,0.0,0.0,0.0,-0.0,-0.0,7.772560899370869,24.872194877986782,1.7333645938909117,5.200093781672735,-0.0,0.0,0.0,0.0,0.0,0.0,0.0,0.0,0.0,0.0,0.0,0.0,0.0,0.0,11.256212475679963,5.703035306456419,10.516653160483537,4.150244980984967,1.4441211011601014,0.0,52.0,7.8,40.5,45.0,0.0,0.41259393987950777,1.0,19.34022826056427,17.410536414590748,2.080037512669094,33.345221138903916,47.72672121548019,47.72672121548019,0.0,0.0,0.0,0.0,0.0,0.0,0.0,0.0,0.0,0.0,0.0,0.12442541668550433,0.0,0.4855901599440742,0.21438034553016738,0.0
1,spring_pv_high,春秋光伏大发日,65.0,5.25,0.25,33.978152810989286,25.4081532132568,5.118834492888878,0.0,2.15642213213016,-2.15642213213016,-0.0,45.78090098655849,0.0,0.0,0.0,-0.0,-0.0,7.94004787914275,25.4081532132568,1.7062781642962925,5.118834492888878,-0.0,0.0,0.0,0.0,0.0,0.0,0.0,0.0,0.0,0.0,0.0,0.0,0.0,0.0,11.545584118471266,5.811342173203165,10.59317437397653,4.16515613174862,1.4572799355623827,0.0,52.0,7.8,40.5,45.0,0.0,0.3957724693468191,1.0,19.707328630373784,17.78570724927976,2.0475337971555514,33.978152810989286,45.78090098655849,45.78090098655849,0.0,0.0,0.0,0.0,0.0,0.0,0.0,0.0,0.0,0.0,0.0,2.7191524511843355,0.0,0.535958335270017,-0.08125928878385746,0.0
1,spring_pv_high,春秋光伏大发日,65.0,5.5,0.25,34.52265981531216,25.86931595027903,5.185197313984593,0.0,2.3066835652471056,-2.3066835652471056,-0.0,46.64190371968299,0.0,0.0,0.0,-0.0,-0.0,8.084161234462197,25.86931595027903,1.7283991046615308,5.185197313984593,-0.0,0.0,0.0,0.0,0.0,0.0,0.0,0.0,0.0,0.0,0.0,0.0,0.0,0.0,11.852155150066524,5.932555402500435,10.672356528178739,4.181769541624142,1.4718017549129516,0.0,52.0,7.8,40.5,45.0,0.0,0.40321577366062217,1.0,20.023142692881052,18.10852116519532,2.074078925593837,34.52265981531216,46.64190371968299,46.64190371968299,0.0,0.0,0.0,0.0,0.0,0.0,0.0,0.0,-7.105427357601002e-15,0.0,0.0,-0.1502614331169454,0.0,0.46116273702223154,0.06636282109571479,0.0
1,spring_pv_high,春秋光伏大发日,65.0,5.75,0.25,35.27636851909649,26.3512702830412,5.383866258616608,0.0,2.404358801785257,-2.404358801785257,-0.0,47.71012137053766,0.0,0.0,0.0,-0.0,-0.0,8.234771963450374,26.3512702830412,1.7946220862055362,5.383866258616608,-0.0,0.0,0.0,0.0,0.0,0.0,0.0,0.0,0.0,0.0,0.0,0.0,0.0,0.0,12.16730618735039,6.067166963647962,10.75378674113151,4.2001919097873355,1.4877501639627224,0.0,52.0,7.8,40.5,45.0,0.0,0.4124504354599331,1.0,20.460293741075965,18.44588919812884,2.1535465034466434,35.27636851909649,47.71012137053766,47.71012137053766,0.0,0.0,0.0,0.0,0.0,0.0,0.0,0.0,0.0,0.0,0.0,-0.09767523653815147,0.0,0.48195433276216804,0.1986689446320158,0.0
1,spring_pv_high,春秋光伏大发日,65.0,6.0,0.25,36.1134474605214,26.833501450383768,5.240701732829628,0.0,4.735250267505705,-4.735250267505705,0.5520579986122557,50.42900951026965,0.0,0.0,0.0,-0.0,-0.0,8.385469203244927,26.833501450383768,1.7469005776098758,5.240701732829628,-0.0,0.0,0.0,0.0,0.0,0.0,0.0,0.0,0.0,0.0,0.0,0.0,0.0,0.0,12.480371241640048,6.2154850468066645,10.83700467568252,4.220522456878132,1.5051794615043776,0.0,52.0,7.8,40.5,45.0,0.01518193837145717,0.43595502033595923,1.0,20.94579952710241,18.783451015268636,2.096280693131851,36.1134474605214,50.98106750888191,50.98106750888191,0.0,0.0,0.0,0.0,0.0,0.0,0.0,0.0,0.0,0.0,0.0,-2.3308914657204483,0.0,0.48223116734256877,-0.1431645257869807,0.0
1,spring_pv_high,春秋光伏大发日,65.0,6.25,0.25,36.52585563862813,27.04985878952314,5.233237960695846,0.0,5.0,-5.0,0.0,51.723349163919394,1.2514374275851938,0.6147548525396473,0.0,-0.0,-0.0,8.45308087172598,27.04985878952314,1.7444126535652822,5.233237960695846,-0.0,0.0,0.0,0.0,0.0,0.0,0.0,0.0,0.0,0.0,0.0,0.0,0.0,0.0,12.779258579997563,6.377598540351202,10.921509549960508,4.242850229547812,1.524132523446342,0.0,52.0,7.8,40.5,45.0,0.034415307719647126,0.45245899973891723,1.0,21.184996270404312,18.934901152666196,2.0932951842783387,36.52585563862813,53.58954144404424,51.723349163919394,1.8661922801248412,0.0,0.0,0.0,0.0,0.0,0.0,0.0,0.0,0.0,0.0,-0.2647497324942947,0.0,0.21635733913937116,-0.0074637721337813545,0.0
1,spring_pv_high,春秋光伏大发日,65.0,6.5,0.25,36.888604665057606,27.278753825507973,5.489105750568411,0.0,5.0,-5.0,0.0,52.24291715238498,2.367380003079081,1.5305092943027176,0.0,-0.0,-0.0,8.524610570471241,27.278753825507973,1.829701916856137,5.489105750568411,-0.0,0.0,0.0,0.0,0.0,0.0,0.0,0.0,0.0,0.0,0.0,0.0,0.0,0.0,13.051327998648972,6.553343605176861,11.006768736589185,4.267251246106128,1.5446386501468987,0.0,52.0,7.8,40.5,45.0,0.06510442272173392,0.4648672549344028,1.0,21.39539070573341,19.09512767785558,2.1956423002273646,36.888604665057606,56.140806449766785,52.24291715238498,3.8978892973817985,0.0,0.0,0.0,0.0,0.0,0.0,0.0,0.0,0.0,0.0,0.0,0.0,0.2288950359848343,0.255867789872565,0.0
1,spring_pv_high,春秋光伏大发日,65.0,6.75,0.25,37.397343832512796,27.29324692395853,5.57457618310691,0.0,5.0,-5.0,3.8136539454562857,48.97102161182919,0.0,4.181920450090658,0.0,-0.0,-0.0,8.529139663737041,27.29324692395853,1.8581920610356366,5.57457618310691,-0.0,0.0,0.0,0.0,0.0,0.0,0.0,0.0,0.0,0.0,0.0,0.0,0.0,0.0,13.284441604876148,6.74227404434419,11.092227785540269,4.293785532824879,1.5667114268450237,0.0,52.0,7.8,40.5,45.0,0.10487785579690079,0.4595032137762172,1.0,21.69045942285742,19.10527284677097,2.229830473242764,37.397343832512796,56.96659600737613,52.784675557285475,4.181920450090658,0.0,0.0,0.0,0.0,0.0,0.0,0.0,0.0,0.0,0.0,0.0,0.0,0.014493098450557795,0.08547043253849829,0.0
1,spring_pv_high,春秋光伏大发日,65.0,7.0,0.25,37.919286613141296,27.2980747598589,5.728009700976196,0.0,5.0,-5.0,1.0985069596657624,52.26076458292351,4.2913098059872565,0.0,0.0,-0.0,-0.0,8.530648362455905,27.2980747598589,1.9093365669920654,5.728009700976196,-0.0,0.0,0.0,0.0,0.0,0.0,0.0,0.0,0.0,0.0,0.0,0.0,0.0,0.0,13.468067510786257,6.943637256476603,11.177321631472363,4.322494110205658,1.590346651703709,0.0,88.0,13.2,40.5,45.0,0.14822331380993808,0.45179040611300253,1.0,21.99318623562195,19.10865233190123,2.2912038803904786,37.919286613141296,57.65058134857652,53.35927154258927,4.2913098059872565,0.0,0.0,0.0,0.0,0.0,0.0,0.0,0.0,0.0,0.0,0.0,0.0,0.0048278359003681715,0.15343351786928672,0.0
1,spring_pv_high,春秋光伏大发日,65.0,7.25,0.25,38.45892031814856,27.31417850559472,5.845944006820536,0.0,5.0,-5.0,2.2224757990755677,51.72077330434485,5.180317245396236,0.0,0.0,-0.0,-0.0,8.53568078299835,27.31417850559472,1.9486480022735122,5.845944006820536,-0.0,0.0,0.0,0.0,0.0,0.0,0.0,0.0,0.0,0.0,0.0,0.0,0.0,0.0,13.59429520170714,7.156357572873413,11.261486674500208,4.353395997583033,1.6155203905569986,0.0,88.0,13.2,40.5,45.0,0.20358141365643043,0.44712222184525374,1.0,22.306173784526163,19.119924953916303,2.338377602728215,38.45892031814856,59.12356634881666,53.94324910342042,5.180317245396236,0.0,0.0,0.0,0.0,0.0,0.0,0.0,0.0,0.0,0.0,0.0,0.0,0.016103745735822628,0.11793430584434006,0.0
1,spring_pv_high,春秋光伏大发日,65.0,7.5,0.25,38.89112062129007,27.196834767911067,5.87569242614442,0.0,5.0,-5.0,1.6259889963231728,52.72270663198724,7.78919587006725,0.0,0.0,-0.0,-0.0,8.499010864972208,27.196834767911067,1.95856414204814,5.87569242614442,-0.0,0.0,0.0,0.0,0.0,0.0,0.0,0.0,0.0,0.0,0.0,0.0,0.0,0.0,13.658623587448364,7.379028698983344,11.344173357344252,4.386485312385193,1.6421872206225148,0.0,88.0,13.2,40.5,45.0,0.2589234405746047,0.4557838606216144,1.0,22.556849960348238,19.037784337537747,2.350276970457768,38.89112062129007,62.13789149837767,54.348695628310416,7.78919587006725,0.0,0.0,0.0,0.0,0.0,0.0,0.0,0.0,0.0,0.0,0.0,0.0,-0.11734373768365458,0.029748419323883724,0.0
1,spring_pv_high,春秋光伏大发日,65.0,7.75,0.25,39.270576610929105,27.019198631646677,6.085840174118394,0.0,5.0,-5.0,11.55390819816311,43.18878137652838,0.0,10.134681160187661,0.0,-0.0,-0.0,8.443499572389586,27.019198631646677,2.0286133913727977,6.085840174118394,-0.0,0.0,0.0,0.0,0.0,0.0,0.0,0.0,0.0,0.0,0.0,0.0,0.0,0.0,13.660409260018008,7.609916801999435,11.424858805679627,4.421728546779798,1.6702787269279247,0.0,88.0,13.2,40.5,45.0,0.31773966259872605,0.4609773505435145,1.0,22.77693443433888,18.913439042152675,2.4343360696473577,39.270576610929105,64.87737073487915,54.7426895746915,10.134681160187661,0.0,0.0,0.0,0.0,0.0,0.0,0.0,7.105427357601002e-15,0.0,0.0,0.0,0.0,-0.17763613626438968,0.2101477479739735,0.0
1,spring_pv_high,春秋光伏大发日,65.0,8.0,0.25,39.545697219435255,26.707651800441553,6.141129734762045,0.0,5.0,-5.0,0.0,54.93888165199392,13.709897837754514,0.987719807920989,0.0,-0.0,-0.0,8.346141187637985,26.707651800441553,2.047043244920682,6.141129734762045,-0.0,0.0,0.0,0.0,0.0,0.0,0.0,0.0,0.0,0.0,0.0,0.0,0.0,0.0,13.602909519055903,7.8469755038663545,11.50305905619715,4.459062108871521,1.6997023147611279,0.0,88.0,13.2,40.5,45.0,0.3770307188284296,0.4834812920886956,1.0,22.936504387272446,18.695356260309087,2.456451893904818,39.545697219435255,69.63649929766942,54.93888165199392,14.697617645675503,0.0,0.0,0.0,0.0,0.0,0.0,0.0,0.0,0.0,0.0,0.0,0.0,-0.31154683120512416,0.05528956064365165,0.0
1,spring_pv_high,春秋光伏大发日,65.0,8.25,0.25,39.59854954169342,26.39373535277379,6.127408697490748,0.0,5.0,-5.0,15.657341490062743,39.23171991520274,0.0,17.73631392572775,0.0,-0.0,-0.0,8.248042297741808,26.39373535277379,2.0424695658302494,6.127408697490748,-0.0,0.0,0.0,0.0,0.0,0.0,0.0,0.0,0.0,0.0,0.0,0.0,0.0,0.0,13.492913996621395,8.087873654403555,11.578340372153589,4.498390217699095,1.73034039890087,0.0,88.0,13.2,40.5,45.0,0.4305866306810808,0.4924843972310188,1.0,22.967158734182185,18.475614746941652,2.4509634789962993,39.59854954169342,72.62537533099324,54.88906140526548,17.73631392572775,0.0,0.0,0.0,0.0,0.0,0.0,0.0,0.0,0.0,0.0,0.0,0.0,-0.31391644766776494,-0.013721037271297476,0.0
1,spring_pv_high,春秋光伏大发日,65.0,8.5,0.25,39.77192177337943,26.049113738382438,6.370574548443926,0.0,5.0,-5.0,17.92941208348587,37.10638258261938,0.0,19.08616041949815,0.0,-0.0,-0.0,8.140348043244511,26.049113738382438,2.1235248494813086,6.370574548443926,-0.0,0.0,0.0,0.0,0.0,0.0,0.0,0.0,0.0,0.0,0.0,0.0,0.0,0.0,13.34001915329857,8.330036280025796,11.650329142310213,4.5395832406655785,1.762050025594453,0.0,88.0,13.2,40.5,45.0,0.4930699853497224,0.48578033685608313,1.0,23.06771462856007,18.234379616867706,2.5482298193775708,39.77192177337943,74.1219550856034,55.035794666105254,19.08616041949815,0.0,0.0,0.0,0.0,0.0,0.0,0.0,7.105427357601002e-15,0.0,0.0,0.0,0.0,-0.3446216143913503,0.24316585095317844,0.0
1,spring_pv_high,春秋光伏大发日,65.0,8.75,0.25,39.86606660637979,25.695070116641,6.634113755849034,0.0,5.0,-5.0,1.9154349375407733,53.19171233223901,18.143374382079642,0.0,0.0,-0.0,-0.0,8.02970941145031,25.695070116641,2.211371251949678,6.634113755849034,-0.0,0.0,0.0,0.0,0.0,0.0,0.0,0.0,0.0,0.0,0.0,0.0,0.0,0.0,13.155650199075557,8.570698543390879,11.718719878712585,4.582476558461218,1.7946629761784745,0.0,88.0,13.2,40.5,45.0,0.5516297339424642,0.45983837986711534,1.0,23.122318631700278,17.986549081648697,2.653645502339614,39.86606660637979,73.25052165185943,55.10714726977978,18.143374382079642,0.0,0.0,0.0,0.0,0.0,0.0,0.0,0.0,0.0,0.0,0.0,0.0,-0.35404362174143955,0.26353920740510794,0.0
1,spring_pv_high,春秋光伏大发日,65.0,9.0,0.25,40.3420785686594,25.292078389179377,6.802322248934734,0.0,5.0,-5.0,2.126128033853682,53.387165781069186,19.975385578681305,0.0,0.0,-0.0,-0.0,7.903774496618555,25.292078389179377,2.2674407496449116,6.802322248934734,-0.0,0.0,0.0,0.0,0.0,0.0,0.0,0.0,0.0,0.0,0.0,0.0,0.0,0.0,12.951966098975827,8.806971927995292,11.783280873367175,4.626870035832234,1.8279863919318105,0.0,88.0,13.2,40.5,45.0,0.6078053726690064,0.4615280603325257,1.0,23.39840556982245,17.70445487242556,2.720928899573894,40.3420785686594,75.48867939360417,55.51329381492287,19.975385578681305,0.0,0.0,0.0,0.0,0.0,0.0,0.0,0.0,0.0,0.0,0.0,0.0,-0.4029917274616217,0.16820849308570018,0.0
1,spring_pv_high,春秋光伏大发日,65.0,9.25,0.25,40.487097004246415,24.610206575701255,7.1210284658290295,0.0,5.0,-5.0,5.272950278810647,50.27851243561875,19.11647613496587,0.0,0.0,-0.0,-0.0,7.690689554906642,24.610206575701255,2.373676155276343,7.1210284658290295,-0.0,0.0,0.0,0.0,0.0,0.0,0.0,0.0,0.0,0.0,0.0,0.0,0.0,0.0,12.740790512928916,9.035921204601232,11.84385714395662,4.672528166649864,1.8618039483468047,0.0,88.0,13.2,40.5,45.0,0.6707243979073552,0.4346539843672362,1.0,23.48251626246292,17.227144602990876,2.848411386331612,40.487097004246415,74.66793884939527,55.5514627144294,19.11647613496587,0.0,0.0,0.0,0.0,0.0,0.0,0.0,0.0,0.0,0.0,0.0,0.0,-0.6818718134781214,0.3187062168942951,0.0
1,spring_pv_high,春秋光伏大发日,65.0,9.5,0.25,40.6377398323615,23.960421068617855,7.543924246188372,0.0,5.0,-5.0,8.85723495779066,46.78277787391004,17.85958428257016,0.0,0.0,-0.0,-0.0,7.487631583943079,23.960421068617855,2.5146414153961243,7.543924246188372,-0.0,0.0,0.0,0.0,0.0,0.0,0.0,0.0,0.0,0.0,0.0,0.0,0.0,0.0,12.532695168220984,9.254650073448314,11.900370393378092,4.719180948704535,1.8958775937413699,0.0,88.0,13.2,40.5,45.0,0.7347291484013189,0.40443362020108137,1.0,23.569889102769668,16.772294748032497,3.017569698475349,40.6377398323615,73.49959711427087,55.6400128317007,17.85958428257016,0.0,0.0,0.0,0.0,0.0,0.0,0.0,0.0,0.0,0.0,0.0,0.0,-0.6497855070834007,0.42289578035934294,0.0
1,spring_pv_high,春秋光伏大发日,65.0,9.75,0.25,40.81253314317153,23.466098125432197,7.883240423833289,0.0,5.0,-5.0,28.571957746527758,27.201477868785762,0.0,19.2705804594793,0.0,-0.0,-0.0,7.3331556641975615,23.466098125432197,2.6277468079444297,7.883240423833289,-0.0,0.0,0.0,0.0,0.0,0.0,0.0,0.0,0.0,0.0,0.0,0.0,0.0,0.0,12.336327327419582,9.46039274106737,11.952815824678584,4.766525527685526,1.9299498523426757,0.0,88.0,13.2,40.5,45.0,0.7857466113163437,0.4017474729387035,1.0,23.671269223039484,16.426268687802537,3.153296169533316,40.81253314317153,75.04401607479282,55.77343561531352,19.2705804594793,0.0,0.0,0.0,0.0,0.0,0.0,0.0,-7.105427357601002e-15,0.0,0.0,0.0,0.0,-0.49432294318565795,0.3393161776449167,0.0
1,spring_pv_high,春秋光伏大发日,65.0,10.0,0.25,41.14193562187248,22.785871791541137,8.340895270804666,0.0,5.0,-5.0,8.764809919102007,47.27800906122863,21.609475140177643,0.0,0.0,-0.0,-0.0,7.120584934856605,22.785871791541137,2.7802984236015553,8.340895270804666,-0.0,0.0,0.0,0.0,0.0,0.0,0.0,0.0,0.0,0.0,0.0,0.0,0.0,0.0,12.158027912243698,9.650608118913876,12.001255787964505,4.814228631237918,1.9637466760713134,0.0,88.0,13.2,40.5,45.0,0.8353117335610661,0.40871485682331776,1.0,23.862322660686036,15.950110254078794,3.3363581083218663,41.14193562187248,77.65229412050829,56.04281898033064,21.609475140177643,0.0,0.0,0.0,0.0,0.0,0.0,0.0,0.0,0.0,0.0,0.0,0.0,-0.6802263338910599,0.4576548469713764,0.0
1,spring_pv_high,春秋光伏大发日,65.0,10.25,0.25,41.30287415809154,22.21824555030448,8.475050426883792,0.0,5.0,-5.0,31.75275728005762,24.318335421465335,0.0,20.9441272095058,0.0,-0.0,-0.0,6.94320173447015,22.21824555030448,2.825016808961264,8.475050426883792,-0.0,0.0,0.0,0.0,0.0,0.0,0.0,0.0,0.0,0.0,0.0,0.0,0.0,0.0,12.001740737359546,9.82307285927829,12.045810383678015,4.861929793279746,1.9969808127382582,0.0,88.0,13.2,40.5,45.0,0.8732205771159546,0.39129060848839786,1.0,23.95566701169309,15.552771885213135,3.390020170753517,41.30287415809154,77.01521991102875,56.07109270152296,20.9441272095058,0.0,0.0,0.0,0.0,0.0,0.0,0.0,0.0,0.0,0.0,0.0,0.0,-0.5676262412366562,0.13415515607912631,0.0
1,spring_pv_high,春秋光伏大发日,65.0,10.5,0.25,41.210242195536644,21.594583796127868,8.813659598849675,0.0,5.0,-5.0,32.90227533593056,22.994160828845935,0.0,21.08117966203897,0.0,-0.0,-0.0,6.748307436289958,21.594583796127868,2.9378865329498915,8.813659598849675,-0.0,0.0,0.0,0.0,0.0,0.0,0.0,0.0,0.0,0.0,0.0,0.0,0.0,0.0,11.869174393883432,9.975969107156478,12.08664530054321,4.909245346499839,2.029355641790107,0.0,88.0,13.2,40.5,45.0,0.9048330387142111,0.3810280262614524,1.0,23.90194047341125,15.116208657289507,3.5254638395398703,41.210242195536644,76.97761582681547,55.896436164776496,21.08117966203897,0.0,0.0,0.0,0.0,0.0,0.0,0.0,7.105427357601002e-15,0.0,0.0,0.0,0.0,-0.623661754176613,0.33860917196588325,0.0
1,spring_pv_high,春秋光伏大发日,65.0,10.75,0.25,41.09213015787122,21.151209053125676,9.084607930919217,0.0,5.0,-5.0,13.082231595632294,42.64785403498043,20.542940658853496,0.0,0.0,-0.0,-0.0,6.609752829101773,21.151209053125676,3.028202643639739,9.084607930919217,-0.0,0.0,0.0,0.0,0.0,0.0,0.0,0.0,0.0,0.0,0.0,0.0,0.0,0.0,11.760152149854967,10.107962677153388,12.123957318725815,4.955773137833561,2.060569412694709,0.0,88.0,13.2,40.5,45.0,0.9247131536550511,0.36868751247867804,1.0,23.833435491565304,14.805846337187972,3.633843172367687,41.09213015787122,76.27302628946623,55.73008563061273,20.542940658853496,0.0,0.0,0.0,0.0,0.0,0.0,0.0,0.0,0.0,0.0,0.0,0.0,-0.4433747430021917,0.2709483320695423,0.0
1,spring_pv_high,春秋光伏大发日,65.0,11.0,0.25,41.07864563162975,20.494659310537234,9.34499632524354,0.0,5.0,-5.0,33.85490165706613,21.743323784187684,0.0,19.635443742488317,0.0,-0.0,-0.0,6.404581034542885,20.494659310537234,3.11499877508118,9.34499632524354,-0.0,0.0,0.0,0.0,0.0,0.0,0.0,0.0,0.0,0.0,0.0,0.0,0.0,0.0,11.673073972410148,10.21826738940797,12.157958050873024,5.001097898506149,2.090319806158798,0.0,70.0,10.5,40.5,45.0,0.9310308551299935,0.3577163544109535,1.0,23.82561446634525,14.346261517376062,3.7379985300974163,41.07864563162975,75.23366918374214,55.59822544125382,19.635443742488317,0.0,0.0,0.0,0.0,0.0,0.0,0.0,0.0,0.0,0.0,0.0,0.0,-0.6565497425884423,0.26038839432432326,0.0
1,spring_pv_high,春秋光伏大发日,65.0,11.25,0.25,41.07701219784917,20.07427048493835,9.58479357778302,0.0,5.0,-5.0,18.19437678507628,37.350776131910465,15.815844755148461,0.0,0.0,-0.0,-0.0,6.2732095265432335,20.07427048493835,3.1949311925943404,9.58479357778302,-0.0,0.0,0.0,0.0,0.0,0.0,0.0,0.0,0.0,0.0,0.0,0.0,0.0,0.0,11.60541736547349,10.306691538646861,12.188856617033077,5.044797177772593,2.118308725210633,0.0,70.0,10.5,40.5,45.0,0.935302248534135,0.3228946696808485,1.0,23.82466707475252,14.051989339456844,3.8339174311132087,41.07701219784917,71.3609976721352,55.545152916986744,15.815844755148461,0.0,0.0,0.0,0.0,0.0,0.0,0.0,0.0,0.0,0.0,0.0,0.0,-0.42038882559888435,0.23979725253948025,0.0
1,spring_pv_high,春秋光伏大发日,65.0,11.5,0.25,41.08188373858308,19.847181273789793,10.046813754980764,0.0,5.0,-5.0,21.584130493332935,34.04893531163637,13.102131745120289,0.0,0.0,-0.0,-0.0,6.20224414805931,19.847181273789793,3.3489379183269214,10.046813754980764,-0.0,0.0,0.0,0.0,0.0,0.0,0.0,0.0,0.0,0.0,0.0,0.0,0.0,0.0,11.554216717750688,10.3736629379624,12.216842045625805,5.086447728622318,2.144247212326136,0.0,70.0,10.5,40.5,45.0,0.9538937882689129,0.2943505024261743,1.0,23.827492568378187,13.893026891652855,4.018725501992306,41.08188373858308,68.7351975500896,55.633065804969306,13.102131745120289,0.0,0.0,0.0,0.0,0.0,0.0,0.0,-7.105427357601002e-15,0.0,0.0,0.0,0.0,-0.22708921114855585,0.46202017719774346,0.0
1,spring_pv_high,春秋光伏大发日,65.0,11.75,0.25,41.117705699908406,19.64270071888845,10.23034148764629,0.0,5.0,-5.0,34.908301278850345,20.75786222492613,0.0,10.901135470298993,0.0,-0.0,-0.0,6.13834397465264,19.64270071888845,3.41011382921543,10.23034148764629,-0.0,0.0,0.0,0.0,0.0,0.0,0.0,0.0,0.0,0.0,0.0,0.0,0.0,0.0,11.516479644398181,10.42022967566152,12.242066254139559,5.125632215294886,2.1678603807249632,0.0,70.0,10.5,40.5,45.0,0.96,0.27368967025273927,1.0,23.848269305946875,13.749890503221913,4.092136595058516,41.117705699908406,66.56729897407547,55.666163503776474,10.901135470298993,0.0,0.0,0.0,0.0,0.0,0.0,0.0,-7.105427357601002e-15,0.0,0.0,0.0,0.0,-0.20448055490134465,0.18352773266552624,0.0
1,spring_pv_high,春秋光伏大发日,65.0,12.0,0.25,41.228181333686564,19.232339403381584,10.548001301694034,0.0,5.0,-5.0,23.8958598074839,31.858428023657424,11.012441471366444,0.0,0.0,-0.0,-0.0,6.010106063556744,19.232339403381584,3.5160004338980113,10.548001301694034,-0.0,0.0,0.0,0.0,0.0,0.0,0.0,0.0,0.0,0.0,0.0,0.0,0.0,0.0,11.48951876265225,10.448034639572482,12.264628483989851,5.16194609725659,2.188892243123575,0.0,70.0,10.5,40.5,45.0,0.96,0.2754137305452502,1.0,23.912345173538206,13.462637582367108,4.219200520677614,41.228181333686564,66.76672930250777,55.754287831141326,11.012441471366444,0.0,0.0,0.0,0.0,0.0,0.0,0.0,0.0,0.0,0.0,0.0,0.0,-0.41036131550686505,0.3176598140477438,0.0
1,spring_pv_high,春秋光伏大发日,65.0,12.25,0.25,41.61126782107768,19.067756124675387,10.768649324310116,0.0,5.0,-5.0,34.908301278850345,21.251190105958432,0.0,7.302471432273965,0.0,-0.0,-0.0,5.958673788961058,19.067756124675387,3.5895497747700387,10.768649324310116,-0.0,0.0,0.0,0.0,0.0,0.0,0.0,0.0,0.0,0.0,0.0,0.0,0.0,0.0,11.471194757913173,10.459262975369443,12.284562039866902,5.195004533014949,2.207110319905659,0.0,70.0,10.5,40.5,45.0,0.96,0.24684427113388369,1.0,24.134535336225053,13.347429287272771,4.307459729724047,41.61126782107768,63.46196281708274,56.159491384808774,7.302471432273965,0.0,0.0,0.0,0.0,0.0,0.0,0.0,-7.105427357601002e-15,0.0,0.0,0.0,0.0,-0.16458327870619627,0.22064802261608207,0.0
1,spring_pv_high,春秋光伏大发日,65.0,12.5,0.25,41.349607095528455,18.957801750075557,11.096446725351873,0.0,5.0,-5.0,34.908301278850345,21.06443443869401,0.0,7.616239162651311,0.0,-0.0,-0.0,5.924313046898611,18.957801750075557,3.698815575117291,11.096446725351873,-0.0,0.0,0.0,0.0,0.0,0.0,0.0,0.0,0.0,0.0,0.0,0.0,0.0,0.0,11.460079156963252,10.456562916567417,12.301824113189218,5.224449140373006,2.22230991102871,0.0,70.0,10.5,40.5,45.0,0.96,0.24794228093211365,1.0,23.9827721154065,13.27046122505289,4.43857869014075,41.349607095528455,63.588974880195664,55.97273571754435,7.616239162651311,0.0,0.0,0.0,0.0,0.0,0.0,0.0,-7.105427357601002e-15,0.0,0.0,0.0,0.0,-0.10995437459983037,0.3277974010417566,0.0
1,spring_pv_high,春秋光伏大发日,65.0,12.75,0.25,41.52339583647409,18.754280044739915,11.416246118179732,0.0,5.0,-5.0,34.908301278850345,21.28122244433154,0.0,10.396228411848597,0.0,-0.0,-0.0,5.860712513981223,18.754280044739915,3.805415372726577,11.416246118179732,-0.0,0.0,0.0,0.0,0.0,0.0,0.0,0.0,0.0,0.0,0.0,0.0,0.0,0.0,11.455552072000078,10.44294180235949,12.316289352936181,5.249954447867922,2.23431792206211,0.0,70.0,10.5,40.5,45.0,0.96,0.27384919645080524,1.0,24.08356958515497,13.12799603131794,4.566498447271893,41.52339583647409,66.58575213503048,56.189523723181885,10.396228411848597,0.0,0.0,0.0,0.0,0.0,0.0,0.0,0.0,0.0,0.0,0.0,0.0,-0.20352170533564262,0.31979939282785885,0.0
1,spring_pv_high,春秋光伏大发日,65.0,13.0,0.25,41.417378163631994,18.713143020237812,11.666940286074706,0.0,5.0,-5.0,34.908301278850345,21.245914173964202,0.0,9.945517229602999,0.0,-0.0,-0.0,5.847857193824316,18.713143020237812,3.888980095358235,11.666940286074706,-0.0,0.0,0.0,0.0,0.0,0.0,0.0,0.0,0.0,0.0,0.0,0.0,0.0,0.0,11.45785166596817,10.4216405203031,12.327747688970407,5.271233875440194,2.242996144434219,0.0,70.0,10.5,40.5,45.0,0.96,0.26964759458701304,1.0,24.022079334906554,13.099200114166468,4.666776114429882,41.417378163631994,66.09973268241754,56.15421545281455,9.945517229602999,0.0,0.0,0.0,0.0,0.0,0.0,0.0,0.0,0.0,0.0,0.0,0.0,-0.04113702450210255,0.2506941678949737,0.0
1,spring_pv_high,春秋光伏大发日,65.0,13.25,0.25,41.442678250622954,18.924598326216618,11.870305797567255,0.0,5.0,-5.0,23.670720306462457,32.642663520292274,11.237580972387889,0.0,0.0,-0.0,-0.0,5.913936976942693,18.924598326216618,3.956768599189085,11.870305797567255,-0.0,0.0,0.0,0.0,0.0,0.0,0.0,0.0,0.0,0.0,0.0,0.0,0.0,0.0,11.46808937080792,10.395990997050918,12.335906719603361,5.288045090886954,2.248243902996728,0.0,70.0,10.5,40.5,45.0,0.96,0.2821933878338591,1.0,24.036753385361312,13.247218828351631,4.748122319026902,41.442678250622954,67.55096479914262,56.31338382675473,11.237580972387889,0.0,0.0,0.0,0.0,0.0,0.0,0.0,0.0,0.0,0.0,0.0,0.0,0.2114553059788058,0.20336551149254944,0.0
1,spring_pv_high,春秋光伏大发日,65.0,13.5,0.25,41.56983275411132,18.960288595797156,12.154617797975794,0.0,5.0,-5.0,34.908301278850345,21.638160927439515,0.0,13.464246971878879,0.0,-0.0,-0.0,5.925090186186611,18.960288595797156,4.051539265991932,12.154617797975794,-0.0,0.0,0.0,0.0,0.0,0.0,0.0,0.0,0.0,0.0,0.0,0.0,0.0,0.0,11.488239496517552,10.369262626112807,12.340398755791206,5.300194602207907,2.25,0.0,70.0,10.5,40.5,45.0,0.96,0.30345769425576524,1.0,24.11050299738456,13.272202017058008,4.861847119190318,41.56983275411132,70.01070917816874,56.54646220628986,13.464246971878879,0.0,0.0,0.0,0.0,0.0,0.0,0.0,0.0,0.0,0.0,0.0,0.0,0.035690269580538114,0.2843120004085389,0.0
1,spring_pv_high,春秋光伏大发日,65.0,13.75,0.25,41.4494237429173,18.897673099617368,12.430440611754564,0.0,5.0,-5.0,33.840406234569585,22.65802055589633,0.0,13.63729804283578,0.0,-0.0,-0.0,5.905522843630427,18.897673099617368,4.143480203918188,12.430440611754564,-0.0,0.0,0.0,0.0,0.0,0.0,0.0,0.0,0.0,0.0,0.0,0.0,0.0,0.0,11.521105365026626,10.344504576926367,12.340792380275223,5.3075414641954195,2.248243902996728,0.0,70.0,10.5,40.5,45.0,0.9306322219944099,0.3137703181457106,1.0,24.04066577089203,13.228371169732156,4.972176244701826,41.4494237429173,70.1357248333017,56.49842679046591,13.63729804283578,0.0,0.0,0.0,0.0,0.0,0.0,0.0,0.0,0.0,0.0,0.0,0.0,-0.06261549617978801,0.2758228137787704,0.0
1,spring_pv_high,春秋光伏大发日,65.0,14.0,0.25,41.4473917371749,18.80784489396605,12.556518925015279,0.0,5.0,-5.0,20.61396519961717,35.896384375260546,11.739222161001187,0.0,0.0,-0.0,-0.0,5.87745152936439,18.80784489396605,4.185506308338426,12.556518925015279,-0.0,0.0,0.0,0.0,0.0,0.0,0.0,0.0,0.0,0.0,0.0,0.0,0.0,0.0,11.57025787064239,10.324391685615216,12.336608143998623,5.3100000000000005,2.242996144434219,0.0,70.0,10.5,40.5,45.0,0.8897327778310188,0.31032156158286683,1.0,24.03948720756144,13.165491425776233,5.022607570006112,41.4473917371749,68.2495717358789,56.510349574877715,11.739222161001187,0.0,0.0,0.0,0.0,0.0,0.0,0.0,0.0,0.0,0.0,0.0,0.0,-0.08982820565131888,0.12607831326071484,0.0
1,spring_pv_high,春秋光伏大发日,65.0,14.25,0.25,41.60287832036118,19.02836123863508,12.644585525964162,0.0,5.0,-5.0,19.338665219389036,37.42543783003366,11.275670045251584,0.0,0.0,-0.0,-0.0,5.946362887073462,19.02836123863508,4.214861841988054,12.644585525964162,-0.0,0.0,0.0,0.0,0.0,0.0,0.0,0.0,0.0,0.0,0.0,0.0,0.0,0.0,11.639937509240193,10.311082004305131,12.327337797756144,5.3075414641954195,2.23431792206211,0.0,70.0,10.5,40.5,45.0,0.8419132635325675,0.32354011448414144,1.0,24.12966942580948,13.319852867044556,5.057834210385665,41.60287832036118,68.03977309467427,56.764103049422694,11.275670045251584,0.0,0.0,0.0,0.0,0.0,0.0,0.0,0.0,0.0,0.0,0.0,0.0,0.2205163446690328,0.08806660094888308,0.0
1,spring_pv_high,春秋光伏大发日,65.0,14.5,0.25,41.74184654711476,19.020690842318928,12.68909282000814,0.0,5.0,-5.0,28.956359642899656,27.95915039910915,0.0,8.975183096603615,0.0,-0.0,-0.0,5.943965888224665,19.020690842318928,4.22969760666938,12.68909282000814,-0.0,0.0,0.0,0.0,0.0,0.0,0.0,0.0,0.0,0.0,0.0,0.0,0.0,0.0,11.734908234526412,10.306094018101705,12.31246625763645,5.300194602207907,2.22230991102871,0.0,70.0,10.5,40.5,45.0,0.7963179025851228,0.3192945541978078,1.0,24.21027099732656,13.314483589623249,5.075637128003256,41.74184654711476,65.89069313861242,56.915510042008805,8.975183096603615,0.0,0.0,0.0,0.0,0.0,0.0,0.0,-7.105427357601002e-15,0.0,0.0,0.0,0.0,-0.007670396316154182,0.04450729404397791,0.0
1,spring_pv_high,春秋光伏大发日,65.0,14.75,0.25,41.95800967922456,19.111226285262777,12.635505421784023,0.0,5.0,-5.0,19.693759623047043,37.448343410916806,8.042802908450078,0.0,0.0,-0.0,-0.0,5.972258214144618,19.111226285262777,4.211835140594674,12.635505421784023,-0.0,0.0,0.0,0.0,0.0,0.0,0.0,0.0,0.0,0.0,0.0,0.0,0.0,0.0,11.860251513668128,10.310210985468498,12.291495340727618,5.288045090886954,2.207110319905659,0.0,70.0,10.5,40.5,45.0,0.7627727232424688,0.32373813151990505,1.0,24.33564561395024,13.377858399683943,5.054202168713609,41.95800967922456,65.18490594241393,57.14210303396385,8.042802908450078,0.0,0.0,0.0,0.0,0.0,0.0,0.0,0.0,0.0,0.0,0.0,0.0,0.09053544294384963,-0.05358739822411707,0.0
1,spring_pv_high,春秋光伏大发日,65.0,15.0,0.25,42.2767827023315,19.195916105032122,12.492658378006396,0.0,5.0,-5.0,26.195673655605685,31.24405228888382,0.0,8.20976024140137,0.0,-0.0,-0.0,5.9987237828225375,19.195916105032122,4.164219459335466,12.492658378006396,-0.0,0.0,0.0,0.0,0.0,0.0,0.0,0.0,0.0,0.0,0.0,0.0,0.0,0.0,12.021091919431237,10.323418807514855,12.263968193188704,5.271233875440194,2.188892243123575,0.0,70.0,10.5,40.5,45.0,0.7203973206401083,0.34107526225493046,1.0,24.520533967352268,13.437141273522485,4.997063351202559,42.2767827023315,65.64948618589088,57.43972594448951,8.20976024140137,0.0,0.0,0.0,0.0,0.0,0.0,0.0,7.105427357601002e-15,0.0,0.0,0.0,0.0,0.08468981976934487,-0.14284704377762658,0.0
1,spring_pv_high,春秋光伏大发日,65.0,15.25,0.25,42.483068676283715,19.366286518898228,12.397087088940218,0.0,5.0,-5.0,24.4632203376208,33.20417523879868,0.0,7.078519176493764,0.0,-0.0,-0.0,6.051964537155696,19.366286518898228,4.132362362980072,12.397087088940218,-0.0,0.0,0.0,0.0,0.0,0.0,0.0,0.0,0.0,0.0,0.0,0.0,0.0,0.0,12.222251483073219,10.344882308555073,12.229493273888721,5.249954447867922,2.1678603807249632,0.0,70.0,10.5,40.5,45.0,0.6727537767168429,0.3482408842360811,1.0,24.640179832244552,13.55640056322876,4.958834835576088,42.483068676283715,64.74591475291325,57.66739557641948,7.078519176493764,0.0,0.0,0.0,0.0,0.0,0.0,0.0,-7.105427357601002e-15,0.0,0.0,0.0,0.0,0.17037041386610596,-0.09557128906617862,0.0
1,spring_pv_high,春秋光伏大发日,65.0,15.5,0.25,42.65441816896328,19.200105690658322,12.11608875726942,0.0,5.0,-5.0,22.97427881659306,34.71886863312409,0.0,6.961594748907487,0.0,-0.0,-0.0,6.0000330283307255,19.200105690658322,4.03869625242314,12.11608875726942,-0.0,0.0,0.0,0.0,0.0,0.0,0.0,0.0,0.0,0.0,0.0,0.0,0.0,0.0,12.467838495154503,10.37296287606332,12.187766757851255,5.224449140373006,2.144247212326136,0.0,70.0,10.5,40.5,45.0,0.6318069586872689,0.3603244925448193,1.0,24.7395625379987,13.440073983460826,4.846435502907768,42.65441816896328,64.65474219862463,57.693147449717145,6.961594748907487,0.0,0.0,0.0,0.0,0.0,0.0,0.0,-7.105427357601002e-15,0.0,0.0,0.0,0.0,-0.16618082823990576,-0.2809983316707978,0.0
1,spring_pv_high,春秋光伏大发日,65.0,15.75,0.25,42.97223331225628,19.27662310600654,11.999006695720421,0.0,5.0,-5.0,21.003981039844962,36.99186589161184,0.0,4.299801844067034,0.0,-0.0,-0.0,6.023944720627044,19.27662310600654,3.9996688985734736,11.999006695720421,-0.0,0.0,0.0,0.0,0.0,0.0,0.0,0.0,0.0,0.0,0.0,0.0,0.0,0.0,12.760786775364307,10.405278162018043,12.13859228554382,5.195004533014949,2.118308725210633,0.0,70.0,10.5,40.5,45.0,0.5776225441960329,0.35696338322384985,1.0,24.92389532110864,13.493636174204577,4.799602678288169,42.97223331225628,62.29564877552383,57.995846931456796,4.299801844067034,0.0,0.0,0.0,0.0,0.0,0.0,0.0,0.0,0.0,0.0,0.0,0.0,0.0765174153482171,-0.1170820615489987,0.0
1,spring_pv_high,春秋光伏大发日,65.0,16.0,0.25,42.86418157257016,19.530011349021354,11.944631145097398,0.0,5.0,-5.0,17.516501973540166,40.432351860631634,1.24182008168966,0.0,0.0,-0.0,-0.0,6.103128546569173,19.530011349021354,3.981543715032466,11.944631145097398,-0.0,0.0,0.0,0.0,0.0,0.0,0.0,0.0,0.0,0.0,0.0,0.0,0.0,0.0,13.102372558262552,10.438802122036277,12.081897103671443,5.16194609725659,2.090319806158798,0.0,132.0,19.8,40.5,45.0,0.5158655251990452,0.34953466167212194,1.0,24.861225312090692,13.671007944314947,4.77785245803896,42.86418157257016,59.19067391586146,57.9488538341718,1.24182008168966,0.0,0.0,0.0,0.0,0.0,0.0,0.0,0.0,0.0,0.0,0.0,0.0,0.25338824301481466,-0.05437555062302302,0.0
1,spring_pv_high,春秋光伏大发日,65.0,16.25,0.25,42.786899669789925,19.783228472278147,11.801936410048093,0.0,2.8394665469568103,-2.8394665469568103,16.801829036414173,38.940774881268844,0.0,0.0,0.0,-0.0,-0.0,6.18225889758692,19.783228472278147,3.933978803349364,11.801936410048093,-0.0,0.0,0.0,0.0,0.0,0.0,0.0,0.0,0.0,0.0,0.0,0.0,0.0,0.0,13.491746644052201,10.47000122147232,12.017743814006176,5.125632215294886,2.060569412694709,0.0,132.0,19.8,40.5,45.0,0.46206075013824954,0.3366400901014007,1.0,24.816401808478155,13.848259930594702,4.720774564019237,42.786899669789925,55.74260391768301,55.74260391768301,0.0,0.0,0.0,0.0,0.0,0.0,0.0,0.0,0.0,0.0,0.0,2.1605334530431897,0.0,0.2532171232567926,-0.14269473504930552,0.0
1,spring_pv_high,春秋光伏大发日,65.0,16.5,0.25,43.15211293394466,20.047059225407544,11.789364902062168,0.0,2.626123778982727,-2.626123778982727,14.588131210450864,39.310534151752265,0.0,0.0,4.227394974474398,1.4795882410660395,1.9023277385134794,5.670228589654395,18.144731486894067,3.9297883006873895,11.789364902062168,-0.0,0.0,0.0,0.0,0.0,0.0,0.0,0.0,0.0,0.0,0.0,0.0,0.0,0.0,13.925527703046567,10.495000340844964,11.946337159128955,5.086447728622318,2.029355641790107,0.0,132.0,19.8,40.5,45.0,0.4011826828857383,0.3398366313749346,1.0,25.0282255016879,14.03294145778528,4.715745960824868,43.15211293394466,53.89866536220313,53.89866536220313,0.0,0.8454789948948798,0.21136974872371994,13.739033667041797,0.0,0.0,0.0,0.0,0.0,0.0,0.0,0.21334276797408336,1.4795882410660395,-1.63849698538408,-0.012571507985924768,0.0
1,spring_pv_high,春秋光伏大发日,65.0,16.75,0.25,43.23585387015884,20.38828707568821,11.602737155443412,0.0,1.5675516787623334,-1.5675516787623334,12.284143734792591,38.05808923816629,0.0,0.0,9.579804002913303,3.3529314010196556,4.310911801310986,5.024179773242882,16.077375274377225,3.8675790518144706,11.602737155443412,-0.0,0.0,0.0,0.0,0.0,0.0,0.0,0.0,0.0,0.0,0.0,0.0,0.0,0.0,14.397506928634565,10.509769939102156,11.868025515433374,5.044797177772593,1.9969808127382582,0.0,132.0,19.8,40.5,45.0,0.33782159410162127,0.32900933865047904,1.0,25.076795244692125,14.271800952981748,4.641094862177365,43.23585387015884,50.34223297295888,50.34223297295888,0.0,1.9159608005826607,0.4789902001456652,31.134363009468238,0.0,0.0,0.0,0.0,0.0,0.0,0.0,1.0585721002203936,1.873343159953616,-2.0673562125168417,-0.1866277466187558,0.0
1,spring_pv_high,春秋光伏大发日,65.0,17.0,0.25,43.34695756602861,20.533525570432563,11.519575633182594,0.0,1.5675516787623334,-1.5675516787623334,10.170826574520316,37.67415093691782,0.0,1.325569193060808,14.932213031352205,5.2262745609732715,6.7194958641084925,4.316884283226272,13.814029706324071,3.839858544394198,11.519575633182594,-0.0,0.0,0.0,0.0,0.0,0.0,0.0,0.0,0.0,0.0,0.0,0.0,0.0,0.0,14.898513159071957,10.510324540288602,11.783297020266714,5.001097898506149,1.9637466760713134,0.0,132.0,19.8,40.5,45.0,0.2797040575977596,0.3371496673734815,1.0,25.14123538829659,14.373467899302792,4.607830253273038,43.34695756602861,49.170546704498946,47.84497751143813,1.325569193060808,2.9864426062704412,0.7466106515676103,48.52969235189467,0.0,0.0,0.0,0.0,0.0,0.0,0.0,0.0,1.8733431599536159,-2.263345568053154,-0.08316152226081819,0.0
1,spring_pv_high,春秋光伏大发日,65.0,17.25,0.25,43.95525781255485,20.919299357821917,11.447702551838294,0.0,1.363303153419995,-1.363303153419995,8.155341915464259,37.56425825235768,0.0,0.0,20.284622059791108,7.099617720926887,9.128079926905999,3.6847560721612242,11.791219430915918,3.8159008506127647,11.447702551838294,-0.0,0.0,0.0,0.0,0.0,0.0,0.0,0.0,0.0,0.0,0.0,0.0,0.0,0.0,15.416480191966146,10.492921725600386,11.692770516810707,4.955773137833561,1.9299498523426757,0.0,132.0,19.8,40.5,45.0,0.22427697573439553,0.32474020666570597,1.0,25.49404953128181,14.64350955047534,4.579081020735318,43.95525781255485,45.71960016782194,45.71960016782194,0.0,4.056924411958222,1.0142311029895554,65.9250216943211,0.0,0.0,0.0,0.0,0.0,0.0,0.0,0.20424852534233828,1.8733431599536159,-2.022810275408153,-0.07187308134430026,0.0
1,spring_pv_high,春秋光伏大发日,65.0,17.5,0.25,44.02369138811645,21.15560386600965,11.278167004847795,0.0,0.0,0.0,6.216276289926937,35.5997619302706,0.0,0.0,25.63703108823001,8.972960880880503,11.536663989703506,3.00591871134567,9.618939876306143,3.7593890016159315,11.278167004847795,-0.0,0.0,0.0,0.0,0.0,0.0,0.0,0.0,0.0,0.0,0.0,0.0,0.0,0.0,15.936744118943711,10.45425062437041,11.597181742609804,4.909245346499839,1.8958775937413699,0.0,132.0,19.8,40.5,45.0,0.17095146482952533,0.3077572827026449,1.0,25.533741005107537,14.808922706206753,4.511266801939118,44.02369138811645,41.81603822019754,41.81603822019754,0.0,5.127406217646002,1.2818515544115006,83.32035103674754,0.0,0.0,0.0,0.0,0.0,0.0,0.0,1.363303153419995,1.8733431599536159,-2.1722795546097746,-0.1695355469904989,0.0
1,spring_pv_high,春秋光伏大发日,65.0,17.75,0.25,44.82784978296186,21.48987970114262,10.951577321405527,2.903003373053979,0.0,2.903003373053979,4.440233490890227,32.646532042185875,0.0,0.0,30.989440116668916,10.84630404083412,13.945248052501013,2.357697390200502,7.544631648641607,3.650525773801842,10.951577321405527,-0.0,-0.0,0.0,0.0,0.0,0.0,0.0,0.0,0.0,0.0,0.0,0.0,0.0,0.0,16.442578872192897,10.391599437493046,11.497365402116138,4.861929793279746,1.8618039483468047,0.0,132.0,19.8,40.5,45.0,0.1221091830623447,0.28222683091666345,1.0,26.00015287411788,15.042915790799833,4.380630928562211,44.82784978296186,37.086765533076104,37.086765533076104,0.0,7.794539878513472,1.948634969628368,126.66127302584393,0.0,0.0,0.0,0.0,0.0,0.0,0.0,2.903003373053979,1.8733431599536168,-2.0743082276645364,-0.32658968344226835,-0.0
1,spring_pv_high,春秋光伏大发日,65.0,18.0,0.25,45.28668973166888,21.85895230497842,10.630839281428127,3.9910586607406966,0.0,3.9910586607406966,2.8685589824581132,30.971388040766676,0.0,0.0,36.34184914510782,12.719647200787737,16.35383211529852,1.7203500592749688,5.5051201896799,3.5436130938093755,10.630839281428127,-0.0,-0.0,0.0,0.0,0.0,0.0,0.0,0.0,0.0,0.0,0.0,0.0,0.0,0.0,16.915954538842875,10.302992770659113,11.394233938885682,4.814228631237918,1.8279863919318105,0.0,132.0,19.8,40.5,45.0,0.07888715641480454,0.2677453361521144,1.0,26.26628004436795,15.301266613484893,4.252335712571251,45.28668973166888,33.83994702322479,33.83994702322479,0.0,9.463452092428948,2.365863023107237,153.7810965019704,0.0,0.0,0.0,0.0,-7.105427357601002e-15,0.0,0.0,1.0880552876867178,1.8733431599536168,-2.039511458961707,-0.3207380399773996,0.0
1,spring_pv_high,春秋光伏大发日,65.0,18.25,0.25,45.53343037579929,22.158859103240726,10.419818095393607,3.9107991729039844,0.0,3.9107991729039844,1.7187012187056478,29.845600736020558,0.0,0.0,41.69425817354673,14.592990360741354,18.76241617809603,1.061388414107718,3.3964429251446973,3.4732726984645357,10.419818095393607,-0.0,-0.0,0.0,0.0,0.0,0.0,0.0,0.0,0.0,0.0,0.0,0.0,0.0,0.0,17.338477955326876,10.18729142041573,11.28875395054272,4.766525527685526,1.7946629761784745,0.0,132.0,19.8,40.5,45.0,0.04726535263854468,0.25801298899517466,1.0,26.409389617963587,15.511201372268507,4.167927238157443,45.53343037579929,31.564301954726204,31.564301954726204,0.0,10.489791179806538,2.6224477949516345,170.45910667185623,0.0,0.0,0.0,0.0,0.0,0.0,0.0,-0.08025948783671222,1.8733431599536168,-2.1086772645352028,-0.21102118603451991,0.0
1,spring_pv_high,春秋光伏大发日,65.0,18.5,0.25,45.711987533569825,22.415934502040987,10.254754845699205,1.586752978603761,0.0,1.586752978603761,0.751704119487145,30.7144904866256,0.0,0.0,47.046667201985635,16.46633352069497,21.171000240893537,0.3890419566085779,1.2449342611474492,3.418251615233068,10.254754845699205,-0.0,0.0,0.0,0.0,0.0,0.0,0.0,0.0,0.0,0.0,0.0,0.0,0.0,0.0,17.692451789356014,10.044249609569619,11.181921263989418,4.719180948704535,1.762050025594453,0.0,132.0,19.8,40.5,45.0,0.020672330886088455,0.2655244759859629,1.0,26.5129527694705,15.69115415142869,4.101901938279682,45.711987533569825,31.466194606112744,31.466194606112744,0.0,10.282047578629196,2.570511894657299,167.08327315272444,0.0,0.0,0.0,0.0,7.105427357601002e-15,0.0,0.0,-2.324046194300223,1.8733431599536168,-2.151508663997248,-0.165063249694402,0.0
1,spring_pv_high,春秋光伏大发日,65.0,18.75,0.25,45.547749592265276,22.505775991080522,9.910175107673723,1.0792094216041264,0.0,1.0792094216041264,-0.0,31.462536385295394,0.0,0.0,47.57696914167914,16.651939199587698,21.409636113755614,0.34254371166403397,1.0961398773249087,3.303391702557908,9.910175107673723,-0.0,0.0,0.0,0.0,0.0,0.0,0.0,0.0,0.0,0.0,0.0,0.0,0.0,0.0,17.961970019695947,9.874527335132564,11.074735707705088,4.672528166649864,1.73034039890087,0.0,132.0,19.8,40.5,45.0,0.0,0.27199127690340724,1.0,26.417694763513857,15.754043193756365,3.9640700430694893,45.547749592265276,31.462536385295394,31.462536385295394,0.0,10.108959010218099,2.5272397525545247,164.2705839160441,0.0,0.0,0.0,0.0,-7.105427357601002e-15,0.0,0.0,-0.5075435569996347,0.1856056788927276,-0.1487943838225405,-0.34457973802548203,0.0
1,spring_pv_high,春秋光伏大发日,65.0,19.0,0.25,45.25353307561767,22.74981426184424,9.582742876507307,0.980831735244923,0.0,0.980831735244923,-0.0,31.23381543756518,0.0,0.0,47.57696914167914,16.651939199587698,21.409636113755614,0.4188056712776955,1.3401781480886257,3.194247625502436,9.582742876507307,-0.0,0.0,0.0,0.0,0.0,0.0,0.0,0.0,0.0,0.0,0.0,0.0,0.0,0.0,18.133957313151683,9.679658271651041,10.968176583931253,4.626870035832234,1.6997023147611279,0.0,132.0,19.8,40.5,45.0,0.0,0.27001400139497833,1.0,26.247049183858245,15.924869983290966,3.833097150602923,45.25353307561767,31.23381543756518,31.23381543756518,0.0,10.054851282720538,2.5137128206801345,163.39133334420873,0.0,0.0,0.0,0.0,7.105427357601002e-15,0.0,0.0,-0.09837768635920341,0.0,0.24403827076371698,-0.32743223116641573,0.0
1,spring_pv_high,春秋光伏大发日,65.0,19.25,0.25,45.01774304338215,22.93305638284955,9.345044691472514,0.0,0.0,0.0,-0.0,32.45418884657314,0.0,0.0,46.56336145448561,16.297176509069963,20.953512654518523,0.618607415103446,1.979543728331027,3.1150148971575047,9.345044691472514,-0.0,0.0,0.0,0.0,0.0,0.0,0.0,0.0,0.0,0.0,0.0,0.0,0.0,0.0,18.199059270777326,9.461976357505279,10.863179760818218,4.582476558461218,1.6702787269279247,0.0,132.0,19.8,40.5,45.0,0.0,0.2805640383579923,1.0,26.110290965161642,16.053139467994683,3.738017876589006,45.01774304338215,32.45418884657314,32.45418884657314,0.0,9.312672290897122,2.3281680727242806,151.33092472707824,0.0,0.0,0.0,0.0,0.0,0.0,0.0,-0.980831735244923,-0.35476269051773457,0.6393655802424014,-0.23769818503479279,0.0
1,spring_pv_high,春秋光伏大发日,65.0,19.5,0.25,44.401123567781816,22.908350098935852,9.053661724056887,0.0,0.0,0.0,-0.0,32.33857890455405,0.0,0.0,45.32849184305228,15.864972145068295,20.397821329373524,0.7845402404882273,2.5105287695623275,3.017887241352296,9.053661724056887,-0.0,-0.0,0.0,0.0,0.0,0.0,0.0,0.0,0.0,0.0,0.0,0.0,0.0,0.0,18.15230059861818,9.224506584736725,10.76061718064351,4.5395832406655785,1.6421872206225148,0.0,132.0,19.8,40.5,45.0,0.0,0.2795645990449178,1.0,25.75265166931345,16.035845069255096,3.621464689622755,44.401123567781816,32.33857890455405,32.33857890455405,0.0,9.065698368610455,2.266424592152614,147.3175984899199,0.0,0.0,0.0,0.0,0.0,0.0,0.0,0.0,-0.4322043640016684,0.5309850412313004,-0.2913829674156272,-0.0
1,spring_pv_high,春秋光伏大发日,65.0,19.75,0.25,43.83169479004332,22.863767062003575,8.902877736919688,0.3123907037930067,0.0,0.3123907037930067,-0.0,31.392565894935476,0.0,0.0,45.32849184305228,15.864972145068295,20.397821329373524,0.7706080414468908,2.4659457326300505,2.9676259123065627,8.902877736919688,-0.0,0.0,0.0,0.0,0.0,0.0,0.0,0.0,0.0,0.0,0.0,0.0,0.0,0.0,17.99344821200895,8.970827445716463,10.661279424464048,4.498390217699095,1.6155203905569986,0.0,132.0,19.8,40.5,45.0,0.0,0.2713863872408101,1.0,25.422382978225126,16.004636943402502,3.5611510947678755,43.83169479004332,31.392565894935476,31.392565894935476,0.0,9.237513255696609,2.309378313924152,150.1095904050699,0.0,0.0,0.0,0.0,7.105427357601002e-15,0.0,0.0,0.3123907037930067,0.0,-0.044583036932277054,-0.1507839871371992,0.0
1,spring_pv_high,春秋光伏大发日,65.0,20.0,0.25,43.31704431946042,22.97516435651289,8.537885519851102,1.4050239185076165,0.0,1.4050239185076165,-0.0,31.68357800003399,0.0,0.0,41.28232988999636,14.448815461498725,18.577048450498364,1.37441122062954,4.398115906014528,2.8459618399503674,8.537885519851102,-0.0,0.0,0.0,0.0,0.0,0.0,0.0,0.0,0.0,0.0,0.0,0.0,0.0,0.0,17.727043938383588,8.704913836840888,10.565861796773053,4.459062108871521,1.590346651703709,0.0,132.0,19.8,40.5,45.0,0.0,0.2739021651517444,1.0,25.123885705287044,16.082615049559024,3.415154207940441,43.31704431946042,31.68357800003399,31.68357800003399,0.0,9.029229133178463,2.2573072832946157,146.72497341415,0.0,0.0,0.0,0.0,0.0,0.0,0.0,1.0926332147146098,-1.4161566835695698,1.9321701733844776,-0.3649922170685862,0.0
1,spring_pv_high,春秋光伏大发日,65.0,20.25,0.25,42.777556608913734,22.84849538284535,8.052552988176036,2.706996619434605,0.0,2.706996619434605,-0.0,32.26678170330869,0.0,0.0,35.929920861557456,12.575472301545108,16.168464387700855,2.0875096859826545,6.680030995144495,2.684184329392012,8.052552988176036,-0.0,0.0,0.0,0.0,0.0,0.0,0.0,0.0,0.0,0.0,0.0,0.0,0.0,0.0,17.362103527819066,8.430969907415633,10.474954207129443,4.421728546779798,1.5667114268450237,0.0,132.0,19.8,40.5,45.0,0.0,0.2789439176031653,1.0,24.810982833169962,15.993946767991744,3.2210211952704144,42.777556608913734,32.26678170330869,32.26678170330869,0.0,8.674832313000525,2.1687080782501313,140.96602508625853,0.0,0.0,0.0,0.0,7.105427357601002e-15,0.0,0.0,1.3019727009269886,-1.8733431599536168,2.281915089129967,-0.4853325316750663,0.0
1,spring_pv_high,春秋光伏大发日,65.0,20.5,0.25,42.054407591003375,22.863878513292622,7.741706313837647,3.1283909552753855,0.0,3.1283909552753855,-0.0,33.649455699287365,0.0,0.0,30.57751183311855,10.702129141591492,13.759880324903348,2.844999433871648,9.103998188389275,2.5805687712792156,7.741706313837647,-0.0,-0.0,0.0,0.0,0.0,0.0,0.0,0.0,0.0,0.0,0.0,0.0,0.0,0.0,16.911511136254386,8.153261354994827,10.38903494025699,4.386485312385193,1.5446386501468987,0.0,132.0,19.8,40.5,45.0,0.0,0.29089703101722375,1.0,24.391556402781955,16.004714959304835,3.096682525535059,42.054407591003375,33.649455699287365,33.649455699287365,0.0,7.836117392025172,1.959029348006293,127.33690762040905,0.0,0.0,0.0,0.0,0.0,0.0,0.0,0.42139433584078034,-1.8733431599536168,2.4239671932447795,-0.3108466743383884,-0.0
1,spring_pv_high,春秋光伏大发日,65.0,20.75,0.25,41.13690586193721,22.820583170275214,7.569632123650508,1.1479789483061467,0.0,1.1479789483061467,-0.0,37.26750379867961,0.0,0.0,25.225102804679643,8.828785981637875,11.35129626210584,3.584152158802929,11.469286908169373,2.5232107078835027,7.569632123650508,-0.0,-0.0,0.0,0.0,0.0,0.0,0.0,0.0,0.0,0.0,0.0,0.0,0.0,0.0,16.391167274078555,7.875956046451777,10.308468231747847,4.353395997583033,1.524132523446342,0.0,132.0,19.8,40.5,45.0,0.0,0.32217478658023585,1.0,23.859405399923578,15.974408219192648,3.0278528494602033,41.13690586193721,37.26750379867961,37.26750379867961,0.0,5.676408982504309,1.4191022456260773,92.24164596569503,0.0,0.0,0.0,0.0,0.0,0.0,0.0,-1.9804120069692388,-1.8733431599536168,2.3652887197800982,-0.1720741901871392,0.0
1,spring_pv_high,春秋光伏大发日,65.0,21.0,0.25,40.14490443218903,22.741682023853315,7.1956861512372114,0.0,0.0,0.0,-0.0,39.90020173108748,0.0,0.0,19.87269377624074,6.955442821684259,8.942712199308334,4.312178070170306,13.798969824544981,2.3985620504124037,7.1956861512372114,-0.0,0.0,0.0,0.0,0.0,0.0,0.0,0.0,0.0,0.0,0.0,0.0,0.0,0.0,15.818969922240825,7.6029806758412395,10.233505411686977,4.322494110205658,1.5051794615043776,0.0,132.0,19.8,40.5,45.0,0.0,0.3449342635520684,1.0,23.284044570669636,15.91917741669732,2.8782744604948847,40.14490443218903,39.90020173108748,39.90020173108748,0.0,3.9745387552481484,0.9936346888120371,64.58625477278241,0.0,0.0,0.0,0.0,0.0,0.0,0.0,-1.1479789483061467,-1.8733431599536159,2.3296829163756083,-0.3739459724132965,0.0
1,spring_pv_high,春秋光伏大发日,65.0,21.25,0.25,39.32049835324054,22.561451648264917,6.926698013259415,0.0,0.8948910442850391,-0.8948910442850391,-0.0,42.450727670971226,0.0,0.0,14.520284747801838,5.082099661730643,6.5341281365108275,5.008538597423153,16.02732351175409,2.308899337753138,6.926698013259415,-0.0,0.0,0.0,0.0,0.0,0.0,0.0,0.0,0.0,0.0,0.0,0.0,0.0,0.0,15.213720681828718,7.3378995826421365,10.164289249735571,4.293785532824879,1.4877501639627224,0.0,132.0,19.8,40.5,45.0,0.0,0.36698336978650625,1.0,22.80588904487951,15.793016153785441,2.7706792053037663,39.32049835324054,42.450727670971226,42.450727670971226,0.0,2.904056949560368,0.726014237390092,47.190925430355975,0.0,0.0,0.0,0.0,0.0,0.0,0.0,-0.8948910442850391,-1.8733431599536159,2.2283536872091094,-0.2689881379777965,0.0
1,spring_pv_high,春秋光伏大发日,65.0,21.5,0.25,38.30495025926642,22.46747362127699,6.550451797108444,0.0,1.7062703371238328,-1.7062703371238328,-0.0,44.71780101059636,0.0,0.0,9.167875719362936,3.208756501777027,4.125544073713321,5.7318529836136465,18.34192954756367,2.1834839323694815,6.550451797108444,-0.0,0.0,0.0,0.0,0.0,0.0,0.0,0.0,0.0,0.0,0.0,0.0,0.0,0.0,14.594049403902838,7.083819998354173,10.100861036792342,4.267251246106128,1.4718017549129516,0.0,132.0,19.8,40.5,45.0,0.0,0.38658204946468067,1.0,22.216871150374523,15.727231534893892,2.6201807188433777,38.30495025926642,44.71780101059636,44.71780101059636,0.0,1.8335751438725874,0.45839378596814684,29.795596087929546,0.0,0.0,0.0,0.0,0.0,0.0,0.0,-0.8113792928387937,-1.8733431599536159,2.314606035809579,-0.376246216150971,0.0
1,spring_pv_high,春秋光伏大发日,65.0,21.75,0.25,37.016088202055215,22.4950040229599,6.3627665467232495,0.0,3.6466315469470274,-3.6466315469470274,0.0,47.941367343183686,-0.0,0.09225932332271469,3.815466690924032,1.335413341823411,1.7169600109158145,6.493138753763776,20.778044012044084,2.1209221822410833,6.3627665467232495,-0.0,0.0,0.0,0.0,0.0,0.0,0.0,0.0,0.0,0.0,0.0,0.0,0.0,0.0,13.977442186240772,6.843326025660309,10.043169872378268,4.242850229547812,1.4572799355623827,0.0,132.0,19.8,40.5,45.0,0.0,0.4152471145788066,1.0,21.469331157192023,15.74650281607193,2.5451066186893,37.016088202055215,48.0336266665064,47.941367343183686,0.09225932332271469,0.7630933381848064,0.1907733345462016,12.400266745503105,0.0,0.0,0.0,0.0,0.0,0.0,0.0,-1.9403612098231946,-1.873343159953616,2.436114464480415,-0.18768525038519446,0.0
1,spring_pv_high,春秋光伏大发日,65.0,22.0,0.25,35.85034175536703,22.46427929356563,6.2078619101445565,0.0,3.6466315469470274,-3.6466315469470274,-0.0,48.586347884934845,0.0,0.0,-0.0,-0.0,-0.0,7.0200872792392595,22.46427929356563,2.0692873033815187,6.2078619101445565,-0.0,-0.0,0.0,0.0,0.0,0.0,0.0,0.0,0.0,0.0,0.0,0.0,0.0,0.0,13.379440690386174,6.618441736475195,9.991083593321017,4.220522456878132,1.4441211011601014,0.0,62.0,9.299999999999999,40.5,45.0,0.0,0.4200253482256725,1.0,20.793198218112877,15.724995505495942,2.4831447640578226,35.85034175536703,48.586347884934845,48.586347884934845,0.0,0.0,0.0,0.0,0.0,0.0,0.0,0.0,0.0,0.0,0.0,0.0,-1.335413341823411,1.6862352815215473,-0.15490463657869302,-0.0
1,spring_pv_high,春秋光伏大发日,65.0,22.25,0.25,35.09900649841005,22.314714763072757,5.9584296784024655,0.0,5.0,-5.0,0.0,49.05849808800444,-0.0,1.5582624932955866,0.0,-0.0,-0.0,6.973348363460237,22.314714763072757,1.9861432261341552,5.9584296784024655,-0.0,0.0,0.0,0.0,0.0,0.0,0.0,0.0,0.0,0.0,0.0,0.0,0.0,0.0,12.813058164920479,6.410622038232849,9.944400776218377,4.2001919097873355,1.4322543798204426,0.0,62.0,9.299999999999999,40.5,45.0,0.0,0.4375781143206324,1.0,20.357423769077826,15.62030033415093,2.3833718713609864,35.09900649841005,50.61676058130003,49.05849808800444,1.5582624932955866,0.0,0.0,0.0,0.0,0.0,0.0,0.0,0.0,0.0,0.0,-1.3533684530529726,0.0,-0.14956453049287433,-0.24943223174209095,0.0
1,spring_pv_high,春秋光伏大发日,65.0,22.5,0.25,34.156853808856276,21.984569609509474,5.666981960841434,0.0,5.0,-5.0,0.0,47.91602579877513,-0.0,3.6663231341643865,0.0,-0.0,-0.0,6.87017800297171,21.984569609509474,1.8889939869471446,5.666981960841434,-0.0,0.0,0.0,0.0,0.0,0.0,0.0,0.0,0.0,0.0,0.0,0.0,0.0,0.0,12.288432588377686,6.22076850790594,9.902863270058843,4.181769541624142,1.421603557846405,0.0,62.0,9.299999999999999,40.5,45.0,0.0,0.4459255534942976,1.0,19.81097520913664,15.38919872665663,2.2667927843365736,34.156853808856276,51.58234893293952,47.91602579877513,3.6663231341643865,0.0,0.0,0.0,0.0,0.0,0.0,0.0,0.0,0.0,0.0,0.0,0.0,-0.3301451535632829,-0.2914477175610317,0.0
1,spring_pv_high,春秋光伏大发日,65.0,22.75,0.25,33.42482299693989,21.654013287723757,5.5893277254313665,0.0,5.0,-5.0,0.0,47.054811391164016,-0.0,8.047626874845214,0.0,-0.0,-0.0,6.766879152413674,21.654013287723757,1.8631092418104556,5.5893277254313665,-0.0,0.0,0.0,0.0,0.0,0.0,0.0,0.0,0.0,0.0,0.0,0.0,0.0,0.0,11.812713173485285,6.049266301661984,9.86616876165793,4.16515613174862,1.4120888633255155,0.0,62.0,9.299999999999999,40.5,45.0,0.0,0.4763564628396474,1.0,19.386397338225134,15.157809301406628,2.2357310901725467,33.42482299693989,55.10243826600923,47.054811391164016,8.047626874845214,0.0,0.0,0.0,0.0,0.0,0.0,0.0,0.0,0.0,0.0,0.0,0.0,-0.3305563217857177,-0.07765423541006733,0.0
1,spring_pv_high,春秋光伏大发日,65.0,23.0,0.25,32.903918115340105,21.48438527761335,5.416218343674238,0.0,5.0,-5.0,0.0,46.423194629152356,-0.0,7.89085443078222,0.0,-0.0,-0.0,6.713870399254171,21.48438527761335,1.8054061145580793,5.416218343674238,-0.0,0.0,0.0,0.0,0.0,0.0,0.0,0.0,0.0,0.0,0.0,0.0,0.0,0.0,11.390155829400392,5.8960375487735925,9.833982939916158,4.150244980984967,1.4036285868857876,0.0,62.0,9.299999999999999,40.5,45.0,0.0,0.46954089704319973,1.0,19.08427250689726,15.039069694329344,2.1664873374696954,32.903918115340105,54.314049059934575,46.423194629152356,7.89085443078222,0.0,0.0,0.0,0.0,0.0,0.0,0.0,0.0,0.0,0.0,0.0,0.0,-0.16962801011040796,-0.1731093817571283,0.0
1,spring_pv_high,春秋光伏大发日,65.0,23.25,0.25,32.30713711034196,21.273630505394426,5.382796528169334,0.0,5.0,-5.0,0.0,45.7494121526675,-0.0,7.564416727108785,0.0,-0.0,-0.0,6.648009532935758,21.273630505394426,1.794265509389778,5.382796528169334,-0.0,0.0,0.0,0.0,0.0,0.0,0.0,0.0,0.0,0.0,0.0,0.0,0.0,0.0,11.022387977975864,5.760606329927972,9.805950899730965,4.136924408655721,1.396140525333592,0.0,62.0,9.299999999999999,40.5,45.0,0.0,0.4608940682988727,1.0,18.73813952399834,14.891541353776097,2.153118611267734,32.30713711034196,53.31382887977629,45.7494121526675,7.564416727108785,0.0,0.0,0.0,0.0,0.0,0.0,0.0,0.0,0.0,0.0,0.0,0.0,-0.21075477221892314,-0.033421815504904195,0.0
1,spring_pv_high,春秋光伏大发日,65.0,23.5,0.25,31.847358403976834,21.119640766876586,5.202394312626389,0.0,5.0,-5.0,0.0,45.1813775811679,-0.0,7.733362595326767,0.0,-0.0,-0.0,6.599887739648933,21.119640766876586,1.7341314375421295,5.202394312626389,-0.0,0.0,0.0,0.0,0.0,0.0,0.0,0.0,0.0,0.0,0.0,0.0,0.0,0.0,10.708794311803555,5.642170390210917,9.781707507227301,4.125080021640103,1.3895432402610668,0.0,62.0,9.299999999999999,40.5,45.0,0.0,0.4574439762696101,1.0,18.471467874306562,14.78374853681361,2.0809577250505558,31.847358403976834,52.91474017649467,45.1813775811679,7.733362595326767,0.0,0.0,0.0,0.0,0.0,0.0,0.0,3.552713678800501e-15,0.0,0.0,0.0,0.0,-0.15398973851783992,-0.18040221554294522,0.0
1,spring_pv_high,春秋光伏大发日,65.0,23.75,0.25,31.38983055101397,20.92936633279645,5.191303809218586,0.0,5.0,-5.0,0.0,44.66069213308573,-0.0,7.944785173490189,0.0,-0.0,-0.0,6.540426978998891,20.92936633279645,1.730434603072862,5.191303809218586,-0.0,0.0,0.0,0.0,0.0,0.0,0.0,0.0,0.0,0.0,0.0,0.0,0.0,0.0,10.446972654094635,5.539675089853939,9.760886529779706,4.114596735467028,1.3837571294618645,0.0,62.0,9.299999999999999,40.5,45.0,0.0,0.45477042186007666,1.0,18.2061017195881,14.650556432957515,2.0765215236874344,31.38983055101397,52.60547730657592,44.66069213308573,7.944785173490189,0.0,0.0,0.0,0.0,0.0,0.0,0.0,7.105427357601002e-15,0.0,0.0,0.0,0.0,-0.1902744340801341,-0.01109050340780282,0.0
2,summer_commercial,夏季商业制冷日,75.0,0.0,0.25,35.865503588695105,11.220387926486076,16.638799066707236,0.0,3.981900493300543,-3.981900493300543,-0.0,48.900041664591626,0.0,0.0,0.0,-0.0,-0.0,3.5063712270268987,11.220387926486076,5.546266355569078,16.638799066707236,-0.0,0.0,0.0,0.0,0.0,0.0,0.0,0.0,0.0,0.0,0.0,0.0,0.0,0.0,10.800248896076246,7.161216077430938,10.88604231108671,5.628828109456821,1.5033616864879322,0.0,52.0,7.8,40.0,45.0,0.0,0.4227372075189169,1.0,22.236612224990964,6.171213359567342,11.314383365360921,35.865503588695105,48.900041664591626,48.900041664591626,0.0,0.0,0.0,0.0,0.0,0.0,0.0,0.0,0.0,0.0,0.0,-0.0527622264885963,0.0,-1.1627779414208117,-0.7340492883750187,0.0
2,summer_commercial,夏季商业制冷日,75.0,0.25,0.25,36.02019559821904,11.171278798554416,16.629109557471594,0.0,5.0,-5.0,0.0,50.05425674192449,-0.0,0.7626394116264734,0.0,-0.0,-0.0,3.491024624548255,11.171278798554416,5.543036519157198,16.629109557471594,-0.0,0.0,0.0,0.0,0.0,0.0,0.0,0.0,0.0,0.0,0.0,0.0,0.0,0.0,10.802779377588152,7.164806381146325,10.899290387541278,5.629754863276316,1.5041430289633455,0.0,52.0,7.8,40.0,45.0,0.0,0.439308271393276,1.0,22.332521270895803,6.144203339204929,11.307794499080684,36.02019559821904,50.816896153550964,50.05425674192449,0.7626394116264734,0.0,0.0,0.0,0.0,0.0,0.0,0.0,0.0,0.0,0.0,-1.018099506699457,0.0,-0.04910912793165956,-0.009689509235641935,0.0
2,summer_commercial,夏季商业制冷日,75.0,0.5,0.25,36.093070397866406,11.247698741288202,16.631033983968724,0.0,5.0,-5.0,0.0,50.15165424917521,-0.0,1.8413173035523442,0.0,-0.0,-0.0,3.514905856652563,11.247698741288202,5.543677994656242,16.631033983968724,-0.0,0.0,0.0,0.0,0.0,0.0,0.0,0.0,0.0,0.0,0.0,0.0,0.0,0.0,10.810097082719759,7.1694270177197215,10.914577656051852,5.630882951353882,1.5050860692310126,0.0,52.0,7.8,40.0,45.0,0.0,0.4494753553702127,1.0,22.377703646677173,6.186234307708512,11.309103109098732,36.093070397866406,51.99297155272755,50.15165424917521,1.8413173035523442,0.0,0.0,0.0,0.0,0.0,0.0,0.0,0.0,0.0,0.0,0.0,0.0,0.07641994273378572,0.001924426497129872,0.0
2,summer_commercial,夏季商业制冷日,75.0,0.75,0.25,36.281524590115566,11.294681826558856,16.57059784324003,0.0,5.0,-5.0,0.0,50.33464527532855,-0.0,2.494788616347094,0.0,-0.0,-0.0,3.529588070799642,11.294681826558856,5.523532614413344,16.57059784324003,-0.0,0.0,0.0,0.0,0.0,0.0,0.0,0.0,0.0,0.0,0.0,0.0,0.0,0.0,10.822292813175142,7.175334517443033,10.932130284561339,5.632250300685855,1.5062194231045318,0.0,52.0,7.8,40.0,45.0,0.0,0.4567065098094471,1.0,22.494545245871652,6.212075004607371,11.268006533403222,36.281524590115566,52.82943389167564,50.33464527532855,2.494788616347094,0.0,0.0,0.0,0.0,0.0,0.0,0.0,0.0,0.0,0.0,0.0,0.0,0.046983085270653646,-0.060436140728693744,0.0
2,summer_commercial,夏季商业制冷日,75.0,1.0,0.25,36.34087771781594,11.4888246922635,16.377699418518763,0.0,5.0,-5.0,0.0,50.39036857365454,-0.0,4.442235580437831,0.0,-0.0,-0.0,3.5902577163323435,11.4888246922635,5.459233139506254,16.377699418518763,-0.0,0.0,0.0,0.0,0.0,0.0,0.0,0.0,0.0,0.0,0.0,0.0,0.0,0.0,10.839509768292562,7.182837374793116,10.952183107556923,5.633900621154272,1.50757567744426,0.0,52.0,7.8,40.0,45.0,0.0,0.47402376709784244,1.0,22.531344185045885,6.318853580744925,11.13683560459276,36.34087771781594,54.83260415409237,50.39036857365454,4.442235580437831,0.0,0.0,0.0,0.0,0.0,0.0,0.0,0.0,0.0,0.0,0.0,0.0,0.19414286570464334,-0.1928984247212675,0.0
2,summer_commercial,夏季商业制冷日,75.0,1.25,0.25,36.461930413902955,11.666950240636492,16.54075321169434,0.0,5.0,-5.0,0.0,50.621436767999974,-0.0,3.0410169085457994,0.0,-0.0,-0.0,3.6459219501989035,11.666950240636492,5.513584403898114,16.54075321169434,-0.0,0.0,0.0,0.0,0.0,0.0,0.0,0.0,0.0,0.0,0.0,0.0,0.0,0.0,10.861978387728772,7.192303229390324,10.974976813418696,5.63588399043293,1.5091917114992284,0.0,52.0,7.8,40.0,45.0,0.0,0.4639079036258249,1.0,22.60639685661983,6.416822632350071,11.247712183952153,36.461930413902955,53.66245367654577,50.621436767999974,3.0410169085457994,0.0,0.0,0.0,0.0,0.0,0.0,0.0,0.0,0.0,0.0,0.0,0.0,0.17812554837299288,0.16305379317557822,0.0
2,summer_commercial,夏季商业制冷日,75.0,1.5,0.25,37.01408122538998,11.791761052945454,16.492383206622936,0.0,5.0,-5.0,0.0,51.19646762330974,-0.0,1.476573418214599,0.0,-0.0,-0.0,3.6849253290454542,11.791761052945454,5.497461068874312,16.492383206622936,-0.0,0.0,0.0,0.0,0.0,0.0,0.0,0.0,0.0,0.0,0.0,0.0,0.0,0.0,10.890062646560159,7.2041661442393465,11.000754527572566,5.638257435527455,1.5111089965382423,0.0,52.0,7.8,40.0,45.0,0.0,0.45535450530191807,1.0,22.948730359741788,6.48546857912,11.214820580503597,37.01408122538998,52.67304104152434,51.19646762330974,1.476573418214599,0.0,0.0,0.0,0.0,0.0,0.0,0.0,-7.105427357601002e-15,0.0,0.0,0.0,0.0,0.12481081230896152,-0.048370005071404876,0.0
2,summer_commercial,夏季商业制冷日,75.0,1.75,0.25,37.04041919399874,11.76808767657235,16.345263570896506,0.0,5.0,-5.0,0.0,51.166367783226434,-0.0,3.259193298712866,0.0,-0.0,-0.0,3.6775273989288593,11.76808767657235,5.448421190298835,16.345263570896506,-0.0,0.0,0.0,0.0,0.0,0.0,0.0,0.0,0.0,0.0,0.0,0.0,0.0,0.0,10.924318493076617,7.218933707901392,11.02975778964715,5.64108549512365,1.5133738613170247,0.0,52.0,7.8,40.0,45.0,0.0,0.47050491014385115,1.0,22.96505990027922,6.472448222114793,11.114779228209626,37.04041919399874,54.4255610819393,51.166367783226434,3.259193298712866,0.0,0.0,0.0,0.0,0.0,0.0,0.0,0.0,0.0,0.0,0.0,0.0,-0.02367337637310385,-0.14711963572642972,0.0
2,summer_commercial,夏季商业制冷日,75.0,2.0,0.25,37.014211316948355,11.918898110101388,16.351009808762004,0.0,5.0,-5.0,0.0,51.189203579275706,-0.0,4.553705324415013,0.0,-0.0,-0.0,3.7246556594066837,11.918898110101388,5.450336602920668,16.351009808762004,-0.0,0.0,0.0,0.0,0.0,0.0,0.0,0.0,0.0,0.0,0.0,0.0,0.0,0.0,10.965563256573219,7.237193616268031,11.0622219435837,5.644440743941924,1.5160377092753505,0.0,52.0,7.8,40.0,45.0,0.0,0.48189328366136425,1.0,22.94881101650798,6.555393960555764,11.118686669958164,37.014211316948355,55.74290890369072,51.189203579275706,4.553705324415013,0.0,0.0,0.0,0.0,0.0,0.0,0.0,-7.105427357601002e-15,0.0,0.0,0.0,0.0,0.15081043352903833,0.005746237865498216,0.0
2,summer_commercial,夏季商业制冷日,75.0,2.25,0.25,37.127357823621246,11.987340638138239,16.326667418239587,0.0,5.0,-5.0,0.0,51.315624245785976,-0.0,3.6997827063934494,0.0,-0.0,-0.0,3.7460439494181994,11.987340638138239,5.442222472746529,16.326667418239587,-0.0,0.0,0.0,0.0,0.0,0.0,0.0,0.0,0.0,0.0,0.0,0.0,0.0,0.0,11.014951931452327,7.2596193172584895,11.098370983316965,5.648404257304794,1.519157171837129,0.0,52.0,7.8,40.0,45.0,0.0,0.4756040836325402,1.0,23.018961850645173,6.593037350976032,11.10213384440292,37.127357823621246,55.015406952179426,51.315624245785976,3.6997827063934494,0.0,0.0,0.0,0.0,0.0,0.0,0.0,0.0,0.0,0.0,0.0,0.0,0.0684425280368508,-0.024342390522416935,0.0
2,summer_commercial,夏季商业制冷日,75.0,2.5,0.25,37.12914801713229,12.369516564489809,16.478550767362194,0.0,5.0,-5.0,0.0,51.487472199322745,-0.0,3.885541824589737,0.0,-0.0,-0.0,3.865473926403065,12.369516564489809,5.492850255787398,16.478550767362194,-0.0,0.0,0.0,0.0,0.0,0.0,0.0,0.0,0.0,0.0,0.0,0.0,0.0,0.0,11.074052259322116,7.286974232144823,11.138411922711214,5.6530659912318635,1.5227941808836123,0.0,52.0,7.8,40.0,45.0,0.0,0.47869557005560626,1.0,23.020071770622017,6.803234110469395,11.205414521806292,37.12914801713229,55.37301402391248,51.487472199322745,3.885541824589737,0.0,0.0,0.0,0.0,0.0,0.0,0.0,0.0,0.0,0.0,0.0,0.0,0.38217592635156983,0.15188334912260615,0.0
2,summer_commercial,夏季商业制冷日,75.0,2.75,0.25,37.18164696463521,12.503533517936813,16.524209777081396,0.0,5.0,-5.0,0.0,51.59707111468426,-0.0,3.3594522991328475,0.0,-0.0,-0.0,3.9073542243552537,12.503533517936813,5.508069925693799,16.524209777081396,-0.0,0.0,0.0,0.0,0.0,0.0,0.0,0.0,0.0,0.0,0.0,0.0,0.0,0.0,11.144905762535354,7.320114005388202,11.182528786169541,5.658525050714976,1.5270159424802652,0.0,52.0,7.8,40.0,45.0,0.0,0.4750950398418037,1.0,23.052621118073834,6.876943434865248,11.23646264841535,37.18164696463521,54.95652341381711,51.59707111468426,3.3594522991328475,0.0,0.0,0.0,0.0,0.0,0.0,0.0,0.0,0.0,0.0,0.0,0.0,0.13401695344700393,0.045659009719202004,0.0
2,summer_commercial,夏季商业制冷日,75.0,3.0,0.25,37.17125658961716,12.77959201574239,16.56084334238649,0.0,5.0,-5.0,0.0,51.68516020866548,-0.0,0.5457067065882129,0.0,-0.0,-0.0,3.9936225049194967,12.77959201574239,5.520281114128831,16.56084334238649,-0.0,0.0,0.0,0.0,0.0,0.0,0.0,0.0,0.0,0.0,0.0,0.0,0.0,0.0,11.230056998906337,7.359986186762286,11.230876344793565,5.664889816546321,1.5318947933621572,0.0,52.0,7.8,40.0,45.0,0.0,0.451531943009254,1.0,23.04617908556264,7.028775608658315,11.261373472822815,37.17125658961716,52.23086691525369,51.68516020866548,0.5457067065882129,0.0,0.0,0.0,0.0,0.0,0.0,0.0,-7.105427357601002e-15,0.0,0.0,0.0,0.0,0.2760584978055771,0.03663356530509532,0.0
2,summer_commercial,夏季商业制冷日,75.0,3.25,0.25,37.081572814466334,12.895517871970299,16.565771014784925,0.0,3.9750374156438966,-3.9750374156438966,-0.0,50.60838323669593,0.0,0.0,0.0,-0.0,-0.0,4.029849334990718,12.895517871970299,5.521923671594975,16.565771014784925,-0.0,0.0,0.0,0.0,0.0,0.0,0.0,0.0,0.0,0.0,0.0,0.0,0.0,0.0,11.332529407312236,7.407626721703788,11.283573751014043,5.672277899340465,1.5375079216242937,0.0,52.0,7.8,40.0,45.0,0.0,0.4375056928022899,1.0,22.990575144969128,7.0925348295836645,11.26472429005375,37.081572814466334,50.60838323669593,50.60838323669593,0.0,0.0,0.0,0.0,0.0,0.0,0.0,0.0,7.105427357601002e-15,0.0,0.0,1.0249625843561034,0.0,0.11592585622790885,0.004927672398434169,0.0
2,summer_commercial,夏季商业制冷日,75.0,3.5,0.25,37.465375661051674,13.076176956206515,16.772333381990045,0.0,2.754053737699259,-2.754053737699259,-0.0,49.89651249156215,0.0,0.0,0.0,-0.0,-0.0,4.086305298814536,13.076176956206515,5.590777793996682,16.772333381990045,-0.0,0.0,0.0,0.0,0.0,0.0,0.0,0.0,0.0,0.0,0.0,0.0,0.0,0.0,11.455724659642602,7.46415262514529,11.340698250922879,5.6808158883837745,1.5439369336234074,0.0,52.0,7.8,40.0,45.0,0.0,0.431351623385,1.0,23.22853290985204,7.191897325913584,11.405186699753232,37.465375661051674,49.89651249156215,49.89651249156215,0.0,0.0,0.0,0.0,0.0,0.0,0.0,0.0,0.0,0.0,0.0,1.2209836779446377,0.0,0.18065908423621657,0.20656236720511956,0.0
2,summer_commercial,夏季商业制冷日,75.0,3.75,0.25,37.797320452704,13.429527620437453,16.775673475802186,0.0,2.754053737699259,-2.754053737699259,0.0,50.33999273039069,-0.0,0.07695987965564655,0.0,-0.0,-0.0,4.196727381386704,13.429527620437453,5.5918911586007285,16.775673475802186,-0.0,0.0,0.0,0.0,0.0,0.0,0.0,0.0,0.0,0.0,0.0,0.0,0.0,0.0,11.603225031301811,7.530750247326735,11.402279176656377,5.690638862842514,1.5512672503706577,0.0,52.0,7.8,40.0,45.0,0.0,0.43585078933413923,1.0,23.43433868067648,7.386240191240599,11.407457963545488,37.797320452704,50.41695261004634,50.33999273039069,0.07695987965564655,0.0,0.0,0.0,0.0,0.0,0.0,0.0,0.0,0.0,0.0,0.0,0.0,0.35335066423093764,0.003340093812141731,0.0
2,summer_commercial,夏季商业制冷日,75.0,4.0,0.25,38.17832442722829,13.773288520730473,16.90334585843214,0.0,1.9284032231546604,-1.9284032231546604,-0.0,50.0453289325886,0.0,0.0,0.0,-0.0,-0.0,4.3041526627282725,13.773288520730473,5.6344486194773795,16.90334585843214,-0.0,0.0,0.0,0.0,0.0,0.0,0.0,0.0,0.0,0.0,0.0,0.0,0.0,0.0,11.778486317705907,7.608658613399654,11.468292439563575,5.701889633840963,1.5595873187619862,0.0,52.0,7.8,40.0,45.0,0.0,0.4326381304015775,1.0,23.67056114488154,7.575308686401761,11.494275183733855,38.17832442722829,50.0453289325886,50.0453289325886,0.0,0.0,0.0,0.0,0.0,0.0,0.0,0.0,0.0,0.0,0.0,0.8256505145445985,0.0,0.3437609002930202,0.12767238262995306,0.0
2,summer_commercial,夏季商业制冷日,75.0,4.25,0.25,38.696330599019674,14.151625820957449,16.964254421476586,0.0,1.9284032231546604,-1.9284032231546604,0.0,50.701868365049066,-0.0,0.7463353946486961,0.0,-0.0,-0.0,4.422383069049203,14.151625820957449,5.654751473825528,16.964254421476586,-0.0,0.0,0.0,0.0,0.0,0.0,0.0,0.0,0.0,0.0,0.0,0.0,0.0,0.0,11.984422890036079,7.699147436960092,11.538655756972883,5.71471768814865,1.5689876259172395,0.0,52.0,7.8,40.0,45.0,0.0,0.44476587849182364,1.0,23.9917249713922,7.7833942015265976,11.53569300660408,38.696330599019674,51.44820375969776,50.701868365049066,0.7463353946486961,0.0,0.0,0.0,0.0,0.0,0.0,0.0,0.0,0.0,0.0,0.0,0.0,0.37833730022697587,0.06090856304444614,0.0
2,summer_commercial,夏季商业制冷日,75.0,4.5,0.25,39.24134556168487,14.392006598741446,16.994594638306424,0.0,1.355250416946049,-1.355250416946049,-0.0,50.7589629201731,0.0,0.0,0.0,-0.0,-0.0,4.497502062106702,14.392006598741446,5.664864879435474,16.994594638306424,-0.0,0.0,0.0,0.0,0.0,0.0,0.0,0.0,0.0,0.0,0.0,0.0,0.0,0.0,12.222905988963843,7.803489574041356,11.613224849628951,5.729277807833476,1.5795595087182277,0.0,52.0,7.8,40.0,45.0,0.0,0.4388074429181454,1.0,24.329634248244616,7.915603629307796,11.55632435404837,39.24134556168487,50.7589629201731,50.7589629201731,0.0,0.0,0.0,0.0,0.0,0.0,0.0,0.0,0.0,0.0,0.0,0.5731528062086113,0.0,0.24038077778399725,0.03034021682983834,0.0
2,summer_commercial,夏季商业制冷日,75.0,4.75,0.25,39.7755964783478,14.48422779373599,16.93935321321941,0.0,0.6795911211336119,-0.6795911211336119,-0.0,50.62795985609705,0.0,0.0,0.0,-0.0,-0.0,4.526321185542496,14.48422779373599,5.646451071073137,16.93935321321941,-0.0,0.0,0.0,0.0,0.0,0.0,0.0,0.0,0.0,0.0,0.0,0.0,0.0,0.0,12.494219088984362,7.922927899143108,11.691790841933535,5.745728345355169,1.5913937553560473,0.0,52.0,7.8,40.0,45.0,0.0,0.43767493121470386,1.0,24.660869816575637,7.966325286554795,11.5187601849892,39.7755964783478,50.62795985609705,50.62795985609705,0.0,0.0,0.0,0.0,0.0,0.0,0.0,0.0,0.0,0.0,0.0,0.6756592958124372,0.0,0.09222119499454351,-0.05524142508701502,0.0
2,summer_commercial,夏季商业制冷日,75.0,5.0,0.25,40.458281756771235,14.87298593377298,17.05797451882058,0.9357100151050659,0.0,0.9357100151050659,-0.0,49.85637135224375,0.0,0.0,0.0,-0.0,-0.0,4.647808104304056,14.87298593377298,5.685991506273527,17.05797451882058,-0.0,0.0,0.0,0.0,0.0,0.0,0.0,0.0,0.0,0.0,0.0,0.0,0.0,0.0,12.796536288141432,8.058636846079724,11.774079081845699,5.764229140256898,1.6045790012890015,0.0,52.0,7.8,40.0,45.0,0.0,0.4310046062340029,1.0,25.084134689198166,8.18014226357514,11.599422672797994,40.458281756771235,49.85637135224375,49.85637135224375,0.0,0.5146405083077863,0.12866012707694657,9.649509530770993,0.0,0.0,0.0,0.0,0.0,0.0,0.0,1.6153011362386778,0.0,0.38875814003699105,0.11862130560117023,0.0
2,summer_commercial,夏季商业制冷日,75.0,5.25,0.25,40.96733862628496,15.093037944886138,16.956185508524374,2.5415408200070306,0.0,2.5415408200070306,0.3753843974120326,48.41904960281761,0.0,0.0,0.0,-0.0,-0.0,4.716574357776918,15.093037944886138,5.652061836174791,16.956185508524374,-0.0,0.0,0.0,0.0,0.0,0.0,0.0,0.0,0.0,0.0,0.0,0.0,0.0,0.0,13.125506155735758,8.211679157787081,11.859749570865027,5.784939071873083,1.6191999284026473,0.0,52.0,7.8,40.0,45.0,0.010323304438015882,0.41857906707339765,1.0,25.399749948296677,8.301170869687377,11.530206145796575,40.96733862628496,48.79443400022964,48.79443400022964,0.0,1.397847451003867,0.34946186275096675,26.209639706322506,0.0,0.0,0.0,0.0,-7.105427357601002e-15,0.0,0.0,1.6058308049019647,0.0,0.22005201111315742,-0.10178901029620491,0.0
2,summer_commercial,夏季商业制冷日,75.0,5.5,0.25,41.54480663816084,15.40790683205418,17.155678341017296,3.5012846763761214,0.0,3.5012846763761214,0.9480986307555257,47.28565911245896,0.0,0.0,0.6997086381512061,0.24489802335292213,0.31486888716804273,4.716574357776918,15.093037944886138,5.718559447005766,17.155678341017296,-0.0,0.0,0.0,0.0,0.0,0.0,0.0,0.0,0.0,0.0,0.0,0.0,0.0,0.0,13.474029012707208,8.382958720924528,11.948399156547936,5.808013252255753,1.6353352832366128,0.0,52.0,7.8,40.0,45.0,0.026073302113865562,0.40878099094477044,1.0,25.757780115659724,8.4743487576298,11.665861271891762,41.54480663816084,48.23375774321448,48.23375774321448,0.0,2.065648299637108,0.516412074909277,38.73090561819578,0.0,0.0,0.0,0.0,0.0,0.0,0.0,0.9597438563690908,0.24489802335292213,0.0,0.19949283249292193,0.0
2,summer_commercial,夏季商业制冷日,75.0,5.75,0.25,41.9815292131206,15.608296127515088,17.15385348395107,3.2887289245362226,0.0,3.2887289245362226,1.8702844539252015,47.41805953582467,0.0,0.0,0.0,-0.0,-0.0,4.8775925398484645,15.608296127515088,5.717951161317024,17.15385348395107,-0.0,0.0,0.0,0.0,0.0,0.0,0.0,0.0,0.0,0.0,0.0,0.0,0.0,0.0,13.832305981408865,8.573170709502556,12.039565590614624,5.833599874704633,1.6530557377363582,0.0,52.0,7.8,40.0,45.0,0.05143398589996714,0.409925582714893,1.0,26.02854811213477,8.584562870133299,11.664620369086729,41.9815292131206,49.28834398974987,49.28834398974987,0.0,1.8088009084949226,0.45220022712373065,33.9150170342798,0.0,0.0,0.0,0.0,0.0,0.0,0.0,-0.21255575183989883,-0.24489802335292213,0.5152581826289495,-0.0018248570662251495,0.0
2,summer_commercial,夏季商业制冷日,75.0,6.0,0.25,42.462030920587246,15.746394332433168,17.26194542093495,2.9039508234255944,0.0,2.9039508234255944,2.8849768386105286,47.347833294414805,0.0,0.0,0.0,-0.0,-0.0,4.920748228885365,15.746394332433168,5.753981806978317,17.26194542093495,-0.0,0.0,0.0,0.0,0.0,0.0,0.0,0.0,0.0,0.0,0.0,0.0,0.0,0.0,14.188211516811846,8.782750609618112,12.132733495601082,5.861836745664072,1.6724216238937528,0.0,52.0,7.8,40.0,45.0,0.07933865767178114,0.40931848210357286,1.0,26.326459170764092,8.660516882838243,11.738122886235766,42.462030920587246,50.23281013302533,50.23281013302533,0.0,1.597172952884077,0.39929323822101925,29.946992866576444,0.0,0.0,0.0,0.0,0.0,0.0,0.0,-0.38477810111062816,0.0,0.13809820491808011,0.10809193698387887,0.0
2,summer_commercial,夏季商业制冷日,75.0,6.25,0.25,43.20969859500142,15.915448782266502,17.52325152738938,3.4504594255686536,0.0,3.4504594255686536,3.94383592448301,46.44574852198343,0.0,0.0,0.37567655518518706,0.13148679431481547,0.16905444983333417,4.920748228885365,15.746394332433168,5.841083842463127,17.52325152738938,-0.0,0.0,0.0,0.0,0.0,0.0,0.0,0.0,0.0,0.0,0.0,0.0,0.0,0.0,14.527999227786704,9.011824024409306,12.227342213542741,5.892847541038627,1.6934805816070466,0.0,52.0,7.8,40.0,45.0,0.10845794120029374,0.4015200266286544,1.0,26.79001312890088,8.753496830246577,11.91581103862478,43.20969859500142,50.38958444646644,50.38958444646644,0.0,1.972887995099797,0.49322199877494927,36.9916499081212,0.0,0.0,0.0,0.0,0.0,0.0,0.0,0.5465086021430592,0.13148679431481547,0.0,0.2613061064544304,0.0
2,summer_commercial,夏季商业制冷日,75.0,6.5,0.25,44.119424428031124,16.004595975669435,17.70452059712296,1.1513083461939884,0.0,1.1513083461939884,5.006986613308055,48.86407257663343,0.0,0.0,0.0,-0.0,-0.0,5.001436242396698,16.004595975669435,5.9015068657076535,17.70452059712296,-0.0,0.0,0.0,0.0,0.0,0.0,0.0,0.0,0.0,0.0,0.0,0.0,0.0,0.0,14.837299198464097,9.260159442097738,12.322795433355283,5.926737841814067,1.7162651668298874,0.0,52.0,7.8,40.0,45.0,0.13769524647960857,0.4224262574402903,1.0,27.354043145379297,8.80252778661819,12.039074006043615,44.119424428031124,53.87105918994149,53.87105918994149,0.0,0.6332195904066936,0.1583048976016734,11.872867320125506,0.0,0.0,0.0,0.0,0.0,0.0,0.0,-2.2991510793746652,-0.13148679431481547,0.2582016432362675,0.18126906973358103,0.0
2,summer_commercial,夏季商业制冷日,75.0,6.75,0.25,44.653121011777735,16.084910951957507,17.971156002941537,0.0,-0.0,0.0,6.144823651417418,49.525217367160884,0.1049391081116946,0.0,0.0,-0.0,-0.0,5.02653467248672,16.084910951957507,5.990385334313846,17.971156002941537,-0.0,0.0,0.0,0.0,0.0,0.0,0.0,0.0,0.0,0.0,0.0,0.0,0.0,0.0,15.102312561332887,9.527126367008094,12.418472412072257,5.963591017812332,1.7407904742722486,0.0,52.0,7.8,40.0,45.0,0.1718723635739614,0.4281418047690696,1.0,27.684935027302195,8.84670102357663,12.220386082000246,44.653121011777735,55.77498012669,55.6700410185783,0.1049391081116946,0.0,0.0,0.0,0.0,0.0,-0.0,0.0,7.105427357601002e-15,0.0,0.0,-1.1513083461939884,0.0,0.08031497628807216,0.26663540581857603,0.0
2,summer_commercial,夏季商业制冷日,75.0,7.0,0.25,45.254240751301325,16.245549593812953,18.377467511599388,0.0,0.0,0.0,7.7605594759145085,48.56286238937052,0.0,0.0,0.27184843403678904,0.09514695191287616,0.12233179531655507,5.0385055620301245,16.1232177984964,6.125822503866463,18.377467511599388,-0.0,-0.0,0.0,0.0,0.0,0.0,0.0,0.0,0.0,0.0,0.0,0.0,0.0,0.0,15.311066222788588,9.811661340673462,12.513740522191886,6.003464041952302,1.7670518352263433,0.0,88.0,13.2,40.0,45.0,0.2134202130709721,0.4198223178708078,1.0,28.05762926580682,8.935052276597125,12.496677907887586,45.254240751301325,56.32342186528503,56.32342186528503,0.0,0.05436968680735781,0.013592421701839453,1.019431627637959,0.0,0.0,0.0,0.0,-1.4210854715202004e-14,0.0,0.0,0.0,0.09514695191287616,0.03830684653889094,0.4063115086578506,-0.0
2,summer_commercial,夏季商业制冷日,75.0,7.25,0.25,45.875426078845,16.038703674726076,18.721698392102986,0.0,2.166902005877972,-2.166902005877972,9.795280052907195,49.499709060868675,0.0,0.0,0.0,-0.0,-0.0,5.012094898351898,16.038703674726076,6.240566130700995,18.721698392102986,-0.0,0.0,0.0,0.0,0.0,0.0,0.0,0.0,0.0,0.0,0.0,0.0,0.0,0.0,15.454567176677592,10.11224439645156,12.607968776886102,6.046383329976434,1.795022656174443,0.0,88.0,13.2,40.0,45.0,0.2693762946433639,0.4279212873665596,1.0,28.4427641688839,8.821287021099343,12.730754906630033,45.875426078845,59.29498911377587,59.29498911377587,0.0,0.0,0.0,0.0,0.0,0.0,0.0,0.0,0.0,0.0,0.0,-2.166902005877972,-0.09514695191287616,-0.08451412377032241,0.3442308805035985,0.0
2,summer_commercial,夏季商业制冷日,75.0,7.5,0.25,46.54060149859507,15.897597652725262,19.126199776372072,0.0,5.0,-5.0,11.71684479290537,51.16715589762371,0.07865470849990785,0.0,0.0,-0.0,-0.0,4.967999266476644,15.897597652725262,6.375399925457358,19.126199776372072,-0.0,0.0,0.0,0.0,0.0,0.0,0.0,0.0,0.0,0.0,0.0,0.0,0.0,0.0,15.527698394151825,10.426888378998203,12.70054191093976,6.0923407116461,1.8246524673583497,0.0,88.0,13.2,40.0,45.0,0.3243835737206057,0.4423362407175398,1.0,28.855172929128944,8.743678708998894,13.00581584793301,46.54060149859507,62.96265539902899,62.88400069052908,0.07865470849990785,0.0,0.0,0.0,0.0,0.0,0.0,0.0,0.0,0.0,0.0,-2.833097994122028,0.0,-0.14110602200081424,0.40450138426908566,0.0
2,summer_commercial,夏季商业制冷日,75.0,7.75,0.25,47.207013927180846,15.693760856905353,19.453004619395852,0.0,5.0,-5.0,13.784924169748875,49.81072489834684,0.0,3.1179221107616115,0.0,-0.0,-0.0,4.904300267782922,15.693760856905353,6.48433487313195,19.453004619395852,-0.0,0.0,0.0,0.0,0.0,0.0,0.0,0.0,0.0,0.0,0.0,0.0,0.0,0.0,15.52972842191521,10.753143307173115,12.790874532445669,6.141289648305275,1.8558652521421384,0.0,88.0,13.2,40.0,45.0,0.37909398962866825,0.4575641997987618,1.0,29.268348634852124,8.631568471297944,13.22804314118918,47.207013927180846,66.71357117885732,63.59564906809572,3.1179221107616115,0.0,0.0,0.0,0.0,0.0,0.0,0.0,0.0,0.0,0.0,0.0,0.0,-0.20383679581990855,0.32680484302377977,0.0
2,summer_commercial,夏季商业制冷日,75.0,8.0,0.25,47.75255949210258,15.614153863925724,19.957239709903103,0.0,5.0,-5.0,12.056537305832343,52.227858505381384,3.5803476344241076,0.0,0.0,-0.0,-0.0,4.879423082476788,15.614153863925724,6.652413236634367,19.957239709903103,-0.0,0.0,0.0,0.0,0.0,0.0,0.0,0.0,0.0,0.0,0.0,0.0,0.0,0.0,15.464360295347765,11.088117559811154,12.878424812916375,6.1931418178771125,1.8885581275123642,0.0,88.0,13.2,40.0,45.0,0.4300240628363389,0.4515059355306261,1.0,29.6065868851036,8.587784625159149,13.57092300273411,47.75255949210258,67.86474344563783,64.28439581121373,3.5803476344241076,0.0,0.0,0.0,0.0,0.0,0.0,0.0,-7.105427357601002e-15,0.0,0.0,0.0,0.0,-0.07960699297962925,0.504235090507251,0.0
2,summer_commercial,夏季商业制冷日,75.0,8.25,0.25,48.049387784677215,15.284407566268262,20.368964492182595,0.0,5.0,-5.0,17.367320293401846,47.248099686461735,0.0,5.177329633580484,0.0,-0.0,-0.0,4.776377364458832,15.284407566268262,6.789654830727532,20.368964492182595,-0.0,0.0,0.0,0.0,0.0,0.0,0.0,0.0,0.0,0.0,0.0,0.0,0.0,0.0,15.339312754053797,11.42851712035285,12.962707155780647,6.247764191248742,1.922600443223189,0.0,88.0,13.2,40.0,45.0,0.47761211147123633,0.45321392046548226,1.0,29.790620426499874,8.406424161447545,13.850895854684167,48.049387784677215,69.79274961344407,64.61541997986359,5.177329633580484,0.0,0.0,0.0,0.0,0.0,0.0,0.0,7.105427357601002e-15,0.0,0.0,0.0,0.0,-0.32974629765746144,0.4117247822794923,0.0
2,summer_commercial,夏季商业制冷日,75.0,8.5,0.25,48.771845029594516,14.986813281834818,20.93300320956981,0.0,5.0,-5.0,19.075810902883354,46.357081013807814,0.0,4.723387697860993,0.0,-0.0,-0.0,4.683379150573381,14.986813281834818,6.97766773652327,20.93300320956981,-0.0,0.0,0.0,0.0,0.0,0.0,0.0,0.0,0.0,0.0,0.0,0.0,0.0,0.0,15.165495458486799,11.770703439166885,13.043303278890782,6.304976723146637,1.9578333617716144,0.0,88.0,13.2,40.0,45.0,0.5245966660045718,0.4415868364702059,1.0,30.2385439183486,8.24274730500915,14.234442182507474,48.771845029594516,70.15627961455216,65.43289191669118,4.723387697860993,0.0,0.0,0.0,0.0,0.0,0.0,0.0,0.0,0.0,0.0,0.0,0.0,-0.29759428443344405,0.5640387173872163,0.0
2,summer_commercial,夏季商业制冷日,75.0,8.75,0.25,49.185275447655094,14.542516434469343,21.479433997782195,0.0,5.0,-5.0,15.838087813920069,50.05153535210076,4.896729775573689,0.0,0.0,-0.0,-0.0,4.54453638577167,14.542516434469343,7.159811332594065,21.479433997782195,-0.0,0.0,0.0,0.0,0.0,0.0,0.0,0.0,0.0,0.0,0.0,0.0,0.0,0.0,14.95589706842274,12.110769680878416,13.119871168558655,6.364550775640581,1.9940699735316383,0.0,88.0,13.2,40.0,45.0,0.5702203818773035,0.432691784434661,1.0,30.494870777546158,7.9983840389581395,14.606015118491893,49.185275447655094,70.78635294159452,65.88962316602083,4.896729775573689,0.0,0.0,0.0,0.0,0.0,0.0,0.0,-7.105427357601002e-15,0.0,0.0,0.0,0.0,-0.44429684736547514,0.5464307882123833,0.0
2,summer_commercial,夏季商业制冷日,75.0,9.0,0.25,49.36759073834346,14.102070477307992,22.247311591427316,0.0,5.0,-5.0,16.11445692460763,50.07580136837036,6.5957651994550694,0.0,0.0,-0.0,-0.0,4.406897024158747,14.102070477307992,7.415770530475772,22.247311591427316,-0.0,0.0,0.0,0.0,0.0,0.0,0.0,0.0,0.0,0.0,0.0,0.0,0.0,0.0,14.724340407256731,12.444634246080303,13.19215141257412,6.426208383100325,2.031095991035345,0.0,88.0,13.2,40.0,45.0,0.6245452353852895,0.4329015623327205,1.0,30.607906257772946,7.756138762519396,15.128171882170577,49.36759073834346,72.78602349243306,66.19025829297799,6.5957651994550694,0.0,0.0,0.0,0.0,0.0,0.0,0.0,7.105427357601002e-15,0.0,0.0,0.0,0.0,-0.4404459571613515,0.767877593645121,0.0
2,summer_commercial,夏季商业制冷日,75.0,9.25,0.25,49.69931503189781,13.60441986448528,23.047841659378015,0.0,5.0,-5.0,24.634624715921614,41.998685410087184,0.0,7.323565309804664,0.0,-0.0,-0.0,4.25138120765165,13.60441986448528,7.682613886459339,23.047841659378015,-0.0,0.0,0.0,0.0,0.0,0.0,0.0,0.0,0.0,0.0,0.0,0.0,0.0,0.0,14.48426710943498,12.76814952824087,13.259970498125346,6.489622453680367,2.068671053718672,0.0,88.0,13.2,40.0,45.0,0.6774675037428118,0.4263871732643664,1.0,30.813575319776643,7.482430925466905,15.672532328377052,49.69931503189781,73.95687543581346,66.6333101260088,7.323565309804664,0.0,0.0,0.0,0.0,0.0,0.0,0.0,0.0,0.0,0.0,0.0,0.0,-0.49765061282271184,0.8005300679506995,0.0
2,summer_commercial,夏季商业制冷日,75.0,9.5,0.25,49.68907840377054,13.360984094100578,23.929460312803695,0.0,5.0,-5.0,18.876334955130822,47.96453774898071,7.525476863321739,0.0,0.0,-0.0,-0.0,4.175307529406431,13.360984094100578,7.976486770934565,23.929460312803695,-0.0,0.0,0.0,0.0,0.0,0.0,0.0,0.0,0.0,0.0,0.0,0.0,0.0,0.0,14.247695559661754,13.077222929872617,13.323240766499385,6.554417984311854,2.106530659712633,0.0,88.0,13.2,40.0,45.0,0.7260662483473668,0.4146498460475108,1.0,30.807228610337734,7.348541251755319,16.272033012706512,49.68907840377054,74.36634956743328,66.84087270411153,7.525476863321739,0.0,0.0,0.0,0.0,0.0,0.0,0.0,0.0,0.0,0.0,0.0,0.0,-0.24343577038470166,0.8816186534256794,0.0
2,summer_commercial,夏季商业制冷日,75.0,9.75,0.25,49.720512275599596,13.096972547931145,24.908012804837902,0.0,5.0,-5.0,19.999823300546353,47.116163831227695,7.898749400447212,0.0,0.0,-0.0,-0.0,4.092803921228483,13.096972547931145,8.302670934945967,24.908012804837902,-0.0,0.0,0.0,0.0,0.0,0.0,0.0,0.0,0.0,0.0,0.0,0.0,0.0,0.0,14.024456330119106,13.367946264551717,13.381956847194502,6.620174344007675,2.144388724825195,0.0,88.0,13.2,40.0,45.0,0.767228103682617,0.4073157168992634,1.0,30.82671761087175,7.203334901362131,16.937448707289775,49.720512275599596,75.01473653222126,67.11598713177405,7.898749400447212,0.0,0.0,0.0,0.0,0.0,0.0,0.0,7.105427357601002e-15,0.0,0.0,0.0,0.0,-0.26401154616943323,0.9785524920342077,0.0
2,summer_commercial,夏季商业制冷日,75.0,10.0,0.25,50.041212534289585,12.762151819109977,26.041514122471142,0.0,5.0,-5.0,29.552259853823138,38.15762983142869,0.0,6.507117867422124,0.0,-0.0,-0.0,3.9881724434718677,12.762151819109977,8.68050470749038,26.041514122471142,-0.0,0.0,0.0,0.0,0.0,0.0,0.0,0.0,0.0,0.0,0.0,0.0,0.0,0.0,13.821758047603364,13.63672886368265,13.43618854522113,6.686428654497108,2.181940751190348,0.0,88.0,13.2,40.0,45.0,0.8127055290673412,0.3861234075475475,1.0,31.025551771259543,7.019183500510488,17.708229603280376,50.041212534289585,74.21700755267395,67.70988968525182,6.507117867422124,0.0,0.0,0.0,0.0,0.0,0.0,0.0,0.0,0.0,0.0,0.0,0.0,-0.33482072882116753,1.1335013176332396,0.0
2,summer_commercial,夏季商业制冷日,75.0,10.25,0.25,50.13303177625218,12.306771711800968,27.037327789359132,0.0,5.0,-5.0,30.47905514264566,37.512285389997366,0.0,2.851160869217246,0.0,-0.0,-0.0,3.845866159937802,12.306771711800968,9.012442596453043,27.037327789359132,-0.0,0.0,0.0,0.0,0.0,0.0,0.0,0.0,0.0,0.0,0.0,0.0,0.0,0.0,13.644084206682432,13.88042904028454,13.486070320856909,6.752680268444092,2.2188675697091758,0.0,88.0,13.2,40.0,45.0,0.8381929760262303,0.3489389778948925,1.0,31.082479701276352,6.768724441490533,18.38538289676421,50.13303177625218,70.84250140186028,67.99134053264302,2.851160869217246,0.0,0.0,0.0,0.0,0.0,0.0,0.0,0.0,0.0,0.0,0.0,0.0,-0.4553801073090096,0.9958136668879902,0.0
2,summer_commercial,夏季商业制冷日,75.0,10.5,0.25,50.27061884379118,11.970590817284956,28.079718378474887,0.0,5.0,-5.0,31.50562890373614,36.86570569661489,0.0,1.8263831131334456,0.0,-0.0,-0.0,3.7408096304015483,11.970590817284956,9.359906126158295,28.079718378474887,-0.0,0.0,0.0,0.0,0.0,0.0,0.0,0.0,0.0,0.0,0.0,0.0,0.0,0.0,13.493377205678009,14.096478086199372,13.531787673434247,6.81839631458311,2.2548396019890076,0.0,88.0,13.2,40.0,45.0,0.866424393040038,0.33449021758913344,1.0,31.16778368315053,6.5838249495067265,19.094208497362924,50.27061884379118,70.19771771348448,68.37133460035103,1.8263831131334456,0.0,0.0,0.0,0.0,0.0,0.0,0.0,7.105427357601002e-15,0.0,0.0,0.0,0.0,-0.3361808945160121,1.0423905891157546,0.0
2,summer_commercial,夏季商业制冷日,75.0,10.75,0.25,50.59294747941569,11.633793077091635,28.874237700082155,0.0,3.868659430609192,-3.868659430609192,31.830282029310496,35.891631117332906,0.0,0.0,0.0,-0.0,-0.0,3.6355603365911358,11.633793077091635,9.624745900027385,28.874237700082155,-0.0,0.0,0.0,0.0,0.0,0.0,0.0,0.0,0.0,0.0,0.0,0.0,0.0,0.0,13.369436128256174,14.282990739455872,13.573560911182161,6.883018246991057,2.289521569660788,0.0,88.0,13.2,40.0,45.0,0.8753525559449516,0.310280470023135,1.0,31.36762743723773,6.3985861924003995,19.634481636055867,50.59294747941569,67.7219131466434,67.7219131466434,0.0,0.0,0.0,0.0,0.0,0.0,0.0,0.0,0.0,0.0,0.0,1.131340569390808,0.0,-0.33679774019332065,0.7945193216072681,0.0
2,summer_commercial,夏季商业制冷日,75.0,11.0,0.25,50.605848819241466,11.521492570774793,29.943436375487707,0.0,2.0386327827631376,-2.0386327827631376,31.95757828301722,34.268515205850406,0.0,0.0,0.0,-0.0,-0.0,3.6004664283671226,11.521492570774793,9.981145458495902,29.943436375487707,-0.0,0.0,0.0,0.0,0.0,0.0,0.0,0.0,0.0,0.0,0.0,0.0,0.0,0.0,13.270441989687328,14.438856093728655,13.611626948260016,6.945969303480762,2.3225775623986644,0.0,70.0,10.5,40.0,45.0,0.878853282106969,0.2962487542097623,1.0,31.375626267929707,6.336820913926137,20.361536735331644,50.605848819241466,66.22609348886763,66.22609348886763,0.0,0.0,0.0,0.0,0.0,0.0,0.0,0.0,0.0,0.0,0.0,1.8300266478460543,0.0,-0.11230050631684207,1.069198675405552,0.0
2,summer_commercial,夏季商业制冷日,75.0,11.25,0.25,50.869173103926286,11.490510305037311,30.963896116667943,0.0,0.5905247764374693,-0.5905247764374693,31.821056698055003,33.550724358188894,0.0,0.0,0.0,-0.0,-0.0,3.59078447032416,11.490510305037311,10.32129870555598,30.963896116667943,-0.0,0.0,0.0,0.0,0.0,0.0,0.0,0.0,0.0,0.0,0.0,0.0,0.0,0.0,13.193527110222497,14.563803261131435,13.646219908200074,7.006662746906379,2.3536763613451477,0.0,70.0,10.5,40.0,45.0,0.8750988535967759,0.2900435059483323,1.0,31.5388873244343,6.319780667770522,21.055449359334204,50.869173103926286,65.37178105624389,65.37178105624389,0.0,0.0,0.0,0.0,0.0,0.0,0.0,0.0,0.0,0.0,0.0,1.4481080063256684,0.0,-0.03098226573748164,1.020459741180236,0.0
2,summer_commercial,夏季商业制冷日,75.0,11.5,0.25,51.080979902603616,11.352779780902049,31.980578637777782,0.5990333348309917,0.0,0.5990333348309917,32.228361297438205,32.34214503500382,0.0,0.0,0.24331576279591063,0.08516051697856872,0.10949209325815978,3.513527402388715,11.243287687643889,10.660192879259261,31.980578637777782,-0.0,0.0,0.0,0.0,0.0,0.0,0.0,0.0,0.0,0.0,0.0,0.0,0.0,0.0,13.135320058074466,14.658436760164262,13.677551420646282,7.064510734197663,2.3824969025845952,0.0,70.0,10.5,40.0,45.0,0.8862999834450728,0.2795954279762779,1.0,31.670207539614243,6.244028879496128,21.746793473688893,51.080979902603616,64.57050633244202,64.57050633244202,0.0,0.3781314867162276,0.0945328716790569,7.089965375929268,0.0,0.0,0.0,0.0,-7.105427357601002e-15,0.0,0.0,1.189558111268461,0.08516051697856872,-0.24722261739342244,1.0166825211098391,0.0
2,summer_commercial,夏季商业制冷日,75.0,11.75,0.25,51.068239978988586,11.243287687643889,32.91078383966839,0.0,0.0,0.0,32.96686899249052,32.58515966877625,0.0,0.08230164310178623,0.0,-0.0,-0.0,3.513527402388715,11.243287687643889,10.970261279889463,32.91078383966839,-0.0,0.0,0.0,0.0,0.0,0.0,0.0,0.0,0.0,0.0,0.0,0.0,0.0,0.0,13.092418964157934,14.724237585173887,13.705791567134506,7.1189336323540084,2.40873375636107,0.0,70.0,10.5,40.0,45.0,0.9066094044503211,0.2824077628898049,1.0,31.662308786972922,6.183808228204139,22.379333010974506,51.068239978988586,65.63433030436855,65.55202866126677,0.08230164310178623,0.0,0.0,0.0,0.0,0.0,0.0,0.0,7.105427357601002e-15,0.0,0.0,-0.5990333348309917,-0.08516051697856872,0.0,0.9302052018906082,0.0
2,summer_commercial,夏季商业制冷日,75.0,12.0,0.25,51.01000747541365,11.156144487812417,33.85539198067387,0.0,-0.0,0.0,34.34528697372771,31.436146314351944,0.0,2.2494915609091564,0.0,-0.0,-0.0,3.48629515244138,11.156144487812417,11.285130660224624,33.85539198067387,-0.0,0.0,0.0,0.0,0.0,0.0,0.0,0.0,0.0,0.0,0.0,0.0,0.0,0.0,13.061768698594138,14.76352720809155,13.73105145490168,7.169369579523042,2.432102492359528,0.0,70.0,10.5,40.0,45.0,0.9445167563840984,0.2912098232258277,1.0,31.626204634756462,6.13587946829683,23.021666546858235,51.01000747541365,68.0309248489888,65.78143328807965,2.2494915609091564,0.0,0.0,0.0,0.0,0.0,-0.0,0.0,0.0,0.0,0.0,0.0,0.0,-0.08714319983147156,0.9446081410054816,0.0
2,summer_commercial,夏季商业制冷日,75.0,12.25,0.25,51.121408256776874,11.139070996665634,34.903083162608816,-0.0,0.0,-0.0,34.908301278850345,31.328427718587474,0.0,0.0,0.0,-0.0,-0.0,3.4809596864580103,11.139070996665634,11.63436105420294,34.903083162608816,-0.0,0.0,0.0,0.0,0.0,0.0,0.0,0.0,0.0,0.0,0.0,0.0,0.0,0.0,13.040937198469715,14.779393334761169,13.753368370720553,7.215284073631873,2.4523447998951764,0.0,70.0,10.5,40.0,45.0,0.96,0.2708319174971914,1.0,31.695273119201662,6.126489048166099,23.734096550573998,51.121408256776874,66.23672899743782,66.23672899743782,0.0,0.0,0.0,0.0,0.0,0.0,0.0,0.0,0.0,0.0,0.0,-0.0,0.0,-0.01707349114678358,1.047691181934944,0.0
2,summer_commercial,夏季商业制冷日,75.0,12.5,0.25,51.16906218792246,11.07626837383098,35.80113644181478,0.9705921818682981,0.0,0.9705921818682981,34.908301278850345,30.685214741297585,0.0,0.0,0.0,-0.0,-0.0,3.461333866822181,11.07626837383098,11.933712147271594,35.80113644181478,-0.0,0.0,0.0,0.0,0.0,0.0,0.0,0.0,0.0,0.0,0.0,0.0,0.0,0.0,13.02830051528454,14.775578034280047,13.772694387592276,7.256179361629174,2.469233234476344,0.0,70.0,10.5,40.0,45.0,0.96,0.26527138935440364,1.0,31.724818556511924,6.091947605607039,24.344772780434056,51.16906218792246,65.59351602014793,65.59351602014793,0.0,0.533825700027564,0.133456425006891,10.009231875516825,0.0,0.0,0.0,0.0,0.0,0.0,0.0,0.9705921818682981,0.0,-0.06280262283465454,0.8980532792059677,0.0
2,summer_commercial,夏季商业制冷日,75.0,12.75,0.25,51.228920904474386,11.115772703188515,36.55587703435101,1.0068132360536453,0.0,1.0068132360536453,34.908301278850345,30.929707011675948,0.0,0.0,0.08778739857230199,0.030725589500305697,0.039504329357535894,3.461333866822181,11.07626837383098,12.18529234478367,36.55587703435101,-0.0,0.0,0.0,0.0,0.0,0.0,0.0,0.0,0.0,0.0,0.0,0.0,0.0,0.0,13.0231539344843,14.756330807681888,13.788889166874203,7.291603399816559,2.4825754689579003,0.0,70.0,10.5,40.0,45.0,0.96,0.26738500676906013,1.0,31.76193096077412,6.113674986753684,24.857996383358692,51.228920904474386,65.83800829052629,65.83800829052629,0.0,0.5713047595439653,0.14282618988599133,10.71196424144935,0.0,0.0,0.0,0.0,7.105427357601002e-15,0.0,0.0,0.03622105418534716,0.030725589500305697,0.0,0.7547405925362298,0.0
2,summer_commercial,夏季商业制冷日,75.0,13.0,0.25,51.232607628436554,11.044371383757314,37.32280056423927,2.4407786377471083,0.0,2.4407786377471083,34.908301278850345,29.732756598251818,0.0,0.0,0.087787398572302,0.030725589500305697,0.0395043293575359,3.4390209544999304,11.004867054399778,12.440933521413092,37.32280056423927,-0.0,0.0,0.0,0.0,0.0,0.0,0.0,0.0,0.0,0.0,0.0,0.0,0.0,0.0,13.025768209732236,14.726231169993511,13.801717521347303,7.321158160333602,2.4922179382602434,0.0,75.60000000000001,11.340000000000002,40.0,45.0,0.96,0.257037459853248,1.0,31.764216729630665,6.074404261066523,25.379504383682708,51.232607628436554,64.64105787710216,64.64105787710216,0.0,1.3599857304753702,0.33999643261884255,25.49973244641319,0.0,0.0,0.0,0.0,0.0,0.0,0.0,1.433965401693463,0.0,-0.07140131943120132,0.7669235298882597,0.0
2,summer_commercial,夏季商业制冷日,75.0,13.25,0.25,51.141742033102055,11.080683611587913,37.96758504404042,1.6433659084710968,0.0,1.6433659084710968,34.77962223920834,30.815783634191323,0.0,0.0,0.04391451964195091,0.015370081874682816,0.01976153383887791,3.4565381492965734,11.060922077749035,12.655861681346806,37.96758504404042,-0.0,0.0,0.0,0.0,0.0,0.0,0.0,0.0,0.0,0.0,0.0,0.0,0.0,0.0,13.037406863655322,14.689987278441514,13.81085208825159,7.344507070676325,2.4980487811074754,0.0,75.60000000000001,11.340000000000002,40.0,45.0,0.9564612463645955,0.26640014768040526,1.0,31.707880060523273,6.094375986373353,25.81795782994749,51.141742033102055,65.59540587339966,65.59540587339966,0.0,0.9126341535874934,0.22815853839687336,17.1118903797655,0.0,0.0,0.0,0.0,-7.105427357601002e-15,0.0,0.0,-0.7974127292760116,-0.01535550762562288,0.05605502334925738,0.644784479801146,0.0
2,summer_commercial,夏季商业制冷日,75.0,13.5,0.25,51.14503529313214,11.060922077749035,38.6012487409388,0.33533720240922094,0.0,0.33533720240922094,33.58571467893895,33.54760447472682,0.0,0.0,0.0,-0.0,-0.0,3.4565381492965734,11.060922077749035,12.867082913646266,38.6012487409388,-0.0,0.0,0.0,0.0,0.0,0.0,0.0,0.0,0.0,0.0,0.0,0.0,0.0,0.0,13.060314374988376,14.65221892820288,13.815881215722763,7.361381391955426,2.5,0.0,75.60000000000001,11.340000000000002,40.0,45.0,0.9236280457827892,0.2900165347888476,1.0,31.709921881741927,6.08350714276197,26.248849143838385,51.14503529313214,67.13331915366577,67.13331915366577,0.0,0.18443546132507152,0.04610886533126788,3.458164899845091,0.0,0.0,0.0,0.0,7.105427357601002e-15,0.0,0.0,-1.3080287060618758,-0.015370081874682816,0.0,0.6336636968983811,0.0
2,summer_commercial,夏季商业制冷日,75.0,13.75,0.25,51.22922409954255,11.121007910055688,39.15069452824788,0.9680444637654873,0.0,0.9680444637654873,32.36656660549137,34.085015047918,0.0,0.0,0.6830969960276507,0.23908394860967774,0.30739364821244286,3.379254456826014,10.813614261843245,13.05023150941596,39.15069452824788,-0.0,0.0,0.0,0.0,0.0,0.0,0.0,0.0,0.0,0.0,0.0,0.0,0.0,0.0,13.097677678135534,14.617234728265517,13.816321904003782,7.371585366938083,2.4980487811074754,0.0,75.60000000000001,11.340000000000002,40.0,45.0,0.8901007153876329,0.29466240905129193,1.0,31.76211894171638,6.116554350530629,26.622472279208562,51.22922409954255,66.45158165340936,66.45158165340936,0.0,0.6690438542765481,0.16726096356913703,12.544572267685277,0.0,0.0,0.0,0.0,7.105427357601002e-15,0.0,0.0,0.6327072613562663,0.23908394860967774,-0.2473078159057902,0.5494457873090823,0.0
2,summer_commercial,夏季商业制冷日,75.0,14.0,0.25,51.004275707191,11.127488672644729,39.450073028655225,0.5875646497232125,0.0,0.5875646497232125,31.08906602720914,35.61986511966912,0.0,0.0,0.6830969960276507,0.23908394860967774,0.30739364821244286,3.381279695135089,10.820095024432286,13.150024342885075,39.450073028655225,-0.0,-0.0,0.0,0.0,0.0,0.0,0.0,0.0,0.0,0.0,0.0,0.0,0.0,0.0,13.153556316098719,14.588814338369328,13.811637378607154,7.375,2.4922179382602434,0.0,75.60000000000001,11.340000000000002,40.0,45.0,0.8549686548111427,0.30793107327335334,1.0,31.62265093845842,6.120118769954601,26.826049659485555,51.004275707191,66.70893114687826,66.70893114687826,0.0,0.45977995655329706,0.11494498913832427,8.62087418537432,0.0,0.0,0.0,0.0,-1.4210854715202004e-14,0.0,0.0,-0.3804798140422747,0.0,0.006480762589040623,0.29937850040734304,-0.0
2,summer_commercial,夏季商业制冷日,75.0,14.25,0.25,51.00437638575586,10.967773712534942,39.96305621293722,0.5875646497232125,0.0,0.5875646497232125,29.71615444712415,35.86106477236512,0.0,0.0,3.2367705260765196,1.1328696841267818,1.4565467367344338,2.9722584299376584,9.511226975800508,13.321018737645739,39.96305621293722,-0.0,0.0,0.0,0.0,0.0,0.0,0.0,0.0,0.0,0.0,0.0,0.0,0.0,0.0,13.232771063136221,14.570007179996383,13.8012586214009,7.371585366938083,2.4825754689579003,0.0,75.60000000000001,11.340000000000002,40.0,45.0,0.8172127323343273,0.3100162262540934,1.0,31.622713359168635,6.032275541894219,27.17487822479731,51.00437638575586,65.57721921948927,65.57721921948927,0.0,0.970514662563071,0.24262866564076774,18.19714992305758,0.0,0.0,0.0,0.0,2.1316282072803006e-14,0.0,0.0,0.0,0.893785735517104,-1.308868048631778,0.5129831842819925,0.0
2,summer_commercial,夏季商业制冷日,75.0,14.5,0.25,51.24070902115697,10.899268140117057,40.275144732147915,0.5875646497232125,0.0,0.5875646497232125,28.345031400142716,35.8625552304534,0.0,0.0,6.6784759820097,2.337466593703395,3.005314191904365,2.466860608816466,7.893953948212692,13.425048244049306,40.275144732147915,-0.0,0.0,0.0,0.0,0.0,0.0,0.0,0.0,0.0,0.0,0.0,0.0,0.0,0.0,13.340737782408976,14.562958938621975,13.784608962353852,7.361381391955426,2.469233234476344,0.0,75.60000000000001,11.340000000000002,40.0,45.0,0.779505995630423,0.31002911115293436,1.0,31.76923959311732,5.9945974770643815,27.387098417860585,51.24070902115697,64.20758663059613,64.20758663059613,0.0,1.658855753749707,0.41471393843742677,31.103545382807006,0.0,0.0,0.0,0.0,-7.105427357601002e-15,0.0,0.0,0.0,1.2045969095766131,-1.6172730275878155,0.3120885192106968,0.0
2,summer_commercial,夏季商业制冷日,75.0,14.75,0.25,51.350269573359746,10.989821757256346,40.49110796183874,0.44787725185393157,0.0,0.44787725185393157,27.235294719698565,37.321825609555944,0.0,0.0,6.6784759820097,2.337466593703395,3.005314191904365,2.4951586141724937,7.98450756535198,13.497035987279581,40.49110796183874,-0.0,-0.0,0.0,0.0,0.0,0.0,0.0,0.0,0.0,0.0,0.0,0.0,0.0,0.0,13.483233299749033,14.568776392509832,13.761130653205921,7.344507070676325,2.4523447998951764,0.0,75.60000000000001,11.340000000000002,40.0,45.0,0.7489875466026028,0.32264439457760197,1.0,31.837167135483043,6.044401966490991,27.533953414050348,51.350269573359746,64.5571203292545,64.5571203292545,0.0,1.5820276849216026,0.39550692123040065,29.66301909228005,0.0,0.0,0.0,0.0,1.4210854715202004e-14,0.0,0.0,-0.13968739786928097,0.0,0.090553617139288,0.21596322969082848,-0.0
2,summer_commercial,夏季商业制冷日,75.0,15.0,0.25,51.6608290046007,10.988240004362082,40.54736610456817,0.44787725185393157,0.0,0.44787725185393157,26.17392396449751,37.368930917406665,0.0,0.0,9.415970596134441,3.2955897086470545,4.237186768260498,2.109704136281745,6.751053236101583,13.515788701522723,40.54736610456817,-0.0,0.0,0.0,0.0,0.0,0.0,0.0,0.0,0.0,0.0,0.0,0.0,0.0,0.0,13.666083445248145,14.58743961931447,13.730312216287354,7.321158160333602,2.432102492359528,0.0,75.60000000000001,11.340000000000002,40.0,45.0,0.7197991906051617,0.3230516164453607,1.0,32.029713982852435,6.043532002399146,27.572208951106358,51.6608290046007,63.54285488190418,63.54285488190418,0.0,2.1295266077465507,0.5323816519366377,39.928623895247824,0.0,0.0,0.0,0.0,-1.4210854715202004e-14,0.0,0.0,0.0,0.9581231149436595,-1.2334543292503968,0.0562581427294262,0.0
2,summer_commercial,夏季商业制冷日,75.0,15.25,0.25,51.77015813913848,11.006956197238067,40.63287614069128,0.638640713927753,0.0,0.638640713927753,24.92875069527854,35.94099633515987,0.0,0.0,14.768379624573345,5.16893286860067,6.645770831058005,1.362870426931269,4.361185366180061,13.544292046897093,40.63287614069128,-0.0,0.0,0.0,0.0,0.0,0.0,0.0,0.0,0.0,0.0,0.0,0.0,0.0,0.0,13.894770107072713,14.617768479479995,13.69171529576672,7.291603399816559,2.40873375636107,0.0,75.60000000000001,11.340000000000002,40.0,45.0,0.6855561511372275,0.31070722864383055,1.0,32.097498046265855,6.053825908480937,27.630355775670072,51.77015813913848,60.86974703043842,60.86974703043842,0.0,3.3049283175749338,0.8262320793937334,61.96740595453001,0.0,0.0,0.0,0.0,0.0,0.0,0.0,0.19076346207382144,1.8733431599536159,-2.389867869921522,0.08551003612311092,0.0
2,summer_commercial,夏季商业制冷日,75.0,15.5,0.25,51.8980907915262,11.128702117957866,40.62399645932565,0.638640713927753,0.0,0.638640713927753,23.361328962944185,36.03220915672749,0.0,0.0,18.109479791892287,6.3383179271623,8.149265906351529,0.9310738161269805,2.9794362116063375,13.54133215310855,40.62399645932565,-0.0,0.0,0.0,0.0,0.0,0.0,0.0,0.0,0.0,0.0,0.0,0.0,0.0,0.0,14.17396376291249,14.657447542263387,13.644999739768254,7.256179361629174,2.3824969025845952,0.0,75.60000000000001,11.340000000000002,40.0,45.0,0.64245107847783,0.31149575667298635,1.0,32.176816290746245,6.120786164876827,27.624317592341445,51.8980907915262,59.393538119671675,59.393538119671675,0.0,3.9731483510387218,0.9932870877596804,74.49653158197603,0.0,0.0,0.0,0.0,-7.105427357601002e-15,0.0,0.0,0.0,1.1693850585616294,-1.3817491545737237,-0.008879681365627334,0.0
2,summer_commercial,夏季商业制冷日,75.0,15.75,0.25,52.344486134562885,11.181365873324886,40.38406661503656,0.638640713927753,0.0,0.638640713927753,21.855445592730625,36.02635030140386,0.0,0.0,21.971122344479355,7.689892820567773,9.88700505501571,0.40448775572161755,1.2943608183091762,13.46135553834552,40.38406661503656,-0.0,0.0,0.0,0.0,0.0,0.0,0.0,0.0,0.0,0.0,0.0,0.0,0.0,0.0,14.506999702519424,14.703110446329843,13.589945710989277,7.215284073631873,2.3536763613451477,0.0,75.60000000000001,11.340000000000002,40.0,45.0,0.6010383490569091,0.31144510730635067,1.0,32.45358140342899,6.149751230328688,27.461165298224863,52.344486134562885,57.881795894134484,57.881795894134484,0.0,4.745476861556135,1.1863692153890337,88.97769115417753,0.0,0.0,0.0,0.0,-7.105427357601002e-15,0.0,0.0,0.0,1.3515748934054734,-1.6850753932971614,-0.2399298442890938,0.0
2,summer_commercial,夏季商业制冷日,75.0,16.0,0.25,52.765706435304715,11.276704159861866,40.0062572936096,0.638640713927753,0.0,0.638640713927753,19.97967651413379,36.71203840299825,0.0,0.0,25.059342577470815,8.770769902114786,11.276704159861866,-0.0,0.0,13.335419097869867,40.0062572936096,-0.0,0.0,0.0,0.0,0.0,0.0,0.0,0.0,0.0,0.0,0.0,0.0,0.0,0.0,14.89532880307743,14.750481259399088,13.52647175737129,7.169369579523042,2.3225775623986644,0.0,142.56,21.384,40.0,45.0,0.5494535325667419,0.3173728297259995,1.0,32.714737989888924,6.202187287924027,27.20425495965453,52.765706435304715,56.691714917132046,56.691714917132046,0.0,5.3631209081544275,1.3407802270386069,100.55851702789552,0.0,0.0,0.0,0.0,0.0,0.0,0.0,0.0,1.0808770815470128,-1.2943608183091762,-0.3778093214269589,0.0
2,summer_commercial,夏季商业制冷日,75.0,16.25,0.25,52.955293327944005,11.327469044052089,39.6369094271417,2.3225474040273575,0.0,2.3225474040273575,18.05532874837291,36.9794666169949,0.0,0.0,25.172153431226864,8.810253700929403,11.327469044052089,-0.0,0.0,13.212303142380568,39.6369094271417,-0.0,0.0,0.0,0.0,0.0,0.0,0.0,0.0,0.0,0.0,0.0,0.0,0.0,0.0,15.33798565850145,14.7945669433848,13.454647965680827,7.1189336323540084,2.289521569660788,0.0,142.56,21.384,40.0,45.0,0.49653277196102036,0.31968472665999687,1.0,32.832281863325285,6.230107974228649,26.95309841045636,52.955293327944005,55.03479536536781,55.03479536536781,0.0,6.3118317584604196,1.5779579396151049,118.34684547113287,0.0,0.0,0.0,0.0,-7.105427357601002e-15,0.0,0.0,1.6839066900996045,0.03948379881461683,0.0,-0.36934786646789775,0.0
2,summer_commercial,夏季商业制冷日,75.0,16.5,0.25,53.41617768111408,11.574566252436629,39.04072214358024,1.2503694211156606,0.0,1.2503694211156606,16.24920402752358,39.927737861773096,0.0,0.0,25.721258338748065,9.002440418561822,11.574566252436629,-0.0,-0.0,13.01357404786008,39.04072214358024,-0.0,0.0,0.0,0.0,0.0,0.0,0.0,0.0,0.0,0.0,0.0,0.0,0.0,0.0,15.83112623083189,14.82989178597658,13.374703558590024,7.064510734197663,2.2548396019890076,0.0,142.56,21.384,40.0,45.0,0.4468632186314273,0.3451723113449876,1.0,33.11803016229073,6.366011438840147,26.547691057634566,53.41617768111408,56.17694188929667,56.17694188929667,0.0,5.8319548493632265,1.4579887123408066,109.3491534255605,0.0,0.0,0.0,0.0,-7.105427357601002e-15,0.0,0.0,-1.0721779829116969,0.1921867176324188,-0.0,-0.5961872835614628,0.0
2,summer_commercial,夏季商业制冷日,75.0,16.75,0.25,53.45934131836809,11.648313479153636,38.46374617875871,1.6292852593962337,0.0,1.6292852593962337,14.3655631680788,41.22594224447091,0.0,0.0,25.885141064785856,9.05979937267505,11.648313479153636,-0.0,0.0,12.821248726252904,38.46374617875871,-0.0,0.0,0.0,0.0,0.0,0.0,0.0,0.0,0.0,0.0,0.0,0.0,0.0,0.0,16.367692087289825,14.850761870470437,13.287028566191712,7.006662746906379,2.2188675697091758,0.0,142.56,21.384,40.0,45.0,0.39506192327127276,0.35639519126183394,1.0,33.144791617388215,6.406572413534501,26.155347401555925,53.45934131836809,55.59150541254971,55.59150541254971,0.0,6.0731351056251,1.518283776406275,113.87128323047064,0.0,0.0,0.0,0.0,0.0,0.0,0.0,0.37891583828057307,0.05735895411322822,0.0,-0.5769759648215285,0.0
2,summer_commercial,夏季商业制冷日,75.0,17.0,0.25,53.772453865951086,11.784462441075263,37.845616030602606,4.480813286705876,0.0,4.480813286705876,12.295665052392748,40.445487860661466,0.0,0.0,26.187694313500582,9.165693009725205,11.784462441075263,-0.0,0.0,12.615205343534202,37.845616030602606,-0.0,0.0,0.0,0.0,0.0,0.0,0.0,0.0,0.0,0.0,0.0,0.0,0.0,0.0,16.937257065050225,14.851545546059981,13.192169490081211,6.945969303480762,2.181940751190348,0.0,142.56,21.384,40.0,45.0,0.33813843750250167,0.34964822141116403,1.0,33.338921396889674,6.4814543425913955,25.735018900809774,53.772453865951086,52.741152913054215,52.741152913054215,0.0,7.7019861703883485,1.9254965425970871,144.41224069478153,0.0,0.0,0.0,0.0,7.105427357601002e-15,0.0,0.0,2.8515280273096426,0.10589363705015487,0.0,-0.618130148156105,0.0
2,summer_commercial,夏季商业制冷日,75.0,17.25,0.25,54.07835057107072,12.10647842745467,36.9691959034743,10.105998366238765,0.0,10.105998366238765,10.441219371329403,36.438048246640356,0.0,0.0,26.903285394343712,9.4161498880203,12.10647842745467,-0.0,0.0,12.3230653011581,36.9691959034743,-0.0,0.0,0.0,0.0,0.0,0.0,0.0,0.0,0.0,0.0,0.0,0.0,0.0,0.0,17.526103797182568,14.826954612261414,13.090819165559813,6.883018246991057,2.144388724825195,0.0,142.56,21.384,40.0,45.0,0.2871400277088,0.3150042052904445,1.0,33.52857735406385,6.658563135100069,25.139053214362526,54.07835057107072,46.87926761796976,46.87926761796976,0.0,10.938956180300064,2.734739045075016,205.1054283806262,0.0,0.0,0.0,0.0,0.0,0.0,0.0,5.625185079532889,0.2504568782950951,0.0,-0.8764201271283056,0.0
2,summer_commercial,夏季商业制冷日,75.0,17.5,0.25,54.53987271808462,12.46905699244602,36.454344937776746,12.235685176684212,0.0,12.235685176684212,8.810650332939462,35.946830082484055,0.0,0.0,27.709015538768934,9.698155438569128,12.46905699244602,-0.0,0.0,12.15144831259225,36.454344937776746,-0.0,0.0,0.0,0.0,0.0,0.0,0.0,0.0,0.0,0.0,0.0,0.0,0.0,0.0,18.11756173522022,14.772310664871231,12.98380129879141,6.81839631458311,2.106530659712633,0.0,142.56,21.384,40.0,45.0,0.24229836485187006,0.31075766095368645,1.0,33.81472108521246,6.857981345845312,24.78895455768819,54.53987271808462,44.757480415423515,44.757480415423515,0.0,12.271429954930104,3.067857488732526,230.08931165493945,0.0,0.0,0.0,0.0,-7.105427357601002e-15,0.0,0.0,2.129686810445447,0.2820055505488277,0.0,-0.5148509656975548,0.0
2,summer_commercial,夏季商业制冷日,75.0,17.75,0.25,54.739033588603505,12.469601751167566,35.70192047493701,16.5617217463319,0.0,16.5617217463319,7.1550604975426895,33.22431236324426,0.0,0.0,27.7102261137057,9.698579139796996,12.469601751167566,-0.0,0.0,11.900640158312337,35.70192047493701,-0.0,0.0,0.0,0.0,0.0,0.0,0.0,0.0,0.0,0.0,0.0,0.0,0.0,0.0,18.692615981019294,14.683781813848869,12.872050395847415,6.752680268444092,2.068671053718672,0.0,142.56,21.384,40.0,45.0,0.19676861451297745,0.28722169863393304,1.0,33.93820082493417,6.858280963142162,24.27730592295717,54.739033588603505,40.37937286078695,40.37937286078695,0.0,14.650992183223687,3.662748045805922,274.70610343544416,0.0,0.0,0.0,0.0,7.105427357601002e-15,0.0,0.0,4.326036569647689,0.00042370122786827835,0.0,-0.7524244628397341,0.0
2,summer_commercial,夏季商业制冷日,75.0,18.0,0.25,55.1655999862857,12.673607309310976,34.928965392106136,21.723325212032567,0.0,21.723325212032567,5.531643773919815,29.69636933490461,0.0,0.0,28.163571798468833,9.857250129464092,12.673607309310976,-0.0,0.0,11.642988464035378,34.928965392106136,-0.0,0.0,0.0,0.0,0.0,0.0,0.0,0.0,0.0,0.0,0.0,0.0,0.0,0.0,19.230769370474007,14.558576741148748,12.756587996795925,6.686428654497108,2.031095991035345,0.0,142.56,21.384,40.0,45.0,0.15212364476126441,0.2567228946796197,1.0,34.202671991497134,6.970484020121037,23.751696466632175,55.1655999862857,35.22801310882443,35.22801310882443,0.0,17.58054322631168,4.39513580657792,329.635185493344,0.0,0.0,0.0,0.0,7.105427357601002e-15,0.0,0.0,5.161603465700665,0.1586709896670957,0.0,-0.772955082830876,0.0
2,summer_commercial,夏季商业制冷日,75.0,18.25,0.25,55.216282738494115,12.865727949393609,34.2872863033267,22.511680072090297,0.0,22.511680072090297,4.16494202405731,29.962078782815933,0.0,0.0,28.59050655420802,10.006677293972807,12.865727949393609,-0.0,0.0,11.429095434442234,34.2872863033267,-0.0,0.0,0.0,0.0,0.0,0.0,0.0,0.0,0.0,0.0,0.0,0.0,0.0,0.0,19.71111178079266,14.395085702761358,12.638496270716306,6.620174344007675,1.9940699735316383,0.0,142.56,21.384,40.0,45.0,0.11453849647841405,0.25901993300919557,1.0,34.234095297866354,7.076150372166485,23.31535468626216,55.216282738494115,34.12702080687324,34.12702080687324,0.0,18.09952535049127,4.524881337622817,339.3661003217113,0.0,0.0,0.0,0.0,0.0,0.0,0.0,0.7883548600577299,0.1494271645087153,0.0,-0.6416790887794335,0.0
2,summer_commercial,夏季商业制冷日,75.0,18.5,0.25,55.569380553951916,13.021024527077918,33.49392254448041,23.724175834816684,0.0,23.724175834816684,2.9235643136283027,29.95881773260646,0.0,0.0,28.93561006017315,10.127463521060603,13.021024527077918,-0.0,0.0,11.164640848160138,33.49392254448041,-0.0,0.0,0.0,0.0,0.0,0.0,0.0,0.0,0.0,0.0,0.0,0.0,0.0,0.0,20.113524139478418,14.192961404826635,12.518890110770762,6.554417984311854,1.9578333617716144,0.0,142.56,21.384,40.0,45.0,0.08039983723824451,0.25899174147372434,1.0,34.45301594345019,7.161563489892855,22.775867330246683,55.569380553951916,32.88238204623476,32.88238204623476,0.0,18.835418721183807,4.708854680295952,353.16410102219635,0.0,0.0,0.0,0.0,-7.105427357601002e-15,0.0,0.0,1.2124957627263875,0.1207862270877964,0.0,-0.7933637588462901,0.0
2,summer_commercial,夏季商业制冷日,75.0,18.75,0.25,55.525793590897216,13.15677550470421,32.39122654813685,25.556045593365084,0.0,25.556045593365084,1.7650475725027397,28.768728326305062,0.0,0.0,29.23727889934269,10.233047614769943,13.15677550470421,-0.0,0.0,10.797075516045616,32.39122654813685,-0.0,0.0,0.0,0.0,0.0,0.0,0.0,0.0,0.0,0.0,0.0,0.0,0.0,0.0,20.41992381186487,13.953136451817752,12.398888890148088,6.489622453680367,1.922600443223189,0.0,142.56,21.384,40.0,45.0,0.04853990619787713,0.24870350745199368,1.0,34.425992026356276,7.236226527587316,22.02603405273306,55.525793590897216,30.533775898807804,30.533775898807804,0.0,19.903280856219336,4.975820214054834,373.18651605411253,0.0,0.0,0.0,0.0,0.0,0.0,0.0,1.8318697585484003,0.1055840937093393,0.0,-1.102695996343563,0.0
2,summer_commercial,夏季商业制冷日,75.0,19.0,0.25,55.592724608090464,13.306991077217631,31.454021104684823,25.79374016438746,0.0,25.79374016438746,0.838274389483617,29.095501806833948,0.0,0.0,29.571091282705847,10.349881948947047,13.306991077217631,-0.0,0.0,10.484673701561608,31.454021104684823,-0.0,0.0,0.0,0.0,0.0,0.0,0.0,0.0,0.0,0.0,0.0,0.0,0.0,0.0,20.6154462086356,13.677777992550384,12.279589001575207,6.426208383100325,1.8885581275123642,0.0,142.56,21.384,40.0,45.0,0.023053067162332436,0.251528439782267,1.0,34.46748925701609,7.318845092469698,21.388734351185683,55.592724608090464,29.933776196317563,29.933776196317563,0.0,20.100775346954276,5.025193836738569,376.88953775539267,0.0,0.0,0.0,0.0,0.0,0.0,0.0,0.23769457102237723,0.11683433417710454,0.0,-0.9372054434520258,0.0
2,summer_commercial,夏季商业制冷日,75.0,19.25,0.25,55.06839191887619,13.415604069940352,30.37107439469256,22.787571713270868,0.0,22.787571713270868,0.25702788932169573,31.713125060116425,0.0,0.0,29.812453488756336,10.434358721064719,13.415604069940352,-0.0,0.0,10.12369146489752,30.37107439469256,-0.0,0.0,0.0,0.0,0.0,0.0,0.0,0.0,0.0,0.0,0.0,0.0,0.0,0.0,20.68945685519949,13.370183983431371,12.162038210481265,6.364550775640581,1.8558652521421384,0.0,142.56,21.384,40.0,45.0,0.007068426841449392,0.27415759727908934,1.0,34.142402989703236,7.378582238467194,20.652330588390942,55.06839191887619,31.97015294943812,31.97015294943812,0.0,18.495655140050246,4.623913785012562,346.7935338759421,0.0,0.0,0.0,0.0,0.0,0.0,0.0,-3.0061684511165936,0.08447677211767157,0.0,-1.0829467099922638,0.0
2,summer_commercial,夏季商业制冷日,75.0,19.5,0.25,54.550416841908564,13.479772269296195,29.488671828947314,21.762772915239808,0.0,21.762772915239808,-0.0,32.132933882420815,0.0,0.0,29.955049487324878,10.484267320563708,13.479772269296195,-0.0,0.0,9.829557276315771,29.488671828947314,-0.0,0.0,0.0,0.0,0.0,0.0,0.0,0.0,0.0,0.0,0.0,0.0,0.0,0.0,20.636299627902776,13.034628869736677,12.047212713111756,6.304976723146637,1.8246524673583497,0.0,142.56,21.384,40.0,45.0,0.0,0.27778681318957943,1.0,33.82125844198331,7.4138747481129075,20.052296843684175,54.550416841908564,32.132933882420815,32.132933882420815,0.0,17.96053500084687,4.490133750211718,336.7600312658788,0.0,0.0,0.0,0.0,-7.105427357601002e-15,0.0,0.0,-1.0247987980310604,0.0499085994989894,0.0,-0.8824025657452452,0.0
2,summer_commercial,夏季商业制冷日,75.0,19.75,0.25,53.760625281618196,13.397320108085005,28.44780544891916,19.426760717649145,0.0,19.426760717649145,-0.0,33.396328518431545,0.0,0.0,29.77182246241112,10.420137861843893,13.397320108085005,-0.0,0.0,9.482601816306387,28.44780544891916,-0.0,0.0,0.0,0.0,0.0,0.0,0.0,0.0,0.0,0.0,0.0,0.0,0.0,0.0,20.455709546283863,12.676169216773264,11.935997616519531,6.247764191248742,1.795022656174443,0.0,142.56,21.384,40.0,45.0,0.0,0.2887087654464889,1.0,33.331587674603284,7.368526059446753,19.34450770526503,53.760625281618196,33.396328518431545,33.396328518431545,0.0,16.639082887189254,4.159770721797313,311.9828041347985,0.0,0.0,0.0,0.0,0.0,0.0,0.0,-2.3360121975906623,-0.06412945871981535,0.0,-1.040866380028156,0.0
2,summer_commercial,夏季商业制冷日,75.0,20.0,0.25,53.11496147888345,13.54180905981207,27.257124727536993,16.159620469422663,0.0,16.159620469422663,-0.0,35.508531094341514,0.0,0.0,30.0929090218046,10.53251815763161,13.54180905981207,-0.0,0.0,9.08570824251233,27.257124727536993,-0.0,0.0,0.0,0.0,0.0,0.0,0.0,0.0,0.0,0.0,0.0,0.0,0.0,0.0,20.1528499510045,12.30042172597082,11.8291713594307,6.1931418178771125,1.7670518352263433,0.0,142.56,21.384,40.0,45.0,0.0,0.30696859894067985,1.0,32.93127611690774,7.447994982896639,18.534844814725158,53.11496147888345,35.508531094341514,35.508531094341514,0.0,14.906373062543386,3.7265932656358465,279.4944949226885,0.0,0.0,0.0,0.0,0.0,0.0,0.0,-3.2671402482264824,0.1123802957877178,0.0,-1.190680721382165,0.0
2,summer_commercial,夏季商业制冷日,75.0,20.25,0.25,52.062546468431954,13.51560578908219,26.23487097498494,14.83076578024874,0.0,14.83076578024874,-0.0,35.464599843892046,0.0,0.0,30.034679531293754,10.512137835952814,13.51560578908219,-0.0,0.0,8.744956991661647,26.23487097498494,-0.0,0.0,0.0,0.0,0.0,0.0,0.0,0.0,0.0,0.0,0.0,0.0,0.0,0.0,19.737970326362728,11.913327043087309,11.727394384068832,6.141289648305275,1.7407904742722486,0.0,142.56,21.384,40.0,45.0,0.0,0.3065888165620634,1.0,32.27877881042781,7.433583183995205,17.83971226298976,52.062546468431954,35.464599843892046,35.464599843892046,0.0,14.16385708539556,3.54096427134889,265.57232035116675,0.0,0.0,0.0,0.0,0.0,0.0,0.0,-1.328854689173923,-0.020380321678796776,0.0,-1.0222537525520536,0.0
2,summer_commercial,夏季商业制冷日,75.0,20.5,0.25,50.82901701181001,13.460176854362299,25.255447055758715,12.307383188223909,0.0,12.307383188223909,-0.0,36.471089733223884,0.0,0.0,29.91150412080511,10.469026442281788,13.460176854362299,-0.0,0.0,8.418482351919572,25.255447055758715,-0.0,0.0,0.0,0.0,0.0,0.0,0.0,0.0,0.0,0.0,0.0,0.0,0.0,0.0,19.22571792332078,11.520912784231822,11.631202161374672,6.0923407116461,1.7162651668298874,0.0,142.56,21.384,40.0,45.0,0.0,0.31528984647386926,1.0,31.513990547322205,7.4030972698992645,17.17370399791593,50.82901701181001,36.471089733223884,36.471089733223884,0.0,12.751361577684172,3.187840394421043,239.0880295815782,0.0,0.0,0.0,0.0,0.0,0.0,0.0,-2.5233825920248307,-0.04311139367102612,0.0,-0.9794239192262246,0.0
2,summer_commercial,夏季商业制冷日,75.0,20.75,0.25,49.45549319240351,13.22240632147879,24.45254418186268,10.421383804699332,0.0,10.421383804699332,-0.0,36.90086364273046,0.0,0.0,29.383125158841754,10.284093805594614,13.22240632147879,-0.0,0.0,8.150848060620893,24.45254418186268,-0.0,0.0,0.0,0.0,0.0,0.0,0.0,0.0,0.0,0.0,0.0,0.0,0.0,0.0,18.634169111584043,11.129068326507944,11.541002476848133,6.046383329976434,1.6934805816070466,0.0,142.56,21.384,40.0,45.0,0.0,0.3190052098188631,1.0,30.662405779290175,7.272323476813335,16.627730043666624,49.45549319240351,36.90086364273046,36.90086364273046,0.0,11.608386124352984,2.902096531088246,217.65723983161845,0.0,0.0,0.0,0.0,0.0,0.0,0.0,-1.8859993835245774,-0.18493263668717397,0.0,-0.8029028738960342,0.0
2,summer_commercial,夏季商业制冷日,75.0,21.0,0.25,48.3733118913656,13.259257136546545,23.480688864802286,7.739592653736757,0.0,7.739592653736757,-0.0,38.14785997524896,0.0,0.0,29.46501585899232,10.312755550647312,13.259257136546545,-0.0,0.0,7.826896288267428,23.480688864802286,-0.0,0.0,0.0,0.0,0.0,0.0,0.0,0.0,0.0,0.0,0.0,0.0,0.0,0.0,17.983671069494836,10.743342259340881,11.457076710910421,6.003464041952302,1.6724216238937528,0.0,142.56,21.384,40.0,45.0,0.0,0.3297853999669814,1.0,29.991453372646674,7.2925914251006,15.966868428065556,48.3733118913656,38.14785997524896,38.14785997524896,0.0,10.149779131353682,2.5374447828384206,190.30835871288156,0.0,0.0,0.0,0.0,0.0,0.0,0.0,-2.6817911509625745,0.02866174505269825,0.0,-0.9718553170603954,0.0
2,summer_commercial,夏季商业制冷日,75.0,21.25,0.25,46.9607812340069,13.189798585477929,22.47340536193337,3.8125067033936375,0.0,3.8125067033936375,-0.0,40.38067741810822,0.0,0.0,29.310663523284287,10.2587322331495,13.189798585477929,-0.0,0.0,7.491135120644457,22.47340536193337,-0.0,0.0,0.0,0.0,0.0,0.0,0.0,0.0,0.0,0.0,0.0,0.0,0.0,0.0,17.295598248815807,10.368771149385628,11.379584703508304,5.963591017812332,1.6530557377363582,0.0,142.56,21.384,40.0,45.0,0.0,0.34908793997641707,1.0,29.115684365084277,7.254389222012861,15.281915646114692,46.9607812340069,40.38067741810822,40.38067741810822,0.0,7.959011391523359,1.9897528478808397,149.23146359106298,0.0,0.0,0.0,0.0,0.0,0.0,0.0,-3.9270859503431197,-0.05402331749781197,0.0,-1.0072835028689155,0.0
2,summer_commercial,夏季商业制冷日,75.0,21.5,0.25,45.8594007487002,13.088807041543781,21.68862710037906,1.0424240440417307,0.0,1.0424240440417307,-0.0,41.86633581691744,0.0,0.0,29.08623787009729,10.18018325453405,13.088807041543781,-0.0,0.0,7.229542366793019,21.68862710037906,-0.0,-0.0,0.0,0.0,0.0,0.0,0.0,0.0,0.0,0.0,0.0,0.0,0.0,0.0,16.59112984864744,10.009745649848288,11.308572682495774,5.926737841814067,1.6353352832366128,0.0,142.56,21.384,40.0,45.0,0.0,0.3619313458603511,1.0,28.432828464194127,7.19884387284908,14.748266428257761,45.8594007487002,41.86633581691744,41.86633581691744,0.0,6.39058079824241,1.5976451995606025,119.82338996704519,0.0,0.0,0.0,0.0,0.0,0.0,0.0,-2.770082659351907,-0.07854897861544963,0.0,-0.7847782615543117,-0.0
2,summer_commercial,夏季商业制冷日,75.0,21.75,0.25,44.545305898747124,12.987132114102279,21.01726803391011,0.867903699954141,0.0,0.867903699954141,-0.0,43.09722722031467,0.0,0.0,23.733828841658383,8.306840094580433,10.680222978746272,0.720909104798752,2.3069091353560065,7.00575601130337,21.01726803391011,-0.0,-0.0,0.0,0.0,0.0,0.0,0.0,0.0,0.0,0.0,0.0,0.0,0.0,0.0,15.890144801200037,9.669917210172176,11.243983661466974,5.892847541038627,1.6191999284026473,0.0,142.56,21.384,40.0,45.0,0.0,0.37257231009920094,1.0,27.618089657223216,7.142922662756254,14.291742263058875,44.545305898747124,43.09722722031467,43.09722722031467,0.0,5.224112803306454,1.3060282008266135,97.95211506199601,0.0,0.0,0.0,0.0,0.0,0.0,0.0,-0.17452034408758976,-1.8733431599536168,2.3069091353560065,-0.6713590664689484,0.0
2,summer_commercial,夏季商业制冷日,75.0,22.0,0.25,43.3858820548181,13.01126488701425,20.219708333342655,0.3389217372301374,0.0,0.3389217372301374,-0.0,44.834499276699994,0.0,0.0,18.38141981321948,6.433496934626818,8.271638915948767,1.4811331159579633,4.7396259710654824,6.739902777780885,20.219708333342655,-0.0,0.0,0.0,0.0,0.0,0.0,0.0,0.0,0.0,0.0,0.0,0.0,0.0,0.0,15.210311521702177,9.35214593197582,11.18566967513114,5.861836745664072,1.6045790012890015,0.0,62.0,9.299999999999999,40.0,45.0,0.0,0.3875908972581718,1.0,26.89924687398722,7.156195687857838,13.749401666673007,43.3858820548181,44.834499276699994,44.834499276699994,0.0,3.862690918120472,0.965672729530118,72.42545471475884,0.0,0.0,0.0,0.0,0.0,0.0,0.0,-0.5289819627240036,-1.8733431599536159,2.432716835709476,-0.7975597005674544,0.0
2,summer_commercial,夏季商业制冷日,75.0,22.25,0.25,42.67109106518706,12.826988749963471,19.642394466539482,0.23768491510795542,0.0,0.23768491510795542,-0.0,46.596946540339545,0.0,0.0,13.029010784780578,4.560153774673202,5.86305485315126,2.1762293427538157,6.963933896812211,6.547464822179827,19.642394466539482,-0.0,0.0,0.0,0.0,0.0,0.0,0.0,0.0,0.0,0.0,0.0,0.0,0.0,0.0,14.566424019067494,9.05848766272033,11.133405216853182,5.833599874704633,1.5913937553560473,0.0,62.0,9.299999999999999,40.0,45.0,0.0,0.40282712220335076,1.0,26.45607646041598,7.05484381247991,13.356828237246848,42.67109106518706,46.596946540339545,46.596946540339545,0.0,2.736528860265491,0.6841322150663728,51.30991612997796,0.0,0.0,0.0,0.0,0.0,0.0,0.0,-0.10123682212218199,-1.8733431599536159,2.2243079257467286,-0.5773138668031734,0.0
2,summer_commercial,夏季商业制冷日,75.0,22.5,0.25,41.49483564353291,12.807773111616655,19.07503283232107,0.42444668722006185,0.0,0.42444668722006185,-0.0,45.868836354631775,0.0,0.0,11.337224920258107,3.968028722090337,5.101751214116148,2.408131842968908,7.706021897500507,6.358344277440357,19.07503283232107,-0.0,0.0,0.0,0.0,0.0,0.0,0.0,0.0,0.0,0.0,0.0,0.0,0.0,0.0,13.970007574155687,8.790216369867089,11.086901269739792,5.808013252255753,1.5795595087182277,0.0,62.0,9.299999999999999,40.0,45.0,0.0,0.3965326640353313,1.0,25.726798098990404,7.04427521138916,12.971022325978328,41.49483564353291,45.868836354631775,45.868836354631775,0.0,2.5008906620226554,0.6252226655056639,46.89169991292479,0.0,0.0,0.0,0.0,0.0,0.0,0.0,0.18676177211210643,-0.5921250525828645,0.7420880006882955,-0.5673616342184111,0.0
2,summer_commercial,夏季商业制冷日,75.0,22.75,0.25,40.749062834562096,12.663105552076336,18.56684666963737,0.0,0.0,0.0,-0.0,47.958931912541274,0.0,0.0,5.984815891819204,2.0946855621367213,2.6931671513186415,3.1156057502367793,9.969938400757695,6.188948889879124,18.56684666963737,-0.0,0.0,0.0,0.0,0.0,0.0,0.0,0.0,0.0,0.0,0.0,0.0,0.0,0.0,13.429189713014853,8.547876295826716,11.045819374464855,5.784939071873083,1.5689876259172395,0.0,62.0,9.299999999999999,40.0,45.0,0.0,0.41460138401022933,1.0,25.2644189574285,6.964708053641986,12.625455735353414,40.749062834562096,47.958931912541274,47.958931912541274,0.0,1.1969631783638408,0.2992407945909602,22.443059594322015,0.0,0.0,0.0,0.0,-7.105427357601002e-15,0.0,0.0,-0.42444668722006185,-1.8733431599536159,2.263916503257188,-0.5081861626836996,0.0
2,summer_commercial,夏季商业制冷日,75.0,23.0,0.25,40.24450424549429,12.758183560000928,18.245016293093904,-0.0,0.0,-0.0,-0.0,49.257080232493365,0.0,0.0,2.152414722444197,0.753345152855469,0.9685866250998888,3.6842490421565746,11.78959693490104,6.081672097697968,18.245016293093904,-0.0,0.0,0.0,0.0,0.0,0.0,0.0,0.0,0.0,0.0,0.0,0.0,0.0,0.0,12.948808732370972,8.331357405875728,11.00978524794961,5.764229140256898,1.5595873187619862,0.0,62.0,9.299999999999999,40.0,45.0,0.0,0.42582377926882653,1.0,24.95159263220646,7.017000958000511,12.406611079303856,40.24450424549429,49.257080232493365,49.257080232493365,0.0,0.43048294448883945,0.10762073612220986,8.071555209165739,0.0,0.0,0.0,0.0,0.0,0.0,0.0,-0.0,-1.3413404092812522,1.819658534143345,-0.3218303765434669,0.0
2,summer_commercial,夏季商业制冷日,75.0,23.25,0.25,39.407492563021385,12.542501013254464,17.86376078659694,0.0,1.3442639493089459,-1.3442639493089459,-0.0,50.625875007838,0.0,0.0,0.0,-0.0,-0.0,3.9195315666420196,12.542501013254464,5.954586928865647,17.86376078659694,-0.0,0.0,0.0,0.0,0.0,0.0,0.0,0.0,0.0,0.0,0.0,0.0,0.0,0.0,12.530714753909406,8.139987205333004,10.978401550785753,5.745728345355169,1.5512672503706577,0.0,62.0,9.299999999999999,40.0,45.0,0.0,0.4376569078572356,1.0,24.432645389073258,6.898375557289956,12.147357334885921,39.407492563021385,50.625875007838,50.625875007838,0.0,0.0,0.0,0.0,0.0,0.0,0.0,0.0,0.0,0.0,0.0,-1.3442639493089459,-0.753345152855469,0.7529040783534242,-0.38125550649696294,0.0
2,summer_commercial,夏季商业制冷日,75.0,23.5,0.25,38.786301546958256,12.46944052425853,17.564879916204664,0.0,2.6741183675698252,-2.6741183675698252,-0.0,51.2120800504271,0.0,0.0,0.0,-0.0,-0.0,3.8967001638307908,12.46944052425853,5.8549599720682215,17.564879916204664,-0.0,0.0,0.0,0.0,0.0,0.0,0.0,0.0,0.0,0.0,0.0,0.0,0.0,0.0,12.174208270260884,7.972632073124122,10.951259491787086,5.729277807833476,1.5439369336234074,0.0,62.0,9.299999999999999,40.0,45.0,0.0,0.44272460666283936,1.0,24.04750695911412,6.858192288342193,11.944118343019172,38.786301546958256,51.2120800504271,51.2120800504271,0.0,0.0,0.0,0.0,0.0,0.0,0.0,0.0,0.0,0.0,0.0,-1.3298544182608794,0.0,-0.07306048899593343,-0.29888087039227784,0.0
2,summer_commercial,夏季商业制冷日,75.0,23.75,0.25,38.35750319100279,12.383165867906888,17.372848355082255,0.0,3.929138266811947,-3.929138266811947,-0.0,51.94733024322972,0.0,0.0,0.0,-0.0,-0.0,3.869739333720902,12.383165867906888,5.790949451694085,17.372848355082255,-0.0,0.0,0.0,0.0,0.0,0.0,0.0,0.0,0.0,0.0,0.0,0.0,0.0,0.0,11.876558385707586,7.827801757402305,10.92794904964467,5.71471768814865,1.5375079216242937,0.0,62.0,9.299999999999999,40.0,45.0,0.0,0.44908078965885895,1.0,23.78165197842173,6.810741227348789,11.813536881455933,38.35750319100279,51.94733024322972,51.94733024322972,0.0,0.0,0.0,0.0,0.0,0.0,0.0,0.0,0.0,0.0,0.0,-1.2550198992421215,0.0,-0.08627465635164278,-0.19203156112240904,0.0
3,autumn_processing,秋季农产品加工日,60.0,0.0,0.25,40.25132509561056,25.739171306944982,7.376727240491255,0.0,0.4647670375080395,-0.4647670375080395,-0.0,51.21849224670265,0.0,0.0,0.0,-0.0,-0.0,8.043491033420306,25.739171306944982,2.458909080163752,7.376727240491255,-0.0,0.0,0.0,0.0,0.0,0.0,0.0,0.0,0.0,0.0,0.0,0.0,0.0,0.0,10.000230459329856,5.508627751869952,11.625870429315905,5.1785218607002745,8.00707135563148,0.0,52.0,7.8,42.5,45.0,0.0,0.44278003962067164,1.0,28.175927566927392,18.532203341000386,4.5735708891045785,40.25132509561056,51.21849224670265,51.21849224670265,0.0,0.0,0.0,0.0,0.0,0.0,0.0,0.0,-7.105427357601002e-15,0.0,0.0,-0.3464175172274935,0.0,-2.4121149763541823,-0.5199689854176333,0.0
3,autumn_processing,秋季农产品加工日,60.0,0.25,0.25,40.286179239393846,25.82779585896685,7.204733015291426,0.0,3.3505899433675523,-3.3505899433675523,-0.0,54.10953306045235,0.0,0.0,0.0,-0.0,-0.0,8.071186205927141,25.82779585896685,2.4015776717638087,7.204733015291426,-0.0,0.0,0.0,0.0,0.0,0.0,0.0,0.0,0.0,0.0,0.0,0.0,0.0,0.0,10.002573497766807,5.511389523958711,11.640018860480977,5.17937447421421,8.009844404749426,0.0,52.0,7.8,42.5,45.0,0.0,0.46777287150434504,1.0,28.20032546757569,18.596013018456134,4.466934469480684,40.286179239393846,54.10953306045235,54.10953306045235,0.0,0.0,0.0,0.0,0.0,0.0,0.0,0.0,0.0,0.0,0.0,-2.885822905859513,0.0,0.08862455202186936,-0.1719942251998292,0.0
3,autumn_processing,秋季农产品加工日,60.0,0.5,0.25,40.15470166797393,26.138112780262137,7.110948828281458,0.0,5.0,-5.0,0.0,55.69317818789966,-0.0,0.16562262989086207,0.0,-0.0,-0.0,8.168160243831917,26.138112780262137,2.3703162760938192,7.110948828281458,-0.0,0.0,0.0,0.0,0.0,0.0,0.0,0.0,0.0,0.0,0.0,0.0,0.0,0.0,10.009349150666443,5.514943859784401,11.656345069569939,5.1804123152455706,8.013596124629373,0.0,52.0,7.8,42.5,45.0,0.0,0.48289516060201415,1.0,28.10829116758175,18.819441201788738,4.408788273534504,40.15470166797393,55.858800817790524,55.69317818789966,0.16562262989086207,0.0,0.0,0.0,0.0,0.0,0.0,0.0,-7.105427357601002e-15,0.0,0.0,-1.6494100566324477,0.0,0.31031692129528565,-0.09378418700996782,0.0
3,autumn_processing,秋季农产品加工日,60.0,0.75,0.25,40.22019066795745,26.248700448591936,7.00107201112822,0.0,5.0,-5.0,0.0,55.75660022851851,-0.0,2.232547015559639,0.0,-0.0,-0.0,8.202718890184979,26.248700448591936,2.333690670376073,7.00107201112822,-0.0,0.0,0.0,0.0,0.0,0.0,0.0,0.0,0.0,0.0,0.0,0.0,0.0,0.0,10.020641493680687,5.519488090340794,11.675090595162596,5.181670276630986,8.018628585602091,0.0,52.0,7.8,42.5,45.0,0.0,0.5013118463274343,1.0,28.154133467570215,18.899064322986195,4.340664646899496,40.22019066795745,57.98914724407815,55.75660022851851,2.232547015559639,0.0,0.0,0.0,0.0,0.0,0.0,0.0,0.0,0.0,0.0,0.0,0.0,0.11058766832979927,-0.10987681715323827,0.0
3,autumn_processing,秋季农产品加工日,60.0,1.0,0.25,40.03926823105838,26.42301102720145,7.079814400484969,0.0,5.0,-5.0,0.0,55.65639731055383,-0.0,3.1685635662153615,0.0,-0.0,-0.0,8.257190946000453,26.42301102720145,2.3599381334949894,7.079814400484969,-0.0,0.0,0.0,0.0,0.0,0.0,0.0,0.0,0.0,0.0,0.0,0.0,0.0,0.0,10.036583118789409,5.525259519071628,11.696506231371472,5.18318857146193,8.025321177756105,0.0,52.0,7.8,42.5,45.0,0.0,0.5085373927495327,1.0,28.027487761740865,19.024567939585044,4.38948492830068,40.03926823105838,58.82496087676919,55.65639731055383,3.1685635662153615,0.0,0.0,0.0,0.0,0.0,0.0,0.0,7.105427357601002e-15,0.0,0.0,0.0,0.0,0.17431057860951427,0.07874238935674871,0.0
3,autumn_processing,秋季农产品加工日,60.0,1.25,0.25,40.167200905626935,26.69087009384371,7.12150396499166,0.0,5.0,-5.0,0.0,55.88193246495031,-0.0,3.9179070410140824,0.0,-0.0,-0.0,8.34089690432616,26.69087009384371,2.37383465499722,7.12150396499166,-0.0,0.0,0.0,0.0,0.0,0.0,0.0,0.0,0.0,0.0,0.0,0.0,0.0,0.0,10.05738739604516,5.532540945684865,11.720849024039383,5.1850132711982955,8.03414502534278,0.0,52.0,7.8,42.5,45.0,0.0,0.516965145678714,1.0,28.117040633938853,19.21742646756747,4.415332458294829,40.167200905626935,59.79983950596439,55.88193246495031,3.9179070410140824,0.0,0.0,0.0,0.0,0.0,0.0,0.0,0.0,0.0,0.0,0.0,0.0,0.26785906664225934,0.041689564506691035,0.0
3,autumn_processing,秋季农产品加工日,60.0,1.5,0.25,40.212386441395445,26.88239179584925,7.069825991963142,0.0,5.0,-5.0,0.0,55.96974254158605,-0.0,3.518448181894037,0.0,-0.0,-0.0,8.40074743620289,26.88239179584925,2.3566086639877137,7.069825991963142,-0.0,0.0,0.0,0.0,0.0,0.0,0.0,0.0,0.0,0.0,0.0,0.0,0.0,0.0,10.083391339407553,5.541666264799497,11.748378621679441,5.187196840685258,8.045678388943415,0.0,52.0,7.8,42.5,45.0,0.0,0.5142709652332711,1.0,28.14867050897681,19.35532209301146,4.383292115017148,40.212386441395445,59.48819072348009,55.96974254158605,3.518448181894037,0.0,0.0,0.0,0.0,0.0,0.0,0.0,0.0,0.0,0.0,0.0,0.0,0.19152170200554153,-0.051677973028517954,0.0
3,autumn_processing,秋季农产品加工日,60.0,1.75,0.25,40.14254346709747,27.227651066596387,7.280883717017881,0.0,5.0,-5.0,0.0,56.0781456644148,-0.0,3.2558227326176095,0.0,-0.0,-0.0,8.50864095831137,27.227651066596387,2.4269612390059603,7.280883717017881,-0.0,0.0,0.0,0.0,0.0,0.0,0.0,0.0,0.0,0.0,0.0,0.0,0.0,0.0,10.115109715811682,5.553025929154917,11.77935297923482,5.189798655513758,8.060622557272982,0.0,52.0,7.8,42.5,45.0,0.0,0.5129377247410289,1.0,28.099780426968227,19.6039087679494,4.514147904551086,40.14254346709747,59.33396839703241,56.0781456644148,3.2558227326176095,0.0,0.0,0.0,0.0,0.0,0.0,0.0,0.0,0.0,0.0,0.0,0.0,0.34525927074713536,0.2110577250547392,0.0
3,autumn_processing,秋季农产品加工日,60.0,2.0,0.25,40.26073255550269,27.344178287265287,7.416257874785805,0.0,5.0,-5.0,0.0,56.277874228535026,-0.0,5.055337151506848,0.0,-0.0,-0.0,8.5450557147704,27.344178287265287,2.472085958261935,7.416257874785805,-0.0,0.0,0.0,0.0,0.0,0.0,0.0,0.0,0.0,0.0,0.0,0.0,0.0,0.0,10.153299311641868,5.5670720125138695,11.814023434895214,5.1928854844265695,8.079817524807646,0.0,52.0,7.8,42.5,45.0,0.0,0.5302210309923032,1.0,28.18251278885188,19.687808366831007,4.598079882367199,40.26073255550269,61.333211380041874,56.277874228535026,5.055337151506848,0.0,0.0,0.0,0.0,0.0,0.0,0.0,0.0,0.0,0.0,0.0,0.0,0.11652722066889964,0.13537415776792372,0.0
3,autumn_processing,秋季农产品加工日,60.0,2.25,0.25,40.516851518153466,27.76776867744947,7.4061378530442825,0.0,5.0,-5.0,0.0,56.66299184753785,-0.0,3.498922512927308,0.0,-0.0,-0.0,8.67742771170296,27.76776867744947,2.4687126176814274,7.4061378530442825,-0.0,0.0,0.0,0.0,0.0,0.0,0.0,0.0,0.0,0.0,0.0,0.0,0.0,0.0,10.199029566159561,5.5843225517373,11.852629205484138,5.196531916720409,8.104256526605523,0.0,52.0,7.8,42.5,45.0,0.0,0.5200952557500783,1.0,28.361796062707423,19.992793447763617,4.591805468887455,40.516851518153466,60.16191436046516,56.66299184753785,3.498922512927308,0.0,0.0,0.0,0.0,0.0,0.0,0.0,0.0,0.0,0.0,0.0,0.0,0.42359039018418443,-0.010120021741522045,0.0
3,autumn_processing,秋季农产品加工日,60.0,2.5,0.25,40.704863829952316,28.287081694513958,7.504529201906868,0.0,5.0,-5.0,0.0,57.046086593456884,-0.0,3.221592835480763,0.0,-0.0,-0.0,8.839713029535611,28.287081694513958,2.501509733968956,7.504529201906868,-0.0,0.0,0.0,0.0,0.0,0.0,0.0,0.0,0.0,0.0,0.0,0.0,0.0,0.0,10.253752091964921,5.605364793957556,11.89539137376926,5.200820711933314,8.135098269852099,0.0,52.0,7.8,42.5,45.0,0.0,0.5210095868667219,1.0,28.49340468096662,20.36669882005005,4.652808105182258,40.704863829952316,60.26767942893765,57.046086593456884,3.221592835480763,0.0,0.0,0.0,0.0,0.0,0.0,0.0,0.0,0.0,0.0,0.0,0.0,0.5193130170644871,0.09839134886258538,0.0
3,autumn_processing,秋季农产品加工日,60.0,2.75,0.25,41.09399573921054,28.4450880457768,7.416108746507095,0.0,5.0,-5.0,0.0,57.45512200235149,-0.0,1.5084946324186959,0.0,-0.0,-0.0,8.88909001430525,28.4450880457768,2.4720362488356984,7.416108746507095,-0.0,0.0,0.0,0.0,0.0,0.0,0.0,0.0,0.0,0.0,0.0,0.0,0.0,0.0,10.319357187532734,5.630856927221694,11.942506470666501,5.205843046657778,8.173675479634962,0.0,52.0,7.8,42.5,45.0,0.0,0.5097360614203245,1.0,28.765797017447376,20.480463392959294,4.597987422834398,41.09399573921054,58.96361663477018,57.45512200235149,1.5084946324186959,0.0,0.0,0.0,0.0,0.0,0.0,0.0,-7.105427357601002e-15,0.0,0.0,0.0,0.0,0.15800635126284135,-0.08842045539977317,0.0
3,autumn_processing,秋季农产品加工日,60.0,3.0,0.25,41.290383384030164,28.979428624131092,7.388968779751464,0.0,5.0,-5.0,0.0,57.80944442232162,-0.0,1.268541180524771,0.0,-0.0,-0.0,9.056071445040965,28.979428624131092,2.4629895932504877,7.388968779751464,-0.0,0.0,0.0,0.0,0.0,0.0,0.0,0.0,0.0,0.0,0.0,0.0,0.0,0.0,10.398200924913274,5.661527835970989,11.994139785701867,5.211698631222615,8.22149818566607,0.0,52.0,7.8,42.5,45.0,0.0,0.5107247726063594,1.0,28.903268368821113,20.865188609374385,4.581160643445908,41.290383384030164,59.07798560284639,57.80944442232162,1.268541180524771,0.0,0.0,0.0,0.0,0.0,0.0,0.0,0.0,0.0,0.0,0.0,0.0,0.5343405783542927,-0.02713996675563113,0.0
3,autumn_processing,秋季农产品加工日,60.0,3.25,0.25,41.6146826601934,29.44830302452554,7.2669716861916,0.0,3.3451241690316564,-3.3451241690316564,-0.0,56.58472541978649,0.0,0.0,0.0,-0.0,-0.0,9.202594695164231,29.44830302452554,2.4223238953972,7.2669716861916,-0.0,0.0,0.0,0.0,0.0,0.0,0.0,0.0,0.0,0.0,0.0,0.0,0.0,0.0,10.493082784548367,5.698174401310606,12.050418569044123,5.218495667393227,8.28025004248385,0.0,52.0,7.8,42.5,45.0,0.0,0.489170724562101,1.0,29.13027786213538,21.202778177658388,4.5055224454387925,41.6146826601934,56.58472541978649,56.58472541978649,0.0,0.0,0.0,0.0,0.0,0.0,0.0,0.0,0.0,0.0,0.0,1.6548758309683436,0.0,0.46887440039444783,-0.12199709355986332,0.0
3,autumn_processing,秋季农产品加工日,60.0,3.5,0.25,42.37552056986903,29.818001242454663,7.0802665896187715,0.0,3.3451241690316564,-3.3451241690316564,0.0,57.39885899037402,-0.0,1.194965877773285,0.0,-0.0,-0.0,9.318125388267081,29.818001242454663,2.3600888632062573,7.0802665896187715,-0.0,0.0,0.0,0.0,0.0,0.0,0.0,0.0,0.0,0.0,0.0,0.0,0.0,0.0,10.607152462632039,5.7416558654963765,12.111425316519579,5.226350617313072,8.35177592606901,0.0,52.0,7.8,42.5,45.0,0.0,0.5065392392200924,1.0,29.66286439890832,21.468960894567356,4.389765285563638,42.37552056986903,58.59382486814731,57.39885899037402,1.194965877773285,0.0,0.0,0.0,0.0,0.0,0.0,0.0,-7.105427357601002e-15,0.0,0.0,0.0,0.0,0.3696982179291233,-0.18670509657282874,0.0
3,autumn_processing,秋季农产品加工日,60.0,3.75,0.25,42.89005095406277,30.47826221400652,7.087099751107872,0.0,0.8688505586585009,-0.8688505586585009,-0.0,55.64572503830093,0.0,0.0,0.0,-0.0,-0.0,9.524456941877038,30.47826221400652,2.362366583702624,7.087099751107872,-0.0,0.0,0.0,0.0,0.0,0.0,0.0,0.0,0.0,0.0,0.0,0.0,0.0,0.0,10.743726880835009,5.79288480563595,12.177191353710693,5.235387753815113,8.438059113425217,0.0,52.0,7.8,42.5,45.0,0.0,0.4810531364043831,1.0,30.02303566784394,21.944348794084693,4.394001845686881,42.89005095406277,55.64572503830093,55.64572503830093,0.0,0.0,0.0,0.0,0.0,0.0,0.0,0.0,0.0,0.0,0.0,2.4762736103731555,0.0,0.6602609715518568,0.006833161489100625,0.0
3,autumn_processing,秋季农产品加工日,60.0,4.0,0.25,43.294417626426245,31.194204322100596,7.219476916957848,0.0,0.8688505586585009,-0.8688505586585009,0.0,56.31794934139379,-0.0,0.024986390091839894,0.0,-0.0,-0.0,9.748188850656435,31.194204322100596,2.4064923056526157,7.219476916957848,-0.0,0.0,0.0,0.0,0.0,0.0,0.0,0.0,0.0,0.0,0.0,0.0,0.0,0.0,10.906005849727691,5.852814317999734,12.247690954873722,5.245738463133685,8.541186555136457,0.0,52.0,7.8,42.5,45.0,0.0,0.48708047076763056,1.0,30.30609233849837,22.45982711191243,4.476075688513865,43.294417626426245,56.34293573148563,56.31794934139379,0.024986390091839894,0.0,0.0,0.0,0.0,0.0,0.0,0.0,0.0,0.0,0.0,0.0,0.0,0.715942108094076,0.1323771658499755,0.0
3,autumn_processing,秋季农产品加工日,60.0,4.25,0.25,43.6206545023238,31.935840709349335,7.171264641661804,2.011979300804242,0.0,2.011979300804242,-0.0,53.97904697041183,0.0,0.0,0.0,-0.0,-0.0,9.979950221671666,31.935840709349335,2.3904215472206016,7.171264641661804,-0.0,0.0,0.0,0.0,0.0,0.0,0.0,0.0,0.0,0.0,0.0,0.0,0.0,0.0,11.096687861144517,5.922421105353917,12.322836245310848,5.257540273096758,8.663301115661433,0.0,52.0,7.8,42.5,45.0,0.0,0.4666448290028244,1.0,30.53445815162666,22.99380531073152,4.446184077830319,43.6206545023238,53.97904697041183,53.97904697041183,0.0,1.1065886154423332,0.2766471538605833,16.598829231634998,0.0,0.0,0.0,0.0,0.0,0.0,0.0,2.880829859462743,0.0,0.7416363872487395,-0.04821227529604322,0.0
3,autumn_processing,秋季农产品加工日,60.0,4.5,0.25,44.301383954825916,32.6651316287688,7.3227598215163425,3.992388104002643,0.0,3.992388104002643,-0.0,52.957769425318965,0.0,0.0,0.0,-0.0,-0.0,10.207853633990249,32.6651316287688,2.4409199405054474,7.3227598215163425,-0.0,0.0,0.0,0.0,0.0,0.0,0.0,0.0,0.0,0.0,0.0,0.0,0.0,0.0,11.317505545336891,6.0026842877241195,12.402473140380435,5.270935583206797,8.806540194919112,0.0,52.0,7.8,42.5,45.0,0.0,0.45781596091155347,1.0,31.010968768378138,23.518894772713534,4.540111089340132,44.301383954825916,52.957769425318965,52.957769425318965,0.0,2.195813457201454,0.5489533643003635,32.93720185802181,0.0,0.0,0.0,0.0,0.0,0.0,0.0,1.9804088031984008,0.0,0.7292909194194621,0.1514951798545381,0.0
3,autumn_processing,秋季农产品加工日,60.0,4.75,0.25,45.03182268060108,33.27399026637964,7.251455606895371,6.7853995056142935,0.0,6.7853995056142935,-0.0,51.061697002195544,0.0,0.0,0.0,-0.0,-0.0,10.398121958243637,33.27399026637964,2.417151868965124,7.251455606895371,-0.0,0.0,0.0,0.0,0.0,0.0,0.0,0.0,0.0,0.0,0.0,0.0,0.0,0.0,11.568721378689224,6.094559922417775,12.486378569055232,5.286070077726755,8.972960858114199,0.0,52.0,7.8,42.5,45.0,0.0,0.4414245564439942,1.0,31.522275876420753,23.957272991793342,4.4959024762751305,45.03182268060108,51.061697002195544,51.061697002195544,0.0,3.731969728087862,0.9329924320219655,55.97954592131793,0.0,0.0,0.0,0.0,0.0,0.0,0.0,2.7930114016116505,0.0,0.6088586376108438,-0.07130421462097125,0.0
3,autumn_processing,秋季农产品加工日,60.0,5.0,0.25,45.73082683047458,34.03904428061916,7.394615637970809,8.954250266052462,0.0,8.954250266052462,-0.0,49.8786497814392,0.0,0.0,0.0,-0.0,-0.0,10.637201337693487,34.03904428061916,2.464871879323603,7.394615637970809,-0.0,0.0,0.0,0.0,0.0,0.0,0.0,0.0,0.0,0.0,0.0,0.0,0.0,0.0,11.848644711242066,6.198951420061325,12.574259213621621,5.3030908090363456,9.164452473978255,0.0,52.0,7.8,42.5,45.0,0.0,0.4311972015902725,1.0,32.011578781332204,24.508111882045792,4.584661695541901,45.73082683047458,49.8786497814392,49.8786497814392,0.0,4.924837646328855,1.2312094115822136,73.87256469493282,0.0,0.0,0.0,0.0,0.0,0.0,0.0,2.1688507604381684,0.0,0.7650540142395172,0.1431600310754373,0.0
3,autumn_processing,秋季农产品加工日,60.0,5.25,0.25,46.33970310913793,34.51639330500807,7.594325764203005,10.668723744307727,0.0,10.668723744307727,-0.0,48.4683511605111,0.0,0.0,1.0607756097531427,0.3712714634135999,0.47734902438891424,10.637201337693487,34.03904428061916,2.5314419214010018,7.594325764203005,-0.0,0.0,0.0,0.0,0.0,0.0,0.0,0.0,0.0,0.0,0.0,0.0,0.0,0.0,12.153246440496071,6.316676275220832,12.665751968884981,5.322143946123236,9.382638862291229,0.0,52.0,7.8,42.5,45.0,0.0,0.41900527535699444,1.0,32.43779217639655,24.851803179605813,4.708481973805863,46.33970310913793,48.4683511605111,48.4683511605111,0.0,6.079953181319879,1.5199882953299697,91.19929771979818,0.0,0.0,0.0,0.0,7.105427357601002e-15,0.0,0.0,1.7144734782552646,0.3712714634135999,0.0,0.19971012623219675,0.0
3,autumn_processing,秋季农产品加工日,60.0,5.5,0.25,46.98929966924219,35.013368224323614,7.743209399521452,10.466076496323048,0.0,10.466076496323048,-0.0,50.04597054286076,0.0,0.0,0.0,-0.0,-0.0,10.94167757010113,35.013368224323614,2.581069799840484,7.743209399521452,-0.0,0.0,0.0,0.0,0.0,0.0,0.0,0.0,0.0,0.0,0.0,0.0,0.0,0.0,12.47595278954371,6.448429785326559,12.760426283691972,5.343372192075292,9.628773028753082,0.0,52.0,7.8,42.5,45.0,0.0,0.43264367707445406,1.0,32.89250976846953,25.209625121513,4.8007898277033,46.98929966924219,50.04597054286076,50.04597054286076,0.0,5.756342072977676,1.439085518244419,86.34513109466515,0.0,0.0,0.0,0.0,0.0,0.0,0.0,-0.2026472479846788,-0.3712714634135999,0.9743239437044551,0.1488836353184464,0.0
3,autumn_processing,秋季农产品加工日,60.0,5.75,0.25,48.04998557022712,35.60633392348908,7.843901840631677,10.765939935045246,0.0,10.765939935045246,-0.0,51.02565893314944,0.0,0.0,0.0,-0.0,-0.0,11.126979351090338,35.60633392348908,2.6146339468772255,7.843901840631677,-0.0,0.0,0.0,0.0,0.0,0.0,0.0,0.0,0.0,0.0,0.0,0.0,0.0,0.0,12.807690723526726,6.59474669961735,12.857788494831153,5.366911884728261,9.903628650216993,0.0,52.0,7.8,42.5,45.0,0.0,0.44111301002901526,1.0,33.63498989915898,25.636560424912137,4.86321914119164,48.04998557022712,51.02565893314944,51.02565893314944,0.0,5.921266964274886,1.4803167410687215,88.81900446412328,0.0,0.0,0.0,0.0,-7.105427357601002e-15,0.0,0.0,0.29986343872219834,0.0,0.5929656991654682,0.10069244111022524,0.0
3,autumn_processing,秋季农产品加工日,60.0,6.0,0.25,49.10555412417282,35.974619242186954,7.987009589530832,10.895974621992927,0.0,10.895974621992927,-0.0,51.71245124634883,0.0,0.0,0.8184118193286041,0.2864441367650114,0.36828531869787184,11.126979351090338,35.60633392348908,2.6623365298436106,7.987009589530832,-0.0,0.0,0.0,0.0,0.0,0.0,0.0,0.0,0.0,0.0,0.0,0.0,0.0,0.0,13.137232885936893,6.755962007398548,12.957288199185621,5.392889806010945,10.207393482115103,0.0,52.0,7.8,42.5,45.0,0.0,0.4470502782755083,1.0,34.37388788692097,25.901725854374607,4.951945945509116,49.10555412417282,51.71245124634883,51.71245124634883,0.0,6.1564684059618315,1.5391171014904579,92.34702608942747,0.0,0.0,0.0,0.0,-7.105427357601002e-15,0.0,0.0,0.13003468694768117,0.2864441367650114,0.0,0.14310774889915479,0.0
3,autumn_processing,秋季农产品加工日,60.0,6.25,0.25,49.865704639347776,36.43789078977127,8.055764251951304,9.933298740827027,0.0,9.933298740827027,-0.0,54.004501520974706,0.0,0.0,0.0,-0.0,-0.0,11.38684087180352,36.43789078977127,2.6852547506504347,8.055764251951304,-0.0,0.0,0.0,0.0,0.0,0.0,0.0,0.0,0.0,0.0,0.0,0.0,0.0,0.0,13.45185113683954,6.932172326468697,13.058326635822345,5.421419737755537,10.539570698547848,0.0,52.0,7.8,42.5,45.0,0.0,0.46686488169106966,1.0,34.90599324754344,26.23528136863531,4.994573836209809,49.865704639347776,54.004501520974706,54.004501520974706,0.0,5.463314307454866,1.3658285768637164,81.94971461182298,0.0,0.0,0.0,0.0,0.0,0.0,0.0,-0.9626758811659002,-0.2864441367650114,0.8315568662821846,0.06875466242047246,0.0
3,autumn_processing,秋季农产品加工日,60.0,6.5,0.25,50.7806169395265,36.781448984083376,8.339856561284941,9.933298740827027,0.0,9.933298740827027,0.8536171150442822,54.009284421629914,0.0,0.0,0.527025032654915,0.1844587614292202,0.23716126469471174,11.420089912308956,36.54428771938866,2.7799521870949806,8.339856561284941,-0.0,0.0,0.0,0.0,0.0,0.0,0.0,0.0,0.0,0.0,0.0,0.0,0.0,0.0,13.738239998577866,7.123199570844414,13.160266967660982,5.452598814468941,10.898894746609848,0.0,52.0,7.8,42.5,45.0,0.02347500165924714,0.4669062295099671,1.0,35.54643185766855,26.48264326854003,5.170711067996663,50.7806169395265,54.862901536674194,54.862901536674194,0.0,5.568719313985849,1.3921798284964622,83.53078970978773,0.0,0.0,0.0,0.0,2.1316282072803006e-14,0.0,0.0,0.0,0.1844587614292202,0.10639692961739655,0.28409230933363716,0.0
3,autumn_processing,秋季农产品加工日,60.0,6.75,0.25,51.53480924251538,36.841856993949975,8.454760765092413,8.759140552985642,0.0,8.759140552985642,2.1734687803721466,54.67496215148478,0.0,0.0,0.527025032654915,0.1844587614292202,0.23716126469471174,11.438967415392268,36.60469572925526,2.8182535883641378,8.454760765092413,-0.0,-0.0,0.0,0.0,0.0,0.0,0.0,0.0,0.0,0.0,0.0,0.0,0.0,0.0,13.983622741974894,7.32855874385238,13.262446265319886,5.486503736387345,11.283268507968318,0.0,52.0,7.8,42.5,45.0,0.05977174347413497,0.47266096376063627,1.0,36.07436646976076,26.52613703564398,5.241951674357296,51.53480924251538,56.848430931856925,56.848430931856925,0.0,4.922932310673087,1.2307330776682717,73.8439846600963,0.0,0.0,0.0,0.0,7.105427357601002e-15,0.0,0.0,-1.1741581878413854,0.0,0.06040800986659889,0.11490420380747146,-0.0
3,autumn_processing,秋季农产品加工日,60.0,7.0,0.25,52.48587254139533,36.8157978309267,8.565670224709441,5.807988134033988,0.0,5.807988134033988,3.200019941135305,57.5794530399808,0.0,0.0,0.527025032654915,0.1844587614292202,0.23716126469471174,11.430823926947495,36.578636566231985,2.8552234082364802,8.565670224709441,-0.0,0.0,0.0,0.0,0.0,0.0,0.0,0.0,0.0,0.0,0.0,0.0,0.0,0.0,14.176913169248692,7.547431800518047,13.364188907195219,5.523186918596117,11.689728335149224,0.0,88.0,13.2,42.5,45.0,0.08800253896488272,0.4977700705358155,1.0,36.74011077897673,26.50737443826722,5.310715539319854,52.48587254139533,60.7794729811161,60.7794729811161,0.0,3.299798480249677,0.8249496200624192,49.49697720374515,0.0,0.0,0.0,0.0,7.105427357601002e-15,0.0,0.0,-2.9511524189516534,0.0,-0.02605916302327671,0.11090945961702836,0.0
3,autumn_processing,秋季农产品加工日,60.0,7.25,0.25,53.36438495163477,36.7734085654248,8.655167742898694,4.766316781009564,0.0,4.766316781009564,4.905551855016299,57.8106907499574,0.0,0.0,0.527025032654915,0.1844587614292202,0.23716126469471174,11.417577281478152,36.53624730073009,2.885055914299565,8.655167742898694,-0.0,-0.0,0.0,0.0,0.0,0.0,0.0,0.0,0.0,0.0,0.0,0.0,0.0,0.0,14.309784422849622,7.77864953573197,13.464821023858946,5.5626726635783195,12.114442814527765,0.0,88.0,13.2,42.5,45.0,0.134905727528737,0.4997691032658707,1.0,37.355069466144336,26.476854167105856,5.3662040005971905,53.36438495163477,62.7162426049737,62.7162426049737,0.0,2.7268792360862437,0.6817198090215609,40.90318854129366,0.0,0.0,0.0,0.0,7.105427357601002e-15,0.0,0.0,-1.041671353024424,0.0,-0.042389265501896034,0.089497518189253,-0.0
3,autumn_processing,秋季农产品加工日,60.0,7.5,0.25,54.184680999460376,36.72403018099382,8.763111612857832,3.2351482603574837,0.0,3.2351482603574837,6.578046003523603,58.51021171477949,0.0,0.0,0.527025032654915,0.1844587614292202,0.23716126469471174,11.402146536343471,36.48686891629911,2.9210372042859443,8.763111612857832,-0.0,0.0,0.0,0.0,0.0,0.0,0.0,0.0,0.0,0.0,0.0,0.0,0.0,0.0,14.377498513103541,8.020683368460157,13.563685535955084,5.604953454714412,12.55274988299242,0.0,88.0,13.2,42.5,45.0,0.1809003569935567,0.5058164097548538,1.0,37.929276699622264,26.44130173031555,5.433129199971856,54.184680999460376,65.08825771830308,65.08825771830308,0.0,1.8847365497275992,0.4711841374318998,28.27104824591399,0.0,0.0,0.0,0.0,7.105427357601002e-15,0.0,0.0,-1.5311685206520806,0.0,-0.049378384430980304,0.10794386995913818,0.0
3,autumn_processing,秋季农产品加工日,60.0,7.75,0.25,55.02788294460726,36.553289414686134,9.05483155692934,0.0,0.0,0.0,8.39309021024858,60.913176067219894,0.0,0.0,0.33181512330459956,0.11613529315660984,0.1493168054870698,11.376241440374708,36.403972609199066,3.018277185643113,9.05483155692934,-0.0,0.0,0.0,0.0,0.0,0.0,0.0,0.0,0.0,0.0,0.0,0.0,0.0,0.0,14.37937816844001,8.271648697825473,13.660157267660423,5.649986476440852,12.999235210996195,0.0,88.0,13.2,42.5,45.0,0.23081520173312756,0.5265898570882067,1.0,38.519518061225085,26.318368378574014,5.61399556529619,55.02788294460726,69.30626627746847,69.30626627746847,0.0,0.06636302466091991,0.016590756165229977,0.9954453699137986,0.0,0.0,0.0,0.0,-1.4210854715202004e-14,0.0,0.0,-3.2351482603574837,-0.06832346827261038,-0.08289630710004303,0.2917199440715077,0.0
3,autumn_processing,秋季农产品加工日,60.0,8.0,0.25,55.91970904048285,36.197104504365846,9.295002183067389,0.0,0.15554303386164925,-0.15554303386164925,9.703759852097697,60.781421440883584,0.8004655642321694,0.0,0.0,-0.0,-0.0,11.311595157614326,36.197104504365846,3.098334061022463,9.295002183067389,-0.0,0.0,0.0,0.0,0.0,0.0,0.0,0.0,0.0,0.0,0.0,0.0,0.0,0.0,14.318852125322003,8.529321199854733,13.753657567192246,5.6976904724469435,13.447852625355692,0.0,88.0,13.2,42.5,45.0,0.28887273313944467,0.5254508481851644,1.0,39.14379632833799,26.061915243143407,5.762901353501781,55.91970904048285,71.28564685721345,70.48518129298128,0.8004655642321694,0.0,0.0,0.0,0.0,0.0,0.0,0.0,-7.105427357601002e-15,0.0,0.0,-0.15554303386164925,-0.11613529315660984,-0.2068681048332195,0.24017062613804896,0.0
3,autumn_processing,秋季农产品加工日,60.0,8.25,0.25,56.54852866058588,35.82672673974123,9.429884674658174,0.0,0.15554303386164925,-0.15554303386164925,12.66905164078336,58.37416705138603,0.0,0.0,0.0,-0.0,-0.0,11.195852106169134,35.82672673974123,3.1432948915527246,9.429884674658174,-0.0,0.0,0.0,0.0,0.0,0.0,0.0,0.0,0.0,0.0,0.0,0.0,0.0,0.0,14.203067364864626,8.791167015656038,13.843667836270596,5.747943055948842,13.892084888583007,0.0,88.0,13.2,42.5,45.0,0.3484068009496844,0.504640313801904,1.0,39.58397006241012,25.795243252613687,5.846528498288068,56.54852866058588,71.04321869216939,71.04321869216939,0.0,0.0,0.0,0.0,0.0,0.0,0.0,0.0,0.0,0.0,0.0,0.0,0.0,-0.3703777646246138,0.13488249159078514,0.0
3,autumn_processing,秋季农产品加工日,60.0,8.5,0.25,57.51536888643013,35.088728913119205,9.780518694949578,0.0,2.2231063462433216,-2.2231063462433216,14.855921521456738,59.10795439488299,0.0,0.0,0.0,-0.0,-0.0,10.96522778534975,35.088728913119205,3.260172898316526,9.780518694949578,-0.0,0.0,0.0,0.0,0.0,0.0,0.0,0.0,0.0,0.0,0.0,0.0,0.0,0.0,14.042125424524812,9.054387260897604,13.92974136580569,5.800578585294906,14.325140525004464,0.0,88.0,13.2,42.5,45.0,0.4085470830183048,0.5109838505749461,1.0,40.26075822050109,25.263884817445827,6.0639215908687385,57.51536888643013,73.96387591633973,73.96387591633973,0.0,0.0,0.0,0.0,0.0,0.0,0.0,0.0,-7.105427357601002e-15,0.0,0.0,-2.0675633123816723,0.0,-0.7379978266220277,0.35063402029140356,0.0
3,autumn_processing,秋季农产品加工日,60.0,8.75,0.25,58.1135344998756,34.44935653960746,10.000568977900345,0.0,3.2049664454272317,-3.2049664454272317,16.79922517976093,58.61822267680268,0.16063742431730077,0.0,0.0,-0.0,-0.0,10.765423918627329,34.44935653960746,3.333522992633448,10.000568977900345,-0.0,0.0,0.0,0.0,0.0,0.0,0.0,0.0,0.0,0.0,0.0,0.0,0.0,0.0,13.848052841132166,9.315976677598782,14.0115128984607,5.855386713589334,14.740179765374604,0.0,88.0,13.2,42.5,45.0,0.4664067715543479,0.5067501564534824,1.0,40.67947414991291,24.803536708517367,6.200352766298214,58.1135344998756,75.57808528088091,75.41744785656361,0.16063742431730077,0.0,0.0,0.0,0.0,0.0,0.0,0.0,7.105427357601002e-15,0.0,0.0,-0.9818600991839102,0.0,-0.6393723735117476,0.22005028295076734,0.0
3,autumn_processing,秋季农产品加工日,60.0,9.0,0.25,58.70388513492658,33.70837398314009,10.326676090229228,0.0,3.2049664454272317,-3.2049664454272317,19.001121953518492,56.88382185997635,0.0,0.0,0.0,-0.0,-0.0,10.533866869731279,33.70837398314009,3.4422253634097424,10.326676090229228,-0.0,0.0,0.0,0.0,0.0,0.0,0.0,0.0,0.0,0.0,0.0,0.0,0.0,0.0,13.633648525237714,9.572795573907925,14.08870539206945,5.912111712452298,15.130560267112676,0.0,88.0,13.2,42.5,45.0,0.5225426734365143,0.4917563909460269,1.0,41.0927195944486,24.270029267860867,6.402539175942121,58.70388513492658,75.88494381349484,75.88494381349484,0.0,0.0,0.0,0.0,0.0,0.0,0.0,0.0,1.4210854715202004e-14,0.0,0.0,0.0,0.0,-0.7409825564673653,0.32610711232888256,0.0
3,autumn_processing,秋季农产品加工日,60.0,9.25,0.25,59.21372365958034,33.01653383112346,10.634953875913395,0.0,3.2049664454272317,-3.2049664454272317,20.72015554867332,55.5611860038648,0.0,1.4842891623167134,0.0,-0.0,-0.0,10.31766682222608,33.01653383112346,3.544984625304465,10.634953875913395,-0.0,0.0,0.0,0.0,0.0,0.0,0.0,0.0,0.0,0.0,0.0,0.0,0.0,0.0,13.411358434662016,9.821653483262208,14.161133541687265,5.970452657385938,15.490091255046035,0.0,88.0,13.2,42.5,45.0,0.5698171666341674,0.49315387170320285,1.0,41.44960656170623,23.77190435840889,6.593671403066304,59.21372365958034,77.76563071485484,76.28134155253812,1.4842891623167134,0.0,0.0,0.0,0.0,0.0,0.0,0.0,7.105427357601002e-15,0.0,0.0,0.0,0.0,-0.6918401520166313,0.30827778568416697,0.0
3,autumn_processing,秋季农产品加工日,60.0,9.5,0.25,59.61771299847755,32.33467521118347,10.91320355998919,0.0,3.2049664454272317,-3.2049664454272317,22.205040293683748,54.35995967371227,0.0,0.22660613943551056,0.0,-0.0,-0.0,10.104586003494834,32.33467521118347,3.6377345199963966,10.91320355998919,-0.0,0.0,0.0,0.0,0.0,0.0,0.0,0.0,0.0,0.0,0.0,0.0,0.0,0.0,13.192310703390511,10.059402253748166,14.228703731212935,6.030064545566906,15.813283301116714,0.0,88.0,13.2,42.5,45.0,0.6106524207997335,0.4718967840186272,1.0,41.73239909893428,23.2809661520521,6.766186207193298,59.61771299847755,76.79160610683152,76.56499996739602,0.22660613943551056,0.0,0.0,0.0,0.0,0.0,0.0,0.0,7.105427357601002e-15,0.0,0.0,0.0,0.0,-0.6818586199399874,0.27824968407579576,0.0
3,autumn_processing,秋季农产品加工日,60.0,9.75,0.25,59.7865340103739,31.689073924284084,11.389133926839033,0.0,1.2228574781212949,-1.2228574781212949,23.713299628921515,50.99530543652547,0.0,0.0,0.0,-0.0,-0.0,9.902835601338776,31.689073924284084,3.796377975613011,11.389133926839033,-0.0,0.0,0.0,0.0,0.0,0.0,0.0,0.0,0.0,0.0,0.0,0.0,0.0,0.0,12.985607713073245,10.283035588116705,14.291410225159177,6.090560396487061,16.095580272170423,0.0,88.0,13.2,42.5,45.0,0.6521304907367975,0.44085060631800693,1.0,41.850573807261725,22.81613322548454,7.0612630346402,59.7865340103739,74.70860506544699,74.70860506544699,0.0,0.0,0.0,0.0,0.0,0.0,0.0,0.0,0.0,0.0,0.0,1.9821089673059369,0.0,-0.6456012868993888,0.4759303668498429,0.0
3,autumn_processing,秋季农产品加工日,60.0,10.0,0.25,60.18836202417772,31.147037410133137,11.796144076127606,0.0,1.2228574781212949,-1.2228574781212949,25.186618319344536,49.89009839899696,0.0,0.1515931601138334,0.0,-0.0,-0.0,9.733449190666605,31.147037410133137,3.9320480253758685,11.796144076127606,-0.0,0.0,0.0,0.0,0.0,0.0,0.0,0.0,0.0,0.0,0.0,0.0,0.0,0.0,12.797924118151261,10.489791433602038,14.349327572566256,6.151514362137339,16.33356012623964,0.0,88.0,13.2,42.5,45.0,0.6926476712065051,0.4326066855795616,1.0,42.1318534169244,22.425866935295858,7.313609327199115,60.18836202417772,75.22830987845533,75.0767167183415,0.1515931601138334,0.0,0.0,0.0,0.0,0.0,0.0,0.0,7.105427357601002e-15,0.0,0.0,0.0,0.0,-0.5420365141509471,0.40701014928857226,0.0
3,autumn_processing,秋季农产品加工日,60.0,10.25,0.25,60.28974194685266,30.5723407155087,12.169355927104997,0.10898257618542928,0.0,0.10898257618542928,26.44518613388973,46.871955484570165,0.0,0.0,0.9659642323678383,0.3380874813287434,0.43468390456552725,9.418017753419742,30.137656810943174,4.056451975701665,12.169355927104997,-0.0,0.0,0.0,0.0,0.0,0.0,0.0,0.0,0.0,0.0,0.0,0.0,0.0,0.0,12.633411302483733,10.677253107911184,14.402599371788932,6.212465846968564,16.52509227337895,0.0,88.0,13.2,42.5,45.0,0.7272590690030345,0.4052045539839653,1.0,42.20281936279686,22.012085315166264,7.545000674805098,60.28974194685266,73.3171416184599,73.3171416184599,0.0,0.2531332633755538,0.06328331584388845,3.796998950633307,0.0,0.0,0.0,0.0,0.0,0.0,0.0,1.3318400543067241,0.3380874813287434,-1.0093805991899636,0.3732118509773912,0.0
3,autumn_processing,秋季农产品加工日,60.0,10.5,0.25,60.74778092571421,29.906003616422062,12.707700940278887,4.550254869440543,0.0,4.550254869440543,27.45137321697482,41.85375308135158,0.0,0.0,0.9659642323678382,0.3380874813287434,0.4346839045655272,9.209787409955167,29.471319711856538,4.235900313426296,12.707700940278887,-0.0,0.0,0.0,0.0,0.0,0.0,0.0,0.0,0.0,0.0,0.0,0.0,0.0,0.0,12.493867783035192,10.843444681691825,14.451423728910362,6.27292460941646,16.66944111382777,0.0,88.0,13.2,42.5,45.0,0.7549298396900891,0.36182256905127297,1.0,42.52344664799995,21.532322603823882,7.87877458297291,60.74778092571421,69.3051262983264,69.3051262983264,0.0,2.6958330246658666,0.6739582561664667,40.437495369988,0.0,0.0,0.0,0.0,1.4210854715202004e-14,3.552713678800501e-15,0.0,4.441272293255114,0.0,-0.6663370990866362,0.53834501317389,0.0
3,autumn_processing,秋季农产品加工日,60.0,10.75,0.25,60.89639326335992,29.49585872455815,13.278090155040111,4.550254869440543,0.0,4.550254869440543,28.45220340075557,41.53742089626826,0.0,0.0,-0.0,-0.0,-0.0,9.217455851424422,29.49585872455815,4.426030051680037,13.278090155040111,-0.0,-0.0,0.0,0.0,0.0,0.0,0.0,0.0,0.0,0.0,0.0,0.0,0.0,0.0,12.379107526163123,10.986915953427594,14.496035924563476,6.332376787231772,16.767308032419162,0.0,88.0,13.2,42.5,45.0,0.7824532923139965,0.3590879009401963,1.0,42.62747528435194,21.237018281681866,8.232415896124868,60.89639326335992,69.98962429702382,69.98962429702382,0.0,2.502640178192299,0.6256600445480748,37.539602672884484,0.0,0.0,0.0,0.0,0.0,0.0,0.0,0.0,-0.3380874813287434,0.02453901270161296,0.5703892147612244,-0.0
3,autumn_processing,秋季农产品加工日,60.0,11.0,0.25,61.04505141979494,29.039630662994732,13.84896457615775,5.581497559969474,0.0,5.581497559969474,28.755803084572353,40.39895688282489,0.0,0.0,0.0,-0.0,-0.0,9.074884582185852,29.039630662994732,4.616321525385916,13.84896457615775,-0.0,0.0,0.0,0.0,0.0,0.0,0.0,0.0,0.0,0.0,0.0,0.0,0.0,0.0,12.287446286747524,11.106812379791272,14.53668897386992,6.3902917592023005,16.820807408580215,0.0,70.0,10.5,42.5,45.0,0.7908024724742093,0.3492459645834771,1.0,42.731535993856454,20.908534077356205,8.586358037217805,61.04505141979494,69.15475996739724,69.15475996739724,0.0,3.069823657983211,0.7674559144958027,46.04735486974816,0.0,0.0,0.0,0.0,7.105427357601002e-15,0.0,0.0,1.0312426905289307,0.0,-0.45622806156341866,0.5708744211176384,0.0
3,autumn_processing,秋季农产品加工日,60.0,11.25,0.25,61.22302719347305,28.684003877443896,14.378919348648834,9.784825218684453,0.0,9.784825218684453,28.81414794250272,36.38077836020338,0.0,0.0,0.0,-0.0,-0.0,8.963751211701217,28.684003877443896,4.792973116216278,14.378919348648834,-0.0,0.0,0.0,0.0,0.0,0.0,0.0,0.0,0.0,0.0,0.0,0.0,0.0,0.0,12.21622880576157,11.202925585485719,14.573632911669982,6.446129727153869,16.83337588813057,0.0,70.0,10.5,42.5,45.0,0.7924069923609186,0.31450911140006804,1.0,42.856119035431135,20.652482791759603,8.914929996162277,61.22302719347305,65.19492630270611,65.19492630270611,0.0,5.38165387027645,1.3454134675691125,80.72480805414675,0.0,0.0,0.0,0.0,0.0,0.0,0.0,4.203327658714979,0.0,-0.35562678555083593,0.5299547724910845,0.0
3,autumn_processing,秋季农产品加工日,60.0,11.5,0.25,61.49399299082298,28.35613266813845,14.839398452003866,10.030556298283084,0.0,10.030556298283084,29.287166159072843,35.52061976251164,0.0,0.0,0.9445266352440898,0.3305843223354314,0.4250369858598404,8.728467400712065,27.93109568227861,4.9464661506679555,14.839398452003866,-0.0,0.0,0.0,0.0,0.0,0.0,0.0,0.0,0.0,0.0,0.0,0.0,0.0,0.0,12.162333387105987,11.27572058474174,14.607093750204768,6.499349875461849,16.80961801163677,0.0,70.0,10.5,42.5,45.0,0.8054152875592426,0.3070731045740271,1.0,43.04579509357608,20.416415521059683,9.200427040242397,61.49399299082298,64.80778592158448,64.80778592158448,0.0,5.705711291104516,1.426427822776129,85.58566936656773,0.0,0.0,0.0,0.0,-7.105427357601002e-15,0.0,0.0,0.24573107959863094,0.3305843223354314,-0.7529081951652863,0.4604791033550324,0.0
3,autumn_processing,秋季农产品加工日,60.0,11.75,0.25,61.63136876649377,27.93109568227861,15.341261196373637,8.611489565694672,0.0,8.611489565694672,30.236108522339503,36.6259918112962,0.0,0.0,0.0,-0.0,-0.0,8.728467400712065,27.93109568227861,5.113753732124546,15.341261196373637,-0.0,0.0,0.0,0.0,0.0,0.0,0.0,0.0,0.0,0.0,0.0,0.0,0.0,0.0,12.122610151998087,11.326336603979913,14.637253129949473,6.549418941765688,16.755095042051778,0.0,70.0,10.5,42.5,45.0,0.8315117928420112,0.31662896336813123,1.0,43.14195813654564,20.1103888912406,9.511581941751654,61.63136876649377,66.86210033363571,66.86210033363571,0.0,4.73631926113207,1.1840798152830174,71.04478891698105,0.0,0.0,0.0,0.0,0.0,0.0,0.0,-1.419066732588412,-0.3305843223354314,0.0,0.5018627443697703,0.0
3,autumn_processing,秋季农产品加工日,60.0,12.0,0.25,61.799569365607255,27.71618225239565,15.798871263785063,8.909784858216401,0.0,8.909784858216401,31.443077756282666,34.663270516029975,0.0,0.0,1.4492404794161158,0.5072341677956405,0.6521582157372521,8.457507511455749,27.0640240366584,5.2662904212616874,15.798871263785063,-0.0,0.0,0.0,0.0,0.0,0.0,0.0,0.0,0.0,0.0,0.0,0.0,0.0,0.0,12.094230276476052,11.356559390839653,14.6642297091183,6.595820013161198,16.676067223061896,0.0,70.0,10.5,42.5,45.0,0.8647041975749061,0.29966138437934786,1.0,43.25969855592508,19.955651221724867,9.79530018354674,61.799569365607255,66.10634827231264,66.10634827231264,0.0,5.190229767902244,1.297557441975561,77.85344651853367,0.0,0.0,0.0,0.0,0.0,0.0,0.0,0.29829529252172904,0.5072341677956405,-0.8670716456202108,0.4576100674114265,0.0
3,autumn_processing,秋季农产品加工日,60.0,12.25,0.25,61.53046582502351,27.43753932500396,16.0952960163682,6.940982466727121,0.0,6.940982466727121,32.35047017028507,35.77110748065436,0.0,0.0,0.8300339741012487,0.290511890935437,0.3735152883455619,8.457507511455749,27.0640240366584,5.365098672122733,16.0952960163682,-0.0,0.0,0.0,0.0,0.0,0.0,0.0,0.0,0.0,0.0,0.0,0.0,0.0,0.0,12.07494185043492,11.368764103662437,14.688063308536513,6.638061347741322,16.57920249465755,0.0,70.0,10.5,42.5,45.0,0.8896580534066155,0.30923855218676627,1.0,43.07132607751645,19.75502831400285,9.979083530148284,61.53046582502351,68.12157765093943,68.12157765093943,0.0,3.983547151520167,0.9958867878800417,59.7532072728025,0.0,0.0,0.0,0.0,-7.105427357601002e-15,0.0,0.0,-1.9688023914892803,-0.21672227686020346,0.0,0.2964247525831354,0.0
3,autumn_processing,秋季农产品加工日,60.0,12.5,0.25,61.24459274966937,27.0640240366584,16.480860041226393,4.433490902413382,0.0,4.433490902413382,32.95334977156137,37.80887960089249,0.0,0.0,0.0,-0.0,-0.0,8.457507511455749,27.0640240366584,5.493620013742131,16.480860041226393,-0.0,0.0,0.0,0.0,0.0,0.0,0.0,0.0,0.0,0.0,0.0,0.0,0.0,0.0,12.063241217856055,11.365829257138497,14.708702744030587,6.675685012698839,16.471266702574443,0.0,70.0,10.5,42.5,45.0,0.9062376174650907,0.3268549399513832,1.0,42.87121492476856,19.486097306394047,10.218133225560363,61.24459274966937,70.76222937245386,70.76222937245386,0.0,2.4384199963273603,0.6096049990818401,36.5762999449104,0.0,0.0,0.0,0.0,-7.105427357601002e-15,0.0,0.0,-2.5074915643137388,-0.290511890935437,0.0,0.3855640248581942,0.0
3,autumn_processing,秋季农产品加工日,60.0,12.75,0.25,61.03271847158909,26.92547128215119,16.830292478266216,3.724592085351212,0.0,3.724592085351212,33.10650550472941,38.22592814993612,0.0,0.0,0.0,-0.0,-0.0,8.414209775672246,26.92547128215119,5.610097492755405,16.830292478266216,-0.0,0.0,0.0,0.0,0.0,0.0,0.0,0.0,0.0,0.0,0.0,0.0,0.0,0.0,12.05847586526324,11.351023698216837,14.725998139380218,6.708275127831233,16.358811429651563,0.0,70.0,10.5,42.5,45.0,0.9104494953982744,0.33046029350571726,1.0,42.72290293011236,19.386339323148857,10.434781336525054,61.03271847158909,71.33243365466552,71.33243365466552,0.0,2.0485256469431667,0.5121314117357917,30.727884704147503,0.0,0.0,0.0,0.0,-7.105427357601002e-15,0.0,0.0,-0.7088988170621704,0.0,-0.13855275450720939,0.3494324370398232,0.0
3,autumn_processing,秋季农产品加工日,60.0,13.0,0.25,60.91351263309616,26.683856946820814,17.102180239712993,4.225887568208073,0.0,4.225887568208073,32.450265232795786,38.27679187454479,0.0,0.0,0.0,-0.0,-0.0,8.338705295881503,26.683856946820814,5.700726746570997,17.102180239712993,-0.0,0.0,0.0,0.0,0.0,0.0,0.0,0.0,0.0,0.0,0.0,0.0,0.0,0.0,12.06089649049281,11.32787013076424,14.739698323768964,6.735465507506913,16.247875683138307,0.0,70.0,10.5,42.5,45.0,0.8924024797035299,0.33090000660560714,1.0,42.63945884316731,19.212377001710987,10.603351748622055,60.91351263309616,70.72705710734058,70.72705710734058,0.0,2.3242381625144404,0.5810595406286101,34.863572437716606,0.0,0.0,0.0,0.0,-2.1316282072803006e-14,0.0,0.0,0.501295482856861,0.0,-0.24161433533037524,0.2718877614467772,0.0
3,autumn_processing,秋季农产品加工日,60.0,13.25,0.25,60.80180807462059,26.455219309968513,17.410669218619745,4.911699693886359,0.0,4.911699693886359,31.20680433439688,38.7541164869091,0.0,0.0,0.0,-0.0,-0.0,8.26725603436516,26.455219309968513,5.803556406206582,17.410669218619745,-0.0,0.0,0.0,0.0,0.0,0.0,0.0,0.0,0.0,0.0,0.0,0.0,0.0,0.0,12.071673021903075,11.29999021418578,14.749453686482282,6.756946505022219,16.143716796579398,0.0,70.0,10.5,42.5,45.0,0.8582065314983338,0.3350264422249258,1.0,42.56126565223441,19.047757903177327,10.794614915544242,60.80180807462059,69.96092082130598,69.96092082130598,0.0,2.7014348316374974,0.6753587079093744,40.52152247456246,0.0,0.0,0.0,0.0,7.105427357601002e-15,0.0,0.0,0.6858121256782859,0.0,-0.22863763685230154,0.30848897890675175,0.0
3,autumn_processing,秋季农产品加工日,60.0,13.5,0.25,60.42152452399234,26.425839463173173,17.591775359876635,6.916445577766535,0.0,6.916445577766535,29.809963905223572,37.81711499320272,0.0,0.0,-0.0,-0.0,-0.0,8.258074832241617,26.425839463173173,5.863925119958878,17.591775359876635,-0.0,0.0,0.0,0.0,0.0,0.0,0.0,0.0,0.0,0.0,0.0,0.0,0.0,0.0,12.092883680544793,11.270937637079138,14.754824599315574,6.772470880598991,16.05058412054993,0.0,70.0,10.5,42.5,45.0,0.8197925507865649,0.3269261343027486,1.0,42.29506716679464,19.026604413484684,10.906900723123513,60.42152452399234,67.62707889842629,67.62707889842629,0.0,3.8040450677715945,0.9510112669428986,57.060676016573915,0.0,0.0,0.0,0.0,-7.105427357601002e-15,0.0,0.0,2.004745883880176,0.0,-0.029379846795340114,0.1811061412568904,0.0
3,autumn_processing,秋季农产品加工日,60.0,13.75,0.25,60.07787617709376,26.346696726653764,17.818404235270098,9.302106264372394,0.0,9.302106264372394,28.647224475080368,36.30135624314366,0.0,0.0,0.0,-0.0,-0.0,8.2333427270793,26.346696726653764,5.939468078423366,17.818404235270098,-0.0,0.0,0.0,0.0,0.0,0.0,0.0,0.0,0.0,0.0,0.0,0.0,0.0,0.0,12.127479331606976,11.244026714050397,14.755295237285592,6.781858537583036,15.971546516323137,0.0,70.0,10.5,42.5,45.0,0.7878164931714737,0.3138225131306564,1.0,42.05451332396563,18.96962164319071,11.04741062586746,60.07787617709376,64.94858071822402,64.94858071822402,0.0,5.1161584454048175,1.2790396113512044,76.74237668107226,0.0,0.0,0.0,0.0,-1.4210854715202004e-14,0.0,0.0,2.38566068660586,0.0,-0.07914273651940817,0.22662887539346244,0.0
3,autumn_processing,秋季农产品加工日,60.0,14.0,0.25,60.12101975676653,26.414186490915217,18.0296655774416,9.302106264372394,0.0,9.302106264372394,27.102875176313177,37.38464865363291,0.0,0.0,1.21418897665816,0.42496614183035597,0.546385039496172,8.08368795356845,25.86780145141904,6.009888525813867,18.0296655774416,-0.0,0.0,0.0,0.0,0.0,0.0,0.0,0.0,0.0,0.0,0.0,0.0,0.0,0.0,12.179218811202517,11.222164875668714,14.750292346085311,6.785,15.908381512161348,0.0,70.0,10.5,42.5,45.0,0.7453459267874618,0.3231874951009736,1.0,42.084713829736565,19.018214273458955,11.178392658013793,60.12101975676653,64.48752382994608,64.48752382994608,0.0,5.35899624073645,1.3397490601841124,80.38494361104675,0.0,0.0,0.0,0.0,-1.4210854715202004e-14,-3.552713678800501e-15,0.0,0.0,0.42496614183035597,-0.4788952752347235,0.21126134217150394,0.0
3,autumn_processing,秋季农产品加工日,60.0,14.25,0.25,60.49065014340375,26.469550234890807,18.18430826826034,9.302106264372394,0.0,9.302106264372394,25.444530950678363,37.0718618341733,0.0,0.0,6.125496320006498,2.143923712002274,2.756473344002924,7.410336528402463,23.713076890887884,6.061436089420114,18.18430826826034,-0.0,0.0,0.0,0.0,0.0,0.0,0.0,0.0,0.0,0.0,0.0,0.0,0.0,0.0,12.252565799200204,11.207697830766447,14.739208236447563,6.781858537583036,15.86153044817739,0.0,70.0,10.5,42.5,45.0,0.699740429003645,0.3204834764108868,1.0,42.34345510038262,19.05807616912138,11.274271126321413,60.49065014340375,62.51639278485166,62.51639278485166,0.0,6.341257709406117,1.5853144273515292,95.11886564109174,0.0,0.0,0.0,0.0,-7.105427357601002e-15,0.0,0.0,0.0,1.7189575701719182,-2.1547245605311574,0.15464269081873994,0.0
3,autumn_processing,秋季农产品加工日,60.0,14.5,0.25,60.650277754614756,26.355033875856755,18.319971821680674,9.302106264372394,0.0,9.302106264372394,24.076634381935612,37.73385165411977,0.0,0.0,7.908872997270363,2.768105549044627,3.5589928487716636,7.123762820964091,22.796041027085092,6.106657273893558,18.319971821680674,-0.0,0.0,0.0,0.0,0.0,0.0,0.0,0.0,0.0,0.0,0.0,0.0,0.0,0.0,12.352534983712014,11.202276106632288,14.721427047174016,6.772470880598991,15.830120253786582,0.0,70.0,10.5,42.5,45.0,0.6621224224583465,0.32620632895587265,1.0,42.45519442823033,18.97562439061686,11.358382529442018,60.650277754614756,61.81048603605538,61.81048603605538,0.0,6.69793304485889,1.6744832612147225,100.46899567288335,0.0,0.0,0.0,0.0,-7.105427357601002e-15,0.0,0.0,0.0,0.6241818370423529,-0.9170358638027913,0.13566355342033276,0.0
3,autumn_processing,秋季农产品加工日,60.0,14.75,0.25,60.6083724864594,26.56871995822424,18.452402025000218,9.302106264372394,0.0,9.302106264372394,22.74733348798719,38.562300320109316,0.0,0.0,9.07038588725737,3.174635060540079,4.0816736492658166,7.027201971549506,22.487046308958423,6.150800675000073,18.452402025000218,-0.0,0.0,0.0,0.0,0.0,0.0,0.0,0.0,0.0,0.0,0.0,0.0,0.0,0.0,12.4844752775454,11.20675107116141,14.696353124783023,6.756946505022219,15.81204890213321,0.0,70.0,10.5,42.5,45.0,0.6255658209784675,0.3333682057909753,1.0,42.42586074052158,19.12947836992145,11.440489255500134,60.6083724864594,61.30963380809651,61.30963380809651,0.0,6.930235622856292,1.732558905714073,103.95353434284438,0.0,0.0,0.0,0.0,1.4210854715202004e-14,0.0,0.0,0.0,0.40652951149545213,-0.30899471812666945,0.1324302033195437,0.0
3,autumn_processing,秋季农产品加工日,60.0,15.0,0.25,60.656006334601166,26.744681025394918,18.389569677552107,6.29476642963542,0.0,6.29476642963542,21.294696650701358,40.477928878370854,0.0,0.0,14.422794915696272,5.047978220493695,6.490257712063323,6.329507285416123,20.254423313331596,6.129856559184035,18.389569677552107,-0.0,0.0,0.0,0.0,0.0,0.0,0.0,0.0,0.0,0.0,0.0,0.0,0.0,0.0,12.653780967822355,11.221107399472668,14.663440230986495,6.735465507506913,15.804128282568962,0.0,70.0,10.5,42.5,45.0,0.5856174043352521,0.3499286715860249,1.0,42.459204434220815,19.256170338284342,11.401533200082307,60.656006334601166,61.772625529072215,61.772625529072215,0.0,6.346680519438736,1.586670129859684,95.20020779158104,0.0,0.0,0.0,0.0,-7.105427357601002e-15,0.0,0.0,-3.0073398347369746,1.8733431599536159,-2.2326229956268264,-0.06283234744811139,0.0
3,autumn_processing,秋季农产品加工日,60.0,15.25,0.25,60.94601587747242,26.809949930018565,18.470880425216865,5.860311645232535,0.0,5.860311645232535,19.473489990238193,40.44507430178013,0.0,0.0,19.775203944135175,6.921321380447311,8.898841774860829,5.597221298486792,17.911108155157734,6.1569601417389554,18.470880425216865,-0.0,0.0,0.0,0.0,0.0,0.0,0.0,0.0,0.0,0.0,0.0,0.0,0.0,0.0,12.865527876919177,11.244437291907689,14.622220218779994,6.708275127831233,15.802275409518089,0.0,70.0,10.5,42.5,45.0,0.5355330882845051,0.3496446462255264,1.0,42.66221111423069,19.303163949613367,11.451945863634457,60.94601587747242,59.918564292018324,59.918564292018324,0.0,7.17821219370493,1.7945530484262324,107.67318290557395,0.0,0.0,0.0,0.0,7.105427357601002e-15,-3.552713678800501e-15,0.0,-0.43445478440288454,1.8733431599536159,-2.343315158173862,0.08131074766475876,0.0
3,autumn_processing,秋季农产品加工日,60.0,15.5,0.25,61.29456939552761,27.097111087172564,18.481594316004234,6.02895116777464,0.0,6.02895116777464,17.952744033246216,39.613017733247105,0.0,0.0,25.127612972574077,8.794664540400927,11.307425837658336,4.934276640473196,15.789685249514228,6.160531438668078,18.481594316004234,-0.0,0.0,0.0,0.0,0.0,0.0,0.0,0.0,0.0,0.0,0.0,0.0,0.0,0.0,13.124040521215267,11.274959647894914,14.572329819169981,6.675685012698839,15.80174068810127,0.0,70.0,10.5,42.5,45.0,0.49371162848185335,0.34245157934243375,1.0,42.90619857686932,19.509919982764245,11.458588475922625,61.29456939552761,57.565761766493324,57.565761766493324,0.0,8.341445736790867,2.0853614341977167,125.12168605186301,0.0,0.0,0.0,0.0,0.0,0.0,0.0,0.16863952254210446,1.8733431599536159,-2.121422905643506,0.010713890787368285,0.0
3,autumn_processing,秋季农产品加工日,60.0,15.75,0.25,61.43203823040127,27.44567720029434,18.329880491127007,4.989310778684937,0.0,4.989310778684937,15.880988091707865,40.29421285456246,0.0,0.0,30.480022001012983,10.668007700354543,13.716009900455843,4.29052103119953,13.729667299838498,6.109960163709002,18.329880491127007,-0.0,0.0,0.0,0.0,0.0,0.0,0.0,0.0,0.0,0.0,0.0,0.0,0.0,0.0,13.43240713196243,11.310084958715263,14.513534254454568,6.638061347741322,15.797360481274225,0.0,70.0,10.5,42.5,45.0,0.43673705134647695,0.34834046028318105,1.0,43.00242676128089,19.760887584211925,11.364525904498745,61.43203823040127,56.17520094627032,56.17520094627032,0.0,8.840125328479312,2.210031332119828,132.60187992718969,0.0,0.0,0.0,0.0,7.105427357601002e-15,0.0,0.0,-1.039640389089703,1.8733431599536168,-2.0600179496757303,-0.15171382487722695,0.0
3,autumn_processing,秋季农产品加工日,60.0,16.0,0.25,61.36490709570474,27.688731261576052,18.18277178684102,5.120953094574526,0.0,5.120953094574526,13.98936229702832,39.387957678466584,0.0,0.0,35.83243102945189,12.54135086030816,16.12459396325335,3.613792905725844,11.564137298322702,6.060923928947006,18.18277178684102,-0.0,-0.0,0.0,0.0,0.0,0.0,0.0,0.0,0.0,0.0,0.0,0.0,0.0,0.0,13.791971113960582,11.346524045691606,14.445746536998465,6.595820013161198,15.783820517930295,0.0,132.0,19.8,42.5,45.0,0.3847161653003093,0.34050595198009836,1.0,42.955434966993316,19.935886508334757,11.273318507841433,61.36490709570474,53.377319975494906,53.377319975494906,0.0,9.983010407906368,2.495752601976592,149.74515611859553,0.0,0.0,0.0,0.0,0.0,0.0,0.0,0.1316423158895894,1.8733431599536168,-2.165530001515796,-0.1471087042859871,-0.0
3,autumn_processing,秋季农产品加工日,60.0,16.25,0.25,61.48479579732286,27.8775503216642,17.958872002325084,3.2358722663235184,0.0,3.2358722663235184,11.981078762737084,40.75955775782134,0.0,0.0,41.184840057890796,14.414694020261777,18.53317802605086,2.9201163423791687,9.34437229561334,5.986290667441694,17.958872002325084,-0.0,-0.0,0.0,0.0,0.0,0.0,0.0,0.0,0.0,0.0,0.0,0.0,0.0,0.0,14.201838572686528,11.380436110296,14.369041516746515,6.549418941765688,15.755916745296158,0.0,132.0,19.8,42.5,45.0,0.3294871188474628,0.35236333221212796,1.0,43.039357058126,20.071836231598223,11.134500641441551,61.48479579732286,52.740636520558425,52.740636520558425,0.0,10.016697758056095,2.5041744395140237,150.25046637084142,0.0,0.0,0.0,0.0,-1.4210854715202004e-14,0.0,0.0,-1.8850808282510076,1.8733431599536168,-2.2197650027093623,-0.22389978451593606,0.0
3,autumn_processing,秋季农产品加工日,60.0,16.5,0.25,61.90777729103759,27.988681620712555,17.81170424531607,3.2358722663235184,0.0,3.2358722663235184,10.245837288588865,40.67887372904488,0.0,0.0,45.71901505628878,16.00165526970107,20.57355677532995,2.3172265141820634,7.4151248453826035,5.93723474843869,17.81170424531607,-0.0,0.0,0.0,0.0,0.0,0.0,0.0,0.0,0.0,0.0,0.0,0.0,0.0,0.0,14.65845021373323,11.40760906613583,14.283663994610707,6.499349875461849,15.708801015390595,0.0,132.0,19.8,42.5,45.0,0.2817668988953233,0.3516658248101857,1.0,43.33544410372631,20.15185076691304,11.043256632095963,61.90777729103759,50.92471101763375,50.92471101763375,0.0,10.923532757735693,2.730883189433923,163.85299136603538,0.0,0.0,0.0,0.0,-7.105427357601002e-15,0.0,0.0,0.0,1.5869612494392946,-1.9292474502307364,-0.14716775700901508,0.0
3,autumn_processing,秋季农产品加工日,60.0,16.75,0.25,62.343128236865276,28.53781676863784,17.61752773884561,5.7773323033410655,0.0,5.7773323033410655,8.30104590166383,39.712876533205254,0.0,0.0,47.57696914167914,16.651939199587698,21.409636113755614,2.227556454650695,7.128180654882225,5.8725092462818695,17.61752773884561,-0.0,0.0,0.0,0.0,0.0,0.0,0.0,0.0,0.0,0.0,0.0,0.0,0.0,0.0,15.15527045119428,11.423662977284952,14.190030507583382,6.446129727153869,15.638200418268948,0.0,132.0,19.8,42.5,45.0,0.22828392599056097,0.34331485120894967,1.0,43.640189765805694,20.547228073419245,10.922867198084278,62.343128236865276,48.01392243486909,48.01392243486909,0.0,12.692926595173416,3.173231648793354,190.39389892760124,0.0,0.0,0.0,0.0,0.0,0.0,0.0,2.541460037017547,0.6502839298866263,-0.2869441905003782,-0.19417650647045903,0.0
3,autumn_processing,秋季农产品加工日,60.0,17.0,0.25,62.706582214504685,28.853632511575512,17.429738080965915,10.919216969994059,0.0,10.919216969994059,6.76650080158239,36.50508681131456,0.0,0.0,47.57696914167914,16.651939199587698,21.409636113755614,2.326248874318718,7.443996397819898,5.809912693655305,17.429738080965915,-0.0,0.0,0.0,0.0,0.0,0.0,0.0,0.0,0.0,0.0,0.0,0.0,0.0,0.0,15.68264543060206,11.424265804661523,14.088724698144985,6.3902917592023005,15.54060101670585,0.0,132.0,19.8,42.5,45.0,0.18608298116914343,0.3155837486744938,1.0,43.894607550153275,20.774615408334366,10.806437610198868,62.706582214504685,43.27158761289695,43.27158761289695,0.0,15.520963161832562,3.8802407904581404,232.81444742748843,0.0,0.0,0.0,0.0,-7.105427357601002e-15,0.0,0.0,5.141884666652993,0.0,0.3158157429376729,-0.18778965787969426,0.0
3,autumn_processing,秋季农产品加工日,60.0,17.25,0.25,62.85101806904184,29.188903466091226,17.24190508392664,12.912955253671214,0.0,12.912955253671214,5.173991928698007,36.29045442933201,0.0,0.0,47.57696914167914,16.651939199587698,21.409636113755614,2.4310210476048786,7.779267352335612,5.747301694642213,17.24190508392664,-0.0,0.0,0.0,0.0,0.0,0.0,0.0,0.0,0.0,0.0,0.0,0.0,0.0,0.0,16.227873886280154,11.40534970173955,13.980486487491063,6.332376787231772,15.413389057998849,0.0,132.0,19.8,42.5,45.0,0.1422879965390762,0.3137282677645841,1.0,43.99571264832929,21.016010495585682,10.689981152034516,62.85101806904184,41.46444635803002,41.46444635803002,0.0,16.617519217854998,4.154379804463749,249.26278826782496,0.0,0.0,0.0,0.0,7.105427357601002e-15,0.0,0.0,1.993738283677155,0.0,0.335270954515714,-0.18783299703927625,0.0
3,autumn_processing,秋季农产品加工日,60.0,17.5,0.25,63.08395080248071,29.709322930197487,17.202389783665307,18.04143471914621,0.0,18.04143471914621,3.7231080236515837,32.995250918121734,0.0,0.0,47.57696914167914,16.651939199587698,21.409636113755614,2.5936521301380853,8.299686816441874,5.734129927888436,17.202389783665307,-0.0,-0.0,0.0,0.0,0.0,0.0,0.0,0.0,0.0,0.0,0.0,0.0,0.0,0.0,16.775520125203908,11.363315896054793,13.86619556181607,6.27292460941646,15.254945286194673,0.0,132.0,19.8,42.5,45.0,0.1023877866228623,0.2852414795509816,1.0,44.158765561736494,21.39071250974219,10.665481665872491,63.08395080248071,36.71835894177332,36.71835894177332,0.0,19.438182923866243,4.859545730966561,291.57274385799366,0.0,0.0,0.0,0.0,7.105427357601002e-15,0.0,0.0,5.128479465474996,0.0,0.5204194641062614,-0.03951530026133199,-0.0
3,autumn_processing,秋季农产品加工日,60.0,17.75,0.25,63.62565924921076,30.199337659003135,16.842157268906853,20.67223793195426,0.0,20.67223793195426,2.513587440217986,32.148728833309626,0.0,0.0,47.57696914167914,16.651939199587698,21.409636113755614,2.74678173288985,8.789701545247521,5.614052422968951,16.842157268906853,-0.0,-0.0,0.0,0.0,0.0,0.0,0.0,0.0,0.0,0.0,0.0,0.0,0.0,0.0,17.30797776020305,11.295216779883745,13.746849937312774,6.212465846968564,15.064690596800894,0.0,132.0,19.8,42.5,45.0,0.06912521819190443,0.2779233593601826,1.0,44.537961474447535,21.743523114482254,10.442137506722249,63.62565924921076,34.66231627352761,34.66231627352761,0.0,20.885124690910672,5.221281172727668,313.27687036366007,0.0,0.0,0.0,0.0,7.105427357601002e-15,0.0,0.0,2.6308032128080505,0.0,0.49001472880564734,-0.3602325147584544,0.0
3,autumn_processing,秋季农产品加工日,60.0,18.0,0.25,63.806520783453614,30.27231067317494,16.564975177407693,22.02508583838229,0.0,22.02508583838229,1.327097141618216,32.09364279615318,0.0,0.0,47.57696914167914,16.651939199587698,21.409636113755614,2.769585799818539,8.862674559419325,5.521658392469231,16.564975177407693,-0.0,-0.0,0.0,0.0,0.0,0.0,0.0,0.0,0.0,0.0,0.0,0.0,0.0,0.0,17.80626793562408,11.198905185499036,13.623540579102446,6.151514362137339,14.843083816729632,0.0,132.0,19.8,42.5,45.0,0.03649599691994652,0.27744714468371,1.0,44.66456454841753,21.796063684685954,10.27028460999277,63.806520783453614,33.4207399377714,33.4207399377714,0.0,21.62919103944609,5.407297759861523,324.4378655916914,0.0,0.0,0.0,0.0,-7.105427357601002e-15,0.0,0.0,1.3528479064280283,0.0,0.07297301417180435,-0.27718209149916007,0.0
3,autumn_processing,秋季农产品加工日,60.0,18.25,0.25,63.664093485945266,30.619400539939324,16.057948737060233,20.879456815723177,0.0,20.879456815723177,0.40783506662281244,33.95556336621407,0.0,0.0,47.57696914167914,16.651939199587698,21.409636113755614,2.8780513831824095,9.20976442618371,5.352649579020078,16.057948737060233,-0.0,-0.0,0.0,0.0,0.0,0.0,0.0,0.0,0.0,0.0,0.0,0.0,0.0,0.0,18.25102942665987,11.073142848277968,13.497423201735861,6.090560396487061,14.591574720022926,0.0,132.0,19.8,42.5,45.0,0.01121571802736527,0.29354330893257424,1.0,44.56486544016168,22.04596838875631,9.955928216977345,63.664093485945266,34.36339843283688,34.36339843283688,0.0,20.99909507698358,5.249773769245895,314.9864261547537,0.0,0.0,0.0,0.0,7.105427357601002e-15,0.0,0.0,-1.1456290226591115,0.0,0.34708986676438514,-0.5070264403474596,0.0
3,autumn_processing,秋季农产品加工日,60.0,18.5,0.25,63.406902976414294,30.950984082447228,15.542233558686712,20.678050839173856,0.0,20.678050839173856,-0.0,34.23932869743111,0.0,0.0,47.57696914167914,16.651939199587698,21.409636113755614,2.981671240216129,9.541347968691614,5.1807445195622375,15.542233558686712,-0.0,-0.0,0.0,0.0,0.0,0.0,0.0,0.0,0.0,0.0,0.0,0.0,0.0,0.0,18.623633462480015,10.917662619097412,13.369688467813436,6.030064545566906,14.312517391282487,0.0,132.0,19.8,42.5,45.0,0.0,0.29599643902461326,1.0,44.384832083490004,22.284708539362004,9.636184806385762,63.406902976414294,34.23932869743111,34.23932869743111,0.0,20.888321789881452,5.222080447470363,313.3248268482218,0.0,0.0,0.0,0.0,7.105427357601002e-15,0.0,0.0,-0.2014059765493208,0.0,0.3315835425079037,-0.5157151783735205,0.0
3,autumn_processing,秋季农产品加工日,60.0,18.75,0.25,63.04350557708084,31.09653584881757,15.094936303782896,20.009088227630933,0.0,20.009088227630933,-0.0,34.44127975166337,0.0,0.0,47.57696914167914,16.651939199587698,21.409636113755614,3.0271561672068614,9.686899735061957,5.0316454345942985,15.094936303782896,-0.0,0.0,0.0,0.0,0.0,0.0,0.0,0.0,0.0,0.0,0.0,0.0,0.0,0.0,18.90733686283784,10.733181886013655,13.241531824429998,5.970452657385938,14.009050636577143,0.0,132.0,19.8,42.5,45.0,0.0,0.2977422908033749,1.0,44.130453903956585,22.38950581114865,9.358860508345396,63.04350557708084,34.44127975166337,34.44127975166337,0.0,20.52039235353284,5.13009808838321,307.80588530299264,0.0,0.0,0.0,0.0,-7.105427357601002e-15,0.0,0.0,-0.6689626115429235,0.0,0.1455517663703425,-0.4472972549038161,0.0
3,autumn_processing,秋季农产品加工日,60.0,19.0,0.25,62.41133560490654,31.202570507993176,14.696600772432303,20.483872659767634,0.0,20.483872659767634,-0.0,33.234682667894546,0.0,0.0,47.57696914167914,16.651939199587698,21.409636113755614,3.0602919981992383,9.792934394237562,4.898866924144101,14.696600772432303,-0.0,-0.0,0.0,0.0,0.0,0.0,0.0,0.0,0.0,0.0,0.0,0.0,0.0,0.0,19.088376119107036,10.521367686577218,13.114124176439542,5.912111712452298,13.684953258653099,0.0,132.0,19.8,42.5,45.0,0.0,0.28731134914300727,1.0,43.687934923434575,22.465850765755086,9.111892478908027,62.41133560490654,33.234682667894546,33.234682667894546,0.0,20.78152379120803,5.195380947802008,311.72285686812046,0.0,0.0,0.0,0.0,0.0,0.0,0.0,0.4747844321367012,0.0,0.10603465917560584,-0.3983355313505932,-0.0
3,autumn_processing,秋季农产品加工日,60.0,19.25,0.25,61.71961620538754,31.44587585060932,14.037161751158239,17.978034980867946,0.0,17.978034980867946,-0.0,34.905020859751424,0.0,0.0,47.57696914167914,16.651939199587698,21.409636113755614,3.1363249177667827,10.036239736853705,4.679053917052746,14.037161751158239,-0.0,-0.0,0.0,0.0,0.0,0.0,0.0,0.0,0.0,0.0,0.0,0.0,0.0,0.0,19.156904495555082,10.284756910331824,12.988584496630478,5.855386713589334,13.344482633477131,0.0,132.0,19.8,42.5,45.0,0.0,0.3017512980428682,1.0,43.203731343771274,22.64103061243871,8.703040285718108,61.71961620538754,34.905020859751424,34.905020859751424,0.0,19.4033130678132,4.8508282669533,291.049696017198,0.0,0.0,0.0,0.0,-7.105427357601002e-15,0.0,0.0,-2.505837678899688,0.0,0.2433053426161429,-0.6594390212740642,0.0
3,autumn_processing,秋季农产品加工日,60.0,19.5,0.25,60.77789656815891,31.54666140791552,13.684293736874926,20.274081719494685,0.0,20.274081719494685,-0.0,31.581127299126468,0.0,0.0,47.57696914167914,16.651939199587698,21.409636113755614,3.1678204044249703,10.137025294159905,4.561431245624975,13.684293736874926,-0.0,-0.0,0.0,0.0,0.0,0.0,0.0,0.0,0.0,0.0,0.0,0.0,0.0,0.0,19.107684840650716,10.026637592105136,12.865955324682458,5.800578585294906,12.99220515314225,0.0,132.0,19.8,42.5,45.0,0.0,0.2730164864951276,1.0,42.54452759771123,22.713596213699173,8.484262116862453,60.77789656815891,31.581127299126468,31.581127299126468,0.0,20.666138774057906,5.1665346935144765,309.9920816108686,0.0,0.0,0.0,0.0,0.0,0.0,0.0,2.296046738626739,0.0,0.10078555730619954,-0.35286801428331316,0.0
3,autumn_processing,秋季农产品加工日,60.0,19.75,0.25,59.72958650284708,31.466193422445063,13.200199669999215,18.111850085253955,0.0,18.111850085253955,-0.0,32.508537933637285,0.0,0.0,47.57696914167914,16.651939199587698,21.409636113755614,3.1426741589654528,10.056557308689449,4.400066556666405,13.200199669999215,-0.0,0.0,0.0,0.0,0.0,0.0,0.0,0.0,0.0,0.0,0.0,0.0,0.0,0.0,18.940471802114686,9.750899397517895,12.74718192055484,5.747943055948842,12.632826768908181,0.0,132.0,19.8,42.5,45.0,0.0,0.2810338821559647,1.0,41.810710551992955,22.655659264160445,8.184123795399513,59.72958650284708,32.508537933637285,32.508537933637285,0.0,19.476911375225505,4.869227843806376,292.1536706283826,0.0,0.0,0.0,0.0,7.105427357601002e-15,0.0,0.0,-2.1622316342407295,0.0,-0.08046798547045597,-0.484094066875711,0.0
3,autumn_processing,秋季农产品加工日,60.0,20.0,0.25,58.41812663367307,31.360679913643548,12.920146024656015,15.130880107743295,0.0,15.130880107743295,-0.0,34.05172385535906,0.0,0.0,47.57696914167914,16.651939199587698,21.409636113755614,3.1097011874649794,9.951043799887934,4.306715341552005,12.920146024656015,-0.0,-0.0,0.0,0.0,0.0,0.0,0.0,0.0,0.0,0.0,0.0,0.0,0.0,0.0,18.660046250930094,9.4618628661314,12.633095626576477,5.6976904724469435,12.271031134891508,0.0,132.0,19.8,42.5,45.0,0.0,0.29437460917836195,1.0,40.89268864357115,22.579689537823352,8.01049053528673,58.41812663367307,34.05172385535906,34.05172385535906,0.0,17.83737788759464,4.45934447189866,267.5606683139196,0.0,0.0,0.0,0.0,0.0,0.0,0.0,-2.980969977510661,0.0,-0.10551350880151489,-0.2800536453431999,-0.0
3,autumn_processing,秋季农产品加工日,60.0,20.25,0.25,57.020753886255584,31.46959973235632,12.65490761387436,10.86143399316854,0.0,10.86143399316854,-0.0,36.869421862270194,0.0,0.0,47.57696914167914,16.651939199587698,21.409636113755614,3.14373863081272,10.059963618600705,4.21830253795812,12.65490761387436,-0.0,0.0,0.0,0.0,0.0,0.0,0.0,0.0,0.0,0.0,0.0,0.0,0.0,0.0,18.27589845033586,9.164097725451775,12.524401769393899,5.649986476440852,11.911331793925557,0.0,132.0,19.8,42.5,45.0,0.0,0.31873339797538125,1.0,39.914527720378906,22.65811180729655,7.846042720602104,57.020753886255584,36.869421862270194,36.869421862270194,0.0,15.489182524578528,3.872295631144632,232.33773786867792,0.0,0.0,0.0,0.0,7.105427357601002e-15,0.0,0.0,-4.269446114574755,0.0,0.10891981871277068,-0.2652384107816541,0.0
3,autumn_processing,秋季农产品加工日,60.0,20.5,0.25,55.64312296369843,31.35902608438265,12.254415803414975,6.524075498065827,0.0,6.524075498065827,-0.0,39.66109789967085,0.0,0.0,47.57696914167914,16.651939199587698,21.409636113755614,3.109184365820948,9.949389970627035,4.084805267804992,12.254415803414975,-0.0,-0.0,0.0,0.0,0.0,0.0,0.0,0.0,0.0,0.0,0.0,0.0,0.0,0.0,17.80159066974146,8.862240603255247,12.421672211176835,5.604953454714412,11.557943551461126,0.0,132.0,19.8,42.5,45.0,0.0,0.3428672287897375,1.0,38.9501860745889,22.578498780755506,7.597737798117285,55.64312296369843,39.66109789967085,39.66109789967085,0.0,13.103635352272034,3.2759088380680086,196.55453028408053,0.0,0.0,0.0,0.0,0.0,0.0,0.0,-4.337358495102713,0.0,-0.11057364797366986,-0.40049181045938553,-0.0
3,autumn_processing,秋季农产品加工日,60.0,20.75,0.25,54.11689211112902,31.21317794160201,11.77034536040638,2.5608872183459965,0.0,2.5608872183459965,-0.0,44.103077939989994,0.0,0.0,43.06852180996169,15.073982633486589,19.38083481448276,3.697607227224765,11.832343127119248,3.9234484534687932,11.77034536040638,-0.0,0.0,0.0,0.0,0.0,0.0,0.0,0.0,0.0,0.0,0.0,0.0,0.0,0.0,17.25386028850374,8.560821789621496,12.32534245100286,5.5626726635783195,11.21467674636287,0.0,132.0,19.8,42.5,45.0,0.0,0.3812678144370701,1.0,37.88182447779031,22.473488117953444,7.297614123451955,54.11689211112902,44.103077939989994,44.103077939989994,0.0,10.022192332082637,2.5055480830206593,150.33288498123957,0.0,0.0,0.0,0.0,0.0,0.0,0.0,-3.96318827971983,-1.5779565661011095,1.8829531564922135,-0.48407044300859603,0.0
3,autumn_processing,秋季农产品加工日,60.0,21.0,0.25,52.81915754491815,31.23096428517906,11.304578539286203,2.0565060022097796,0.0,2.0565060022097796,-0.0,45.78605289482094,0.0,0.0,37.71611278152278,13.200639473532972,16.97225075168525,4.455847979216815,14.258713533493808,3.768192846428734,11.304578539286203,-0.0,-0.0,0.0,0.0,0.0,0.0,0.0,0.0,0.0,0.0,0.0,0.0,0.0,0.0,16.65154728656929,8.264109430262216,12.235712992234431,5.523186918596117,10.884856644005794,0.0,132.0,19.8,42.5,45.0,0.0,0.3958170072089174,1.0,36.9734102814427,22.48629428532892,7.008838694357445,52.81915754491815,45.78605289482094,45.78605289482094,0.0,8.674300857519935,2.1685752143799837,130.11451286279902,0.0,0.0,0.0,0.0,0.0,0.0,0.0,-0.5043812161362169,-1.8733431599536168,2.4263704063745593,-0.46576682112017664,-0.0
3,autumn_processing,秋季农产品加工日,60.0,21.25,0.25,51.48128773732707,30.890339513638587,10.87566428985179,0.0,0.0,0.0,-0.0,48.88129811143296,0.0,0.0,32.363703753083875,11.327296313579355,14.563666688887745,5.102085257734639,16.326672824750844,3.6252214299505963,10.87566428985179,-0.0,0.0,0.0,0.0,0.0,0.0,0.0,0.0,0.0,0.0,0.0,0.0,0.0,0.0,16.0144428229776,7.975977807219714,12.152954537727314,5.486503736387345,10.571268735731614,0.0,132.0,19.8,42.5,45.0,0.0,0.4225751709019417,1.0,36.03690141612895,22.241044449819782,6.7429118597081095,51.48128773732707,48.88129811143296,48.88129811143296,0.0,6.472740750616776,1.618185187654194,97.09111125925163,0.0,0.0,0.0,0.0,7.105427357601002e-15,0.0,0.0,-2.0565060022097796,-1.8733431599536168,2.0679592912570364,-0.42891424943441336,0.0
3,autumn_processing,秋季农产品加工日,60.0,21.5,0.25,50.21961497650711,30.461085267856397,10.466266104738244,0.0,0.0,0.0,-0.0,49.238219866919025,0.0,0.0,28.513099870653335,9.979584954728667,12.830894941794002,5.509434476894499,17.630190326062397,3.4887553682460815,10.466266104738244,-0.0,0.0,0.0,0.0,0.0,0.0,0.0,0.0,0.0,0.0,0.0,0.0,0.0,0.0,15.362157267266147,7.699804346037144,12.077116457034323,5.452598814468941,10.276129406514727,0.0,132.0,19.8,42.5,45.0,0.0,0.42566073281724337,1.0,35.15373048355497,21.931981392856606,6.489084984937711,50.21961497650711,49.238219866919025,49.238219866919025,0.0,5.702619974130667,1.4256549935326668,85.53929961196,0.0,0.0,0.0,0.0,0.0,0.0,0.0,0.0,-1.3477113588506882,1.3035175013115534,-0.4093981851135453,0.0
3,autumn_processing,秋季农产品加工日,60.0,21.75,0.25,49.284320212465374,30.137077731746885,9.937158342500794,2.0643569098877776,0.0,2.0643569098877776,-0.0,48.58697226345399,0.0,0.0,23.160690842214425,8.106241794775048,10.422310878996491,6.160864641484498,19.714766852750394,3.3123861141669315,9.937158342500794,-0.0,0.0,0.0,0.0,0.0,0.0,0.0,0.0,0.0,0.0,0.0,0.0,0.0,0.0,14.713097038148181,7.438397853978596,12.008137890887062,5.421419737755537,10.001080291245833,0.0,132.0,19.8,42.5,45.0,0.0,0.42003074593133144,1.0,34.49902414872576,21.698695966857755,6.161038172350493,49.284320212465374,48.58697226345399,48.58697226345399,0.0,5.767534468881163,1.4418836172202907,86.51301703321744,0.0,0.0,0.0,0.0,7.105427357601002e-15,0.0,0.0,2.0643569098877776,-1.8733431599536186,2.0845765266879965,-0.5291077622374498,0.0
3,autumn_processing,秋季农产品加工日,60.0,22.0,0.25,48.01779228115547,29.961951564466577,9.583109247330976,2.33813094491268,0.0,2.33813094491268,-0.0,49.499952684365304,0.0,0.0,17.808281813775526,6.232898634821433,8.013726816198988,6.858820233833622,21.94822474826759,3.1943697491103253,9.583109247330976,-0.0,0.0,0.0,0.0,0.0,0.0,0.0,0.0,0.0,0.0,0.0,0.0,0.0,0.0,14.083621779353868,7.1939584092121684,11.945860818101217,5.392889806010945,9.74720372315027,0.0,62.0,9.299999999999999,42.5,45.0,0.0,0.4279233934734901,1.0,33.61245459680883,21.572605126415937,5.941527733345205,48.01779228115547,49.499952684365304,49.499952684365304,0.0,4.84762838245708,1.21190709561427,72.7144257368562,0.0,0.0,0.0,0.0,-7.105427357601002e-15,3.552713678800501e-15,0.0,0.2737740350249025,-1.873343159953615,2.2334578955171978,-0.35404909516981853,0.0
3,autumn_processing,秋季农产品加工日,60.0,22.25,0.25,46.90923024576306,29.555392647543258,9.177543577574472,2.33813094491268,0.0,2.33813094491268,-0.0,50.75517811042669,0.0,0.0,12.455872785336624,4.359555474867818,5.605142753401481,7.484453091919305,23.950249894141777,3.059181192524824,9.177543577574472,-0.0,0.0,0.0,0.0,0.0,0.0,0.0,0.0,0.0,0.0,0.0,0.0,0.0,0.0,13.487429647284715,6.968067432861792,11.890044406348059,5.366911884728261,9.515056010483105,0.0,62.0,9.299999999999999,42.5,45.0,0.0,0.4387747235206005,1.0,32.83646117203414,21.279882706231145,5.690077018096172,46.90923024576306,50.75517811042669,50.75517811042669,0.0,3.777146576769299,0.9442866441923248,56.65719865153949,0.0,0.0,0.0,0.0,-7.105427357601002e-15,0.0,0.0,0.0,-1.873343159953615,2.0020251458741853,-0.40556566975650377,0.0
3,autumn_processing,秋季农产品加工日,60.0,22.5,0.25,46.26854932679874,29.262406317535852,8.75381887185192,2.849886956945099,0.0,2.849886956945099,-0.0,50.47676969558354,0.0,0.0,10.19991698843453,3.5699709459520856,4.589962644795539,7.710138647731348,24.672443672740314,2.9179396239506397,8.75381887185192,-0.0,0.0,0.0,0.0,0.0,0.0,0.0,0.0,0.0,0.0,0.0,0.0,0.0,0.0,12.935192198292302,6.761704899897761,11.840379996809487,5.343372192075292,9.304714866400865,0.0,62.0,9.299999999999999,42.5,45.0,0.0,0.4363679035704698,1.0,32.38798452875912,21.068932548625813,5.42736770054819,46.26854932679874,50.47676969558354,50.47676969558354,0.0,3.607421224006711,0.9018553060016777,54.11131836010066,0.0,0.0,0.0,0.0,0.0,0.0,0.0,0.5117560120324187,-0.7895845289157326,0.7221937785985375,-0.4237247057225524,0.0
3,autumn_processing,秋季农产品加工日,60.0,22.75,0.25,45.286342930668326,29.05495573800322,8.684253248850139,2.849886956945099,0.0,2.849886956945099,-0.0,51.83220557066871,0.0,0.0,5.255898403323444,1.8395644411632053,2.36515428149555,8.340562955158646,26.689801456507666,2.8947510829500462,8.684253248850139,-0.0,0.0,0.0,0.0,0.0,0.0,0.0,0.0,0.0,0.0,0.0,0.0,0.0,0.0,12.434434919458196,6.575289458328243,11.796506128069264,5.322143946123236,9.115837151792075,0.0,62.0,9.299999999999999,42.5,45.0,0.0,0.44808554546400153,1.0,31.700440051467826,20.91956813136232,5.384237014287086,45.286342930668326,51.83220557066871,51.83220557066871,0.0,2.6186175069844935,0.6546543767461234,39.2792626047674,0.0,0.0,0.0,0.0,0.0,-3.552713678800501e-15,0.0,0.0,-1.7304065047888804,2.017357783767352,-0.06956562300178071,0.0
3,autumn_processing,秋季农产品加工日,60.0,23.0,0.25,44.34584270469493,28.776010747724094,8.330919709702119,2.849886956945099,0.0,2.849886956945099,-0.0,52.729855125165415,0.0,0.0,1.0916223547833208,0.38206782417416224,0.49123005965249433,8.838993965022373,28.2847806880716,2.776973236567373,8.330919709702119,-0.0,0.0,0.0,0.0,0.0,0.0,0.0,0.0,0.0,0.0,0.0,0.0,0.0,0.0,11.989637715158308,6.408736466058253,11.758023080334537,5.3030908090363456,8.947723147939667,0.0,62.0,9.299999999999999,42.5,45.0,0.0,0.4558456588111709,1.0,31.042089893286448,20.71872773836135,5.165170220015313,44.34584270469493,52.729855125165415,52.729855125165415,0.0,1.7857622972764688,0.4464405743191172,26.78643445914703,0.0,0.0,0.0,0.0,0.0,0.0,0.0,0.0,-1.457496616989043,1.5949792315639328,-0.3533335391480197,0.0
3,autumn_processing,秋季农产品加工日,60.0,23.25,0.25,43.56874234700598,28.448525632719974,8.168272206499948,0.15862312155639557,0.0,0.15862312155639557,-0.0,54.84451341346765,0.0,0.0,0.3638776547741666,0.12735717917095832,0.16374494464837497,8.838993965022373,28.2847806880716,2.7227574021666494,8.168272206499948,-0.0,-0.0,0.0,0.0,0.0,0.0,0.0,0.0,0.0,0.0,0.0,0.0,0.0,0.0,11.602513661027226,6.261528619486926,11.724506510547892,5.286070077726755,8.799383820755047,0.0,62.0,9.299999999999999,42.5,45.0,0.0,0.4741267217555594,1.0,30.498119642904182,20.48293845555838,5.064328768029967,43.56874234700598,54.84451341346765,54.84451341346765,0.0,0.1600182478108509,0.04000456195271272,2.4002737171627633,0.0,0.0,0.0,0.0,0.0,0.0,0.0,-2.6912638353887033,-0.25471064500320395,0.0,-0.16264750320217125,-0.0
3,autumn_processing,秋季农产品加工日,60.0,23.5,0.25,42.814224853956866,28.2847806880716,8.077975633935292,0.07404296915540698,0.0,0.07404296915540698,-0.0,54.27183439446893,0.0,0.0,-0.0,-0.0,-0.0,8.838993965022373,28.2847806880716,2.6926585446450972,8.077975633935292,-0.0,0.0,0.0,0.0,0.0,0.0,0.0,0.0,0.0,0.0,0.0,0.0,0.0,0.0,11.272415065056373,6.13279390240317,11.69551984559786,5.270935583206797,8.669607929738786,0.0,62.0,9.299999999999999,42.5,45.0,0.0,0.46917595441354526,1.0,29.969957397769804,20.36504209541155,5.008344893039881,42.814224853956866,54.27183439446893,54.27183439446893,0.0,0.04072363303547384,0.01018090825886846,0.6108544955321076,0.0,0.0,0.0,0.0,0.0,0.0,0.0,-0.0845801524009886,-0.12735717917095832,0.0,-0.09029657256465562,0.0
3,autumn_processing,秋季农产品加工日,60.0,23.75,0.25,42.50323366435175,28.151286283299164,7.896696225908888,0.0,0.11834952028054602,-0.11834952028054602,-0.0,54.05109222346625,0.0,0.0,0.0,-0.0,-0.0,8.797276963530988,28.151286283299164,2.6322320753029627,7.896696225908888,-0.0,0.0,0.0,0.0,0.0,0.0,0.0,0.0,0.0,0.0,0.0,0.0,0.0,0.0,10.996813320099616,6.0213859672325425,11.670625198649649,5.257540273096758,8.557026328483346,0.0,62.0,9.299999999999999,42.5,45.0,0.0,0.46726765483393756,1.0,29.75226356504622,20.268926123975398,4.895951660063511,42.50323366435175,54.05109222346625,54.05109222346625,0.0,0.0,0.0,0.0,0.0,0.0,0.0,0.0,0.0,0.0,0.0,-0.192392489435953,0.0,-0.1334944047724349,-0.18127940802640374,0.0
4,winter_heating,冬季采暖日,80.0,0.0,0.25,34.47491881844127,46.32566071261451,2.4688575889905713,0.0,3.9846523764865296,-3.9846523764865296,-0.0,53.75929269728336,0.0,0.0,0.0,-0.0,-0.0,14.476768972692033,46.32566071261451,0.8229525296635237,2.4688575889905713,-0.0,0.0,0.0,0.0,0.0,0.0,0.0,0.0,0.0,0.0,0.0,0.0,0.0,0.0,11.80027194200923,5.949317972019548,10.991732042262308,4.14281748856022,1.5033616864879322,0.0,52.0,7.8,46.0,45.0,0.0,0.46474506972654656,1.0,26.89043667838419,42.619607855605345,0.7406572766971714,34.47491881844127,53.75929269728336,53.75929269728336,0.0,0.0,0.0,0.0,0.0,0.0,0.0,0.0,0.0,0.0,0.0,1.0153476235134704,0.0,-3.582322668935255,-0.03019169542650335,0.0
4,winter_heating,冬季采暖日,80.0,0.25,0.25,34.698747814229726,46.559036183703384,2.565527348121853,0.0,5.0,-5.0,0.0,55.10362240434432,-0.0,1.2283096454853109,0.0,-0.0,-0.0,14.549698807407307,46.559036183703384,0.8551757827072843,2.565527348121853,-0.0,0.0,0.0,0.0,0.0,0.0,0.0,0.0,0.0,0.0,0.0,0.0,0.0,0.0,11.803036727364832,5.952300685875409,11.005108740818377,4.143499579371369,1.5041430289633455,0.0,52.0,7.8,46.0,45.0,0.0,0.4869853447616531,1.0,27.065023295099188,42.83431328900711,0.7696582044365559,34.698747814229726,56.33193204982963,55.10362240434432,1.2283096454853109,0.0,0.0,0.0,0.0,0.0,0.0,0.0,0.0,0.0,0.0,-1.0153476235134704,0.0,0.2333754710888769,0.09666975913128173,0.0
4,winter_heating,冬季采暖日,80.0,0.5,0.25,34.58584715125811,46.90246477661515,2.597345027428337,0.0,5.0,-5.0,0.0,55.108649069759785,-0.0,3.93625883224761,0.0,-0.0,-0.0,14.657020242692234,46.90246477661515,0.8657816758094458,2.597345027428337,-0.0,0.0,0.0,0.0,0.0,0.0,0.0,0.0,0.0,0.0,0.0,0.0,0.0,0.0,11.811031997786403,5.956139368567153,11.02054442941158,4.144329852196457,1.5050860692310126,0.0,52.0,7.8,46.0,45.0,0.0,0.5104388183534012,1.0,26.976960777981326,43.15026759448594,0.7792035082285012,34.58584715125811,59.044907902007395,55.108649069759785,3.93625883224761,0.0,0.0,0.0,0.0,0.0,0.0,0.0,0.0,0.0,0.0,0.0,0.0,0.34342859291176353,0.03181767930648416,0.0
4,winter_heating,冬季采暖日,80.0,0.75,0.25,34.4206429175955,47.27639939973859,2.5386675702172274,0.0,5.0,-5.0,0.0,55.04074025341955,-0.0,9.898148610128224,0.0,-0.0,-0.0,14.773874812418308,47.27639939973859,0.8462225234057424,2.5386675702172274,-0.0,0.0,0.0,0.0,0.0,0.0,0.0,0.0,0.0,0.0,0.0,0.0,0.0,0.0,11.82435696254321,5.961047137568058,11.03826747179009,4.145336221304789,1.5062194231045318,0.0,52.0,7.8,46.0,45.0,0.0,0.561391843505022,1.0,26.84810147572449,43.494287447759504,0.7616002710651683,34.4206429175955,64.93888886354777,55.04074025341955,9.898148610128224,0.0,0.0,0.0,0.0,0.0,0.0,0.0,0.0,0.0,0.0,0.0,0.0,0.3739346231234393,-0.05867745721110973,0.0
4,winter_heating,冬季采暖日,80.0,1.0,0.25,34.35067792554186,47.52958083339371,2.6570410615668694,0.0,5.0,-5.0,0.0,55.089352289833016,-0.0,11.528446168998641,0.0,-0.0,-0.0,14.852994010435534,47.52958083339371,0.8856803538556232,2.6570410615668694,-0.0,0.0,0.0,0.0,0.0,0.0,0.0,0.0,0.0,0.0,0.0,0.0,0.0,0.0,11.843168080171502,5.967280280597358,11.058514982387573,4.146550857169545,1.50757567744426,0.0,52.0,7.8,46.0,45.0,0.0,0.5759058915472538,1.0,26.79352878192265,43.727214366722215,0.7971123184700608,34.35067792554186,66.61779845883166,55.089352289833016,11.528446168998641,0.0,0.0,0.0,0.0,0.0,0.0,0.0,-7.105427357601002e-15,0.0,0.0,0.0,0.0,0.25318143365512213,0.11837349134964192,0.0
4,winter_heating,冬季采暖日,80.0,1.25,0.25,34.505096388015545,47.963040054860464,2.547195414795819,0.0,5.0,-5.0,0.0,55.34261154342471,-0.0,13.9698272915862,0.0,-0.0,-0.0,14.988450017143894,47.963040054860464,0.849065138265273,2.547195414795819,-0.0,0.0,0.0,0.0,0.0,0.0,0.0,0.0,0.0,0.0,0.0,0.0,0.0,0.0,11.867717127333288,5.975144221339654,11.081529986364508,4.148010616958637,1.5091917114992284,0.0,52.0,7.8,46.0,45.0,0.0,0.5992008563185943,1.0,26.913975182652127,44.12599685047163,0.7641586244387456,34.505096388015545,69.31243883501091,55.34261154342471,13.9698272915862,0.0,0.0,0.0,0.0,0.0,0.0,0.0,0.0,0.0,0.0,0.0,0.0,0.4334592214667552,-0.10984564677105046,0.0
4,winter_heating,冬季采暖日,80.0,1.5,0.25,34.27958520063453,48.30898898601336,2.5251238873028687,0.0,5.0,-5.0,0.0,55.217852221197994,-0.0,14.876794857618243,0.0,-0.0,-0.0,15.096559058129175,48.30898898601336,0.8417079624342896,2.5251238873028687,-0.0,0.0,0.0,0.0,0.0,0.0,0.0,0.0,0.0,0.0,0.0,0.0,0.0,0.0,11.898401780500912,5.984999565983458,11.107557969587834,4.149757472548207,1.5111089965382423,0.0,52.0,7.8,46.0,45.0,0.0,0.605962988157921,1.0,26.738076456494934,44.44426986713229,0.7575371661908606,34.27958520063453,70.09464707881624,55.217852221197994,14.876794857618243,0.0,0.0,0.0,0.0,0.0,0.0,0.0,0.0,0.0,0.0,0.0,0.0,0.34594893115289693,-0.02207152749295016,0.0
4,winter_heating,冬季采暖日,80.0,1.75,0.25,34.45489502407934,48.57765160434517,2.426954150607698,0.0,5.0,-5.0,0.0,55.44439586730644,-0.0,14.594493771225046,0.0,-0.0,-0.0,15.180516126357865,48.57765160434517,0.8089847168692327,2.426954150607698,-0.0,0.0,0.0,0.0,0.0,0.0,0.0,0.0,0.0,0.0,0.0,0.0,0.0,0.0,11.935829464657784,5.997268003487311,11.136842816731102,4.151838924411007,1.5133738613170247,0.0,52.0,7.8,46.0,45.0,0.0,0.6054809692515558,1.0,26.87481811878189,44.69143947599756,0.7280862451823095,34.45489502407934,70.03888963853149,55.44439586730644,14.594493771225046,0.0,0.0,0.0,0.0,0.0,0.0,0.0,0.0,0.0,0.0,0.0,0.0,0.2686626183318097,-0.0981697366951706,0.0
4,winter_heating,冬季采暖日,80.0,2.0,0.25,34.42675247506539,49.15772345349021,2.444647077793212,0.0,5.0,-5.0,0.0,55.603423413545485,-0.0,12.569308612862713,0.0,-0.0,-0.0,15.361788579215691,49.15772345349021,0.814882359264404,2.444647077793212,-0.0,0.0,0.0,0.0,0.0,0.0,0.0,0.0,0.0,0.0,0.0,0.0,0.0,0.0,11.980893187737404,6.012437773514979,11.169622156628202,4.154308387541256,1.5160377092753505,0.0,52.0,7.8,46.0,45.0,0.0,0.5893481760905552,1.0,26.852866930551006,45.225105577210996,0.7333941233379636,34.42675247506539,68.1727320264082,55.603423413545485,12.569308612862713,0.0,0.0,0.0,0.0,0.0,0.0,0.0,0.0,0.0,0.0,0.0,0.0,0.5800718491450425,0.017692927185513962,0.0
4,winter_heating,冬季采暖日,80.0,2.25,0.25,34.52588597872573,49.64576662855635,2.404757105361467,0.0,5.0,-5.0,0.0,55.84177375193674,-0.0,12.196958131819486,0.0,-0.0,-0.0,15.51430207142386,49.64576662855635,0.8015857017871557,2.404757105361467,-0.0,0.0,0.0,0.0,0.0,0.0,0.0,0.0,0.0,0.0,0.0,0.0,0.0,0.0,12.034854888068281,6.031068355876284,11.206122157912276,4.157225533376328,1.519157171837129,0.0,52.0,7.8,46.0,45.0,0.0,0.5881897548666967,1.0,26.93019106340607,45.67410529827185,0.7214271316084401,34.52588597872573,68.03873188375623,55.84177375193674,12.196958131819486,0.0,0.0,0.0,0.0,0.0,0.0,0.0,0.0,0.0,0.0,0.0,0.0,0.4880431750661387,-0.03988997243174497,0.0
4,winter_heating,冬季采暖日,80.0,2.5,0.25,34.7290448625068,50.12697540542935,2.5479203426725103,0.0,5.0,-5.0,0.0,56.2430314575943,-0.0,11.69317121783719,0.0,-0.0,-0.0,15.66467981419667,50.12697540542935,0.8493067808908368,2.5479203426725103,-0.0,0.0,0.0,0.0,0.0,0.0,0.0,0.0,0.0,0.0,0.0,0.0,0.0,0.0,12.099427468518607,6.053793977474161,11.246551844290934,4.160656569546652,1.5227941808836123,0.0,52.0,7.8,46.0,45.0,0.0,0.5873033975193223,1.0,27.088654992755302,46.116817372995,0.764376102801753,34.7290448625068,67.93620267543149,56.2430314575943,11.69317121783719,0.0,0.0,0.0,0.0,0.0,0.0,0.0,-7.105427357601002e-15,0.0,0.0,0.0,0.0,0.4812087768729967,0.1431632373110432,0.0
4,winter_heating,冬季采暖日,80.0,2.75,0.25,34.70885352591989,50.699532558397834,2.508734448409157,0.0,5.0,-5.0,0.0,56.3887022665556,-0.0,9.179958025924705,0.0,-0.0,-0.0,15.843603924499323,50.699532558397834,0.8362448161363857,2.508734448409157,-0.0,0.0,0.0,0.0,0.0,0.0,0.0,0.0,0.0,0.0,0.0,0.0,0.0,0.0,12.176841481288626,6.081325481399429,11.291097026811965,4.164674437326223,1.5270159424802652,0.0,52.0,7.8,46.0,45.0,0.0,0.5668361704662996,1.0,27.072905750217515,46.64356995372601,0.752620334522747,34.70885352591989,65.5686602924803,56.3887022665556,9.179958025924705,0.0,0.0,0.0,0.0,0.0,0.0,0.0,0.0,0.0,0.0,0.0,0.0,0.5725571529684856,-0.039185894263353394,0.0
4,winter_heating,冬季采暖日,80.0,3.0,0.25,35.12771510927401,51.17313942925682,2.477359551337696,0.0,5.0,-5.0,0.0,56.94510769802933,-0.0,6.617552898125233,0.0,-0.0,-0.0,15.991606071642757,51.17313942925682,0.8257865171125652,2.477359551337696,-0.0,0.0,0.0,0.0,0.0,0.0,0.0,0.0,0.0,0.0,0.0,0.0,0.0,0.0,12.269877091397662,6.114450062848668,11.339913979209037,4.169358904978092,1.5318947933621572,0.0,52.0,7.8,46.0,45.0,0.0,0.5494944529331103,1.0,27.399617785233726,47.07928827491628,0.7432078654013087,35.12771510927401,63.562660596154565,56.94510769802933,6.617552898125233,0.0,0.0,0.0,0.0,0.0,0.0,0.0,0.0,0.0,0.0,0.0,0.0,0.4736068708589869,-0.03137489707146113,0.0
4,winter_heating,冬季采暖日,80.0,3.25,0.25,35.42830137178927,52.15582571728036,2.475770384769521,0.0,5.0,-5.0,0.0,57.55225370336255,-0.0,3.625791739932261,0.0,-0.0,-0.0,16.29869553665011,52.15582571728036,0.8252567949231736,2.475770384769521,-0.0,0.0,0.0,0.0,0.0,0.0,0.0,0.0,0.0,0.0,0.0,0.0,0.0,0.0,12.381837685767072,6.1540283534154545,11.393123010732625,4.174796533914582,1.5375079216242937,0.0,52.0,7.8,46.0,45.0,0.0,0.5288796330595075,1.0,27.634075069995628,47.98335965989793,0.7427311154308562,35.42830137178927,61.17804544329481,57.55225370336255,3.625791739932261,0.0,0.0,0.0,0.0,0.0,0.0,0.0,0.0,0.0,0.0,0.0,0.0,0.9826862880235367,-0.0015891665681748712,0.0
4,winter_heating,冬季采暖日,80.0,3.5,0.25,35.56957619726598,53.037838634396195,2.650332218662188,0.0,5.0,-5.0,0.0,58.02734484340218,-0.0,1.8702963964424342,0.0,-0.0,-0.0,16.57432457324881,53.037838634396195,0.883444072887396,2.650332218662188,-0.0,0.0,0.0,0.0,0.0,0.0,0.0,0.0,0.0,0.0,0.0,0.0,0.0,0.0,12.516439905905806,6.2009883347360875,11.450802117436693,4.181080493850458,1.5439369336234074,0.0,52.0,7.8,46.0,45.0,0.0,0.5178106343626423,1.0,27.744269433867466,48.7948115436445,0.7950996655986564,35.56957619726598,59.89764123984462,58.02734484340218,1.8702963964424342,0.0,0.0,0.0,0.0,0.0,0.0,0.0,0.0,0.0,0.0,0.0,0.0,0.8820129171158371,0.1745618338926671,0.0
4,winter_heating,冬季采暖日,80.0,3.75,0.25,35.871603230499005,54.049487774785185,2.5832581768328695,0.0,5.0,-5.0,0.0,58.623154219063665,-0.0,1.9484641712849395,0.0,-0.0,-0.0,16.890464929620368,54.049487774785185,0.8610860589442898,2.5832581768328695,-0.0,0.0,0.0,0.0,0.0,0.0,0.0,0.0,0.0,0.0,0.0,0.0,0.0,0.0,12.67759771938531,6.256315590086826,11.512980916235565,4.18831020305209,1.5512672503706577,0.0,52.0,7.8,46.0,45.0,0.0,0.5236371164848839,1.0,27.979850519789224,49.72552875280237,0.7749774530498609,35.871603230499005,60.571618390348604,58.623154219063665,1.9484641712849395,0.0,0.0,0.0,0.0,0.0,0.0,0.0,7.105427357601002e-15,0.0,0.0,0.0,0.0,1.0116491403889896,-0.06707404182931853,0.0
4,winter_heating,冬季采暖日,80.0,4.0,0.25,36.38514982080636,55.27345491195955,2.575479389204729,0.0,5.0,-5.0,0.0,59.51659761052863,-0.0,2.0159112033277964,0.0,-0.0,-0.0,17.272954659987356,55.27345491195955,0.8584931297349097,2.575479389204729,-0.0,0.0,0.0,0.0,0.0,0.0,0.0,0.0,0.0,0.0,0.0,0.0,0.0,0.0,12.869086902678674,6.321039463439713,11.579635084607881,4.196590770506949,1.5595873187619862,0.0,52.0,7.8,46.0,45.0,0.0,0.5319439424207705,1.0,28.380416860228962,50.851578519002786,0.7726438167614187,36.38514982080636,61.532508813856424,59.51659761052863,2.0159112033277964,0.0,0.0,0.0,0.0,0.0,0.0,0.0,0.0,0.0,0.0,0.0,0.0,1.2239671371743626,-0.007778787628140549,0.0
4,winter_heating,冬季采暖日,80.0,4.25,0.25,36.66083634529535,56.33999482901824,2.437118654269297,0.0,5.0,-5.0,0.0,60.07945761411999,-0.0,1.4957149059946886,0.0,-0.0,-0.0,17.6062483840682,56.33999482901824,0.8123728847564323,2.437118654269297,-0.0,-0.0,0.0,0.0,0.0,0.0,0.0,0.0,0.0,0.0,0.0,0.0,0.0,0.0,13.09409167615053,6.396214793782231,11.650681541021164,4.206032218477407,1.5689876259172395,0.0,52.0,7.8,46.0,45.0,0.0,0.5323127669745352,1.0,28.595452349330376,51.83279524269678,0.7311355962807891,36.66083634529535,61.57517252011468,60.07945761411999,1.4957149059946886,0.0,0.0,0.0,0.0,0.0,0.0,0.0,7.105427357601002e-15,0.0,0.0,0.0,0.0,1.066539917058691,-0.1383607349354321,-0.0
4,winter_heating,冬季采暖日,80.0,4.5,0.25,37.12371118962946,57.511175815916616,2.402180923512912,0.0,5.0,-5.0,0.0,60.8966806066077,-0.0,2.9258421804636114,0.0,-0.0,-0.0,17.97224244247394,57.511175815916616,0.800726974504304,2.402180923512912,-0.0,-0.0,0.0,0.0,0.0,0.0,0.0,0.0,0.0,0.0,0.0,0.0,0.0,0.0,13.35465654349753,6.4828990307420495,11.725974605450592,4.216748466565439,1.5795595087182277,0.0,52.0,7.8,46.0,45.0,0.0,0.5517409421627388,1.0,28.95649472791098,52.910281750643286,0.7206542770538735,37.12371118962946,63.822522787071314,60.8966806066077,2.9258421804636114,0.0,0.0,0.0,0.0,0.0,0.0,0.0,0.0,0.0,0.0,0.0,0.0,1.1711809868983778,-0.034937730756384955,0.0
4,winter_heating,冬季采暖日,80.0,4.75,0.25,37.39094041990202,58.927376497598615,2.4379838355862886,0.0,5.0,-5.0,0.0,61.61840685393035,-0.0,2.775368569113809,0.0,-0.0,-0.0,18.414805155499565,58.927376497598615,0.8126612785287629,2.4379838355862886,-0.0,-0.0,0.0,0.0,0.0,0.0,0.0,0.0,0.0,0.0,0.0,0.0,0.0,0.0,13.651091226853284,6.582124716211198,11.805303374379491,4.228856062181404,1.5913937553560473,0.0,52.0,7.8,46.0,45.0,0.0,0.5566793785300405,1.0,29.16493352752358,54.21318637779073,0.7313951506758866,37.39094041990202,64.39377542304416,61.61840685393035,2.775368569113809,0.0,0.0,0.0,0.0,0.0,0.0,0.0,0.0,0.0,0.0,0.0,0.0,1.4162006816819996,0.035802912073376714,0.0
4,winter_heating,冬季采暖日,80.0,5.0,0.25,37.93559194054703,60.18921828705399,2.5730860282444636,0.0,3.80282457604698,-3.80282457604698,-0.0,60.02948451193199,0.0,0.0,2.8040928654563877,0.9814325029097356,1.2618417894553744,18.414805155499565,58.927376497598615,0.8576953427481545,2.5730860282444636,-0.0,-0.0,0.0,0.0,0.0,0.0,0.0,0.0,0.0,0.0,0.0,0.0,0.0,0.0,13.981400759265638,6.6948675336662316,11.888390529242258,4.242472647229077,1.6045790012890015,0.0,52.0,7.8,46.0,45.0,0.0,0.518950409601581,1.0,29.589761713626682,55.374080824089674,0.771925808473339,37.93559194054703,60.02948451193199,60.02948451193199,0.0,0.5608185730912776,0.1402046432728194,11.216371461825553,0.0,0.0,0.0,0.0,0.0,0.0,0.0,1.19717542395302,0.9814325029097356,0.0,0.13510219265817502,0.0
4,winter_heating,冬季采暖日,80.0,5.25,0.25,38.760101322197805,61.720066079138505,2.3611540306541294,0.0,2.3225386452215915,-2.3225386452215915,-0.0,58.11240456971709,0.0,0.0,6.20597684786642,2.1720918967532468,2.7926895815398893,18.414805155499565,58.927376497598615,0.7870513435513765,2.3611540306541294,-0.0,-0.0,0.0,0.0,0.0,0.0,0.0,0.0,0.0,0.0,0.0,0.0,0.0,0.0,14.340830799785364,6.822010377238499,11.974892770582164,4.257715156898589,1.6191999284026473,0.0,52.0,7.8,46.0,45.0,0.0,0.5023773967006682,1.0,30.23287903131429,56.78246079280743,0.7083462091962388,38.760101322197805,58.11240456971709,58.11240456971709,0.0,1.2411953695732842,0.31029884239332106,24.823907391465685,0.0,0.0,0.0,0.0,0.0,0.0,0.0,1.4802859308253886,1.1906593938435113,0.0,-0.2119319975903342,0.0
4,winter_heating,冬季采暖日,80.0,5.5,0.25,39.17186672136496,62.910370710335066,2.3537720527641515,0.0,2.0233246116381025,-2.0233246116381025,-0.0,57.296702785073435,0.0,0.0,8.851098250525444,3.0978843876839055,3.9829942127364504,18.414805155499565,58.927376497598615,0.7845906842547171,2.3537720527641515,-0.0,-0.0,0.0,0.0,0.0,0.0,0.0,0.0,0.0,0.0,0.0,0.0,0.0,0.0,14.721624291661577,6.964304168152685,12.064403031854226,4.274697753660234,1.6353352832366128,0.0,52.0,7.8,46.0,45.0,0.0,0.4953257157026508,1.0,30.554056042664666,57.87754105350826,0.7061316158292454,39.17186672136496,57.296702785073435,57.296702785073435,0.0,1.7702196501050889,0.4425549125262722,35.40439300210178,0.0,0.0,0.0,0.0,0.0,0.0,0.0,0.29921403358348897,0.9257924909306587,0.0,-0.007381977889977964,0.0
4,winter_heating,冬季采暖日,80.0,5.75,0.25,39.86102265716776,63.98519778503888,2.3566576118724294,1.3430031433304919,0.0,1.3430031433304919,-0.0,53.784516205285215,0.0,0.0,11.23960286097836,3.933861001342426,5.057821287440262,18.414805155499565,58.927376497598615,0.7855525372908098,2.3566576118724294,-0.0,-0.0,0.0,0.0,0.0,0.0,0.0,0.0,0.0,0.0,0.0,0.0,0.0,0.0,15.113075053761536,7.122326435586738,12.15645457693127,4.29352950778261,1.6530557377363582,0.0,52.0,7.8,46.0,45.0,0.0,0.46496312506911,1.0,31.091597672590854,58.86638196223577,0.7069972835617288,39.86102265716776,53.784516205285215,53.784516205285215,0.0,2.9865723010274428,0.7466430752568607,59.73144602054886,0.0,0.0,0.0,0.0,0.0,0.0,0.0,3.3663277549685944,0.8359766136585205,0.0,0.002885559108277924,0.0
4,winter_heating,冬季采暖日,80.0,6.0,0.25,40.78811148000454,64.91791303681008,2.378995889316104,3.4235639643169335,0.0,3.4235639643169335,-0.0,51.91304510379474,0.0,0.0,13.312303420469915,4.65930619716447,5.990536539211462,18.414805155499565,58.927376497598615,0.7929986297720347,2.378995889316104,-0.0,-0.0,0.0,0.0,0.0,0.0,0.0,0.0,0.0,0.0,0.0,0.0,0.0,0.0,15.501934805405533,7.296438967990432,12.250527024684587,4.314311844808757,1.6724216238937528,0.0,52.0,7.8,46.0,45.0,0.0,0.4487843971894301,1.0,31.81472695440354,59.72447999386527,0.7136987667948312,40.78811148000454,51.91304510379474,51.91304510379474,0.0,4.545420864468297,1.1363552161170742,90.90841728936594,0.0,0.0,0.0,0.0,0.0,0.0,0.0,2.0805608209864417,0.7254451958220436,0.0,0.02233827744367467,0.0
4,winter_heating,冬季采暖日,80.0,6.25,0.25,41.501147252385074,65.53120376834283,2.3925199202045646,1.2217168919754613,0.0,1.2217168919754613,-0.0,54.355432056509635,0.0,0.0,14.67517171276493,5.1363100994677255,6.603827270744219,18.414805155499565,58.927376497598615,0.7975066400681882,2.3925199202045646,-0.0,-0.0,0.0,0.0,0.0,0.0,0.0,0.0,0.0,0.0,0.0,0.0,0.0,0.0,15.873184341470656,7.486746112586193,12.346054273868399,4.33713579020443,1.6934805816070466,0.0,52.0,7.8,46.0,45.0,0.0,0.4698986499574181,1.0,32.37089485686036,60.28870746687541,0.7177559760613693,41.501147252385074,54.355432056509635,54.355432056509635,0.0,3.60697863313949,0.9017446582848725,72.1395726627898,0.0,0.0,0.0,0.0,0.0,0.0,0.0,-2.2018470723414723,0.47700390230325596,0.0,0.013524030888460548,0.0
4,winter_heating,冬季采暖日,80.0,6.5,0.25,42.15578670351661,65.86845605857319,2.4400142836244783,0.0,0.0,0.0,0.0,55.98531251724411,-0.0,0.003304217581877822,15.42462124661016,5.398617436313556,6.941079560974572,18.414805155499565,58.927376497598615,0.8133380945414928,2.4400142836244783,-0.0,-0.0,0.0,0.0,0.0,0.0,0.0,0.0,0.0,0.0,0.0,0.0,0.0,0.0,16.211123198321882,7.6930555365119675,12.442434223970382,4.3620790515751535,1.7162651668298874,0.0,52.0,7.8,46.0,45.0,0.0,0.48401740950796585,1.0,32.88151362874296,60.598979573887334,0.7320042850873435,42.15578670351661,55.98861673482599,55.98531251724411,0.003304217581877822,3.0849242493220324,0.7712310623305081,61.69848498644065,0.0,0.0,0.0,0.0,0.0,0.0,0.0,-1.2217168919754613,0.2623073368458302,0.0,0.04749436341991364,0.0
4,winter_heating,冬季采暖日,80.0,6.75,0.25,43.07404365234997,66.13179922590001,2.3842526176815926,1.29153079618073,0.0,1.29153079618073,-0.0,55.38862898443936,0.0,0.0,16.00982828511421,5.603439899789973,7.204422728301395,18.414805155499565,58.927376497598615,0.7947508725605309,2.3842526176815926,-0.0,-0.0,0.0,0.0,0.0,0.0,0.0,0.0,0.0,0.0,0.0,0.0,0.0,0.0,16.500674835530376,7.914843443360571,12.539040105393347,4.389202989109877,1.7407904742722486,0.0,52.0,7.8,46.0,45.0,0.0,0.47883056022297515,1.0,33.597754048832975,60.84125528782801,0.7152757853044778,43.07404365234997,55.38862898443936,55.38862898443936,0.0,3.912307594922244,0.978076898730561,78.24615189844488,0.0,0.0,0.0,0.0,0.0,0.0,0.0,1.29153079618073,0.2048224634764173,0.0,-0.055761665942885674,0.0
4,winter_heating,冬季采暖日,80.0,7.0,0.25,43.748021937727266,66.17252835564756,2.7020401074484397,0.0,0.9493407075878804,-0.9493407075878804,0.0,58.37772972481501,0.1410776436585495,0.2345988603384086,16.10033746233098,5.635118111815843,7.245151858048942,18.414805155499565,58.927376497598615,0.9006800358161465,2.7020401074484397,-0.0,-0.0,0.0,0.0,0.0,0.0,0.0,0.0,0.0,0.0,0.0,0.0,0.0,0.0,16.728757539713456,8.151226344559491,12.635233148620934,4.418549534876894,1.7670518352263433,0.0,93.28,13.991999999999999,46.0,45.0,0.0038797229584546502,0.5066992024714437,1.0,34.12345711142727,60.87872608719576,0.8106120322345319,43.748021937727266,58.75340622881197,58.37772972481501,0.37567650399695807,3.220067492466196,0.805016873116549,64.40134984932392,0.0,0.0,0.0,0.0,0.0,0.0,0.0,-2.24087150376861,0.03167821202587007,0.0,0.3177874897668471,0.0
4,winter_heating,冬季采暖日,80.0,7.25,0.25,44.47583575100579,66.05409834656163,2.7353541249301765,0.0,0.9493407075878804,-0.9493407075878804,0.802549394922303,58.4062110449542,0.0,0.0,15.837159664362256,5.543005882526789,7.126721848963015,18.414805155499565,58.927376497598615,0.9117847083100589,2.7353541249301765,-0.0,-0.0,0.0,0.0,0.0,0.0,0.0,0.0,0.0,0.0,0.0,0.0,0.0,0.0,16.885545618962553,8.400941498590528,12.730376240739366,4.450138130862656,1.795022656174443,0.0,93.28,13.991999999999999,46.0,45.0,0.02207060758903776,0.5049173317327204,1.0,34.691151885784514,60.769770478836705,0.8206062374790529,44.47583575100579,59.2087604398765,59.2087604398765,0.0,3.1674319328724514,0.7918579832181128,63.34863865744903,0.0,0.0,0.0,0.0,0.0,0.0,0.0,0.0,-0.09211222928905372,0.0,0.03331401748173679,0.0
4,winter_heating,冬季采暖日,80.0,7.5,0.25,44.793317300000545,65.5358143835163,2.7561760214628306,0.0,0.9493407075878804,-0.9493407075878804,0.18354147429924694,59.752750895784814,1.4035768661178956,0.0,14.685417524261513,5.139896133491529,6.608437885917681,18.414805155499565,58.927376497598615,0.9187253404876102,2.7561760214628306,-0.0,-0.0,0.0,0.0,0.0,0.0,0.0,0.0,0.0,0.0,0.0,0.0,0.0,0.0,16.965448245462177,8.66233803793697,12.823848143084806,4.4839627637715305,1.8246524673583497,0.0,93.28,13.991999999999999,46.0,45.0,0.043646741634018445,0.5165580681610751,1.0,34.93878749400043,60.29294923283499,0.8268528064388492,44.793317300000545,61.339869236201956,59.93629237008406,1.4035768661178956,2.937083504852303,0.7342708762130757,58.74167009704606,0.0,0.0,0.0,0.0,-7.105427357601002e-15,0.0,0.0,0.0,-0.4031097490352602,0.0,0.020821896532654094,0.0
4,winter_heating,冬季采暖日,80.0,7.75,0.25,45.19766616561387,64.71751769897661,2.9746806449329863,0.0,0.8531716276682815,-0.8531716276682815,2.4695429237134263,58.48421708341863,0.0,0.0,12.866980447506648,4.503443156627327,5.790141201377992,18.414805155499565,58.927376497598615,0.9915602149776621,2.9746806449329863,-0.0,-0.0,0.0,0.0,0.0,0.0,0.0,0.0,0.0,0.0,0.0,0.0,0.0,0.0,16.96766623875921,8.933380593651512,12.915057780333491,4.519989181152683,1.8558652521421384,0.0,93.28,13.991999999999999,46.0,45.0,0.0679139665899826,0.5055916881084521,1.0,35.25417960917882,59.54011628305848,0.8924041934798959,45.19766616561387,60.953760007132054,60.953760007132054,0.0,2.5733960895013297,0.6433490223753324,51.467921790026594,0.0,0.0,0.0,0.0,7.105427357601002e-15,0.0,0.0,0.09616907991959889,-0.6364529768642022,0.0,0.21850462347015576,0.0
4,winter_heating,冬季采暖日,80.0,8.0,0.25,45.53587347028913,63.6428024357787,3.057881872171108,0.0,1.8104467942352889,-1.8104467942352889,3.629263672484753,59.48360219745621,0.0,0.0,10.47872430706685,3.6675535074733974,4.715425938180083,18.414805155499565,58.927376497598615,1.0192939573903692,3.057881872171108,-0.0,-0.0,0.0,0.0,0.0,0.0,0.0,0.0,0.0,0.0,0.0,0.0,0.0,0.0,16.896245507879964,9.211666895843113,13.003458063527212,4.558152377957555,1.8885581275123642,0.0,93.28,13.991999999999999,46.0,45.0,0.09980700858956568,0.5142312977685424,1.0,35.517981306825526,58.55137824091641,0.9173645616513323,45.53587347028913,63.11286586994096,63.11286586994096,0.0,2.0957448614133702,0.5239362153533426,41.91489722826741,0.0,0.0,0.0,0.0,7.105427357601002e-15,0.0,0.0,-0.9572751665670074,-0.8358896491539296,0.0,0.08320122723812151,0.0
4,winter_heating,冬季采暖日,80.0,8.25,0.25,45.96841038559368,62.403761849110744,3.1702801076405587,0.0,2.083682228065049,-2.083682228065049,4.9741877903784,59.84561474126177,0.0,0.0,7.7253007811380625,2.7038552733983217,3.4763853515121284,18.414805155499565,58.927376497598615,1.0567600358801863,3.1702801076405587,-0.0,-0.0,0.0,0.0,0.0,0.0,0.0,0.0,0.0,0.0,0.0,0.0,0.0,0.0,16.75961949054026,9.494460376908522,13.088558681564926,4.5983544447590745,1.922600443223189,0.0,93.28,13.991999999999999,46.0,45.0,0.13679325844641985,0.517360869168601,1.0,35.85536010076307,57.41146090118189,0.9510840322921675,45.96841038559368,64.81980253164016,64.81980253164016,0.0,1.5450601562276125,0.3862650390569031,30.90120312455225,0.0,0.0,0.0,0.0,7.105427357601002e-15,0.0,0.0,-0.27323543382976023,-0.9636982340750757,0.0,0.11239823546945082,0.0
4,winter_heating,冬季采暖日,80.0,8.5,0.25,46.07516499135085,61.10295659859727,3.2318172931550837,0.0,3.424800954123077,-3.424800954123077,5.56048745773969,61.739438217953214,1.0321226804294126,0.0,4.834622446663669,1.692117856332284,2.1755801009986513,18.414805155499565,58.927376497598615,1.0772724310516946,3.2318172931550837,-0.0,-0.0,0.0,0.0,0.0,0.0,0.0,0.0,0.0,0.0,0.0,0.0,0.0,0.0,16.56970800093928,9.778738241769414,13.169937291307198,4.640462868235925,1.9578333617716144,0.0,93.28,13.991999999999999,46.0,45.0,0.1813008797559791,0.5337328316622447,1.0,35.93862869325367,56.21472007070949,0.9695451879465251,46.07516499135085,68.33204835612231,67.2999256756929,1.0321226804294126,0.9669244893327339,0.24173112233318347,19.338489786654677,0.0,0.0,0.0,0.0,-7.105427357601002e-15,0.0,0.0,-1.3411187260580277,-1.0117374170660376,0.0,0.06153718551452503,0.0
4,winter_heating,冬季采暖日,80.0,8.75,0.25,46.21290678587723,59.967969591738225,3.268418764304312,0.0,3.424800954123077,-3.424800954123077,8.184699385839492,60.14793624676434,0.0,0.0,2.3124290980880207,0.8093501843308072,1.0405930941396093,18.414805155499565,58.927376497598615,1.0894729214347707,3.268418764304312,-0.0,-0.0,0.0,0.0,0.0,0.0,0.0,0.0,0.0,0.0,0.0,0.0,0.0,0.0,16.340702352535956,10.061254811806684,13.247248558544662,4.684309370871468,1.9940699735316383,0.0,93.28,13.991999999999999,46.0,45.0,0.22508432443163218,0.5199744160012536,1.0,36.04606729298424,55.17053202439917,0.9805256292912935,46.21290678587723,68.33263563260383,68.33263563260383,0.0,0.46248581961760415,0.11562145490440104,9.249716392352083,0.0,0.0,0.0,0.0,0.0,0.0,0.0,0.0,-0.8827676720014769,0.0,0.03660147114922818,0.0
4,winter_heating,冬季采暖日,80.0,9.0,0.25,46.42833142780973,58.82091424535816,3.456830297492857,0.0,5.0,-5.0,10.237515604695764,60.72462829061934,0.0,1.627056074533101,0.0,-0.0,-0.0,18.381535701674423,58.82091424535816,1.1522767658309523,3.456830297492857,-0.0,-0.0,0.0,0.0,0.0,0.0,0.0,0.0,0.0,0.0,0.0,0.0,0.0,0.0,16.087705259780503,10.33861921982056,13.320230552502023,4.729689369961839,2.031095991035345,0.0,93.28,13.991999999999999,46.0,45.0,0.2815380474117303,0.5390256538720186,1.0,36.21409851369159,54.11524110572951,1.037049089247857,46.42833142780973,72.58919996984821,70.96214389531511,1.627056074533101,0.0,0.0,0.0,0.0,0.0,0.0,0.0,0.0,0.0,0.0,-1.5751990458769232,-0.8093501843308072,-0.1064622522404548,0.1884115331885452,0.0
4,winter_heating,冬季采暖日,80.0,9.25,0.25,46.78493660173909,57.34522096311757,3.6005324001621473,0.0,5.0,-5.0,11.906819953013871,58.99867566642017,0.0,3.303879718336333,0.0,-0.0,-0.0,17.920381550974238,57.34522096311757,1.2001774667207157,3.6005324001621473,-0.0,-0.0,0.0,0.0,0.0,0.0,0.0,0.0,0.0,0.0,0.0,0.0,0.0,0.0,15.825402952901179,10.607385761923187,13.38870807577705,4.776362125908751,2.068671053718672,0.0,93.28,13.991999999999999,46.0,45.0,0.3274449553871206,0.5386009375062681,1.0,36.49225054935649,52.75760328606817,1.0801597200486441,46.78493660173909,74.20937533777037,70.90549561943403,3.303879718336333,0.0,0.0,0.0,0.0,0.0,0.0,0.0,-1.4210854715202004e-14,0.0,0.0,0.0,0.0,-1.4756932822405915,0.14370210266929018,0.0
4,winter_heating,冬季采暖日,80.0,9.5,0.25,46.959121764495514,55.830127906330134,3.5801462114798857,0.0,5.0,-5.0,13.418830131607637,57.18058867410934,0.0,2.813989407800193,0.0,-0.0,-0.0,17.446914970728166,55.830127906330134,1.1933820704932951,3.5801462114798857,-0.0,-0.0,0.0,0.0,0.0,0.0,0.0,0.0,0.0,0.0,0.0,0.0,0.0,0.0,15.566926630000802,10.86415443404802,13.45259261860132,4.824051636453525,2.106530659712633,0.0,93.28,13.991999999999999,46.0,45.0,0.3690261758496999,0.5186486461214318,1.0,36.6281149763065,51.36371767382373,1.0740438634439657,46.959121764495514,73.41340821351717,70.59941880571698,2.813989407800193,0.0,0.0,0.0,0.0,0.0,0.0,0.0,7.105427357601002e-15,0.0,0.0,0.0,0.0,-1.5150930567874354,-0.020386188682261608,0.0
4,winter_heating,冬季采暖日,80.0,9.75,0.25,47.03256067979546,54.37898716804968,3.5665514206082674,0.0,5.0,-5.0,14.919330180998017,55.29551446234906,0.0,2.7606196372337806,0.0,-0.0,-0.0,16.993433490015526,54.37898716804968,1.1888504735360892,3.5665514206082674,-0.0,-0.0,0.0,0.0,0.0,0.0,0.0,0.0,0.0,0.0,0.0,0.0,0.0,0.0,15.323017101426428,11.105678435166043,13.511878758332314,4.872448317189649,2.144388724825195,0.0,93.28,13.991999999999999,46.0,45.0,0.4102908605992697,0.5018909426895757,1.0,36.68539733024046,50.02866819460571,1.0699654261824803,47.03256067979546,72.97546428058087,70.21484464334708,2.7606196372337806,0.0,0.0,0.0,0.0,0.0,0.0,0.0,0.0,0.0,0.0,0.0,0.0,-1.4511407382804506,-0.0135947908716183,0.0
4,winter_heating,冬季采暖日,80.0,10.0,0.25,46.86779494581851,53.1196242610948,3.7143372928308174,0.0,5.0,-5.0,16.57916250643269,53.12662745192155,0.0,8.060987250708791,0.0,-0.0,-0.0,16.599882581592123,53.1196242610948,1.2381124309436058,3.7143372928308174,-0.0,0.0,0.0,0.0,0.0,0.0,0.0,0.0,0.0,0.0,0.0,0.0,0.0,0.0,15.101550459418487,11.328974748290202,13.566636977699005,4.921211489709872,2.181940751190348,0.0,88.0,13.2,46.0,45.0,0.45593728205326045,0.5289623585916711,1.0,36.55688005773844,48.87005432020722,1.1143011878492453,46.86779494581851,77.76677720906304,69.70578995835425,8.060987250708791,0.0,0.0,0.0,0.0,0.0,0.0,0.0,0.0,0.0,0.0,0.0,0.0,-1.259362906954884,0.14778587222255002,0.0
4,winter_heating,冬季采暖日,80.0,10.25,0.25,46.813252844046865,51.987644507336825,3.8655523664796174,0.0,5.0,-5.0,10.0476720565403,59.300237151542525,7.680426325172473,0.0,0.0,-0.0,-0.0,16.246138908542758,51.987644507336825,1.2885174554932057,3.8655523664796174,-0.0,0.0,0.0,0.0,0.0,0.0,0.0,0.0,0.0,0.0,0.0,0.0,0.0,0.0,14.907425336930803,11.53143335654408,13.617003042418625,4.969972677574852,2.2188675697091758,0.0,88.0,13.2,46.0,45.0,0.48753373332306577,0.5126461206433814,1.0,36.51433721835656,47.82863294674988,1.1596657099438852,46.813252844046865,77.0283355332553,69.34790920808283,7.680426325172473,0.0,0.0,0.0,0.0,0.0,0.0,0.0,-7.105427357601002e-15,0.0,0.0,0.0,0.0,-1.1319797537579745,0.15121507364880005,0.0
4,winter_heating,冬季采暖日,80.0,10.5,0.25,46.86136638479261,51.074255582790684,4.059298728141686,0.0,5.0,-5.0,18.833502454738934,50.34166837572299,0.0,4.10779886807682,0.0,-0.0,-0.0,15.960704869622088,51.074255582790684,1.3530995760472286,4.059298728141686,-0.0,0.0,0.0,0.0,0.0,0.0,0.0,0.0,0.0,0.0,0.0,0.0,0.0,0.0,14.742763983981526,11.71092025622717,13.663164252787977,5.018339687533169,2.2548396019890076,0.0,88.0,13.2,46.0,45.0,0.5179330329517776,0.470711577127424,1.0,36.551865780138236,46.98831513616743,1.2177896184425057,46.86136638479261,73.28296969853875,69.17517083046192,4.10779886807682,0.0,0.0,0.0,0.0,0.0,0.0,0.0,-7.105427357601002e-15,0.0,0.0,0.0,0.0,-0.9133889245461404,0.19374636166206827,0.0
4,winter_heating,冬季采暖日,80.0,10.75,0.25,46.859758222158845,50.15908624814144,4.192304429399224,0.0,5.0,-5.0,19.918079764647374,49.01382771985541,0.0,4.139331222658932,0.0,-0.0,-0.0,15.6747144525442,50.15908624814144,1.3974348097997413,4.192304429399224,-0.0,0.0,0.0,0.0,0.0,0.0,0.0,0.0,0.0,0.0,0.0,0.0,0.0,0.0,14.607346880872484,11.865869229701802,13.705343055950921,5.065901429785418,2.289521569660788,0.0,88.0,13.2,46.0,45.0,0.5477595836393908,0.4595050886927564,1.0,36.5506114132839,46.146359348290126,1.257691328819767,46.859758222158845,73.07123870716171,68.93190748450279,4.139331222658932,0.0,0.0,0.0,0.0,0.0,0.0,0.0,0.0,0.0,0.0,0.0,0.0,-0.9151693346492422,0.13300570125753808,0.0
4,winter_heating,冬季采暖日,80.0,11.0,0.25,47.021657389786945,49.19221971035419,4.450063959743037,0.0,5.0,-5.0,17.24483663751095,51.632744065009355,3.4071189635961865,0.0,0.0,-0.0,-0.0,15.372568659485683,49.19221971035419,1.4833546532476791,4.450063959743037,-0.0,0.0,0.0,0.0,0.0,0.0,0.0,0.0,0.0,0.0,0.0,0.0,0.0,0.0,14.499186618362078,11.995357370174574,13.743778666204287,5.112233407361841,2.3225775623986644,0.0,70.0,10.5,46.0,45.0,0.5679416256520801,0.4463612156466915,1.0,36.676892764033816,45.25684213352586,1.3350191879229112,47.021657389786945,72.2846996661165,68.8775807025203,3.4071189635961865,0.0,0.0,0.0,0.0,0.0,0.0,0.0,0.0,0.0,0.0,0.0,0.0,-0.9668665377872543,0.2577595303438134,0.0
4,winter_heating,冬季采暖日,80.0,11.25,0.25,47.087831001972994,48.13080917743489,4.644583690441407,0.0,2.116836834810915,-2.116836834810915,20.908943591679826,44.88479667653296,0.0,0.0,0.0,-0.0,-0.0,15.040877867948403,48.13080917743489,1.548194563480469,4.644583690441407,-0.0,0.0,0.0,0.0,0.0,0.0,0.0,0.0,0.0,0.0,0.0,0.0,0.0,0.0,14.415149990798652,12.099159632324577,13.778707480124346,5.156903781723095,2.3536763613451477,0.0,70.0,10.5,46.0,45.0,0.5750089552531126,0.38802571452267826,1.0,36.728508181538935,44.280344443240104,1.393375107132422,47.087831001972994,65.79374026821279,65.79374026821279,0.0,0.0,0.0,0.0,0.0,0.0,0.0,0.0,0.0,0.0,0.0,2.883163165189085,0.0,-1.0614105329192967,0.19451973069836992,0.0
4,winter_heating,冬季采暖日,80.0,11.5,0.25,47.367324048720235,47.49360119568154,4.7883280760644436,3.811880038548484,0.0,3.811880038548484,21.398634017911544,38.06426317497671,0.0,0.0,1.0810834132425542,0.37837919463489395,0.4864875359591494,14.689723018663248,47.00711365972239,1.5961093586881479,4.7883280760644436,-0.0,0.0,0.0,0.0,0.0,0.0,0.0,0.0,0.0,0.0,0.0,0.0,0.0,0.0,14.351553396785064,12.17777823152108,13.81034318201178,5.1994799003694805,2.3824969025845952,0.0,70.0,10.5,46.0,45.0,0.5884757465881372,0.32906271187303243,1.0,36.94651275800179,43.69411310002702,1.436498422819333,47.367324048720235,59.46289719288825,59.46289719288825,0.0,2.312750703850177,0.5781876759625443,46.255014077003544,0.0,0.0,0.0,0.0,7.105427357601002e-15,0.0,0.0,5.928716873359399,0.37837919463489395,-1.1236955177124983,0.14374438562303649,0.0
4,winter_heating,冬季采暖日,80.0,11.75,0.25,47.78550214385134,47.00711365972239,4.99494190454006,1.9660633289239442,0.0,1.9660633289239442,22.196177463930518,39.977965004506814,0.0,0.0,0.0,-0.0,-0.0,14.689723018663248,47.00711365972239,1.6649806348466865,4.99494190454006,-0.0,0.0,0.0,0.0,0.0,0.0,0.0,0.0,0.0,0.0,0.0,0.0,0.0,0.0,14.304679979357742,12.232443532298307,13.8388575046795,5.23953515341255,2.40873375636107,0.0,70.0,10.5,46.0,45.0,0.6104086874683653,0.3456065212421191,1.0,37.27269167220405,43.2465445669446,1.4984825713620178,47.78550214385134,62.17414246843733,62.17414246843733,0.0,1.0813348309081694,0.27033370772704235,21.626696618163386,0.0,0.0,0.0,0.0,7.105427357601002e-15,0.0,0.0,-1.8458167096245397,-0.37837919463489395,0.0,0.20661382847561605,0.0
4,winter_heating,冬季采暖日,80.0,12.0,0.25,48.08533120904721,46.442876281066766,5.108657473552294,4.409604373558015,0.0,4.409604373558015,23.043158497388145,36.25056529795716,0.0,0.0,1.219439903173891,0.4268039661108618,0.5487479564282509,14.341915101449535,45.894128324638515,1.7028858245174314,5.108657473552294,-0.0,0.0,0.0,0.0,0.0,0.0,0.0,0.0,0.0,0.0,0.0,0.0,0.0,0.0,14.27119172624174,12.265084142106826,13.864362634075484,5.276656010528959,2.432102492359528,0.0,70.0,10.5,46.0,45.0,0.6337011927559815,0.3133834292034348,1.0,37.506558343056824,42.727446178581424,1.5325972420656881,48.08533120904721,59.2937237953453,59.2937237953453,0.0,2.6691703860916864,0.6672925965229216,53.38340772183373,0.0,0.0,0.0,0.0,0.0,0.0,0.0,2.4435410446340704,0.4268039661108618,-1.1129853350838772,0.11371556901223467,0.0
4,winter_heating,冬季采暖日,80.0,12.25,0.25,48.02032985163299,45.894128324638515,5.1295451628864015,3.844088324813228,0.0,3.844088324813228,23.457644990701887,36.770360025196204,0.0,0.0,0.0,-0.0,-0.0,14.341915101449535,45.894128324638515,1.7098483876288004,5.1295451628864015,-0.0,0.0,0.0,0.0,0.0,0.0,0.0,0.0,0.0,0.0,0.0,0.0,0.0,0.0,14.248431383513205,12.278265231955434,13.886896218979976,5.3104490781930584,2.4523447998951764,0.0,70.0,10.5,46.0,45.0,0.6450998291548907,0.3178770157934684,1.0,37.45585728427373,42.22259805866744,1.5388635488659204,48.02032985163299,60.22800501589809,60.22800501589809,0.0,2.114248578647276,0.528562144661819,42.284971572945516,0.0,0.0,0.0,0.0,-7.105427357601002e-15,0.0,0.0,-0.5655160487447866,-0.4268039661108618,0.0,0.02088768933410723,0.0
4,winter_heating,冬季采暖日,80.0,12.5,0.25,48.16238286807056,45.60513135634602,5.1920259760763265,4.538178127726653,0.0,4.538178127726653,23.74625288151413,35.33956831272073,0.0,0.0,1.0612227675433417,0.3714279686401696,0.47755024539450375,14.102369097172348,45.12758111095152,1.7306753253587754,5.1920259760763265,-0.0,0.0,0.0,0.0,0.0,0.0,0.0,0.0,0.0,0.0,0.0,0.0,0.0,0.0,14.234624637070144,12.275095597709578,13.906409867083463,5.340548010159072,2.469233234476344,0.0,70.0,10.5,46.0,45.0,0.6530367256817812,0.30550792831452944,1.0,37.56665863709504,41.95672084783834,1.557607792822898,48.16238286807056,59.08582119423486,59.08582119423486,0.0,2.7082425237583276,0.6770606309395819,54.16485047516655,0.0,0.0,0.0,0.0,0.0,0.0,0.0,0.6940898029134246,0.3714279686401696,-0.766547213686998,0.062480813189925044,0.0
4,winter_heating,冬季采暖日,80.0,12.75,0.25,48.11241787175783,45.12758111095152,5.279732377895272,3.9494643499557895,0.0,3.9494643499557895,23.484642884244252,36.54059052736189,0.0,0.0,0.0,-0.0,-0.0,14.102369097172348,45.12758111095152,1.7599107926317572,5.279732377895272,-0.0,0.0,0.0,0.0,0.0,0.0,0.0,0.0,0.0,0.0,0.0,0.0,0.0,0.0,14.229001521010623,12.259105594074185,13.922761877232205,5.366620102264988,2.4825754689579003,0.0,70.0,10.5,46.0,45.0,0.6458422880214404,0.3158906756477128,1.0,37.52768593997111,41.5173746220754,1.5839197133685814,48.11241787175783,60.025233411606145,60.025233411606145,0.0,2.1722053924756843,0.5430513481189211,43.444107849513685,0.0,0.0,0.0,0.0,0.0,0.0,0.0,-0.5887137777708631,-0.3714279686401696,0.0,0.08770640181894507,0.0
4,winter_heating,冬季采暖日,80.0,13.0,0.25,48.363434549558754,44.87476657314236,5.407727056173411,5.034350269894045,0.0,5.034350269894045,22.644923514510108,36.50909878396923,0.0,0.0,0.0020427427944172097,0.0007149599780460233,0.0009192342574877443,14.023077293401522,44.87384733888487,1.802575685391137,5.407727056173411,-0.0,0.0,0.0,0.0,0.0,0.0,0.0,0.0,0.0,0.0,0.0,0.0,0.0,0.0,14.231857858781515,12.234099741225378,13.935714778836111,5.388372406005531,2.4922179382602434,0.0,70.0,10.5,46.0,45.0,0.6227494830033634,0.3156184318784123,1.0,37.72347894865583,41.28478524729097,1.6223181168520233,48.363434549558754,59.15402229847933,59.15402229847933,0.0,2.7693011970006083,0.6923252992501521,55.386023940012166,0.0,0.0,0.0,0.0,7.105427357601002e-15,0.0,0.0,1.0848859199382552,0.0007149599780460233,-0.2537337720666457,0.1279946782781396,0.0
4,winter_heating,冬季采暖日,80.0,13.25,0.25,48.46171010799698,44.87384733888487,5.694851416776341,3.517710016160091,0.0,3.517710016160091,21.39638822974913,39.4689729610814,0.0,0.0,0.0,-0.0,-0.0,14.023077293401522,44.87384733888487,1.8982838055921138,5.694851416776341,-0.0,0.0,0.0,0.0,0.0,0.0,0.0,0.0,0.0,0.0,0.0,0.0,0.0,0.0,14.244574165845629,12.203989431320643,13.944938030855974,5.405557204017775,2.4980487811074754,0.0,70.0,10.5,46.0,45.0,0.5884139860166704,0.3412063230467296,1.0,37.800133884237646,41.28393955177408,1.7084554250329023,48.46171010799698,60.86536119083053,60.86536119083053,0.0,1.9347405088880503,0.48368512722201257,38.694810177761006,0.0,0.0,0.0,0.0,7.105427357601002e-15,0.0,0.0,-1.5166402537339536,-0.0007149599780460233,0.0,0.2871243606029301,0.0
4,winter_heating,冬季采暖日,80.0,13.5,0.25,48.30506915979641,44.8386282024023,5.8494308938297435,6.002642953779393,0.0,6.002642953779393,20.002198150347176,37.98084589142063,0.0,0.0,0.5732764849797276,0.20064676974290466,0.2579744182408774,13.931454307550442,44.58065378416142,1.949810297943248,5.8494308938297435,-0.0,0.0,0.0,0.0,0.0,0.0,0.0,0.0,0.0,0.0,0.0,0.0,0.0,0.0,14.269602743042855,12.172612648045469,13.95001598480745,5.4179767044791936,2.5,0.0,70.0,10.5,46.0,45.0,0.5500728915722731,0.32834157568768546,1.0,37.6779539446412,41.251537946210114,1.754829268148923,48.30506915979641,57.983044041767805,57.983044041767805,0.0,3.416108921574612,0.854027230393653,68.32217843149225,0.0,0.0,0.0,0.0,7.105427357601002e-15,0.0,0.0,2.484932937619302,0.20064676974290466,-0.29319355472345165,0.15457947705340214,0.0
4,winter_heating,冬季采暖日,80.0,13.75,0.25,48.40449288043235,44.58065378416142,6.0504745384387615,4.243998682064884,0.0,4.243998682064884,18.45746857271571,41.65130477934845,0.0,0.0,-0.0,-0.0,-0.0,13.931454307550442,44.58065378416142,2.0168248461462537,6.0504745384387615,-0.0,0.0,0.0,0.0,0.0,0.0,0.0,0.0,0.0,0.0,0.0,0.0,0.0,0.0,14.31042561129623,12.14354885117443,13.950460951615469,5.425486830066429,2.4980487811074754,0.0,70.0,10.5,46.0,45.0,0.5075918672829398,0.3600724186026749,1.0,37.755504446737234,41.01420148142851,1.8151423615316284,48.40449288043235,60.10877335206416,60.10877335206416,0.0,2.3341992751356866,0.5835498187839216,46.68398550271373,0.0,0.0,0.0,0.0,0.0,0.0,0.0,-1.758644271714509,-0.20064676974290466,0.0,0.20104364460901802,0.0
4,winter_heating,冬季采暖日,80.0,14.0,0.25,48.48804496858572,44.499899443298666,6.081562050306796,1.792543852314651,0.0,1.792543852314651,17.057276769145425,45.57163027325874,0.0,0.0,0.0,-0.0,-0.0,13.906218576030833,44.499899443298666,2.0271873501022655,6.081562050306796,-0.0,0.0,0.0,0.0,0.0,0.0,0.0,0.0,0.0,0.0,0.0,0.0,0.0,0.0,14.37147819721897,12.119938065722211,13.945730945389748,5.428000000000001,2.4922179382602434,0.0,70.0,10.5,46.0,45.0,0.46908572169051976,0.3939633396621733,1.0,37.820675075496865,40.93990748783477,1.8244686150920386,48.48804496858572,62.628907042404165,62.628907042404165,0.0,0.9858991187730581,0.24647477969326453,19.717982375461162,0.0,0.0,0.0,0.0,0.0,0.0,0.0,-2.451454829750233,0.0,-0.08075434086275379,0.03108751186803449,0.0
4,winter_heating,冬季采暖日,80.0,14.25,0.25,48.51184670484524,44.72604419262712,6.114599499555779,3.083725560380193,0.0,3.083725560380193,15.616747739851492,45.82646204799479,0.0,0.0,0.0,-0.0,-0.0,13.976888810195975,44.72604419262712,2.0381998331852595,6.114599499555779,-0.0,0.0,0.0,0.0,0.0,0.0,0.0,0.0,0.0,0.0,0.0,0.0,0.0,0.0,14.458027643056239,12.104313657227763,13.935251423550422,5.425486830066429,2.4825754689579003,0.0,70.0,10.5,46.0,45.0,0.42947027729878623,0.39616634131967515,1.0,37.83924042977929,41.147960657216956,1.8343798498667336,48.51184670484524,61.44320978784628,61.44320978784628,0.0,1.6960490582091063,0.4240122645522766,33.92098116418212,0.0,0.0,0.0,0.0,0.0,0.0,0.0,1.291181708065542,0.0,0.22614474932845496,0.03303744924898311,0.0
4,winter_heating,冬季采暖日,80.0,14.5,0.25,48.438045041106406,44.956809580772536,6.053036727987571,5.704670543912998,0.0,5.704670543912998,13.938201455302666,44.610256570636146,0.0,0.0,0.5128119736564763,0.1794841907797667,0.23076538814541436,13.976888810195975,44.72604419262712,2.0176789093291903,6.053036727987571,-0.0,0.0,0.0,0.0,0.0,0.0,0.0,0.0,0.0,0.0,0.0,0.0,0.0,0.0,14.575991280780174,12.098458195162872,13.91844011732816,5.4179767044791936,2.469233234476344,0.0,70.0,10.5,46.0,45.0,0.3833092103280722,0.3856523358144388,1.0,37.781675132063,41.36026481431073,1.8159110183962712,48.438045041106406,58.548458025938814,58.548458025938814,0.0,3.2401311938834447,0.8100327984708612,64.80262387766889,0.0,0.0,0.0,0.0,0.0,0.0,0.0,2.620944983532805,0.1794841907797667,0.0,-0.061562771568207886,0.0
4,winter_heating,冬季采暖日,80.0,14.75,0.25,48.30094585892686,44.97206277892696,5.967000098416508,6.931661393578935,0.0,6.931661393578935,12.498361039840184,44.64546447916489,0.0,0.0,0.5467079695552002,0.19134778934432006,0.24601858629984008,13.976888810195975,44.72604419262712,1.9890000328055029,5.967000098416508,-0.0,0.0,0.0,0.0,0.0,0.0,0.0,0.0,0.0,0.0,0.0,0.0,0.0,0.0,14.73168082750357,12.103291156854324,13.89473386343122,5.405557204017775,2.4523447998951764,0.0,70.0,10.5,46.0,45.0,0.34371270324505826,0.3859567055537554,1.0,37.67473776996295,41.374297756612805,1.7901000295249525,48.30094585892686,57.14382551900508,57.14382551900508,0.0,3.9217553603794544,0.9804388400948636,78.43510720758908,0.0,0.0,0.0,0.0,0.0,0.0,0.0,1.2269908496659365,0.011863598564553351,0.0,-0.08603662957106284,0.0
4,winter_heating,冬季采暖日,80.0,15.0,0.25,48.14829848632945,45.20879259172856,5.893140708682939,7.811891340551291,0.0,7.811891340551291,11.361512264987486,42.17276852479264,0.0,0.0,5.899116997994103,2.064690949297936,2.6546026490973462,13.298184357072254,42.55418994263121,1.9643802362276463,5.893140708682939,-0.0,0.0,0.0,0.0,0.0,0.0,0.0,0.0,0.0,0.0,0.0,0.0,0.0,0.0,14.931461542030378,12.118795991430483,13.863616218387232,5.388372406005531,2.432102492359528,0.0,70.0,10.5,46.0,45.0,0.3124486547558293,0.3645804337304218,1.0,37.555672819336976,41.592089184390275,1.7679422126048816,48.14829848632945,53.53428078978013,53.53428078978013,0.0,5.476363636902031,1.3690909092255077,109.52727273804061,0.0,0.0,0.0,0.0,-7.105427357601002e-15,0.0,0.0,0.8802299469723565,1.8733431599536159,-2.17185424999591,-0.07385938973356954,0.0
4,winter_heating,冬季采暖日,80.0,15.25,0.25,48.64534791152624,45.69621271305224,5.753805534251053,7.811891340551291,0.0,7.811891340551291,9.650998198174552,43.16475493029983,0.0,0.0,8.592519935618999,3.0073819774666495,3.8666339710285493,13.071743356882402,41.82957874202369,1.9179351780836844,5.753805534251053,-0.0,0.0,0.0,0.0,0.0,0.0,0.0,0.0,0.0,0.0,0.0,0.0,0.0,0.0,15.181322894764628,12.143992275260304,13.824644570482901,5.366620102264988,2.40873375636107,0.0,70.0,10.5,46.0,45.0,0.2654084538871809,0.3731560821079259,1.0,37.94337137099047,42.040515696008065,1.726141660275316,48.64534791152624,52.815753128474384,52.815753128474384,0.0,6.01504422442701,1.5037610561067525,120.30088448854019,0.0,0.0,0.0,0.0,0.0,0.0,0.0,0.0,0.9426910281687135,-0.7246112006075194,-0.1393351744318858,0.0
4,winter_heating,冬季采暖日,80.0,15.5,0.25,48.647456929544326,45.95307683685784,5.670542415525096,6.455898234466392,0.0,6.455898234466392,8.039443762239852,43.78827472999297,0.0,0.0,13.4814930334537,4.718522561708795,6.066671865054166,12.464501553688647,39.88640497180367,1.8901808051750322,5.670542415525096,-0.0,0.0,0.0,0.0,0.0,0.0,0.0,0.0,0.0,0.0,0.0,0.0,0.0,0.0,15.486367815034015,12.176956419726508,13.777475465397073,5.340548010159072,2.3824969025845952,0.0,70.0,10.5,46.0,45.0,0.22108970442587042,0.37854636420140503,1.0,37.945016405044576,42.27683068990921,1.701162724657529,48.647456929544326,51.82771849223282,51.82771849223282,0.0,6.247042635647256,1.561760658911814,124.94085271294512,0.0,0.0,0.0,0.0,0.0,0.0,0.0,-1.3559931060848989,1.7111405842421457,-1.943173770220021,-0.08326311872595671,0.0
4,winter_heating,冬季采暖日,80.0,15.75,0.25,49.206028303440156,46.460227453573395,5.848521128494523,3.9836219394920667,0.0,3.9836219394920667,6.706035457538186,45.74431582936704,0.0,0.0,18.833902061892605,6.591865721662411,8.475255927851672,11.870303601788038,37.984971525721726,1.9495070428315078,5.848521128494523,-0.0,0.0,0.0,0.0,0.0,0.0,0.0,0.0,0.0,0.0,0.0,0.0,0.0,0.0,15.850240415715666,12.214891755412486,13.721886931484319,5.3104490781930584,2.3536763613451477,0.0,70.0,10.5,46.0,45.0,0.18442014659524783,0.39545619339568927,1.0,38.38070207668332,42.743409257287524,1.754556338548357,49.206028303440156,52.450351286905224,52.450351286905224,0.0,5.957772479099158,1.4894431197747895,119.15544958198316,0.0,0.0,0.0,0.0,0.0,0.0,0.0,-2.4722762949743258,1.8733431599536159,-1.9014334460819455,0.17797871296942702,0.0
4,winter_heating,冬季采暖日,80.0,16.0,0.25,49.3767505674285,47.063678645261064,6.006392042405845,1.711099481631285,0.0,1.711099481631285,5.158120472956691,47.350651991592656,0.0,0.0,24.186311090331508,8.465208881616027,10.883839990649179,11.306199579566213,36.179838654611885,2.0021306808019483,6.006392042405845,-0.0,0.0,0.0,0.0,0.0,0.0,0.0,0.0,0.0,0.0,0.0,0.0,0.0,0.0,16.274525914473486,12.254245969346934,13.657796725889458,5.276656010528959,2.3225775623986644,0.0,132.0,19.8,46.0,45.0,0.14185152163329512,0.409342849530128,1.0,38.51386544259423,43.29858435364018,1.8019176127217533,49.3767505674285,52.508772464549345,52.508772464549345,0.0,5.778366932963508,1.444591733240877,115.56733865927016,0.0,0.0,0.0,0.0,0.0,0.0,0.0,-2.2725224578607817,1.8733431599536159,-1.8051328711098407,0.1578709139113217,0.0
4,winter_heating,冬季采暖日,80.0,16.25,0.25,49.74467150809025,47.6600660868287,5.986800942965759,0.0,0.0,0.0,3.61416323750679,48.527444678767615,0.0,0.0,29.53872011877041,10.338552041569644,13.292424053446684,10.739888135431878,34.36764203338201,1.9956003143219199,5.986800942965759,-0.0,0.0,0.0,0.0,0.0,0.0,0.0,0.0,0.0,0.0,0.0,0.0,0.0,0.0,16.758169515770103,12.29087099911968,13.585275615833067,5.23953515341255,2.289521569660788,0.0,132.0,19.8,46.0,45.0,0.09939173723439299,0.4195161344082316,1.0,38.800843776310394,43.847260799882406,1.7960402828897277,49.74467150809025,52.1416079162744,52.1416079162744,0.0,5.907744023754082,1.4769360059385206,118.15488047508165,0.0,0.0,0.0,0.0,0.0,-7.105427357601002e-15,0.0,-1.711099481631285,1.8733431599536168,-1.812196621229873,-0.019591099440085635,0.0
4,winter_heating,冬季采暖日,80.0,16.5,0.25,50.27768378603609,48.02575707567873,5.8912026935088795,1.4068497635589319,0.0,1.4068497635589319,2.504881705524112,46.2192753964227,0.0,0.0,34.89112914720932,12.21189520152326,15.701008116244195,10.101484049823291,32.32474895943454,1.9637342311696264,5.8912026935088795,-0.0,0.0,0.0,0.0,0.0,0.0,0.0,0.0,0.0,0.0,0.0,0.0,0.0,0.0,17.29697125220521,12.320217791426698,13.504555049450122,5.1994799003694805,2.2548396019890076,0.0,132.0,19.8,46.0,45.0,0.06888580507239,0.39956218337497573,1.0,39.21659335310815,44.18369650962444,1.7673608080526637,50.27768378603609,48.724157101946815,48.724157101946815,0.0,7.751993199399277,1.9379982998498193,155.03986398798554,0.0,0.0,0.0,0.0,0.0,0.0,0.0,1.4068497635589319,1.8733431599536168,-2.042893073947475,-0.09559824945687989,0.0
4,winter_heating,冬季采暖日,80.0,16.75,0.25,51.05236347515117,48.77822889072003,5.905680096846772,3.3250538553707827,0.0,3.3250538553707827,1.4415434396934161,43.75303682329183,0.0,0.0,40.243538175648226,14.085238361476877,18.1095921790417,9.583948972399478,30.66863671167833,1.9685600322822572,5.905680096846772,-0.0,-0.0,0.0,0.0,0.0,0.0,0.0,0.0,0.0,0.0,0.0,0.0,0.0,0.0,17.88321913240925,12.337556015467749,13.416028843533379,5.156903781723095,2.2188675697091758,0.0,132.0,19.8,46.0,45.0,0.039643341308736854,0.3782417351301288,1.0,39.82084351061791,44.87597057946243,1.7717040290540316,51.05236347515117,45.19458026298525,45.19458026298525,0.0,9.877487255583576,2.469371813895894,197.5497451116715,0.0,0.0,0.0,0.0,7.105427357601002e-15,0.0,0.0,1.9182040918118508,1.8733431599536168,-1.6561122477562051,0.01447740333789227,-0.0
4,winter_heating,冬季采暖日,80.0,17.0,0.25,51.38060700456254,49.515401691255875,5.7315420358976406,3.3250538553707827,0.0,3.3250538553707827,0.6925048425317999,42.80573054260558,0.0,0.0,44.72131425128706,15.65245998795047,20.124591413079177,9.184628211930217,29.390810278176698,1.91051401196588,5.7315420358976406,-0.0,0.0,0.0,0.0,0.0,0.0,0.0,0.0,0.0,0.0,0.0,0.0,0.0,0.0,18.50552160811043,12.338207069034446,13.320248805518894,5.112233407361841,2.181940751190348,0.0,139.92000000000002,20.988000000000003,46.0,45.0,0.019044313944697976,0.3700523430942442,1.0,40.07687346355878,45.554169555955404,1.719462610769292,51.38060700456254,43.49823538513738,43.49823538513738,0.0,10.773042470711344,2.693260617677836,215.46084941422689,0.0,0.0,0.0,0.0,-7.105427357601002e-15,0.0,0.0,0.0,1.567221626473593,-1.2778264335016338,-0.1741380609491312,0.0
4,winter_heating,冬季采暖日,80.0,17.25,0.25,52.04340004784825,50.22219085047666,5.6176105590658265,5.742718546103262,0.0,5.742718546103262,-0.0,40.525202510404554,0.0,0.0,47.57696914167914,16.651939199587698,21.409636113755614,9.003923355225325,28.812554736721044,1.8725368530219422,5.6176105590658265,-0.0,0.0,0.0,0.0,0.0,0.0,0.0,0.0,0.0,0.0,0.0,0.0,0.0,0.0,19.14889118581058,12.317777677878714,13.217914497264278,5.065901429785418,2.144388724825195,0.0,139.92000000000002,20.988000000000003,46.0,45.0,0.0,0.3503373486037722,1.0,40.59385203732164,46.20441558243853,1.685283167719748,52.04340004784825,40.525202510404554,40.525202510404554,0.0,12.673889028692624,3.168472257173156,253.4777805738525,0.0,0.0,0.0,0.0,0.0,0.0,0.0,2.4176646907324795,0.9994792116372277,-0.578255541455654,-0.11393147683181404,0.0
4,winter_heating,冬季采暖日,80.0,17.5,0.25,52.309147307966164,50.829599475536476,5.398360964972501,8.882116193691346,0.0,8.882116193691346,-0.0,37.768284120234476,0.0,0.0,47.57696914167914,16.651939199587698,21.409636113755614,9.19373855055652,29.419963361780862,1.7994536549908338,5.398360964972501,-0.0,0.0,0.0,0.0,0.0,0.0,0.0,0.0,0.0,0.0,0.0,0.0,0.0,0.0,19.79511374774061,12.272381167739177,13.109857622080646,5.018339687533169,2.106530659712633,0.0,139.92000000000002,20.988000000000003,46.0,45.0,0.0,0.3265039950534429,1.0,40.80113490021361,46.76323151749356,1.6195082894917503,52.309147307966164,37.768284120234476,37.768284120234476,0.0,14.40055773486607,3.6001394337165173,288.0111546973214,0.0,0.0,0.0,0.0,0.0,0.0,0.0,3.1393976475880834,0.0,0.6074086250598185,-0.21924959409332523,0.0
4,winter_heating,冬季采暖日,80.0,17.75,0.25,52.88272819208328,51.462335732497706,5.112916429902514,9.408892014704747,0.0,9.408892014704747,-0.0,37.9176710852819,0.0,0.0,47.57696914167914,16.651939199587698,21.409636113755614,9.391468630856904,30.052699618742093,1.7043054766341712,5.112916429902514,-0.0,-0.0,0.0,0.0,0.0,0.0,0.0,0.0,0.0,0.0,0.0,0.0,0.0,0.0,20.423413757039597,12.198834122274446,12.997021758913895,4.969972677574852,2.068671053718672,0.0,139.92000000000002,20.988000000000003,46.0,45.0,0.0,0.3277954342075654,1.0,41.24852798982496,47.34534887389789,1.533874928970754,52.88272819208328,37.9176710852819,37.9176710852819,0.0,14.690284436423442,3.6725711091058604,293.80568872846885,0.0,0.0,0.0,0.0,-7.105427357601002e-15,0.0,0.0,0.5267758210134019,0.0,0.6327362569612305,-0.28544453506998746,-0.0
4,winter_heating,冬季采暖日,80.0,18.0,0.25,53.371652428752725,52.08929554559045,5.069999038520286,11.631287641878309,0.0,11.631287641878309,-0.0,36.36581883924186,0.0,0.0,47.57696914167914,16.651939199587698,21.409636113755614,9.587393572448386,30.67965943183484,1.689999679506762,5.069999038520286,-0.0,0.0,0.0,0.0,0.0,0.0,0.0,0.0,0.0,0.0,0.0,0.0,0.0,0.0,21.011396164036416,12.09481760033896,12.880438365696858,4.921211489709872,2.031095991035345,0.0,139.92000000000002,20.988000000000003,46.0,45.0,0.0,0.3143797874587825,1.0,41.629888894427125,47.92215190194322,1.5209997115560856,53.371652428752725,36.36581883924186,36.36581883924186,0.0,15.9126020313689,3.978150507842225,318.252040627378,0.0,0.0,0.0,0.0,0.0,0.0,0.0,2.2223956271735616,0.0,0.6269598130927463,-0.042917391382228054,0.0
4,winter_heating,冬季采暖日,80.0,18.25,0.25,53.638270886660116,52.805454832131126,5.063293250060887,13.96198198230313,0.0,13.96198198230313,-0.0,34.5233074709486,0.0,0.0,47.57696914167914,16.651939199587698,21.409636113755614,9.811193349492347,31.395818718375512,1.6877644166869625,5.063293250060887,-0.0,-0.0,0.0,0.0,0.0,0.0,0.0,0.0,0.0,0.0,0.0,0.0,0.0,0.0,21.536214723458645,11.958994276140206,12.761200118004814,4.872448317189649,1.9940699735316383,0.0,139.92000000000002,20.988000000000003,46.0,45.0,0.0,0.2984514143093962,1.0,41.837851291594895,48.58101844556064,1.5189879750182662,53.638270886660116,34.5233074709486,34.5233074709486,0.0,17.19448391860255,4.298620979650638,343.889678372051,0.0,0.0,0.0,0.0,0.0,0.0,0.0,2.33069434042482,0.0,0.7161592865406732,-0.0067057884593983985,-0.0
4,winter_heating,冬季采暖日,80.0,18.5,0.25,53.51448030360206,53.31660818272907,4.81102057641134,14.651595552602537,0.0,14.651595552602537,-0.0,33.78554784843649,0.0,0.0,47.57696914167914,16.651939199587698,21.409636113755614,9.970928771554204,31.906972068973456,1.6036735254704466,4.81102057641134,-0.0,-0.0,0.0,0.0,0.0,0.0,0.0,0.0,0.0,0.0,0.0,0.0,0.0,0.0,21.975887485726417,11.791075628625205,12.64043273320543,4.824051636453525,1.9578333617716144,0.0,139.92000000000002,20.988000000000003,46.0,45.0,0.0,0.2920735374809842,1.0,41.74129463680961,49.05127952811075,1.443306172923402,53.51448030360206,33.78554784843649,33.78554784843649,0.0,17.573771382267225,4.393442845566806,351.4754276453445,0.0,0.0,0.0,0.0,7.105427357601002e-15,0.0,0.0,0.6896135702994073,0.0,0.5111533505979438,-0.2522726736495473,0.0
4,winter_heating,冬季采暖日,80.0,18.75,0.25,53.491837217413874,54.05760125000676,4.646814192469617,12.931910978685309,0.0,12.931910978685309,-0.0,35.659414208375885,0.0,0.0,47.57696914167914,16.651939199587698,21.409636113755614,10.202489105078483,32.647965136251145,1.5489380641565391,4.646814192469617,-0.0,-0.0,0.0,0.0,0.0,0.0,0.0,0.0,0.0,0.0,0.0,0.0,0.0,0.0,22.31065749814865,11.591836436894749,12.519266452188361,4.776362125908751,1.922600443223189,0.0,139.92000000000002,20.988000000000003,46.0,45.0,0.0,0.3082729721910371,1.0,41.72363302958282,49.73299315000622,1.3940442577408851,53.491837217413874,35.659414208375885,35.659414208375885,0.0,16.62794486661275,4.156986216653188,332.558897332255,0.0,0.0,0.0,0.0,-7.105427357601002e-15,-7.105427357601002e-15,0.0,-1.7196845739172275,0.0,0.7409930672776888,-0.16420638394172293,0.0
4,winter_heating,冬季采暖日,80.0,19.0,0.25,53.034804266024736,54.27971704841315,4.642416618911538,11.66707235160839,0.0,11.66707235160839,-0.0,36.53516521321297,0.0,0.0,47.57696914167914,16.651939199587698,21.409636113755614,10.27190029208048,32.87008093465754,1.547472206303846,4.642416618911538,-0.0,0.0,0.0,0.0,0.0,0.0,0.0,0.0,0.0,0.0,0.0,0.0,0.0,0.0,22.5242838205463,11.363077101503396,12.398808312270113,4.729689369961839,1.8885581275123642,0.0,139.92000000000002,20.988000000000003,46.0,45.0,0.0,0.3158437742121484,1.0,41.367147327499296,49.9373396845401,1.3927249856734614,53.034804266024736,36.53516521321297,36.53516521321297,0.0,15.932283621720444,3.983070905430111,318.6456724344089,0.0,0.0,0.0,0.0,0.0,0.0,0.0,-1.2648386270769194,0.0,0.22211579840639217,-0.0043975735580792374,0.0
4,winter_heating,冬季采暖日,80.0,19.25,0.25,52.67558369260594,54.6541296229231,4.515794763520318,9.66806507930768,0.0,9.66806507930768,-0.0,38.24974855649884,0.0,0.0,47.57696914167914,16.651939199587698,21.409636113755614,10.388904221614839,33.244493509167484,1.5052649211734392,4.515794763520318,-0.0,-0.0,0.0,0.0,0.0,0.0,0.0,0.0,0.0,0.0,0.0,0.0,0.0,0.0,22.605147304754997,11.107537463158371,12.280116251359724,4.684309370871468,1.8558652521421384,0.0,139.92000000000002,20.988000000000003,46.0,45.0,0.0,0.33066621914114636,1.0,41.08695528023264,50.281799253089254,1.3547384290560953,52.67558369260594,38.24974855649884,38.24974855649884,0.0,14.832829621955055,3.7082074054887637,296.6565924391011,0.0,0.0,0.0,0.0,-7.105427357601002e-15,-7.105427357601002e-15,0.0,-1.9990072723007088,0.0,0.3744125745099467,-0.12662185539122017,-0.0
4,winter_heating,冬季采暖日,80.0,19.5,0.25,52.027646202137795,54.99292401815789,4.407043001846346,7.272819279401247,0.0,7.272819279401247,-0.0,40.06667952722335,0.0,0.0,47.57696914167914,16.651939199587698,21.409636113755614,10.494777470125713,33.58328790440228,1.469014333948782,4.407043001846346,-0.0,-0.0,0.0,0.0,0.0,0.0,0.0,0.0,0.0,0.0,0.0,0.0,0.0,0.0,22.547068111967842,10.828768599473547,12.164175943336142,4.640462868235925,1.8246524673583497,0.0,139.92000000000002,20.988000000000003,46.0,45.0,0.0,0.34637345166432193,1.0,40.58156403766748,50.59349009670527,1.3221129005539038,52.027646202137795,40.06667952722335,40.06667952722335,0.0,13.515444432006516,3.378861108001629,270.3088886401303,0.0,0.0,0.0,0.0,0.0,0.0,0.0,-2.3952457999064336,0.0,0.3387943952347996,-0.10875176167397171,0.0
4,winter_heating,冬季采暖日,80.0,19.75,0.25,51.21531557339779,55.15494696887155,4.3465479558439934,5.05218497924389,0.0,5.05218497924389,-0.0,41.50545035540459,0.0,0.0,47.57696914167914,16.651939199587698,21.409636113755614,10.545409642223728,33.74531085511593,1.4488493186146645,4.3465479558439934,-0.0,0.0,0.0,0.0,0.0,0.0,0.0,0.0,0.0,0.0,0.0,0.0,0.0,0.0,22.34975672649533,10.530971349319326,12.051881088524576,4.5983544447590745,1.795022656174443,0.0,139.92000000000002,20.988000000000003,46.0,45.0,0.0,0.3588115180025236,1.0,39.94794614725028,50.74255121136183,1.303964386753198,51.21531557339779,41.50545035540459,41.50545035540459,0.0,12.29409556691997,3.0735238917299923,245.8819113383994,0.0,0.0,0.0,0.0,0.0,-7.105427357601002e-15,0.0,-2.220634300157357,0.0,0.16202295071364858,-0.06049504600235256,0.0
4,winter_heating,冬季采暖日,80.0,20.0,0.25,50.46716523144605,55.333345487820026,4.209540835782559,3.6135999619600483,0.0,3.6135999619600483,-0.0,44.83199120746546,0.0,0.0,42.22456011324024,14.778596039634081,19.00105205095811,11.353841699019348,36.33229343686192,1.4031802785941865,4.209540835782559,-0.0,0.0,0.0,0.0,0.0,0.0,0.0,0.0,0.0,0.0,0.0,0.0,0.0,0.0,22.01885457609751,10.218811895421911,11.944017683308669,4.558152377957555,1.7670518352263433,0.0,139.92000000000002,20.988000000000003,46.0,45.0,0.0,0.38756921518698373,1.0,39.364388880527926,50.90667784879442,1.2628622507347678,50.46716523144605,44.83199120746546,44.83199120746546,0.0,10.432392001726074,2.6080980004315184,208.64784003452147,0.0,0.0,0.0,0.0,0.0,0.0,0.0,-1.4385850172838417,-1.8733431599536168,2.5869825817459855,-0.13700712006143423,0.0
4,winter_heating,冬季采暖日,80.0,20.25,0.25,49.64589395863777,55.210280518050304,4.064345533390724,4.464934387923101,0.0,4.464934387923101,-0.0,43.9472671750813,0.0,0.0,40.441654832076765,14.154579191226867,18.198744674434543,11.566104951129924,37.01153584361576,1.3547818444635746,4.064345533390724,-0.0,-0.0,0.0,0.0,0.0,0.0,0.0,0.0,0.0,0.0,0.0,0.0,0.0,0.0,21.565560171396314,9.897225543487918,11.841252581972414,4.519989181152683,1.7407904742722486,0.0,139.92000000000002,20.988000000000003,46.0,45.0,0.0,0.37992084201298354,1.0,38.72379728773746,50.793458076606285,1.2193036600172171,49.64589395863777,43.9472671750813,43.9472671750813,0.0,10.54404487977306,2.636011219943265,210.8808975954612,0.0,0.0,0.0,0.0,0.0,0.0,0.0,0.8513344259630529,-0.6240168484072139,0.6792424067538434,-0.1451953023918353,-0.0
4,winter_heating,冬季采暖日,80.0,20.5,0.25,48.564598231690724,55.12303540780165,4.053938857784965,1.2920121657151995,0.0,1.2920121657151995,-0.0,48.634186361098706,0.0,0.0,35.08924580363786,12.28123603127325,15.790160611637036,12.291523373801443,39.33287479616462,1.3513129525949885,4.053938857784965,-0.0,-0.0,0.0,0.0,0.0,0.0,0.0,0.0,0.0,0.0,0.0,0.0,0.0,0.0,21.005876990294922,9.571219851515666,11.744126454203553,4.4839627637715305,1.7162651668298874,0.0,139.92000000000002,20.988000000000003,46.0,45.0,0.0,0.420438908278733,1.0,37.88038662071877,50.71319257517752,1.2161816573354896,48.564598231690724,48.634186361098706,48.634186361098706,0.0,7.728455851870931,1.9321139629677329,154.56911703741864,0.0,0.0,0.0,0.0,7.105427357601002e-15,0.0,0.0,-3.1729222222079017,-1.8733431599536168,2.3213389525488566,-0.010406675605758586,0.0
4,winter_heating,冬季采暖日,80.0,20.75,0.25,47.4822793001088,54.89016706046987,3.738244099384193,2.6303810503443614,0.0,2.6303810503443614,-0.0,48.66152127979068,0.0,0.0,29.736836775198956,10.407892871319634,13.381576548839531,12.97143453488448,41.50859051163034,1.2460813664613977,3.738244099384193,-0.0,0.0,0.0,0.0,0.0,0.0,0.0,0.0,0.0,0.0,0.0,0.0,0.0,0.0,20.359555140434413,9.245687532791216,11.653051044584522,4.450138130862656,1.6934805816070466,0.0,139.92000000000002,20.988000000000003,46.0,45.0,0.0,0.4206752166089971,1.0,37.03617785408486,50.49895369563228,1.1214732298152579,47.4822793001088,48.66152127979068,48.66152127979068,0.0,7.39407693272919,1.8485192331822975,147.8815386545838,0.0,0.0,0.0,0.0,0.0,0.0,0.0,1.338368884629162,-1.8733431599536168,2.1757157154657207,-0.3156947584007721,0.0
4,winter_heating,冬季采暖日,80.0,21.0,0.25,45.90549580553022,54.526420331052336,3.532611117328945,0.0,0.0,0.0,-0.0,52.158929334839584,0.0,0.0,24.38442774676005,8.534549711366017,10.972992486042022,13.610446201565722,43.55342784501031,1.1775370391096482,3.532611117328945,-0.0,0.0,0.0,0.0,0.0,0.0,0.0,0.0,0.0,0.0,0.0,0.0,0.0,0.0,19.648825798151762,8.925238184683195,11.568310465385279,4.418549534876894,1.6724216238937528,0.0,139.92000000000002,20.988000000000003,46.0,45.0,0.0,0.45091004800007345,1.0,35.80628672831357,50.16430670456815,1.0597833351986834,45.90549580553022,52.158929334839584,52.158929334839584,0.0,4.876885549352011,1.2192213873380027,97.53771098704021,0.0,0.0,0.0,0.0,7.105427357601002e-15,0.0,0.0,-2.6303810503443614,-1.8733431599536168,2.0448373333799736,-0.20563298205524827,0.0
4,winter_heating,冬季采暖日,80.0,21.25,0.25,44.91484303804647,54.25310915933355,3.2510502968489816,2.6079446927416114,0.0,2.6079446927416114,-0.0,51.00709420620328,0.0,0.0,19.032018718321147,6.661206551412401,8.564408423244517,14.277718980027823,45.68870073608903,1.0836834322829938,3.2510502968489816,-0.0,0.0,0.0,0.0,0.0,0.0,0.0,0.0,0.0,0.0,0.0,0.0,0.0,0.0,18.897042531113566,8.614056031797292,11.490066108396734,4.389202989109877,1.6530557377363582,0.0,139.92000000000002,20.988000000000003,46.0,45.0,0.0,0.44095251935128943,1.0,35.03357756967625,49.91286042658687,0.9753150890546944,44.91484303804647,51.00709420620328,51.00709420620328,0.0,5.240773324672116,1.310193331168029,104.81546649344232,0.0,0.0,0.0,0.0,0.0,0.0,0.0,2.6079446927416114,-1.8733431599536159,2.1352728910787206,-0.28156082047996334,0.0
4,winter_heating,冬季采暖日,80.0,21.5,0.25,43.82345969924589,53.9096060231235,2.915762015240676,0.0,0.6828443124224677,-0.6828443124224677,0.0,55.613418061542866,-0.0,0.1377717503239282,13.679609689882245,4.787863391458785,6.15582436044701,14.923056769586402,47.75378166267649,0.9719206717468919,2.915762015240676,-0.0,0.0,0.0,0.0,0.0,0.0,0.0,0.0,0.0,0.0,0.0,0.0,0.0,0.0,18.12734557537405,8.315788693720116,11.418364650286996,4.3620790515751535,1.6353352832366128,0.0,139.92000000000002,20.988000000000003,46.0,45.0,0.0,0.48196487149399,1.0,34.18229856541179,49.59683754127362,0.8747286045722027,43.82345969924589,55.751189811866794,55.613418061542866,0.1377717503239282,2.7359219379764492,0.6839804844941123,54.718438759528986,0.0,0.0,0.0,0.0,0.0,0.0,0.0,-3.290789005164079,-1.8733431599536159,2.0650809265874557,-0.3352882816083058,0.0
4,winter_heating,冬季采暖日,80.0,21.75,0.25,42.27050193189844,53.54475931214235,2.7817344947908325,0.0,0.6828443124224677,-0.6828443124224677,-0.0,56.52779553644169,0.0,0.0,8.32720066144334,2.9145202315051693,3.7472402976495034,15.561724692029012,49.79751901449284,0.9272448315969442,2.7817344947908325,-0.0,-0.0,0.0,0.0,0.0,0.0,0.0,0.0,0.0,0.0,0.0,0.0,0.0,0.0,17.36145450501485,8.033469682296884,11.35314855138413,4.33713579020443,1.6191999284026473,0.0,139.92000000000002,20.988000000000003,46.0,45.0,0.0,0.4886785699730593,1.0,32.97099150688078,49.26117856717096,0.8345203484372498,42.27050193189844,56.52779553644169,56.52779553644169,0.0,1.6654401322886683,0.41636003307216707,33.30880264577337,0.0,0.0,0.0,0.0,0.0,0.0,0.0,0.0,-1.8733431599536159,2.043737351816354,-0.13402752044984334,-0.0
4,winter_heating,冬季采暖日,80.0,22.0,0.25,41.199473381177526,53.006873108314714,2.712663952732198,0.0,1.9628264363698662,-1.9628264363698662,-0.0,59.17166183653034,0.0,0.0,2.974791633004438,1.0411770715515531,1.338656234851997,16.146317772957097,51.66821687346272,0.9042213175773993,2.712663952732198,-0.0,-0.0,0.0,0.0,0.0,0.0,0.0,0.0,0.0,0.0,0.0,0.0,0.0,0.0,16.61867369963756,7.7694750819491425,11.29426840984115,4.314311844808757,1.6045790012890015,0.0,62.0,9.299999999999999,46.0,45.0,0.0,0.5115345966492522,1.0,32.13558923731847,48.76632325964954,0.8137991858196594,41.199473381177526,59.17166183653034,59.17166183653034,0.0,0.5949583266008877,0.1487395816502219,11.899166532017754,0.0,0.0,0.0,0.0,0.0,0.0,0.0,-1.2799821239473985,-1.873343159953616,1.8706978589698764,-0.06907054205863439,0.0
4,winter_heating,冬季采暖日,80.0,22.25,0.25,40.149659703048286,52.41603868139728,2.5064075676980506,0.0,3.4607391882986747,-3.4607391882986747,-0.0,60.82588016851629,0.0,0.0,0.0,-0.0,-0.0,16.38001208793665,52.41603868139728,0.8354691892326835,2.5064075676980506,-0.0,0.0,0.0,0.0,0.0,0.0,0.0,0.0,0.0,0.0,0.0,0.0,0.0,0.0,15.915166983795963,7.525512827490736,11.241496529638164,4.29352950778261,1.5913937553560473,0.0,62.0,9.299999999999999,46.0,45.0,0.0,0.5258351905646291,1.0,31.316734568377665,48.222755586885505,0.7519222703094152,40.149659703048286,60.82588016851629,60.82588016851629,0.0,0.0,0.0,0.0,0.0,0.0,0.0,0.0,0.0,0.0,0.0,-1.4979127519288085,-1.0411770715515531,0.7478218079345638,-0.20625638503414745,0.0
4,winter_heating,冬季采暖日,80.0,22.5,0.25,39.39195184700237,52.095094812554485,2.5524588854081447,0.0,5.0,-5.0,0.0,61.52248860439502,-0.0,1.3988331165639138,0.0,-0.0,-0.0,16.279717128923277,52.095094812554485,0.8508196284693815,2.5524588854081447,-0.0,0.0,0.0,0.0,0.0,0.0,0.0,0.0,0.0,0.0,0.0,0.0,0.0,0.0,15.263526793984916,7.302641291889582,11.194541087892606,4.274697753660234,1.5795595087182277,0.0,62.0,9.299999999999999,46.0,45.0,0.0,0.5439501262629381,1.0,30.725722440661848,47.92748722755013,0.7657376656224434,39.39195184700237,62.921321720958936,61.52248860439502,1.3988331165639138,0.0,0.0,0.0,0.0,0.0,0.0,0.0,-7.105427357601002e-15,0.0,0.0,-1.5392608117013253,0.0,-0.3209438688427966,0.046051317710094075,0.0
4,winter_heating,冬季采暖日,80.0,22.75,0.25,38.8693116374335,51.518560602085095,2.358137446142924,0.0,5.0,-5.0,0.0,60.75490764096607,-0.0,0.5126637683782249,0.0,-0.0,-0.0,16.099550188151593,51.518560602085095,0.7860458153809747,2.358137446142924,-0.0,0.0,0.0,0.0,0.0,0.0,0.0,0.0,0.0,0.0,0.0,0.0,0.0,0.0,14.67263320496067,7.1013126149945025,11.153060339265485,4.257715156898589,1.5689876259172395,0.0,62.0,9.299999999999999,46.0,45.0,0.0,0.5296535783487115,1.0,30.31806307719813,47.39707575391829,0.7074412338428772,38.8693116374335,61.26757140934429,60.75490764096607,0.5126637683782249,0.0,0.0,0.0,0.0,0.0,0.0,0.0,0.0,0.0,0.0,0.0,0.0,-0.57653421046939,-0.1943214392652206,0.0
4,winter_heating,冬季采暖日,80.0,23.0,0.25,37.82110861991985,51.11431613400963,2.5182418919848955,0.0,5.0,-5.0,0.0,59.63374637579282,-0.0,1.9901968239891232,0.0,-0.0,-0.0,15.973223791878008,51.11431613400963,0.8394139639949652,2.5182418919848955,-0.0,0.0,0.0,0.0,0.0,0.0,0.0,0.0,0.0,0.0,0.0,0.0,0.0,0.0,14.147772503886802,6.921435383342914,11.116676366861743,4.242472647229077,1.5595873187619862,0.0,62.0,9.299999999999999,46.0,45.0,0.0,0.5327343858572502,1.0,29.500464723537483,47.02517084328886,0.7554725675954687,37.82110861991985,61.62394319978194,59.63374637579282,1.9901968239891232,0.0,0.0,0.0,0.0,0.0,0.0,0.0,0.0,0.0,0.0,0.0,0.0,-0.40424446807546843,0.16010444584197137,0.0
4,winter_heating,冬季采暖日,80.0,23.25,0.25,37.15925271698336,50.69010454499307,2.5552793528939794,0.0,5.0,-5.0,0.0,58.85167017159169,-0.0,3.076963948955168,0.0,-0.0,-0.0,15.840657670310334,50.69010454499307,0.8517597842979931,2.5552793528939794,-0.0,0.0,0.0,0.0,0.0,0.0,0.0,0.0,0.0,0.0,0.0,0.0,0.0,0.0,13.690966120012126,6.762450909045881,11.084987973608916,4.228856062181404,1.5512672503706577,0.0,62.0,9.299999999999999,46.0,45.0,0.0,0.5353684161078582,1.0,28.98421711924702,46.63489618139363,0.7665838058681939,37.15925271698336,61.92863412054686,58.85167017159169,3.076963948955168,0.0,0.0,0.0,0.0,0.0,0.0,0.0,0.0,0.0,0.0,0.0,0.0,-0.42421158901655787,0.037037460909084,0.0
4,winter_heating,冬季采暖日,80.0,23.5,0.25,36.80879567858604,50.29470034279601,2.5364937344888996,0.0,5.0,-5.0,0.0,58.37138744720609,-0.0,2.7099691272743556,0.0,-0.0,-0.0,15.717093857123754,50.29470034279601,0.8454979114962998,2.5364937344888996,-0.0,0.0,0.0,0.0,0.0,0.0,0.0,0.0,0.0,0.0,0.0,0.0,0.0,0.0,13.30144977676652,6.6234174145954245,11.05758239947434,4.216748466565439,1.5439369336234074,0.0,62.0,9.299999999999999,46.0,45.0,0.0,0.5280437650109462,1.0,28.71086062929711,46.27112431537233,0.7609481203466698,36.80879567858604,61.081356574480445,58.37138744720609,2.7099691272743556,0.0,0.0,0.0,0.0,0.0,0.0,0.0,-7.105427357601002e-15,0.0,0.0,0.0,0.0,-0.3954042021970565,-0.018785618405079862,0.0
4,winter_heating,冬季采暖日,80.0,23.75,0.25,36.25516544163341,49.90798338154976,2.4990492844170746,0.0,5.0,-5.0,0.0,57.68442667650673,-0.0,2.8519204060206746,0.0,-0.0,-0.0,15.5962448067343,49.90798338154976,0.8330164281390249,2.4990492844170746,-0.0,0.0,0.0,0.0,0.0,0.0,0.0,0.0,0.0,0.0,0.0,0.0,0.0,0.0,12.976239717717545,6.503096844611147,11.034045642359668,4.206032218477407,1.5375079216242937,0.0,62.0,9.299999999999999,46.0,45.0,0.0,0.5233321986634197,1.0,28.27902904447406,45.91534471102578,0.7497147853251224,36.25516544163341,60.536347082527406,57.68442667650673,2.8519204060206746,0.0,0.0,0.0,0.0,0.0,0.0,0.0,0.0,0.0,0.0,0.0,0.0,-0.38671696124625043,-0.03744445007182495,0.0
5,holiday_return,春节返乡日,30.0,0.0,0.25,33.656376854183634,34.79212211199601,3.4910532506853715,0.0,5.0,-5.0,0.0,50.69259943107751,-0.0,3.198892479304817,0.0,-0.0,-0.0,10.872538159998753,34.79212211199601,1.163684416895124,3.4910532506853715,-0.0,0.0,0.0,0.0,0.0,0.0,0.0,0.0,0.0,0.0,0.0,0.0,0.0,0.0,14.200327252248394,6.169663082094346,7.609660644643136,4.503062487565456,1.1275212648659492,0.0,52.0,7.8,45.0,45.0,0.0,0.4658879220489429,1.0,24.232591335012216,30.617067458556487,1.22186863773988,33.656376854183634,53.89149191038233,50.69259943107751,3.198892479304817,0.0,0.0,0.0,0.0,0.0,0.0,0.0,0.0,0.0,0.0,0.0,0.0,-3.029712063513074,-0.21720849505995643,0.0
5,holiday_return,春节返乡日,30.0,0.25,0.25,33.696753291066955,34.91822815693481,3.4382924611746706,0.0,5.0,-5.0,0.0,50.754797077167304,-0.0,4.203660866416534,0.0,-0.0,-0.0,10.911946299042127,34.91822815693481,1.1460974870582235,3.4382924611746706,-0.0,0.0,0.0,0.0,0.0,0.0,0.0,0.0,0.0,0.0,0.0,0.0,0.0,0.0,14.203654366828866,6.172756266833757,7.618921435951184,4.503803890621053,1.1281072717225091,0.0,52.0,7.8,45.0,45.0,0.0,0.47511176370713404,1.0,24.261662369568207,30.72804077810263,1.2034023614111347,33.696753291066955,54.95845794358384,50.754797077167304,4.203660866416534,0.0,0.0,0.0,0.0,0.0,0.0,0.0,0.0,0.0,0.0,0.0,0.0,0.12610604493880118,-0.052760789510700956,0.0
5,holiday_return,春节返乡日,30.0,0.5,0.25,33.667759191150694,35.05785528581147,3.4919767666596964,0.0,5.0,-5.0,0.0,50.78733122352001,-0.0,7.389968569722292,0.0,-0.0,-0.0,10.955579776816084,35.05785528581147,1.163992255553232,3.4919767666596964,-0.0,0.0,0.0,0.0,0.0,0.0,0.0,0.0,0.0,0.0,0.0,0.0,0.0,0.0,14.213275793946348,6.17673712295853,7.629607681900323,4.504706361083105,1.1288145519232595,0.0,52.0,7.8,45.0,45.0,0.0,0.5029384110605849,1.0,24.240786617628498,30.850912651514093,1.2221918683308937,33.667759191150694,58.177299793242305,50.78733122352001,7.389968569722292,0.0,0.0,0.0,0.0,0.0,0.0,0.0,7.105427357601002e-15,0.0,0.0,0.0,0.0,0.1396271288766613,0.053684305485025785,0.0
5,holiday_return,春节返乡日,30.0,0.75,0.25,33.67039155022113,35.31744220533712,3.4723150935257636,0.0,5.0,-5.0,0.0,50.86453060389757,-0.0,9.67594197656421,0.0,-0.0,-0.0,11.03670068916785,35.31744220533712,1.157438364508588,3.4723150935257636,-0.0,0.0,0.0,0.0,0.0,0.0,0.0,0.0,0.0,0.0,0.0,0.0,0.0,0.0,14.229310921026574,6.18182666118169,7.641877480470062,4.505800240548684,1.129664567328399,0.0,52.0,7.8,45.0,45.0,0.0,0.5233678632849014,1.0,24.242681916159214,31.079349140696667,1.2153102827340172,33.67039155022113,60.54047258046178,50.86453060389757,9.67594197656421,0.0,0.0,0.0,0.0,0.0,0.0,0.0,0.0,0.0,0.0,0.0,0.0,0.2595869195256526,-0.019661673133932744,0.0
5,holiday_return,春节返乡日,30.0,1.0,0.25,33.69108830384894,35.50999981624779,3.516159970481648,0.0,5.0,-5.0,0.0,50.96001656992026,-0.0,11.943661342083999,0.0,-0.0,-0.0,11.096874942577434,35.50999981624779,1.1720533234938826,3.516159970481648,-0.0,0.0,0.0,0.0,0.0,0.0,0.0,0.0,0.0,0.0,0.0,0.0,0.0,0.0,14.25194802868096,6.188290661360224,7.655894987806781,4.5071204969234175,1.130681758083195,0.0,52.0,7.8,45.0,45.0,0.0,0.5437975968524592,1.0,24.25758357877124,31.24879983829806,1.2306559896685767,33.69108830384894,62.90367791200426,50.96001656992026,11.943661342083999,0.0,0.0,0.0,0.0,0.0,0.0,0.0,0.0,0.0,0.0,0.0,0.0,0.1925576109106686,0.04384487695588435,0.0
5,holiday_return,春节返乡日,30.0,1.25,0.25,33.55604383170575,35.73152307557666,3.5214195033300464,0.0,5.0,-5.0,0.0,50.89595129393347,-0.0,13.470724487626804,0.0,-0.0,-0.0,11.166100961117706,35.73152307557666,1.1738065011100154,3.5214195033300464,-0.0,0.0,0.0,0.0,0.0,0.0,0.0,0.0,0.0,0.0,0.0,0.0,0.0,0.0,14.281490102384126,6.196445859167049,7.671828452098505,4.508707192346344,1.1318937836244212,0.0,52.0,7.8,45.0,45.0,0.0,0.5564451041536659,1.0,24.16035155882814,31.44374030650746,1.2324968261655163,33.55604383170575,64.36667578156028,50.89595129393347,13.470724487626804,0.0,0.0,0.0,0.0,0.0,0.0,0.0,0.0,0.0,0.0,0.0,0.0,0.22152325932886896,0.005259532848398418,0.0
5,holiday_return,春节返乡日,30.0,1.5,0.25,34.06598624629612,35.85341398806333,3.4939362931526765,0.0,5.0,-5.0,0.0,51.434823548616805,-0.0,15.922723481044017,0.0,-0.0,-0.0,11.20419187126979,35.85341398806333,1.1646454310508922,3.4939362931526765,-0.0,0.0,0.0,0.0,0.0,0.0,0.0,0.0,0.0,0.0,0.0,0.0,0.0,0.0,14.318415701958726,6.206666216575438,7.689847825099269,4.510605948421964,1.1333317474036817,0.0,52.0,7.8,45.0,45.0,0.0,0.582300962685299,1.0,24.527510097333206,31.55100430949573,1.2228777026034368,34.06598624629612,67.35754702966082,51.434823548616805,15.922723481044017,0.0,0.0,0.0,0.0,0.0,0.0,0.0,0.0,0.0,0.0,0.0,0.0,0.12189091248666983,-0.027483210177369877,0.0
5,holiday_return,春节返乡日,30.0,1.75,0.25,34.06447911137858,36.06670888679635,3.335747335366945,0.0,5.0,-5.0,0.0,51.447241416958086,-0.0,14.706354219775157,0.0,-0.0,-0.0,11.270846527123858,36.06670888679635,1.1119157784556484,3.335747335366945,-0.0,0.0,0.0,0.0,0.0,0.0,0.0,0.0,0.0,0.0,0.0,0.0,0.0,0.0,14.363455796452588,6.219389040653508,7.710121950044608,4.51286839609892,1.1350303959877686,0.0,52.0,7.8,45.0,45.0,0.0,0.5718928928246295,1.0,24.52642496019258,31.73870382038079,1.1675115673784306,34.06447911137858,66.15359563673324,51.447241416958086,14.706354219775157,0.0,0.0,0.0,0.0,0.0,0.0,0.0,0.0,0.0,0.0,0.0,0.0,0.2132948987330181,-0.1581889577857316,0.0
5,holiday_return,春节返乡日,30.0,2.0,0.25,34.15160494967234,36.53484356226991,3.400116745935563,0.0,5.0,-5.0,0.0,51.70211581152687,-0.0,14.414805717809706,0.0,-0.0,-0.0,11.417138613209348,36.53484356226991,1.1333722486451876,3.400116745935563,-0.0,0.0,0.0,0.0,0.0,0.0,0.0,0.0,0.0,0.0,0.0,0.0,0.0,0.0,14.417685022531453,6.235120654015534,7.732815339204139,4.515552595153539,1.137028281956513,0.0,52.0,7.8,45.0,45.0,0.0,0.57157584790562,1.0,24.589155563764084,32.150662334797524,1.1900408610774469,34.15160494967234,66.11692152933658,51.70211581152687,14.414805717809706,0.0,0.0,0.0,0.0,0.0,0.0,0.0,0.0,0.0,0.0,0.0,0.0,0.46813467547356424,0.06436941056861789,0.0
5,holiday_return,春节返乡日,30.0,2.25,0.25,34.353801168746095,36.98776693876495,3.2786679466845623,0.0,5.0,-5.0,0.0,52.005367652671666,-0.0,14.706314037928593,0.0,-0.0,-0.0,11.558677168364046,36.98776693876495,1.0928893155615207,3.2786679466845623,-0.0,0.0,0.0,0.0,0.0,0.0,0.0,0.0,0.0,0.0,0.0,0.0,0.0,0.0,14.482621983946576,6.254441257945776,7.758084570862344,4.518723405843835,1.1393678788778467,0.0,52.0,7.8,45.0,45.0,0.0,0.5767175050731264,1.0,24.734736841497188,32.549234906113156,1.1475337813395967,34.353801168746095,66.71168169060026,52.005367652671666,14.706314037928593,0.0,0.0,0.0,0.0,0.0,0.0,0.0,7.105427357601002e-15,0.0,0.0,0.0,0.0,0.4529233764950362,-0.1214487992510005,0.0
5,holiday_return,春节返乡日,30.0,2.5,0.25,34.60588894597937,37.52778597275994,3.3568687423712853,0.0,5.0,-5.0,0.0,52.45227830992395,-0.0,13.465400679433934,0.0,-0.0,-0.0,11.727433116487482,37.52778597275994,1.118956247457095,3.3568687423712853,-0.0,0.0,0.0,0.0,0.0,0.0,0.0,0.0,0.0,0.0,0.0,0.0,0.0,0.0,14.560327970590187,6.278008569232464,7.7860743537398776,4.522452792985491,1.1420956356627092,0.0,52.0,7.8,45.0,45.0,0.0,0.5698534110302632,1.0,24.916240041105148,33.02445165602875,1.1749040598299498,34.60588894597937,65.91767898935788,52.45227830992395,13.465400679433934,0.0,0.0,0.0,0.0,0.0,0.0,0.0,0.0,0.0,0.0,0.0,0.0,0.5400190339949944,0.078200795686723,0.0
5,holiday_return,春节返乡日,30.0,2.75,0.25,34.821856582587316,37.98986699770107,3.256012089146887,0.0,5.0,-5.0,0.0,52.779027382417866,-0.0,11.088666724824563,0.0,-0.0,-0.0,11.871833436781584,37.98986699770107,1.0853373630489622,3.256012089146887,-0.0,0.0,0.0,0.0,0.0,0.0,0.0,0.0,0.0,0.0,0.0,0.0,0.0,0.0,14.653487206296482,6.306559758488298,7.816913326254436,4.526820040571981,1.145261956860199,0.0,52.0,7.8,45.0,45.0,0.0,0.5521314448514698,1.0,25.071736739462867,33.43108295797694,1.1396042312014103,34.821856582587316,63.86769410724243,52.779027382417866,11.088666724824563,0.0,0.0,0.0,0.0,0.0,0.0,0.0,0.0,0.0,0.0,0.0,0.0,0.4620810249411278,-0.10085665322439841,0.0
5,holiday_return,春节返乡日,30.0,3.0,0.25,34.76141106965162,38.489760847641236,3.291449768186045,0.0,5.0,-5.0,0.0,52.88661125726819,-0.0,11.332081780696448,0.0,-0.0,-0.0,12.028050264887886,38.489760847641236,1.0971499227286816,3.291449768186045,-0.0,0.0,0.0,0.0,0.0,0.0,0.0,0.0,0.0,0.0,0.0,0.0,0.0,0.0,14.765445313376848,6.340911176287508,7.850709677913948,4.531911853237057,1.1489210950216178,0.0,52.0,7.8,45.0,45.0,0.0,0.5551658043891035,1.0,25.028215970149166,33.87098954592429,1.1520074188651157,34.76141106965162,64.21869303796464,52.88661125726819,11.332081780696448,0.0,0.0,0.0,0.0,0.0,0.0,0.0,0.0,0.0,0.0,0.0,0.0,0.4998938499401646,0.035437679039158176,0.0
5,holiday_return,春节返乡日,30.0,3.25,0.25,34.87516807150168,39.26201803422321,3.340326773336533,0.0,5.0,-5.0,0.0,53.25799096497528,-0.0,8.835594109494266,0.0,-0.0,-0.0,12.269380635694752,39.26201803422321,1.1134422577788443,3.340326773336533,-0.0,0.0,0.0,0.0,0.0,0.0,0.0,0.0,0.0,0.0,0.0,0.0,0.0,0.0,14.900177554058681,6.381955329467879,7.88754669973797,4.5378223194723715,1.1531309412182202,0.0,52.0,7.8,45.0,45.0,0.0,0.5367944047832288,1.0,25.110121011481212,34.550575870116425,1.1691143706677865,34.87516807150168,62.093585074469544,53.25799096497528,8.835594109494266,0.0,0.0,0.0,0.0,0.0,0.0,0.0,0.0,0.0,0.0,0.0,0.0,0.7722571865819745,0.048877005150488095,0.0
5,holiday_return,春节返乡日,30.0,3.5,0.25,35.182230946800026,39.77180679071162,3.468271347006536,0.0,5.0,-5.0,0.0,53.767011017899584,-0.0,5.229554244958052,0.0,-0.0,-0.0,12.428689622097382,39.77180679071162,1.1560904490021786,3.468271347006536,-0.0,0.0,0.0,0.0,0.0,0.0,0.0,0.0,0.0,0.0,0.0,0.0,0.0,0.0,15.062156496937494,6.4306545693559425,7.927478388994633,4.54465271070702,1.1579527002175556,0.0,52.0,7.8,45.0,45.0,0.0,0.5100208998489869,1.0,25.331206281696016,34.999189975826226,1.2138949714522875,35.182230946800026,58.99656526285764,53.767011017899584,5.229554244958052,0.0,0.0,0.0,0.0,0.0,0.0,0.0,0.0,0.0,0.0,0.0,0.0,0.5097887564884118,0.1279445736700029,0.0
5,holiday_return,春节返乡日,30.0,3.75,0.25,35.50860108715578,40.74472907442868,3.5260456086661134,0.0,5.0,-5.0,0.0,54.416677459136785,-0.0,1.2398304894431362,0.0,-0.0,-0.0,12.732727835758963,40.74472907442868,1.1753485362220377,3.5260456086661134,-0.0,0.0,0.0,0.0,0.0,0.0,0.0,0.0,0.0,0.0,0.0,0.0,0.0,0.0,15.256092170785712,6.488030982312265,7.970525249701544,4.552511090274011,1.1634504377779933,0.0,52.0,7.8,45.0,45.0,0.0,0.4811463538582972,1.0,25.56619278275216,35.85536158549724,1.2341159630331395,35.50860108715578,55.65650794857992,54.416677459136785,1.2398304894431362,0.0,0.0,0.0,0.0,0.0,0.0,0.0,0.0,0.0,0.0,0.0,0.0,0.972922283717061,0.05777426165957733,0.0
5,holiday_return,春节返乡日,30.0,4.0,0.25,35.93853827799786,41.40362114915331,3.5129866483841146,0.0,4.8364730891107754,-4.8364730891107754,-0.0,54.884638525680415,0.0,0.0,0.0,-0.0,-0.0,12.93863160911041,41.40362114915331,1.1709955494613715,3.5129866483841146,-0.0,0.0,0.0,0.0,0.0,0.0,0.0,0.0,0.0,0.0,0.0,0.0,0.0,0.0,15.486528306613321,6.555152036159702,8.01667044319007,4.56151170707277,1.1696904890714896,0.0,52.0,7.8,45.0,45.0,0.0,0.4744736003534255,1.0,25.875747560158455,36.43518661125491,1.22954532693444,35.93853827799786,54.884638525680415,54.884638525680415,0.0,0.0,0.0,0.0,0.0,0.0,0.0,0.0,0.0,0.0,0.0,0.16352691088922455,0.0,0.6588920747246263,-0.013058960281998822,0.0
5,holiday_return,春节返乡日,30.0,4.25,0.25,36.376592858544655,42.12915810554625,3.4557077037017336,0.0,1.3972167024591897,-1.3972167024591897,-0.0,52.091074036887626,0.0,0.0,0.0,-0.0,-0.0,13.165361907983204,42.12915810554625,1.1519025679005779,3.4557077037017336,-0.0,0.0,0.0,0.0,0.0,0.0,0.0,0.0,0.0,0.0,0.0,0.0,0.0,0.0,15.757296762825213,6.633111637996388,8.06585645147619,4.57177415051892,1.1767407194379296,0.0,52.0,7.8,45.0,45.0,0.0,0.45032344401784524,1.0,26.191146858152152,37.0736591328807,1.2094976962956068,36.376592858544655,52.091074036887626,52.091074036887626,0.0,0.0,0.0,0.0,0.0,0.0,0.0,0.0,0.0,0.0,0.0,3.4392563866515857,0.0,0.7255369563929435,-0.05727894468238093,0.0
5,holiday_return,春节返乡日,30.0,4.5,0.25,36.83448590596004,43.159378622446916,3.5088888582384383,0.0,1.0171101556093376,-1.0171101556093376,-0.0,52.508531500496844,0.0,0.0,0.0,-0.0,-0.0,13.48730581951466,43.159378622446916,1.1696296194128128,3.5088888582384383,-0.0,0.0,0.0,0.0,0.0,0.0,0.0,0.0,0.0,0.0,0.0,0.0,0.0,0.0,16.070857874378383,6.7230064022510145,8.117982419158102,4.583422246266781,1.1846696315386707,0.0,52.0,7.8,45.0,45.0,0.0,0.45393233260805427,1.0,26.520829852291225,37.980253187753284,1.2281111003834533,36.83448590596004,52.508531500496844,52.508531500496844,0.0,0.0,0.0,0.0,0.0,0.0,0.0,0.0,0.0,0.0,0.0,0.3801065468498521,0.0,1.0302205169006626,0.05318115453670469,0.0
5,holiday_return,春节返乡日,30.0,4.75,0.25,37.51507281687095,44.03817039101838,3.5182314382444204,0.0,1.0171101556093376,-1.0171101556093376,0.0,53.46685503242167,-0.0,0.21002479064562607,0.0,-0.0,-0.0,13.761928247193245,44.03817039101838,1.1727438127481402,3.5182314382444204,-0.0,0.0,0.0,0.0,0.0,0.0,0.0,0.0,0.0,0.0,0.0,0.0,0.0,0.0,16.4275843577387,6.825907113107909,8.172902336108878,4.596582676284135,1.1935453165170355,0.0,52.0,7.8,45.0,45.0,0.0,0.464032616584918,1.0,27.010852428147082,38.75358994409618,1.231381003385547,37.51507281687095,53.676879823067296,53.46685503242167,0.21002479064562607,0.0,0.0,0.0,0.0,0.0,0.0,0.0,0.0,0.0,0.0,0.0,0.0,0.8787917685714675,0.009342580005982093,0.0
5,holiday_return,春节返乡日,30.0,5.0,0.25,38.41199678766314,45.16614706089473,3.4984228599878375,0.0,0.4636552964073317,-0.4636552964073317,-0.0,54.15621399392936,0.0,0.0,0.0,-0.0,-0.0,14.114420956529603,45.16614706089473,1.1661409533292793,3.4984228599878375,-0.0,0.0,0.0,0.0,0.0,0.0,0.0,0.0,0.0,0.0,0.0,0.0,0.0,0.0,16.825075489963734,6.9428255904686855,8.230424212552332,4.611383312205518,1.203434250966751,0.0,52.0,7.8,45.0,45.0,0.0,0.46817642468734244,1.0,27.65663768711746,39.746209413587366,1.224448000995743,38.41199678766314,54.15621399392936,54.15621399392936,0.0,0.0,0.0,0.0,0.0,0.0,0.0,0.0,7.105427357601002e-15,0.0,0.0,0.5534548592020059,0.0,1.1279766698763467,-0.019808578256582887,0.0
5,holiday_return,春节返乡日,30.0,5.25,0.25,38.95494687211559,46.046447756591206,3.4720386168845847,0.2276429380715257,0.0,0.2276429380715257,-0.0,54.274165063607015,0.0,0.0,0.0,-0.0,-0.0,14.389514923934751,46.046447756591206,1.157346205628195,3.4720386168845847,-0.0,0.0,0.0,0.0,0.0,0.0,0.0,0.0,0.0,0.0,0.0,0.0,0.0,0.0,17.25760994550442,7.074677428247333,8.290310379633805,4.6279512574984665,1.2143999463019854,0.0,52.0,7.8,45.0,45.0,0.0,0.4691961028741507,1.0,28.047561747923226,40.52087402580026,1.2152135159096045,38.95494687211559,54.274165063607015,54.274165063607015,0.0,0.12520361593933915,0.03130090398483479,0.9390271195450437,0.0,0.0,0.0,0.0,0.0,0.0,0.0,0.6912982344788574,0.0,0.8803006956964765,-0.026384243103252825,0.0
5,holiday_return,春节返乡日,30.0,5.5,0.25,39.677275364647016,46.756977160446866,3.3634050199916143,0.7423700218331675,0.0,0.7423700218331675,-0.0,54.66759571211736,0.0,0.0,0.0,-0.0,-0.0,14.611555362639645,46.756977160446866,1.1211350066638714,3.3634050199916143,-0.0,0.0,0.0,0.0,0.0,0.0,0.0,0.0,0.0,0.0,0.0,0.0,0.0,0.0,17.715852961152066,7.222241359565747,8.352279022052926,4.646410601804602,1.2265014624274597,0.0,52.0,7.8,45.0,45.0,0.0,0.47259728144255364,1.0,28.567638262545852,41.146139901193244,1.177191756997065,39.677275364647016,54.66759571211736,54.66759571211736,0.0,0.40830351200824216,0.10207587800206054,3.0622763400618163,0.0,0.0,0.0,0.0,-7.105427357601002e-15,0.0,0.0,0.5147270837616418,0.0,0.7105294038556593,-0.10863359689297036,0.0
5,holiday_return,春节返乡日,30.0,5.75,0.25,40.16259907466876,47.62878253291188,3.4654440210956676,2.8616754110887825,0.0,2.8616754110887825,-0.0,53.34006621214683,0.0,0.0,0.0,-0.0,-0.0,14.88399454153496,47.62878253291188,1.1551480070318891,3.4654440210956676,-0.0,0.0,0.0,0.0,0.0,0.0,0.0,0.0,0.0,0.0,0.0,0.0,0.0,0.0,18.18692082740795,7.386116303571432,8.416007014798572,4.666879899763706,1.2397918033022686,0.0,52.0,7.8,45.0,45.0,0.0,0.461120888077374,1.0,28.91707133376151,41.913328628962454,1.2129054073834835,40.16259907466876,53.34006621214683,53.34006621214683,0.0,1.5739214760988305,0.3934803690247076,11.804411070741228,0.0,0.0,0.0,0.0,0.0,0.0,0.0,2.119305389255615,0.0,0.8718053724650119,0.10203900110405328,0.0
5,holiday_return,春节返乡日,30.0,6.0,0.25,40.772098900088025,48.11043753337233,3.5069515504162294,5.9733534263483605,0.0,5.9733534263483605,-0.0,51.00224105305726,0.0,0.0,-0.0,-0.0,-0.0,15.03451172917885,48.11043753337233,1.168983850138743,3.5069515504162294,-0.0,0.0,0.0,0.0,0.0,0.0,0.0,0.0,0.0,0.0,0.0,0.0,0.0,0.0,18.654870698030386,7.566677448286375,8.481134094012406,4.6894693965312575,1.2543162179203147,0.0,52.0,7.8,45.0,45.0,0.0,0.44091056420485664,1.0,29.355911208063375,42.337185029367646,1.2274330426456803,40.772098900088025,51.00224105305726,51.00224105305726,0.0,3.2853443844915984,0.8213360961228996,24.640082883686986,0.0,0.0,0.0,0.0,0.0,0.0,0.0,3.111678015259578,0.0,0.4816550004604494,0.04150752932056179,0.0
5,holiday_return,春节返乡日,30.0,6.25,0.25,41.59399164487001,48.87532527405701,3.561590102610363,4.966442689066646,0.0,4.966442689066646,-0.0,53.0882848048163,0.0,0.0,0.0,-0.0,-0.0,15.273539148142815,48.87532527405701,1.187196700870121,3.561590102610363,-0.0,0.0,0.0,0.0,0.0,0.0,0.0,0.0,0.0,0.0,0.0,0.0,0.0,0.0,19.101628614312148,7.764033005644941,8.547268343447353,4.714278032830902,1.270110436205285,0.0,52.0,7.8,45.0,45.0,0.0,0.45894425661824045,1.0,29.947673984306405,43.01028624117017,1.246556535913627,41.59399164487001,53.0882848048163,53.0882848048163,0.0,2.7315434789866555,0.6828858697466639,20.486576092399915,0.0,0.0,0.0,0.0,0.0,0.0,0.0,-1.0069107372817143,0.0,0.764887740684685,0.054638552194133716,0.0
5,holiday_return,春节返乡日,30.0,6.5,0.25,42.20419616553493,49.31765630118919,3.6237778943899186,5.594534795313841,0.0,5.594534795313841,-0.0,53.22935492913935,0.0,0.0,-0.0,-0.0,-0.0,15.41176759412162,49.31765630118919,1.2079259647966396,3.6237778943899186,-0.0,0.0,0.0,0.0,0.0,0.0,0.0,0.0,0.0,0.0,0.0,0.0,0.0,0.0,19.508300797980567,7.977983519345744,8.613992924287187,4.741390273451254,1.2871988751224155,0.0,52.0,7.8,45.0,45.0,0.0,0.46016379730554124,1.0,30.38702123918515,43.399537545046485,1.2683222630364714,42.20419616553493,53.22935492913935,53.22935492913935,0.0,3.076994137422613,0.7692485343556532,23.077456030669595,0.0,0.0,0.0,0.0,0.0,0.0,0.0,0.6280921062471947,0.0,0.44233102713217676,0.06218779177955547,0.0
5,holiday_return,春节返乡日,30.0,6.75,0.25,42.56238821757537,49.5470852237989,3.6789644037467686,4.456803411983358,0.0,4.456803411983358,-0.0,54.815370405944755,0.0,0.0,0.0,-0.0,-0.0,15.483464132437156,49.5470852237989,1.2263214679155896,3.6789644037467686,-0.0,0.0,0.0,0.0,0.0,0.0,0.0,0.0,0.0,0.0,0.0,0.0,0.0,0.0,19.85674429360435,8.207985793114666,8.68087391911847,4.7708728142498655,1.3055928557041865,0.0,52.0,7.8,45.0,45.0,0.0,0.4738747826324103,1.0,30.644919516654262,43.601434996943034,1.287637541311369,42.56238821757537,54.815370405944755,54.815370405944755,0.0,2.4512418765908475,0.6128104691477119,18.384314074431355,0.0,0.0,0.0,0.0,0.0,0.0,0.0,-1.1377313833304825,0.0,0.22942892260971348,0.05518650935684999,0.0
5,holiday_return,春节返乡日,30.0,7.0,0.25,43.135579652182884,49.678320622586526,3.769265194753665,2.830388590702472,0.0,2.830388590702472,0.4813207767196817,56.46168417194762,0.0,0.0,0.2916342195280524,0.10207197683481833,0.13123539878762358,15.483464132437156,49.5470852237989,1.256421731584555,3.769265194753665,-0.0,-0.0,0.0,0.0,0.0,0.0,0.0,0.0,0.0,0.0,0.0,0.0,0.0,0.0,20.13121670033314,8.453123616580214,8.747469102891415,4.802771233561842,1.3252888764197575,0.0,88.0,13.2,45.0,45.0,0.013236620767073657,0.4881070421653084,1.0,31.057617349571675,43.71692214787614,1.3192428181637827,43.135579652182884,56.9430049486673,56.9430049486673,0.0,1.61504056879197,0.4037601421979925,12.112804265939776,0.0,0.0,0.0,0.0,0.0,0.0,0.0,-1.6264148212808864,0.10207197683481833,0.0,0.09030079100689647,-0.0
5,holiday_return,春节返乡日,30.0,7.25,0.25,43.653302730328726,49.427393216602226,3.9547130078154376,0.0,1.0246718344301735,-1.0246718344301735,1.458251035006712,59.98402157921219,0.0,0.0,0.0,-0.0,-0.0,15.446060380188195,49.427393216602226,1.3182376692718125,3.9547130078154376,-0.0,0.0,0.0,0.0,0.0,0.0,0.0,0.0,0.0,0.0,0.0,0.0,0.0,0.0,20.319893880446465,8.712087480019807,8.813337397434944,4.837106663981148,1.3462669921308321,0.0,88.0,13.2,45.0,45.0,0.04010281057287093,0.5185573859441491,1.0,31.43037796583668,43.49610603060996,1.384149552735403,43.653302730328726,61.4422726142189,61.4422726142189,0.0,0.0,0.0,0.0,0.0,0.0,0.0,0.0,0.0,0.0,0.0,-3.8550604251326455,-0.10207197683481833,-0.11969200719667583,0.1854478130617725,0.0
5,holiday_return,春节返乡日,30.0,7.5,0.25,44.11727535832173,49.09586448636901,4.08120999489733,0.0,3.405637153723167,-3.405637153723167,2.5955741913005754,61.630199304367075,0.0,0.0,0.0,-0.0,-0.0,15.342457651990316,49.09586448636901,1.3604033316324433,4.08120999489733,-0.0,0.0,0.0,0.0,0.0,0.0,0.0,0.0,0.0,0.0,0.0,0.0,0.0,0.0,20.41604788860703,8.983165372675376,8.878048714443327,4.87387256931688,1.3684893505187623,0.0,88.0,13.2,45.0,45.0,0.07137990484682256,0.5327884694140783,1.0,31.764438257991642,43.20436074800473,1.4284234982140656,44.11727535832173,64.22577349566765,64.22577349566765,0.0,0.0,0.0,0.0,0.0,0.0,0.0,0.0,0.0,0.0,0.0,-2.3809653192929936,0.0,-0.3315287302332166,0.1264969870818926,0.0
5,holiday_return,春节返乡日,30.0,7.75,0.25,44.56705852101984,48.76157109020138,4.2084558194734445,0.0,5.0,-5.0,3.7166157248400387,62.49125236835887,0.0,0.3508971057370829,0.0,-0.0,-0.0,15.23799096568793,48.76157109020138,1.402818606491148,4.2084558194734445,-0.0,0.0,0.0,0.0,0.0,0.0,0.0,0.0,0.0,0.0,0.0,0.0,0.0,0.0,20.418716999184813,9.26424654156453,8.941193847923186,4.91303171864422,1.391898939106604,0.0,88.0,13.2,45.0,45.0,0.10220924436698749,0.5432656881027128,1.0,32.088282135134286,42.91018255937721,1.4729595368157056,44.56705852101984,66.55876519893599,66.20786809319891,0.3508971057370829,0.0,0.0,0.0,0.0,0.0,0.0,0.0,0.0,0.0,0.0,-1.594362846276833,0.0,-0.3342933961676309,0.12724582457611433,0.0
5,holiday_return,春节返乡日,30.0,8.0,0.25,44.92594054533344,48.174151460626994,4.262358649719252,0.0,5.0,-5.0,5.373183658930131,61.02796543442233,0.0,3.4854814976638835,0.0,-0.0,-0.0,15.054422331445934,48.174151460626994,1.4207862165730838,4.262358649719252,-0.0,0.0,0.0,0.0,0.0,0.0,0.0,0.0,0.0,0.0,0.0,0.0,0.0,0.0,20.332770017957245,9.552839743837302,9.002394043980377,4.95451345430169,1.4164185956342732,0.0,88.0,13.2,45.0,45.0,0.14776589302837612,0.5577139297866428,1.0,32.34667719264007,42.393253285351754,1.491825527401738,44.92594054533344,69.88663059101634,66.40114909335246,3.4854814976638835,0.0,0.0,0.0,0.0,0.0,0.0,0.0,0.0,0.0,0.0,0.0,0.0,-0.5874196295743843,0.05390283024580711,0.0
5,holiday_return,春节返乡日,30.0,8.25,0.25,45.34617677080739,47.45073931459577,4.3810331995710605,0.0,5.0,-5.0,1.750230971913112,64.88464623456248,5.447146448026124,0.0,0.0,-0.0,-0.0,14.828356035811177,47.45073931459577,1.4603443998570202,4.3810331995710605,-0.0,0.0,0.0,0.0,0.0,0.0,0.0,0.0,0.0,0.0,0.0,0.0,0.0,0.0,20.168355658107767,9.846107057534763,9.061309856468025,4.998211352998994,1.4419503324173917,0.0,88.0,13.2,45.0,45.0,0.19793235620227292,0.5609229200291892,1.0,32.64924727498132,41.75665059684428,1.5333616198498712,45.34617677080739,72.08202365450171,66.6348772064756,5.447146448026124,0.0,0.0,0.0,0.0,0.0,0.0,0.0,7.105427357601002e-15,0.0,0.0,0.0,0.0,-0.7234121460312224,0.11867454985180892,0.0
5,holiday_return,春节返乡日,30.0,8.5,0.25,45.68899937291842,46.40866044421703,4.463062844479962,0.0,5.0,-5.0,4.535674661569743,62.143718714993156,4.202242067487347,0.0,0.0,-0.0,-0.0,14.50270638881782,46.40866044421703,1.487687614826654,4.463062844479962,-0.0,0.0,0.0,0.0,0.0,0.0,0.0,0.0,0.0,0.0,0.0,0.0,0.0,0.0,19.93981810282523,10.140913732205318,9.117648893981904,5.0439813785173095,1.4683750213287108,0.0,88.0,13.2,45.0,45.0,0.2402981455009107,0.5372278063607382,1.0,32.89607954850126,40.83962119091098,1.5620719955679867,45.68899937291842,70.88163544405025,66.6793933765629,4.202242067487347,0.0,0.0,0.0,0.0,0.0,0.0,0.0,7.105427357601002e-15,0.0,0.0,0.0,0.0,-1.0420788703787451,0.08202964490890174,0.0
5,holiday_return,春节返乡日,30.0,8.75,0.25,45.89873467233848,45.575217357220154,4.6508053023497675,0.0,5.0,-5.0,10.604208516887685,56.087050013698686,0.0,3.6909391223955623,0.0,-0.0,-0.0,14.242255424131297,45.575217357220154,1.550268434116589,4.6508053023497675,-0.0,0.0,0.0,0.0,0.0,0.0,0.0,0.0,0.0,0.0,0.0,0.0,0.0,0.0,19.664235034407675,10.433893878910636,9.171172078992457,5.0916406205124645,1.4955524801487288,0.0,88.0,13.2,45.0,45.0,0.2916223305996241,0.516776250863337,1.0,33.047088964083706,40.10619127435373,1.6277818558224186,45.89873467233848,70.38219765298193,66.69125853058637,3.6909391223955623,0.0,0.0,0.0,0.0,0.0,0.0,0.0,0.0,0.0,0.0,0.0,0.0,-0.8334430869968728,0.18774245786980526,0.0
5,holiday_return,春节返乡日,30.0,9.0,0.25,46.03015538071711,44.514984789479314,4.756056918485088,0.0,5.0,-5.0,6.362795496145154,60.16364493744594,6.249751424532446,0.0,0.0,-0.0,-0.0,13.910932746712286,44.514984789479314,1.585352306161696,4.756056918485088,-0.0,0.0,0.0,0.0,0.0,0.0,0.0,0.0,0.0,0.0,0.0,0.0,0.0,0.0,19.359780905837553,10.721531042776878,9.221698074809092,5.14096670648026,1.5233219932765087,0.0,88.0,13.2,45.0,45.0,0.34685288599781605,0.5201102164588087,1.0,33.14171187411632,39.173186614741795,1.6646199214697808,46.03015538071711,72.77619185812354,66.52644043359109,6.249751424532446,0.0,0.0,0.0,0.0,0.0,0.0,0.0,0.0,0.0,0.0,0.0,0.0,-1.0602325677408402,0.10525161613532052,0.0
5,holiday_return,春节返乡日,30.0,9.25,0.25,46.454664786262256,43.427424129164166,4.814240441087901,0.0,5.0,-5.0,13.991075735326747,52.63940590499528,0.0,5.362130789042276,0.0,-0.0,-0.0,13.571070040363802,43.427424129164166,1.604746813695967,4.814240441087901,-0.0,0.0,0.0,0.0,0.0,0.0,0.0,0.0,0.0,0.0,0.0,0.0,0.0,0.0,19.044128977220062,11.000251901253675,9.269105590922573,5.191697962944294,1.5515032902890038,0.0,88.0,13.2,45.0,45.0,0.3847632859193663,0.5014189521968824,1.0,33.447358646108825,38.216133233664465,1.6849841543807653,46.454664786262256,71.9926124293643,66.63048164032203,5.362130789042276,0.0,0.0,0.0,0.0,0.0,0.0,0.0,0.0,0.0,0.0,0.0,0.0,-1.0875606603151482,0.05818352260281312,0.0
5,holiday_return,春节返乡日,30.0,9.5,0.25,46.72048890428404,42.33083300326939,4.946370305376501,0.0,5.0,-5.0,15.601597831464696,50.996066488133195,0.0,5.542683667013634,0.0,-0.0,-0.0,13.228385313521684,42.33083300326939,1.648790101792167,4.946370305376501,-0.0,0.0,0.0,0.0,0.0,0.0,0.0,0.0,0.0,0.0,0.0,0.0,0.0,0.0,18.733081198814524,11.266530524197947,9.313333351339375,5.2435343874494835,1.579897994784475,0.0,88.0,13.2,45.0,45.0,0.4290536453940955,0.4887732718334914,1.0,33.638752011084506,37.251133042877065,1.7312296068817752,46.72048890428404,72.14034798661153,66.5976643195979,5.542683667013634,0.0,0.0,0.0,0.0,0.0,0.0,0.0,0.0,0.0,0.0,0.0,0.0,-1.0965911258947756,0.13212986428859974,0.0
5,holiday_return,春节返乡日,30.0,9.75,0.25,46.72447275998074,41.369842080177555,5.150614405943767,0.0,5.0,-5.0,17.600121861477458,48.76929801720669,0.0,7.699322061426614,0.0,-0.0,-0.0,12.928075650055485,41.369842080177555,1.7168714686479223,5.150614405943767,-0.0,0.0,0.0,0.0,0.0,0.0,0.0,0.0,0.0,0.0,0.0,0.0,0.0,0.0,18.439562952564007,11.516999858690712,9.35437760192237,5.29613947520614,1.6082915436188965,0.0,88.0,13.2,45.0,45.0,0.48401429940835,0.48816700256051687,1.0,33.64162038718613,36.405461030556246,1.8027150420803182,46.72447275998074,74.06874194011075,66.36941987868414,7.699322061426614,0.0,0.0,0.0,0.0,0.0,0.0,0.0,-7.105427357601002e-15,0.0,0.0,0.0,0.0,-0.9609909230918348,0.20424410056726572,0.0
5,holiday_return,春节返乡日,30.0,10.0,0.25,46.74461181243801,40.261680502552586,5.213746460249064,0.0,5.0,-5.0,10.751858636116083,55.3124438201193,8.267594408407628,0.0,0.0,-0.0,-0.0,12.581775157047682,40.261680502552586,1.737915486749688,5.213746460249064,-0.0,0.0,0.0,0.0,0.0,0.0,0.0,0.0,0.0,0.0,0.0,0.0,0.0,0.0,18.17305224777479,11.748566405634284,9.392287138407003,5.349142923597687,1.636455563392761,0.0,88.0,13.2,45.0,45.0,0.5230467898420775,0.4781719451682082,1.0,33.65612050495537,35.430278842246274,1.8248112610871723,46.74461181243801,74.33189686464301,66.06430245623538,8.267594408407628,0.0,0.0,0.0,0.0,0.0,0.0,0.0,7.105427357601002e-15,0.0,0.0,0.0,0.0,-1.1081615776249691,0.06313205430529756,0.0
5,holiday_return,春节返乡日,30.0,10.25,0.25,46.848258822425564,39.33452217748477,5.409450785786169,0.0,5.0,-5.0,14.143475570510056,51.79997169430822,6.338390783627769,0.0,0.0,-0.0,-0.0,12.29203818046399,39.33452217748477,1.803150261928723,5.409450785786169,-0.0,0.0,0.0,0.0,0.0,0.0,0.0,0.0,0.0,0.0,0.0,0.0,0.0,0.0,17.939444049526898,11.958523480860528,9.427155952443664,5.402144214755273,1.664150677281882,0.0,88.0,13.2,45.0,45.0,0.5632640655558095,0.44780688601062907,1.0,33.730746352146404,34.6143795161866,1.893307775025159,46.848258822425564,72.28183804844605,65.94344726481827,6.338390783627769,0.0,0.0,0.0,0.0,0.0,0.0,0.0,0.0,0.0,0.0,0.0,0.0,-0.9271583250678148,0.19570432553710493,0.0
5,holiday_return,春节返乡日,30.0,10.5,0.25,46.78864716056742,38.49999028519533,5.5889904909922254,0.0,5.0,-5.0,14.77916376057771,50.903727194443995,7.016671198421442,0.0,0.0,-0.0,-0.0,12.03124696412354,38.49999028519533,1.8629968303307418,5.5889904909922254,-0.0,0.0,0.0,0.0,0.0,0.0,0.0,0.0,0.0,0.0,0.0,0.0,0.0,0.0,17.74129225190997,12.144658043494845,9.459113713468598,5.454717051666488,1.6911297014917557,0.0,88.0,13.2,45.0,45.0,0.5993990195482891,0.44005891925580454,1.0,33.687825955608545,33.87999145097189,1.9561466718472789,46.78864716056742,72.69956215344314,65.6828909550217,7.016671198421442,0.0,0.0,0.0,0.0,0.0,0.0,0.0,0.0,0.0,0.0,0.0,0.0,-0.8345318922894407,0.17953970520605633,0.0
5,holiday_return,春节返乡日,30.0,10.75,0.25,46.72242244072376,37.82539189146889,5.881681389879488,0.0,5.0,-5.0,16.952526224503416,48.55089164559753,5.877463694111217,0.0,0.0,-0.0,-0.0,11.820434966084028,37.82539189146889,1.9605604632931628,5.881681389879488,-0.0,0.0,0.0,0.0,0.0,0.0,0.0,0.0,0.0,0.0,0.0,0.0,0.0,0.0,17.578332687151633,12.305345867838907,9.488314423350637,5.506414597592846,1.717141177245591,0.0,88.0,13.2,45.0,45.0,0.6278389242374456,0.41971883168506524,1.0,33.64014415732111,33.28634486449263,2.0585884864578206,46.72242244072376,71.38088156421216,65.50341787010095,5.877463694111217,0.0,0.0,0.0,0.0,0.0,0.0,0.0,-7.105427357601002e-15,0.0,0.0,0.0,0.0,-0.6745983937264413,0.29269089888726274,0.0
5,holiday_return,春节返乡日,30.0,11.0,0.25,46.5961507881338,36.987156740404,6.142839340838049,0.0,5.0,-5.0,20.83111385255041,44.37113653057232,2.411734464833085,0.0,0.0,-0.0,-0.0,11.558486481376248,36.987156740404,2.047613113612683,6.142839340838049,-0.0,0.0,0.0,0.0,0.0,0.0,0.0,0.0,0.0,0.0,0.0,0.0,0.0,0.0,17.448173727181484,12.439629865366225,9.514923691987583,5.55677544278461,1.7419331717989983,0.0,70.0,10.5,45.0,45.0,0.6391927870236086,0.38358516092956363,1.0,33.54922856745633,32.548697931555516,2.149993769293317,46.5961507881338,67.61398484795582,65.20225038312273,2.411734464833085,0.0,0.0,0.0,0.0,0.0,0.0,0.0,0.0,0.0,0.0,0.0,0.0,-0.8382351510648931,0.26115795095856065,0.0
5,holiday_return,春节返乡日,30.0,11.25,0.25,46.697327438803896,36.26511590288973,6.369234095777654,0.0,5.0,-5.0,21.578419372288636,43.57483481809419,2.252709799135946,0.0,0.0,-0.0,-0.0,11.332848719653041,36.26511590288973,2.1230780319258846,6.369234095777654,-0.0,0.0,0.0,0.0,0.0,0.0,0.0,0.0,0.0,0.0,0.0,0.0,0.0,0.0,17.34704490418143,12.547276655744007,9.539105178547624,5.605330197525103,1.7652572710088608,0.0,70.0,10.5,45.0,45.0,0.6553708764519133,0.376701192106296,1.0,33.6220757559388,31.913301994542966,2.2292319335221786,46.697327438803896,67.40596398951877,65.15325419038282,2.252709799135946,0.0,0.0,0.0,0.0,0.0,0.0,0.0,0.0,0.0,0.0,0.0,0.0,-0.722040837514264,0.22639475493960504,0.0
5,holiday_return,春节返乡日,30.0,11.5,0.25,46.844066992631426,35.58801605108061,6.8273060230657485,0.0,3.299202781893797,-3.299202781893797,24.043276366014368,39.49701709882879,0.0,0.0,0.0,-0.0,-0.0,11.121255015962689,35.58801605108061,2.2757686743552497,6.8273060230657485,-0.0,0.0,0.0,0.0,0.0,0.0,0.0,0.0,0.0,0.0,0.0,0.0,0.0,0.0,17.2705134096905,12.62880705491075,9.561006818315848,5.6516085873581305,1.7868726769384464,0.0,70.0,10.5,45.0,45.0,0.6612050562700411,0.3414487625227514,1.0,33.727728234694624,31.317454124950935,2.389557108073012,46.844066992631426,63.54029346484316,63.54029346484316,0.0,0.0,0.0,0.0,0.0,0.0,0.0,0.0,0.0,0.0,0.0,1.700797218106203,0.0,-0.6770998518091247,0.45807192728809465,0.0
5,holiday_return,春节返乡日,30.0,11.75,0.25,46.639492542245875,35.20640333880808,7.069734580470442,1.8247109869389782,0.0,1.8247109869389782,24.761814759458534,33.41154603271604,0.0,0.0,0.0,-0.0,-0.0,11.002001043377524,35.20640333880808,2.3565781934901473,7.069734580470442,-0.0,0.0,0.0,0.0,0.0,0.0,0.0,0.0,0.0,0.0,0.0,0.0,0.0,0.0,17.214106415837282,12.685496996457504,9.580747503239655,5.695146905883207,1.8065503172708026,0.0,70.0,10.5,45.0,45.0,0.6809653090590911,0.28884031972078034,1.0,33.58043463041703,30.98163493815111,2.4744071031646544,46.639492542245875,58.17336079217458,58.17336079217458,0.0,1.003591042816438,0.2508977607041095,7.526932821123285,0.0,0.0,0.0,0.0,0.0,0.0,0.0,5.123913768832775,0.0,-0.3816127122725277,0.24242855740469338,0.0
5,holiday_return,春节返乡日,30.0,12.0,0.25,46.46212702448516,34.704137382124244,7.225327606705329,4.365944941894952,0.0,4.365944941894952,25.565954051893947,29.44646919199228,0.0,0.0,0.6873769298063811,0.24058192543223336,0.3093196184128715,10.748380551159803,34.39481776371137,2.408442535568443,7.225327606705329,-0.0,0.0,0.0,0.0,0.0,0.0,0.0,0.0,0.0,0.0,0.0,0.0,0.0,0.0,17.173806992595992,12.719346517740412,9.598404900513795,5.735495663618433,1.8240768692696459,0.0,70.0,10.5,45.0,45.0,0.7030796398187408,0.2545625266108572,1.0,33.45273145762932,30.539640896269336,2.528864662346865,46.46212702448516,55.012423243886225,55.012423243886225,0.0,2.5387451040035,0.634686276000875,19.04058828002625,0.0,0.0,0.0,0.0,0.0,0.0,0.0,2.541233954955974,0.24058192543223336,-0.8115855750967071,0.1555930262348868,0.0
5,holiday_return,春节返乡日,30.0,12.25,0.25,46.45144517844682,34.39481776371137,7.471377029261611,2.9835268127528067,0.0,2.9835268127528067,26.025683066118425,30.68107486048926,0.0,0.0,0.0,-0.0,-0.0,10.748380551159803,34.39481776371137,2.4904590097538706,7.471377029261611,-0.0,0.0,0.0,0.0,0.0,0.0,0.0,0.0,0.0,0.0,0.0,0.0,0.0,0.0,17.146417427617585,12.733015796101931,9.614005074678444,5.772227258905498,1.8392585999213824,0.0,70.0,10.5,45.0,45.0,0.7157224736859645,0.2652356003940511,1.0,33.445040528481705,30.267439632066008,2.614981960241564,46.45144517844682,56.706757926607686,56.706757926607686,0.0,1.6409397470140439,0.41023493675351097,12.307048102605329,0.0,0.0,0.0,0.0,0.0,0.0,0.0,-1.3824181291421453,-0.24058192543223336,0.0,0.2460494225562826,0.0
5,holiday_return,春节返乡日,30.0,12.5,0.25,46.611059977407635,34.17807606432705,7.509279747424025,3.546654793582732,0.0,3.546654793582732,26.186246220908732,29.7975509052926,0.0,0.0,0.5388027044425314,0.188580946554886,0.24246121699913914,10.604879639789973,33.93561484732791,2.5030932491413416,7.509279747424025,-0.0,0.0,0.0,0.0,0.0,0.0,0.0,0.0,0.0,0.0,0.0,0.0,0.0,0.0,17.129802529355597,12.729728767995118,9.627514523365473,5.804943489303339,1.851924925857258,0.0,70.0,10.5,45.0,45.0,0.7201380603215732,0.257597601797695,1.0,33.559963183733494,30.076706936607806,2.6282479115984088,46.611059977407635,55.98379712620133,55.98379712620133,0.0,2.0584206773590092,0.5146051693397523,15.438155080192569,0.0,0.0,0.0,0.0,0.0,0.0,0.0,0.5631279808299254,0.188580946554886,-0.459202916383461,0.03790271816241386,0.0
5,holiday_return,春节返乡日,30.0,12.75,0.25,46.560566311654874,33.93561484732791,7.782220839408136,3.1617080534037214,0.0,3.1617080534037214,26.315514582772558,30.282296928404612,0.0,0.0,-0.0,-0.0,-0.0,10.604879639789973,33.93561484732791,2.5940736131360453,7.782220839408136,-0.0,0.0,0.0,0.0,0.0,0.0,0.0,0.0,0.0,0.0,0.0,0.0,0.0,0.0,17.123035728673802,12.713146542002859,9.638835145776142,5.833282719853247,1.861931601718425,0.0,70.0,10.5,45.0,45.0,0.7236930206846677,0.2617881949585727,1.0,33.523607744391505,29.863341065648562,2.7237772937928475,46.560566311654874,56.59781151117717,56.59781151117717,0.0,1.7389394293720468,0.4347348573430117,13.042045720290352,0.0,0.0,0.0,0.0,0.0,0.0,0.0,-0.38494674017901076,-0.188580946554886,0.0,0.27294109198411043,0.0
5,holiday_return,春节返乡日,30.0,13.0,0.25,46.21992290165741,33.76263181615504,7.9544928286904,0.24939044542170308,0.0,0.24939044542170308,25.857178203383477,33.31567430496415,0.0,0.0,0.0,-0.0,-0.0,10.55082244254845,33.76263181615504,2.651497609563467,7.9544928286904,-0.0,0.0,0.0,0.0,0.0,0.0,0.0,0.0,0.0,0.0,0.0,0.0,0.0,0.0,17.12647301649979,12.68721454645595,9.64780253919423,5.856926528266881,1.8691634536951827,0.0,70.0,10.5,45.0,45.0,0.7110884851417107,0.2880115157956664,1.0,33.27834448919334,29.71111599821644,2.78407249004164,46.21992290165741,59.172852508347624,59.172852508347624,0.0,0.1371647449819367,0.034291186245484176,1.0287355873645252,0.0,0.0,0.0,0.0,0.0,0.0,0.0,-2.9123176079820183,0.0,-0.17298303117286906,0.1722719892822644,0.0
5,holiday_return,春节返乡日,30.0,13.25,0.25,46.33852118047744,33.55417070850329,7.828319242805456,0.0,-0.0,0.0,22.769886368821943,36.663752905664595,2.1106592433136555,0.0,0.0,-0.0,-0.0,10.485678346407278,33.55417070850329,2.6094397476018187,7.828319242805456,-0.0,0.0,0.0,0.0,0.0,0.0,0.0,0.0,0.0,0.0,0.0,0.0,0.0,0.0,17.141775691102367,12.655989039888075,9.654187867515674,5.87560565654106,1.8735365858306066,0.0,70.0,10.5,45.0,45.0,0.684230481364655,0.31695540520831705,1.0,33.36373524994376,29.527670223482897,2.7399117349819093,46.33852118047744,61.54429851780019,59.43363927448654,2.1106592433136555,0.0,0.0,0.0,0.0,0.0,-0.0,0.0,0.0,0.0,0.0,-0.24939044542170308,0.0,-0.2084611076517504,-0.12617358588494376,0.0
5,holiday_return,春节返乡日,30.0,13.5,0.25,46.835707254945696,33.605486259388776,8.090526329078632,0.0,0.0,0.0,23.966665352040717,36.06759846865685,0.0,0.4279467688048584,0.0,-0.0,-0.0,10.501714456058991,33.605486259388776,2.696842109692877,8.090526329078632,-0.0,0.0,0.0,0.0,0.0,0.0,0.0,0.0,0.0,0.0,0.0,0.0,0.0,0.0,17.171894826373606,12.623450153528635,9.657703374097466,5.889105113564341,1.875,0.0,70.0,10.5,45.0,45.0,0.659098205729615,0.3155012624812599,1.0,33.7217092235609,29.572827908262123,2.831684215177521,46.835707254945696,60.46221058950242,60.03426382069756,0.4279467688048584,0.0,0.0,0.0,0.0,0.0,0.0,0.0,-7.105427357601002e-15,0.0,0.0,0.0,0.0,0.051315550885483674,0.26220708627317535,0.0
5,holiday_return,春节返乡日,30.0,13.75,0.25,47.18793226084407,33.56589101926983,8.212615201483581,1.0110611641784573,0.0,1.0110611641784573,22.704630623521254,36.61942696429946,0.0,0.0,0.16243129245605953,0.05685095235962083,0.07309408160522679,10.466499043020187,33.4927969376646,2.737538400494527,8.212615201483581,-0.0,0.0,0.0,0.0,0.0,0.0,0.0,0.0,0.0,0.0,0.0,0.0,0.0,0.0,17.221020650881904,12.593309919736447,9.658011428041478,5.897268293550466,1.8735365858306066,0.0,70.0,10.5,45.0,45.0,0.6243914656421872,0.3165722107562167,1.0,33.97531122780773,29.537984096957448,2.8744153205192533,47.18793226084407,59.32405758782071,59.32405758782071,0.0,0.5885698987893634,0.14714247469734085,4.414274240920226,0.0,0.0,0.0,0.0,0.0,0.0,0.0,1.0110611641784573,0.05685095235962083,-0.11268932172417578,0.12208887240494981,0.0
5,holiday_return,春节返乡日,30.0,14.0,0.25,47.30427958807204,33.4927969376646,8.338192668591333,0.0,0.0,0.0,21.440817383630993,39.109358803658345,0.0,1.0074441824510245,0.0,-0.0,-0.0,10.466499043020187,33.4927969376646,2.779397556197111,8.338192668591333,-0.0,0.0,0.0,0.0,0.0,0.0,0.0,0.0,0.0,0.0,0.0,0.0,0.0,0.0,17.294490711907574,12.56882466074896,9.654736808346748,5.9,1.8691634536951827,0.0,70.0,10.5,45.0,45.0,0.5896358153857331,0.3468067652223349,1.0,34.05908130341187,29.473661305144848,2.9183674340069663,47.30427958807204,61.55762036974036,60.55017618728934,1.0074441824510245,0.0,0.0,0.0,0.0,0.0,0.0,0.0,0.0,0.0,0.0,-1.0110611641784573,-0.05685095235962083,0.0,0.12557746710775142,0.0
5,holiday_return,春节返乡日,30.0,14.25,0.25,47.44666567411655,33.583265933723595,8.500664967928424,0.0,-0.0,0.0,18.68704501354133,42.087946254173325,1.1783765478501422,0.0,0.0,-0.0,-0.0,10.494770604288624,33.583265933723595,2.8335549893094747,8.500664967928424,-0.0,0.0,0.0,0.0,0.0,0.0,0.0,0.0,0.0,0.0,0.0,0.0,0.0,0.0,17.398643434864287,12.552621570458422,9.647481754765677,5.897268293550466,1.861931601718425,0.0,70.0,10.5,45.0,45.0,0.5463114502936329,0.3638471515368611,1.0,34.16159928536392,29.553274021676764,2.9752327387749484,47.44666567411655,61.953367815564796,60.774991267714654,1.1783765478501422,0.0,0.0,0.0,0.0,0.0,-0.0,0.0,0.0,0.0,0.0,0.0,0.0,0.09046899605899483,0.16247229933709129,0.0
5,holiday_return,春节返乡日,30.0,14.5,0.25,47.88887429313761,33.61206126872684,8.330936543584928,0.23783638949077357,0.0,0.23783638949077357,18.3204571594745,42.040516872176205,0.0,0.0,1.1634381988991733,0.40720336961471065,0.523547189504628,10.34016064975694,33.088514079222215,2.7769788478616424,8.330936543584928,-0.0,0.0,0.0,0.0,0.0,0.0,0.0,0.0,0.0,0.0,0.0,0.0,0.0,0.0,17.540599676871057,12.546549239428163,9.635843158150264,5.889105113564341,1.851924925857258,0.0,70.0,10.5,45.0,45.0,0.5038239681903749,0.36343712807231404,1.0,34.47998949105908,29.57861391647962,2.9158277902547245,47.88887429313761,60.360974031650706,60.360974031650706,0.0,0.36349765399976014,0.09087441349994003,2.726232404998201,0.0,0.0,0.0,0.0,0.0,0.0,0.0,0.23783638949077357,0.40720336961471065,-0.4947518545013807,-0.16972842434349644,0.0
5,holiday_return,春节返乡日,30.0,14.75,0.25,48.424664821019306,33.763107082890556,8.370523732135725,0.0,0.0,0.0,16.677948202056214,44.51705029341005,0.0,0.0,1.1634381988991733,0.40720336961471065,0.523547189504628,10.387362466683102,33.23955989338593,2.790174577378575,8.370523732135725,-0.0,-0.0,0.0,0.0,0.0,0.0,0.0,0.0,0.0,0.0,0.0,0.0,0.0,0.0,17.72795489411447,12.55156119970078,9.619431136221614,5.87560565654106,1.8392585999213824,0.0,70.0,10.5,45.0,45.0,0.4586539501328968,0.38484657451002,1.0,34.8657586711339,29.71153423294369,2.9296833062475036,48.424664821019306,61.194998495466265,61.194998495466265,0.0,0.23268763977983467,0.05817190994495867,1.74515729834876,0.0,0.0,0.0,0.0,0.0,0.0,0.0,-0.23783638949077357,0.0,0.15104581416371587,0.039587188550797237,-0.0
5,holiday_return,春节返乡日,30.0,15.0,0.25,48.5309347784545,33.88413239323807,8.59164497167405,0.0,0.0,0.0,15.022549922967476,45.04804874697036,0.0,0.0,3.899126906758197,1.3646944173653688,1.7546071080411887,10.040476651624024,32.12952528519688,2.8638816572246832,8.59164497167405,-0.0,0.0,0.0,0.0,0.0,0.0,0.0,0.0,0.0,0.0,0.0,0.0,0.0,0.0,17.968368974307744,12.56764028740939,9.59788815119116,5.856926528266881,1.8240768692696459,0.0,70.0,10.5,45.0,45.0,0.41312946771163345,0.38943701647721957,1.0,34.94227304048724,29.818036506049502,3.0070757400859174,48.5309347784545,60.07059866993784,60.07059866993784,0.0,0.7798253813516394,0.19495634533790984,5.8486903601372955,0.0,0.0,0.0,0.0,0.0,0.0,0.0,0.0,0.9574910477506582,-1.1100346081890535,0.2211212395383253,0.0
5,holiday_return,春节返乡日,30.0,15.25,0.25,48.691585263149484,34.04073630178717,8.675964263742548,3.159398168694956,0.0,3.159398168694956,13.406794948712744,41.11607550975838,0.0,0.0,9.2515359351971,3.238037577318985,4.1631911708386955,9.336732853421399,29.877545130948477,2.8919880879141826,8.675964263742548,-0.0,0.0,0.0,0.0,0.0,0.0,0.0,0.0,0.0,0.0,0.0,0.0,0.0,0.0,18.269049585225233,12.593769766936612,9.570907779565085,5.833282719853247,1.8065503172708026,0.0,70.0,10.5,45.0,45.0,0.36869520083356244,0.35544540154692605,1.0,35.05794138946763,29.95584794557271,3.036587492309892,48.691585263149484,54.522870458471125,54.522870458471125,0.0,3.5879761798216463,0.8969940449554116,26.909821348662348,0.0,0.0,0.0,0.0,-7.105427357601002e-15,0.0,0.0,3.159398168694956,1.873343159953616,-2.2519801542484004,0.08431929206849809,0.0
5,holiday_return,春节返乡日,30.0,15.5,0.25,48.74301751981785,34.455731752192506,8.769427437855976,4.397612975313484,0.0,4.397612975313484,11.90922223277643,38.9616804657895,0.0,0.0,14.603944963636003,5.111380737272601,6.571775233636202,8.713736412048844,27.883956518556303,2.923142479285325,8.769427437855976,-0.0,0.0,0.0,0.0,0.0,0.0,0.0,0.0,0.0,0.0,0.0,0.0,0.0,0.0,18.636137540125677,12.627954805642304,9.538252245274895,5.804943489303339,1.7868726769384464,0.0,70.0,10.5,45.0,45.0,0.32751101957493756,0.33682081731800373,1.0,35.09497261426885,30.321043941929407,3.069299603249591,48.74301751981785,50.87090269856593,50.87090269856593,0.0,5.339476129149617,1.3348690322874042,40.046070968622125,0.0,0.0,0.0,0.0,0.0,0.0,0.0,1.2382148066185277,1.8733431599536159,-1.9935886123921733,0.09346317411342753,0.0
5,holiday_return,春节返乡日,30.0,15.75,0.25,49.188188175333245,34.85431088828765,8.666516755671465,3.4090310484490303,0.0,3.4090310484490303,9.942879170655253,39.826002850014255,0.0,0.0,19.956353992074906,6.984723897226217,8.980359296433708,8.085609872454356,25.873951591853942,2.888838918557155,8.666516755671465,-0.0,0.0,0.0,0.0,0.0,0.0,0.0,0.0,0.0,0.0,0.0,0.0,0.0,0.0,19.07401812738665,12.667295153761096,9.49976787564299,5.772227258905498,1.7652572710088608,0.0,70.0,10.5,45.0,45.0,0.2734353621959859,0.34429281976760157,1.0,35.415495486239934,30.67179358169313,3.0332808644850124,49.188188175333245,49.76888202066951,49.76888202066951,0.0,5.866237875061948,1.466559468765487,43.99678406296461,0.0,0.0,0.0,0.0,0.0,0.0,0.0,-0.9885819268644536,1.8733431599536159,-2.0100049267023614,-0.10291068218451116,0.0
5,holiday_return,春节返乡日,30.0,16.0,0.25,49.70996515322983,35.25390757320811,8.473211051963736,3.734563698556814,0.0,3.734563698556814,8.300991749323549,39.09854764902533,0.0,0.0,25.30876302051381,8.858067057179833,11.388943359231215,7.45780131686778,23.864964213976897,2.824403683987912,8.473211051963736,-0.0,-0.0,0.0,0.0,0.0,0.0,0.0,0.0,0.0,0.0,0.0,0.0,0.0,0.0,19.584598981824026,12.7081069311746,9.455397733308086,5.735495663618433,1.7419331717989983,0.0,132.0,19.8,45.0,45.0,0.22828243676751755,0.3380040238935513,1.0,35.79117491032547,31.023438664423136,2.9656238681873073,49.70996515322983,47.39953939834888,47.39953939834888,0.0,7.115762638309009,1.7789406595772523,53.36821978731757,0.0,0.0,0.0,0.0,0.0,0.0,0.0,0.32553265010778354,1.8733431599536159,-2.0089873778770446,-0.19330570370772904,-0.0
5,holiday_return,春节返乡日,30.0,16.25,0.25,49.91561462780452,35.71220768282389,8.421919948714336,3.7378367762532454,0.0,3.7378367762532454,7.0291355070834465,38.072876358404315,0.0,0.0,30.661172048952714,10.73141021713345,13.797527422028722,6.848337581498489,21.914680260795166,2.8073066495714456,8.421919948714336,-0.0,-0.0,0.0,0.0,0.0,0.0,0.0,0.0,0.0,0.0,0.0,0.0,0.0,0.0,20.16661077321487,12.746088443531521,9.405190810961354,5.695146905883207,1.717141177245591,0.0,132.0,19.8,45.0,45.0,0.19330559894326496,0.32913717220038774,1.0,35.93924253201926,31.42674276088502,2.9476719820500175,49.91561462780452,45.10201186548776,45.10201186548776,0.0,8.188044636729828,2.047011159182457,61.41033477547371,0.0,0.0,0.0,0.0,0.0,0.0,0.0,0.003273077696431592,1.8733431599536168,-1.9502839531817315,-0.05129110324939923,0.0
5,holiday_return,春节返乡日,30.0,16.5,0.25,50.327171205914205,36.181945692733734,8.41533389845437,0.8346505438297172,0.0,0.8346505438297172,5.385952657124918,40.54937411732839,0.0,0.0,36.01358107739162,12.604753377087066,16.20611148482623,6.242448189971094,19.975834207907504,2.8051112994847904,8.41533389845437,-0.0,0.0,0.0,0.0,0.0,0.0,0.0,0.0,0.0,0.0,0.0,0.0,0.0,0.0,20.814999303501185,12.776522154072131,9.349307341927007,5.6516085873581305,1.6911297014917557,0.0,132.0,19.8,45.0,45.0,0.148117048421733,0.35054631034008965,1.0,36.235563268258225,31.840112209605685,2.9453668644590296,50.327171205914205,45.93532677445331,45.93532677445331,0.0,7.661774014584669,1.9154435036461672,57.46330510938502,0.0,0.0,0.0,0.0,0.0,0.0,0.0,-2.9031862324235282,1.8733431599536168,-1.938846052887662,-0.0065860502599655035,0.0
5,holiday_return,春节返乡日,30.0,16.75,0.25,50.732021585736504,36.75325839945377,8.243419258776166,1.0138786500786159,0.0,1.0138786500786159,4.006549097379875,39.649604612026266,0.0,0.0,41.36599010583053,14.478096537040683,18.614695547623736,5.6683008911968855,18.138562851830034,2.7478064195920555,8.243419258776166,-0.0,0.0,0.0,0.0,0.0,0.0,0.0,0.0,0.0,0.0,0.0,0.0,0.0,0.0,21.520484040695877,12.794502534559147,9.28801996860003,5.605330197525103,1.664150677281882,0.0,132.0,19.8,45.0,45.0,0.11018259246590735,0.3427678701765607,1.0,36.527055541730284,32.34286739151932,2.885196740571658,50.732021585736504,43.65615370940614,43.65615370940614,0.0,8.830831278709345,2.2077078196773363,66.23123459032008,0.0,0.0,0.0,0.0,0.0,0.0,0.0,0.17922810624889873,1.8733431599536168,-1.8372713560774692,-0.17191463967820475,0.0
5,holiday_return,春节返乡日,30.0,17.0,0.25,51.22646584327299,37.210236401843034,7.883050091697801,2.022738362173918,0.0,2.022738362173918,2.7732782177244104,37.76511692759894,0.0,0.0,46.718399134269426,16.351439696994298,21.02327961042124,5.05842399731931,16.186956791421792,2.627683363899267,7.883050091697801,-0.0,0.0,0.0,0.0,0.0,0.0,0.0,0.0,0.0,0.0,0.0,0.0,0.0,0.0,22.269356511454923,12.795177701220908,9.22171071151308,5.55677544278461,1.636455563392761,0.0,132.0,19.8,45.0,45.0,0.07626687611489281,0.3264766149096875,1.0,36.883055407156554,32.74500803362187,2.7590675320942304,51.22646584327299,40.53839514532335,40.53839514532335,0.0,10.456185926049539,2.6140464815123847,78.42139444537155,0.0,0.0,0.0,0.0,0.0,0.0,0.0,1.008859712095302,1.873343159953615,-1.951606060408242,-0.36036916707836486,0.0
5,holiday_return,春节返乡日,30.0,17.25,0.25,51.54188690749726,37.69096577022753,7.727781986799599,3.5743639992893472,0.0,3.5743639992893472,1.6187838471165097,37.36064270808437,0.0,0.0,47.57696914167914,16.651939199587698,21.409636113755614,5.087915517647473,16.281329656471915,2.5759273289331994,7.727781986799599,-0.0,0.0,0.0,0.0,0.0,0.0,0.0,0.0,0.0,0.0,0.0,0.0,0.0,0.0,23.04358091851782,12.773991665948296,9.150863882721422,5.506414597592846,1.6082915436188965,0.0,132.0,19.8,45.0,45.0,0.04451756276589088,0.3229799654948713,1.0,37.110158573398024,33.16804987780022,2.7047236953798595,51.54188690749726,38.97942655520088,38.97942655520088,0.0,11.481294027944971,2.8703235069862427,86.10970520958728,0.0,0.0,0.0,0.0,-7.105427357601002e-15,0.0,0.0,1.5516256371154293,0.3004995025934001,0.0943728650501221,-0.15526810489820253,0.0
5,holiday_return,春节返乡日,30.0,17.5,0.25,52.06417130200628,38.13437683645617,7.521069688466467,4.9894977235208415,0.0,4.9894977235208415,0.8073120447335572,37.348927039496935,0.0,0.0,47.57696914167914,16.651939199587698,21.409636113755614,5.226481475843923,16.724740722700556,2.5070232294888224,7.521069688466467,-0.0,-0.0,0.0,0.0,0.0,0.0,0.0,0.0,0.0,0.0,0.0,0.0,0.0,0.0,23.821238577789547,12.72691380358137,9.076055276825063,5.454717051666488,1.579897994784475,0.0,132.0,19.8,45.0,45.0,0.022201583421470317,0.32287868441505463,1.0,37.48620333744452,33.55825161608143,2.632374390963263,52.06417130200628,38.15623908423049,38.15623908423049,0.0,12.259617576272293,3.064904394068073,91.9471318220422,0.0,0.0,0.0,0.0,7.105427357601002e-15,0.0,0.0,1.4151337242314943,0.0,0.44341106622864146,-0.20671229833313198,-0.0
5,holiday_return,春节返乡日,30.0,17.75,0.25,52.35611204343836,38.66023827436546,7.653253648426261,6.462651648082705,0.0,6.462651648082705,0.08650148521076804,37.09691743522318,0.0,0.0,47.57696914167914,16.651939199587698,21.409636113755614,5.390813175190577,17.250602160609848,2.5510845494754206,7.653253648426261,-0.0,-0.0,0.0,0.0,0.0,0.0,0.0,0.0,0.0,0.0,0.0,0.0,0.0,0.0,24.577328419488328,12.650642793469796,8.997938140786543,5.402144214755273,1.5515032902890038,0.0,132.0,19.8,45.0,45.0,0.0023788446518493026,0.3207000802103925,1.0,37.69640067127562,34.021009681441605,2.6786387769491915,52.35611204343836,37.18341892043395,37.18341892043395,0.0,13.069852234781317,3.2674630586953293,98.02389176085988,0.0,0.0,0.0,0.0,-7.105427357601002e-15,0.0,0.0,1.4731539245618634,0.0,0.5258614379092919,0.1321839599597947,0.0
5,holiday_return,春节返乡日,30.0,18.0,0.25,52.81084114501592,38.93632559413387,7.8799893254686895,5.689723725903363,0.0,5.689723725903363,-0.0,38.57293179063264,0.0,0.0,47.57696914167914,16.651939199587698,21.409636113755614,5.477090462618205,17.526689480378256,2.6266631084895633,7.8799893254686895,-0.0,-0.0,0.0,0.0,0.0,0.0,0.0,0.0,0.0,0.0,0.0,0.0,0.0,0.0,25.284900468586194,12.542773807758921,8.917226560867054,5.349142923597687,1.5233219932765087,0.0,132.0,19.8,45.0,45.0,0.0,0.3334601140595137,1.0,38.02380562441146,34.263966522837805,2.757996263914041,52.81084114501592,38.57293179063264,38.57293179063264,0.0,12.64474187758268,3.16118546939567,94.8355640818701,0.0,0.0,0.0,0.0,7.105427357601002e-15,0.0,0.0,-0.7729279221793419,0.0,0.2760873197684077,0.22673567704242803,0.0
5,holiday_return,春节返乡日,30.0,18.25,0.25,53.02100162786685,39.502118933916755,7.497323356241735,4.6198334396024805,0.0,4.6198334396024805,-0.0,39.90223765539094,0.0,0.0,47.57696914167914,16.651939199587698,21.409636113755614,5.653900881300356,18.09248282016114,2.4991077854139117,7.497323356241735,-0.0,0.0,0.0,0.0,0.0,0.0,0.0,0.0,0.0,0.0,0.0,0.0,0.0,0.0,25.916461785857013,12.401919990071326,8.834677004772564,5.29613947520614,1.4955524801487288,0.0,132.0,19.8,45.0,45.0,0.0,0.344951863965595,1.0,38.17512117206413,34.761864661846744,2.6240631746846073,53.02100162786685,39.90223765539094,39.90223765539094,0.0,12.056302220117194,3.0140755550292986,90.42226665087895,0.0,0.0,0.0,0.0,0.0,0.0,0.0,-1.0698902863008826,0.0,0.5657933397828856,-0.38266596922695406,0.0
5,holiday_return,春节返乡日,30.0,18.5,0.25,53.28160832310843,40.01648333872079,7.306359033520431,7.654370266497047,0.0,7.654370266497047,-0.0,37.225391625998775,0.0,0.0,47.57696914167914,16.651939199587698,21.409636113755614,5.814639757801617,18.606847224965176,2.435453011173477,7.306359033520431,-0.0,0.0,0.0,0.0,0.0,0.0,0.0,0.0,0.0,0.0,0.0,0.0,0.0,0.0,26.44555951672162,12.227782133389102,8.751068815296065,5.2435343874494835,1.4683750213287108,0.0,132.0,19.8,45.0,45.0,0.0,0.3218107299930501,1.0,38.362757992638066,35.2145053380743,2.5572256617321507,53.28160832310843,37.225391625998775,37.225391625998775,0.0,13.725297474909205,3.431324368727301,102.93973106181903,0.0,0.0,0.0,0.0,0.0,0.0,0.0,3.0345368268945663,0.0,0.5143644048040343,-0.19096432272130404,0.0
5,holiday_return,春节返乡日,30.0,18.75,0.25,53.239754772805206,40.55407813863845,7.0298309803059835,8.129352623489538,0.0,8.129352623489538,-0.0,36.78437807593919,0.0,0.0,47.57696914167914,16.651939199587698,21.409636113755614,5.982638132775887,19.14444202488284,2.3432769934353277,7.0298309803059835,-0.0,-0.0,0.0,0.0,0.0,0.0,0.0,0.0,0.0,0.0,0.0,0.0,0.0,0.0,26.84841834522973,12.021163712335294,8.667184466899634,5.191697962944294,1.4419503324173917,0.0,132.0,19.8,45.0,45.0,0.0,0.31799820079503943,1.0,38.332623436419745,35.68758876200184,2.460440843107094,53.239754772805206,36.78437807593919,36.78437807593919,0.0,13.986537771255076,3.496634442813769,104.89903328441306,0.0,0.0,0.0,0.0,7.105427357601002e-15,0.0,0.0,0.47498235699249136,0.0,0.5375947999176631,-0.27652805321444784,-0.0
5,holiday_return,春节返乡日,30.0,19.0,0.25,53.450967711420276,40.82568497199451,6.798688730444745,8.633186992101066,0.0,8.633186992101066,-0.0,36.49958636474608,0.0,0.0,47.57696914167914,16.651939199587698,21.409636113755614,6.067515268199656,19.4160488582389,2.266229576814915,6.798688730444745,-0.0,0.0,0.0,0.0,0.0,0.0,0.0,0.0,0.0,0.0,0.0,0.0,0.0,0.0,27.10549408913199,11.783931808966486,8.583790370033155,5.14096670648026,1.4164185956342732,0.0,132.0,19.8,45.0,45.0,0.0,0.3155361977247745,1.0,38.4846967522226,35.92660277535517,2.3795410556556607,53.450967711420276,36.49958636474608,36.49958636474608,0.0,14.263646673991417,3.5659116684978542,106.97735005493563,0.0,0.0,0.0,0.0,-7.105427357601002e-15,0.0,0.0,0.5038343686115283,0.0,0.27160683335605995,-0.23114224986123855,0.0
5,holiday_return,春节返乡日,30.0,19.25,0.25,53.368146478008086,41.11670700043923,6.708963606832864,9.72463727778026,0.0,9.72463727778026,-0.0,35.38635085500638,0.0,0.0,47.57696914167914,16.651939199587698,21.409636113755614,6.158459652088629,19.707070886683614,2.236321202277621,6.708963606832864,-0.0,0.0,0.0,0.0,0.0,0.0,0.0,0.0,0.0,0.0,0.0,0.0,0.0,0.0,27.202804383688214,11.518927739571645,8.501618943249039,5.0916406205124645,1.391898939106604,0.0,132.0,19.8,45.0,45.0,0.0,0.3059123598980876,1.0,38.42506546416582,36.18270216038652,2.3481372623915022,53.368146478008086,35.38635085500638,35.38635085500638,0.0,14.863944331114974,3.7159860827787434,111.47958248336231,0.0,0.0,0.0,0.0,-7.105427357601002e-15,0.0,0.0,1.091450285679194,0.0,0.2910220284447149,-0.08972512361188123,0.0
5,holiday_return,春节返乡日,30.0,19.5,0.25,52.74865588431536,41.41319727353477,6.220303308449658,10.018367119887252,0.0,10.018367119887252,-0.0,34.40289686342129,0.0,0.0,47.57696914167914,16.651939199587698,21.409636113755614,6.251112862430986,20.003561159779156,2.073434436149886,6.220303308449658,-0.0,-0.0,0.0,0.0,0.0,0.0,0.0,0.0,0.0,0.0,0.0,0.0,0.0,0.0,27.132912473724016,11.229834103157753,8.42135257615579,5.0439813785173095,1.3684893505187623,0.0,132.0,19.8,45.0,45.0,0.0,0.297410473601597,1.0,37.979032236707056,36.4436136007106,2.1771061579573803,52.74865588431536,34.40289686342129,34.40289686342129,0.0,15.025495744273819,3.7563739360684547,112.69121808205364,0.0,0.0,0.0,0.0,0.0,0.0,0.0,0.29372984210699116,0.0,0.296490273095543,-0.48866029838320557,-0.0
5,holiday_return,春节返乡日,30.0,19.75,0.25,52.117325980451874,41.79152946757779,5.670498867626787,7.183391851162298,0.0,7.183391851162298,-0.0,36.54150289198024,0.0,0.0,47.57696914167914,16.651939199587698,21.409636113755614,6.369341673069429,20.381893353822175,1.8901662892089288,5.670498867626787,-0.0,-0.0,0.0,0.0,0.0,0.0,0.0,0.0,0.0,0.0,0.0,0.0,0.0,0.0,26.895469959002853,10.921007325220042,8.343609984363168,4.998211352998994,1.3462669921308321,0.0,132.0,19.8,45.0,45.0,0.0,0.3158985629716877,1.0,37.52447470592535,36.776545931468455,1.9846746036693752,52.117325980451874,36.54150289198024,36.54150289198024,0.0,13.466259346475095,3.3665648366187737,100.99694509856322,0.0,0.0,0.0,0.0,0.0,0.0,0.0,-2.8349752687249534,0.0,0.37833219404301843,-0.5498044408228715,0.0
5,holiday_return,春节返乡日,30.0,20.0,0.25,51.330893939815795,41.82030770587755,5.574692908191223,5.7250689809411455,0.0,5.7250689809411455,-0.0,38.55375374749012,0.0,0.0,44.79826413017753,15.679392445562133,20.159218858579887,6.7690902647805204,21.661088847297666,1.8582309693970744,5.574692908191223,-0.0,0.0,0.0,0.0,0.0,0.0,0.0,0.0,0.0,0.0,0.0,0.0,0.0,0.0,26.497265676320733,10.597286410067168,8.268935319213693,4.95451345430169,1.3252888764197575,0.0,132.0,19.8,45.0,45.0,0.0,0.33329432130908304,1.0,36.95824363666737,36.80187078117225,1.951142517866928,51.330893939815795,38.55375374749012,38.55375374749012,0.0,12.108440765553137,3.0271101913882843,90.81330574164853,0.0,0.0,0.0,0.0,0.0,0.0,0.0,-1.4583228702211528,-0.972546754025565,1.2791954934754912,-0.09580595943556336,0.0
5,holiday_return,春节返乡日,30.0,20.25,0.25,50.51729093175245,41.90039786575194,5.343981041906385,5.409425197683866,0.0,5.409425197683866,-0.0,40.62994442179434,0.0,0.0,39.44585510173862,13.806049285608516,17.750634795782382,7.546800959365487,24.14976306996956,1.7813270139687951,5.343981041906385,-0.0,0.0,0.0,0.0,0.0,0.0,0.0,0.0,0.0,0.0,0.0,0.0,0.0,0.0,25.95177579947692,10.26378945250599,8.197790249057824,4.91303171864422,1.3055928557041865,0.0,132.0,19.8,45.0,45.0,0.0,0.35124283460386235,1.0,36.37244947086176,36.87235012186171,1.8703933646672348,50.51729093175245,40.62994442179434,40.62994442179434,0.0,10.86435487907385,2.7160887197684627,81.48266159305388,0.0,0.0,0.0,0.0,-7.105427357601002e-15,0.0,0.0,-0.31564378325727915,-1.8733431599536168,2.488674222671893,-0.23071186628483797,0.0
5,holiday_return,春节返乡日,30.0,20.5,0.25,49.69379195599724,41.65189581976404,5.328176177478275,3.3739419246017093,0.0,3.3739419246017093,-0.0,44.385029221185206,0.0,0.0,34.09344607329972,11.9327061256549,15.342050732984873,8.22182658961849,26.30984508677917,1.7760587258260916,5.328176177478275,-0.0,0.0,0.0,0.0,0.0,0.0,0.0,0.0,0.0,0.0,0.0,0.0,0.0,0.0,25.278258751032872,9.925709475645878,8.130549083679382,4.87387256931688,1.2871988751224155,0.0,132.0,19.8,45.0,45.0,0.0,0.38370526220217394,1.0,35.779530208318015,36.65366832139236,1.8648616621173961,49.69379195599724,44.385029221185206,44.385029221185206,0.0,8.674357273190884,2.168589318297721,65.05767954893163,0.0,0.0,0.0,0.0,0.0,0.0,0.0,-2.035483273082157,-1.8733431599536168,2.1600820168096106,-0.015804864428110577,0.0
5,holiday_return,春节返乡日,30.0,20.75,0.25,48.398488691388785,41.41090872561896,5.117392887008557,0.0,0.0,0.0,-0.0,48.944123997012724,0.0,0.0,28.741037044860807,10.059362965701283,12.933466670187363,8.899200642322374,28.477442055431595,1.7057976290028523,5.117392887008557,-0.0,0.0,0.0,0.0,0.0,0.0,0.0,0.0,0.0,0.0,0.0,0.0,0.0,0.0,24.50048160967531,9.588120404376076,8.067496877020053,4.837106663981148,1.270110436205285,0.0,132.0,19.8,45.0,45.0,0.0,0.42311829598989276,1.0,34.846911857799924,36.441599678544684,1.7910875104529949,48.398488691388785,48.944123997012724,48.944123997012724,0.0,5.748207408972162,1.4370518522430404,43.11155556729121,0.0,0.0,0.0,0.0,0.0,0.0,0.0,-3.3739419246017093,-1.8733431599536168,2.1675969686524255,-0.21078329046971778,0.0
5,holiday_return,春节返乡日,30.0,21.0,0.25,47.18712144043686,41.116226809523795,4.720417241207267,0.0,0.0,0.0,0.0,50.13436911159181,-0.0,0.7042134605012293,23.388628016421904,8.186019805747666,10.524882607389857,9.559795063166856,30.59134420213394,1.5734724137357556,4.720417241207267,-0.0,0.0,0.0,0.0,0.0,0.0,0.0,0.0,0.0,0.0,0.0,0.0,0.0,0.0,23.64519714692839,9.255802561893683,8.008830322189809,4.802771233561842,1.2543162179203147,0.0,132.0,19.8,45.0,45.0,0.0,0.4394957488616685,1.0,33.97472743711454,36.18227959238094,1.6521460344225434,47.18712144043686,50.83858257209304,50.13436911159181,0.7042134605012293,4.677725603284381,1.1694314008210953,35.08294202463286,0.0,0.0,0.0,0.0,-7.105427357601002e-15,0.0,0.0,0.0,-1.8733431599536168,2.113902146702344,-0.3969756458012901,0.0
5,holiday_return,春节返乡日,30.0,21.25,0.25,46.067310308545025,40.88087054781878,4.601973845624292,0.011805473971264746,0.0,0.011805473971264746,-0.0,51.51574822166273,0.0,0.0,18.036218987983002,6.31267664579405,8.11629854459235,10.23892875100826,32.764572003226434,1.5339912818747639,4.601973845624292,-0.0,-0.0,0.0,0.0,0.0,0.0,0.0,0.0,0.0,0.0,0.0,0.0,0.0,0.0,22.740508808628192,8.93309514408608,7.9546611519669685,4.7708728142498655,1.2397918033022686,0.0,132.0,19.8,45.0,45.0,0.0,0.4453497953201628,1.0,33.16846342215241,35.97516608208053,1.6106908459685019,46.067310308545025,51.51574822166273,51.51574822166273,0.0,3.6137368082807964,0.9034342020701991,27.10302606210597,0.0,0.0,0.0,0.0,0.0,7.105427357601002e-15,0.0,0.011805473971264746,-1.8733431599536159,2.1732278010924944,-0.11844339558297534,-0.0
5,holiday_return,春节返乡日,30.0,21.5,0.25,44.94192582915679,40.64077404186889,4.517067036487264,0.0,0.0,0.0,0.0,52.92486246800191,-0.0,0.3715780234459274,12.683809959544098,4.439333485840434,5.707714481794844,10.916581112523138,34.93305956007404,1.5056890121624213,4.517067036487264,-0.0,0.0,0.0,0.0,0.0,0.0,0.0,0.0,0.0,0.0,0.0,0.0,0.0,0.0,21.814263319517927,8.623780867561603,7.90502168096792,4.741390273451254,1.2265014624274597,0.0,132.0,19.8,45.0,45.0,0.0,0.46074374698062837,1.0,32.35818659699289,35.76388115684462,1.5809734627705423,44.94192582915679,53.29644049144784,52.92486246800191,0.3715780234459274,2.53676199190882,0.634190497977205,19.02571493931615,0.0,0.0,0.0,0.0,0.0,0.0,0.0,-0.011805473971264746,-1.8733431599536159,2.1684875568476087,-0.08490680913702775,0.0
5,holiday_return,春节返乡日,30.0,21.75,0.25,43.64812709174945,40.37312479521095,4.4542905169048295,0.0,0.0,0.0,-0.0,53.81988990187753,0.0,0.0,8.009380268046444,2.803283093816255,3.6042211206209,11.49028239830939,36.76890367459005,1.484763505634943,4.4542905169048295,-0.0,0.0,0.0,0.0,0.0,0.0,0.0,0.0,0.0,0.0,0.0,0.0,0.0,0.0,20.892597794170417,8.331005596456029,7.859872074035167,4.714278032830902,1.2143999463019854,0.0,132.0,19.8,45.0,45.0,0.0,0.46526892803385234,1.0,31.426651506059603,35.52834981978563,1.5590016809166902,43.64812709174945,53.81988990187753,53.81988990187753,0.0,1.6018760536092889,0.4004690134023222,12.014070402069667,0.0,0.0,0.0,0.0,0.0,0.0,0.0,0.0,-1.636050392024179,1.8358441145160072,-0.06277651958243435,0.0
5,holiday_return,春节返乡日,30.0,22.0,0.25,42.293983960475,40.05854402648247,4.4374305629179664,0.6250143715614769,0.0,0.6250143715614769,-0.0,53.04038243858412,0.0,0.0,5.352409028438903,1.873343159953616,2.4085840627975066,11.76561248865155,37.649959963684964,1.4791435209726556,4.4374305629179664,-0.0,0.0,0.0,0.0,0.0,0.0,0.0,0.0,0.0,0.0,0.0,0.0,0.0,0.0,19.998742926682493,8.05723341831763,7.8191088991207955,4.6894693965312575,1.203434250966751,0.0,62.0,9.299999999999999,45.0,45.0,0.0,0.4585301442403117,1.0,30.451668451542,35.25151874330458,1.5531006970212882,42.293983960475,53.04038243858412,53.04038243858412,0.0,1.414239710046593,0.3535599275116483,10.606797825349448,0.0,0.0,0.0,0.0,0.0,0.0,0.0,0.6250143715614769,-0.9299399338626391,0.8810562890949143,-0.01685995398686302,0.0
5,holiday_return,春节返乡日,30.0,22.25,0.25,40.9745385551477,39.637404486139374,4.315616750098745,0.0,0.39023919981880795,-0.39023919981880795,-0.0,55.19000557358465,0.0,0.0,0.0,-0.0,-0.0,12.386688901918554,39.637404486139374,1.4385389166995817,4.315616750098745,-0.0,0.0,0.0,0.0,0.0,0.0,0.0,0.0,0.0,0.0,0.0,0.0,0.0,0.0,19.152150099144293,7.804235524805208,7.782574520518729,4.666879899763706,1.1935453165170355,0.0,62.0,9.299999999999999,45.0,45.0,0.0,0.47711347567264845,1.0,29.501667759706343,34.88091594780265,1.5104658625345608,40.9745385551477,55.19000557358465,55.19000557358465,0.0,0.0,0.0,0.0,0.0,0.0,0.0,0.0,0.0,0.0,0.0,-1.0152535713802848,-1.873343159953616,1.9874445224544104,-0.12181381281922121,0.0
5,holiday_return,春节返乡日,30.0,22.5,0.25,39.76535424040546,39.335284120379356,4.2561237162986565,0.0,4.1735828572942,-4.1735828572942,-0.0,57.64992129075109,0.0,0.0,0.0,-0.0,-0.0,12.292276287618549,39.335284120379356,1.4187079054328855,4.2561237162986565,-0.0,0.0,0.0,0.0,0.0,0.0,0.0,0.0,0.0,0.0,0.0,0.0,0.0,0.0,18.367972921575067,7.5731094878854925,7.750066907002573,4.646410601804602,1.1846696315386707,0.0,62.0,9.299999999999999,45.0,45.0,0.0,0.4983792632999793,1.0,28.631055053091927,34.61505002593383,1.4896433007045298,39.76535424040546,57.64992129075109,57.64992129075109,0.0,0.0,0.0,0.0,0.0,0.0,0.0,0.0,0.0,0.0,0.0,-3.783343657475392,0.0,-0.3021203657600182,-0.059493033800088746,0.0
5,holiday_return,春节返乡日,30.0,22.75,0.25,38.75997388464042,39.14985913522755,4.254964020435328,0.0,5.0,-5.0,0.0,57.41262620454414,-0.0,3.338490561503008,0.0,-0.0,-0.0,12.234330979758608,39.14985913522755,1.4183213401451094,4.254964020435328,-0.0,0.0,0.0,0.0,0.0,0.0,0.0,0.0,0.0,0.0,0.0,0.0,0.0,0.0,17.656897585630638,7.364324193327633,7.721349465645336,4.6279512574984665,1.1767407194379296,0.0,62.0,9.299999999999999,45.0,45.0,0.0,0.5251888665348624,1.0,27.9071811969411,34.45187603900025,1.4892374071523649,38.75997388464042,60.75111676604715,57.41262620454414,3.338490561503008,0.0,0.0,0.0,0.0,0.0,0.0,0.0,0.0,0.0,0.0,-0.8264171427058002,0.0,-0.18542498515180483,-0.0011596958633282028,0.0
5,holiday_return,春节返乡日,30.0,23.0,0.25,38.07310692168471,38.82873974914997,4.174670876955123,0.0,5.0,-5.0,0.0,56.59864505227912,-0.0,4.491374345523965,0.0,-0.0,-0.0,12.133981171609364,38.82873974914997,1.391556958985041,4.174670876955123,-0.0,0.0,0.0,0.0,0.0,0.0,0.0,0.0,0.0,0.0,0.0,0.0,0.0,0.0,17.025285555524796,7.177784841985243,7.696160561673514,4.611383312205518,1.1696904890714896,0.0,62.0,9.299999999999999,45.0,45.0,0.0,0.5281186544714861,1.0,27.41263698361299,34.16929097925197,1.4611348069342929,38.07310692168471,61.09001939780308,56.59864505227912,4.491374345523965,0.0,0.0,0.0,0.0,0.0,0.0,0.0,0.0,0.0,0.0,0.0,0.0,-0.3211193860775836,-0.08029314348020566,0.0
5,holiday_return,春节返乡日,30.0,23.25,0.25,37.142874326809185,38.474921408338005,4.084504941960838,0.0,5.0,-5.0,0.0,55.52778891423509,-0.0,7.549177607512711,0.0,-0.0,-0.0,12.023412940105626,38.474921408338005,1.3615016473202795,4.084504941960838,-0.0,0.0,0.0,0.0,0.0,0.0,0.0,0.0,0.0,0.0,0.0,0.0,0.0,0.0,16.47556939865866,7.0129120538253575,7.674222443267711,4.596582676284135,1.1634504377779933,0.0,62.0,9.299999999999999,45.0,45.0,0.0,0.5452956639396057,1.0,26.742869515302612,33.85793083933744,1.4295767296862933,37.142874326809185,63.0769665217478,55.52778891423509,7.549177607512711,0.0,0.0,0.0,0.0,0.0,0.0,0.0,-7.105427357601002e-15,0.0,0.0,0.0,0.0,-0.3538183408119622,-0.09016593499428449,0.0
5,holiday_return,春节返乡日,30.0,23.5,0.25,36.453229468515204,38.16911699879139,3.9079827569082095,0.0,5.0,-5.0,0.0,54.68373944960691,-0.0,7.494949461521408,0.0,-0.0,-0.0,11.927849062122307,38.16911699879139,1.3026609189694032,3.9079827569082095,-0.0,0.0,0.0,0.0,0.0,0.0,0.0,0.0,0.0,0.0,0.0,0.0,0.0,0.0,16.006829392380048,6.868729170691552,7.655249353482235,4.583422246266781,1.1579527002175556,0.0,62.0,9.299999999999999,45.0,45.0,0.0,0.5375301210941686,1.0,26.246325217330945,33.58882295893642,1.3677939649178732,36.453229468515204,62.17868891112832,54.68373944960691,7.494949461521408,0.0,0.0,0.0,0.0,0.0,0.0,0.0,0.0,0.0,0.0,0.0,0.0,-0.30580440954661725,-0.17652218505262862,0.0
5,holiday_return,春节返乡日,30.0,23.75,0.25,35.86167879671773,37.82183417550908,3.708261745745328,0.0,5.0,-5.0,0.0,53.9170892251461,-0.0,7.33523757384085,0.0,-0.0,-0.0,11.819323179846588,37.82183417550908,1.236087248581776,3.708261745745328,-0.0,0.0,0.0,0.0,0.0,0.0,0.0,0.0,0.0,0.0,0.0,0.0,0.0,0.0,15.615474914541453,6.743952283300448,7.63895467547977,4.57177415051892,1.1531309412182202,0.0,62.0,9.299999999999999,45.0,45.0,0.0,0.5295217898308943,1.0,25.820408733636768,33.28321407444799,1.2978916110108647,35.86167879671773,61.25232679898695,53.9170892251461,7.33523757384085,0.0,0.0,0.0,0.0,0.0,0.0,0.0,0.0,0.0,0.0,0.0,0.0,-0.3472828232823062,-0.19972101116288155,0.0
